Length,audio_name,Transcript,negative_count,positive_count,negative_positions,positive_positions,Senti,Total Frame Count,Total Positive Frames,Total Negative Frames,Total Neutral Frames,General Percentage,Negative_Frame_Sentiments,Positive_Frame_Sentiments
57.58,3@Social_Media_N.wav,سوشل میڈیا اپ کو سجیشن دیتا ہے فور ایگزیمپل اپ جب بھی کوئی سوشل میڈیا اوپن کرتے ہیں تو جس طرح کی اپ نے سرچ کی ہوتی ہے اپ کو سرچ کے مطابق اپ کے جو ہم خیال لوگ ہوتے ہیں ہم خیال میڈیا چینلز ہوتے ہیں ہم خیال گروپس ہوتے ہیں ہم خیال پیجز ہوتے ہیں اور وہ اپ کی سجیشن میں انا شروع ہو جاتے ہیں اور یہ سوشل میڈیا میں اسپیشلی بہت زیادہ ہو رہا ہے اچھا اس میں فلٹر ببلز لگائے جاتے ہیں شاپنگ کرتے ہیں کسی سے گفتگو کرتے ہیں کسی سے کوئی پوائنٹ اف ویو لیتے ہیں یا جس طرح کے پروگرامز اپ دیکھتے ہیں تو وہ اپ کو پورے کا پورا ایک فلٹر لگاکے نیکسٹ ٹائم اپ کو وہی اسٹریم دی جاتی ہے اسی طرح کی پروڈکٹس اپ کو افر کی جاتی ہیں اسی طرح کا ایکسپائر دیا جاتا ہے اب یہ بہت خطرناک فیمل ہے میں صرف اپ کے پاس جو انفارمیشن ارہی ہے اپ کے پاس جو سیلیکشن ارہی ہے اپ کے پاس جو شاپنگ کی اپشنز ا رہی ہیں اپ کے پاس سیر و تفریح کے جو بھی جگہوں کو پرموٹ کیا جا رہا ہے وہ صرف ایک سیلیکٹ طریقے سے اپ کو جج کرکے فلٹرز لگا کے اپ کو ایک چیمبرز کو,4,3,"[21, 41, 42, 53]","[22, 33, 50]",1,57,2,6,31,"(0, 54.385964912280706)","[9, 9, 0, 0]","[9, 0, 0]"
40.26,4@Culture_P.wav,تمہارے معاشی جو حالات ہیں پاکستان کے وہ بہت سارے لوگوں کو اس طرح پے مجبور کریں میں اس کو جسٹیفائی نہیں کر رہا لیکن میں بتا رہا ہوں کہ مجبور کر رہے ہیں اور ان کو پراپر گائیڈنس نہیں مل رہی اور میری جو کچھ پچھلی ویڈیوز میں نے بنائی ہیں اسی بارے میں بتائی ہیں کہ اپ اچھے طریقے سے باعزت طریقے سے باہر جا سکتے ہیں اور اس میں پڑھنے لکھنے جو ایز اے اسٹوڈنٹ سب سے بہتر طریقہ ہے کہ تھوڑے سے ایجوکیشن لے کے اپ فردر ایجوکیشن کے لئے باہر جائیں اور ایک اپنے اپ کو تھوڑا سا سٹیبل کریں پاکستان کو بھی اپنی فیملی کو بھی سپورٹ کریں اور اپنی بھی لائف اچھی بنائیں اچھا اس کو بہت سارے لوگ اس کو بھی غلط سمجھتے ہیں کہ یہ بھی برینڈ رینڈ ہے میں سمجھتا ہوں کہ برینڈ رینڈ نہیں ہے,7,7,"[4, 6, 7, 9, 11, 36, 40]","[12, 17, 17, 22, 31, 33, 33]",1,40,2,1,29,"(0, 72.5)","[0, 0, 0, 0, 0, 0, 0]","[9, 0, 0, 0, 0]"
62.16,Transgender_P.wav,اور انہوں نے کہا کہ وہ اس موضوع پر میرے ساتھ بات کرنے کے لئے بھی تیار ہے ان کا نام ہے کنول اور چیچا وطنی میں ہی رہتی ہیں اور انہوں نے یہ بتایا جب انہوں نے گفتگو کی تو مجھے محسوس ہوا انہوں نے ماسک لیا ہوا تھا تو میں نے محسوس کیا کہ ان کی اواز تھوڑی سی بھاری ہے میں نے کہا شاید کوئی گلا خراب ہوگا تو انہوں نے کہا کہ میں خواجہ سرا ہوں اور مجھے کچھ پرابلم ہے جس کے لئے وہ سرجیکل پرابلم تھا میرے لئے یہ ائین وہاں سے تو میں نے ان سے کہا کہ مجھے تھوڑا سا بتائیے کہ یہ کیا فینومینا ہے خواجہ سرا ہونے کا کیا بچپن سے ہی ایسے تھی یا کیا تو انہوں نے مجھے باتیں بتائیں وہ اتنی ضروری باتیں ہیں کہ وہ تمام لوگوں تک پہنچنی چاہیے ان کو پتہ لگنا چاہیے کہ ہم نے ایک گروپ کے لوگوں کو مارنا یز کر دیا ہے اور ہم نے یہ سمجھ لیا ہے جیسے وہ ہم میں شامل نہیں ہے اور ان کو ایک الگ کر دیا ہے اور الگ کرکے پھر ان کے ساتھ وہی سلوک کیا جا رہا ہے جو کہ کسی کو بغیر سمجھے ہوئے کہ ان کی زندگی کیا ہے ان کے دل پر کیا گزر رہی ہے اور معاشرے,5,5,"[18, 20, 24, 26, 49]","[5, 12, 14, 48, 60]",1,62,0,4,49,"(0, 79.03225806451613)","[0, 0, 0, 0, 0]","[0, 0, 9, 0, 0]"
60.72,Transgender-N.wav,بندر ان کو کیا ہوتی ہے تو بہت بہت شکریہ ایک تو اپ کا کہ اپ نے مجھے اجازت دی کہ میں کرلوں اچھا میں صرف پہلے تو اپ سے یہ سمجھنا چاہتا ہوں نہ جواب دینا چاہیں بے شک اپنا دیجئے اور ہماری بات کا جو نیت یہی ہے کہ ہم کسی طریقے سے اللہ کی رضا کے لئے لوگوں کو یہ بتا سکیں کہ یہ اصل میں خواجہ سرا کیوں ہوتے ہیں کیسے ہوتے ہیں تو مجھے اپ سے شروع سے بتا رہی تھیں کہ اپ جب پیدا ہوئی تو لوگوں کا یہ خیال تھا کہ اپ لڑکا ہیں ٹھیک ہے ڈاکٹر صاحب سب سے پہلے تو یہ ہے کہ سب کو پتہ ہے ہر چیز کو پتا ہے کہ ہر چیز کو مخلوق کو پیدا کرنے والی اللہ تبارک وتعالی کی ذات ہے انسانی اس پر قدرت نہیں رکھتا کہ اپنے پیشاور پاخانے کو خود بند کر سکے یا کھول سکے ٹھیک ہے اب یہ کروڑوں روپے لگا کے ڈاکٹر بنتے ہیں وقت ایسا اتا ہے جب اللہ کا حکم ائے تو یہ مشینری بھی ناکام ہو جاتی ہے وہ بھی جواب دے جاتی ہے تو ہم خود بند نہیں سکتے ہم خود بلکل نہیں بن سکتے مرد کو اللہ نے مرد بنایا ہے اشرف المخلوقات بنائے انسان کو انسان بنایا ہے,11,5,"[7, 10, 11, 33, 35, 40, 42, 51, 54, 55, 56]","[3, 7, 29, 39, 44]",1,60,19,3,30,"(0, 50.0)","[9, 0, 0, 0, 0, 0, 9, 0, 0, 0, 0]","[9, 9, 0, 1, 0]"
54.85,Transgender-2_NPP.wav,یوتوب پیدا کیے اللہ تبارک وتعالی نے کی اور کچھ عورتیں ایسی ہیں ان کے اندر مردوں والی روح ہے وہ کہتی ہیں میں جا رہا ہوں میں ارہا ہوں یہ بھی تو اللہ نے پیدا کی ہے تو جو ہمارے اندر جو روح ڈالی ہے یہ اللہ نے ڈالا ہے اللہ فرماتا ہے کہ میرے بیت اللہ کو گالی دے دو اس کا لحاف پھاڑ دو پر میری بنائی ہوئی مخلوق ہو کبھی حقیر اور کمتر نہ سمجھنا کہ میں انتظار میں بیٹھا ہوں کہ یہ کب بندہ مجھ سے سنا کر لے میں بچوں کو بچپن سے ہوتا ہے یہ زنانہ ہے لڑکیوں کے ساتھ کھیلنا لڑکیوں والی ٹریس کرنا گھروں میں دوپٹے پہننے تو یہ بچپن سے فیلنگ ا جاتی ہے اب یہ مرد ہو تو مرد کون دوپٹے پہنتا بلکل نہیں پہنتا یہ فیلنگ ہے میرا ٹو پیس اچھا ہو میں نے وہاں جانا ہے میں ایک ڈاکٹر ہوں میری یہ پرسنیلٹی ہو تو ہم کہتے ہیں ہماری یہ پرسنیلٹی ہمارا بھائی ہے وہ یہ ہے کہ یہ کہہ رہی ہیں کہ جب ہم یہ پیدا ہوتے ہیں تو ہمارے اندر رول جو تھی وہ لڑکیوں والی لہذا وہ ایک چھوٹی بچی کو بھی جو بظاہر,6,3,"[16, 21, 21, 21, 30, 37]","[19, 39, 42]",1,54,14,7,30,"(0, 55.55555555555556)","[0, 0, 0, 0]","[9, 0, 9]"
65.83,Transgender-3_N.wav,یہ میں لڑکا تھا تو اس کو یہ لگتا ہے کہ میں لڑکی ہوں لہذا اس کو لڑکی والی باتیں پسند اتی ہیں اس کو شرمانا پسند اتا ہے اور اس کو اسی طریقے سے بات کرنی ہے وہ کہتی نہیں میں لڑکی ہوں تو اس کو مارتے ہیں وہ پھر بھی بات نہیں اتی روئی اس کے اندر جو پوری کمیونٹی ہے خواجہ سرا کی ان کے کوئی اچھا کہتے ہیں اللہ یہ کتنی خوبصورت ہے اور یہ کتنی پیاری ہے اس کو یوں کرتے یا اس کا کچھ نہ کچھ کر دیتے ہیں یا اس کو لڑکیوں کے پہناوے میں ہم پسند کرتے ہیں گھر میں بھائی بھی مارتا ہے ماں بھی مارتی ہے کہ نہیں ہمارا بیٹا یہ حرکتیں نہ کرے وہ تو بیٹا بیٹا کرتے رہتے ہیں پر ہمارے اندر بھی تو ایک روح ہے وہ ویٹا والی بالکل نہیں ہوتی اس میں یہ ہوتا ہے کہ چونکہ پیرنٹس اس کو ایکسپٹ نہیں کرتے تو یہ پھر اس گروہ میں شامل ہو جاتے ہیں جو اپنی خوشی اپنی خواہشات کے لئے کہ ہم یہ لیڈیز کپڑے پہنے یہ کر کے گھر سے چلے جاتے ہیں 13 سال کی عمر میں اور پھر یہ,9,7,"[14, 18, 30, 39, 41, 48, 48, 52, 54]","[7, 9, 23, 25, 35, 57, 58]",1,65,29,5,31,"(0, 47.69230769230769)","[9, 9, 9, 0, 0, 0, 0, 0]","[0, 0, 0, 0, 1, 0, 0]"
47.55,TransgenderN.wav,کی پوری سپورٹ تھی مجھے جب میں نے بولا کہ مجھے نہیں چھپانا ہے ابھی جب میرا رزلٹ ایا میری جو سسٹر ہے وہ کہتی ہے اپ میرا فخر ہے اس نے مجھے ہک کرکے روئی دیکھنے کے لیے ہمارا چینل سبسکرائب کیجئے اور بیل کے ائیکون پر کلک کیجئے تاکہ اپ ہماری تمام انے والی ویڈیو سے باخبر رہ سکیں السلام علیکم ناظرین اردو پر میں خوش امدید میں ہوں اپ کا میزبان زوہیب منشا اج ہم اپ کی ملاقات کروا رہے ہیں پاکستان کی پہلی ٹرانس جینڈر ڈاکٹر ڈاکٹر سارہ گل سے ڈاکٹر سارہ گل نے حال ہی میں ایم بی بی ایس کی ڈگری حاصل کی ہے اور اب ان کے گھر میں ایک مبارکباد دینے کا سلسلہ جاری ہے ٹرانسجینڈر کمیونٹی کی کافی تعداد ان کے گھر ائی ہوئی ہے ائیے اپ ان سے,4,5,"[4, 4, 10, 23]","[1, 7, 14, 41, 44]",1,47,16,4,6,"(1, 34.04255319148936)","[0, 0, 0]","[0, 0, 9, 1, 9]"
59.95,Transgender-1N.wav,اتے ہیں ان کا پیشن معلوم کرتے ہیں اور انہوں نے کن حالات میں رہ کر یہ ڈاکٹریٹ کی ڈگری حاصل کی ہے اور اب نیکسٹ ان کی کیا پلانز ہیں ائیے ہمارے ساتھ وعلیکم السلام ٹھیک ہوں اپ کا سب سے پہلے تو شکریہ یہاں انے کا اور میں امید کرتی ہوں کہ اپ کا اسٹے جہاں جتنی ٹائم تک ہے وہ اچھا گزرے ہیں اڈینس کو اپ کا گھر بھی دکھائیں گے اپ کی سکسیس فل اسٹوری بھی اپ کی ہی زبانی سنیں گے سارا یہاں پر تو ماشاللہ لنگر چل رہا ہے ایکچولی یہ کھانا کھا رہے ہیں تو کھانے کا ٹائم ہے اپ بھی کھانا چاہیں تو اجائیں اور ہمارے یہاں ہر وقت چہلو پہر رہتی ہے ہر وقت ہماری کمیونٹی جو ہے نا ہم بہت مل جل کر رہنے والی کمیونٹی ہے ہم لوگ کو جو فیملیز ہیں انہوں نے ایکسیپٹ مانا نہیں کیا لیکن ہماری نہ اپنی فیملی ہے اپنا ایک سسٹم ہے ہم لوگ ایک دوسرے سے بالکل کنیکٹڈ ہیں تو کوئی بھی مسئلہ ہوتا ہے نہ,6,5,"[51, 52, 52, 57, 59, 60]","[9, 13, 16, 18, 22]",1,59,6,7,17,"(0, 28.8135593220339)","[0, 0, 0, 0, 0]","[0, 0, 1, 0, 0]"
62.16,Transgender-2P.wav,کراچی کے کسی بھی جگہ تو پوری کراچی کی خواہش رکھتے ہو جاتے ہیں اسی طرح کوئی خوشی ہے کوئی کمی ہے تو ہم سب ایک ہیں تو یہ پوری میری فیملی ہے ایسا نہیں کہ صرف دوست ہیں یہ پوری میری فیملی ہے اور ہم اتنی کنیکٹڈ ہیں ابھی میرے رزلٹ پر میری فیملی نے مجھے ایکسیپٹ کیا تو ان کو بھی اور تمام چینلز پر میں نے ایک بات کی کہ انہوں نے کہا اپ فیملی نے ایکسیپٹ کرلیا اب اپ گھر جائیں گی میں گھر یہ بھی میرا گھر ہے جیسے کوئی یہاں پر اجتماعی شادیاں ہو رہی ہیں ماشاء اللہ فل تیار ہیں اور یہ میری فرینڈ ہیں سپنا جی ہیں اور یہ ان کے ساتھ ان کے چیلا ہیں اصل میں ہمارے ہاں برتھ ڈے جو ہے نا دیکھیں شادی تو ہماری ہوتی نہیں ہے تو ہم برتھ ڈے پہ ہی سچ صبر کے اپنے ارمان تو پورے کر سکتی ہیں تو ہم لوگ نہ ہر خوشی کیونکہ خوشیاں اتنی کم ہمیں میسر ہوتی نہ ہم جو موقع ملتا ہے مجھ سے چھوڑتی نہیں ہے تو اب اس اپنا ماشااللہ دے کے حالانکہ خوشی اس کے اس سے زیادہ خوشی ہے,10,12,"[3, 7, 11, 12, 44, 51, 53, 54, 57, 62]","[6, 10, 12, 13, 17, 30, 34, 35, 47, 51, 60, 62]",1,62,2,6,14,"(0, 22.58064516129032)","[9, 0, 0, 0, 0, 0, 0, 0, 0, 9]","[0, 0, 0, 0, 0, 0, 9, 0, 1, 9, 0, 0]"
117.73,Transgender-3P.wav,کیا اپ کہاں سے بیلانگ کرتی ہیں کب کراچی ائی اور کتنی دیر ہوگئی کراچی کے اندر فیملی نے کیسے اغاز میں ایکسیپٹ نہیں کیا کیا پروبلمس رہیں کراچی میں تب ائی جب میں پیدا ہوئی برتھ کراچی کی ہوں اور فیملی میری میں کافی اچھے گھرانے سے میرا تعلق ہے میری کلاس صحیح بٹ اچھے پڑھے لکھے تمیزدار گھرانے سے میرا تعلق ہے میں نے اسکولنگ اپنی پاکستان ایئر فورس بیس مصروف سے کی ہے اور کالج میں نے بحریہ کالج این او ای 1 سے کیا ہے اور میڈیکل میں نے جی ایم ڈی سی سی کیا ہے تو بات ساری یہ ہے کہ میرے گھر پے تعلیم کا ویسے بھی بہت انٹر تک تو والدین کی پوری سپورٹ تھی مجھے تعلیم کی لیکن جب میں نے بولا کہ مجھے نہیں چھپانا ہے کہ میں خواجہ سرا ہوں اور مجھے بتانا ہے تو پرابلمز شروع ہوئی اور چھپائے وہ چیز جاتی ہے جو غلط ہو تو پھر میں نے سوچا کہ کیوں نہ میں سامنے ا کر کام کروں اور اپنے جیسی ان تمام سارہ بلکہ سارا ہی کیا ایسی مجھے بھی بہت کہانیاں اپ کو ملیں گی ان تمام لوگوں کے لئے نہ صرف انسپائریشن بنو بلکہ انہیں بتاؤ کہ مشکل وقت کی بات اچھا وقت بھی اتا ہے اور دو بہنیں ہیں اور مجھے ملا کر 3 مہینے ہیں فیملی نے مجھے اب ایکسیپٹ کیا ہے میری مما نے تو مجھے ہمیشہ سے تعلق میں تھی خاندان والوں نے بہت کچھ بولا ابو نے بھی زائرون کی باتوں میں اکر کافی کچھ کہا لیکن ماں ایک ایسا تعلق ہے نہ ماں نہیں روکتی مجھے ابھی بھی یاد ہے میں اپنی ماں کو بتاتی تھی فون پر امی میں پڑھائی کرنی ہے اور میں رات فنکشن جا رہی ہوں اور صبح میں یہاں جاتی ہوں رات میں مجھے پتھروں پر تھی مجھے اتنی چوٹ لگی تمہیں یہاں روتی تھی نہ میری ماں وہاں روتی تھی میری ماں اور ابھی جب میرا رزلٹ ایا میری جو سسٹر ہے وہ کہتی ہے اپ میرا فخر ہے وہ میری چھوٹی سسٹر ہے میں زیادہ اس نے مجھے ہک کرکے روئی وہ پندرہ بیس منٹ ہوتی ہے رزلٹ میرا تھا رونا مجھے,21,14,"[4, 8, 24, 41, 43, 44, 50, 51, 54, 55, 64, 64, 67, 84, 86, 87, 96, 100, 102, 110, 112]","[14, 15, 15, 17, 18, 18, 39, 68, 75, 83, 102, 104, 107, 111]",1,117,29,10,58,"(0, 49.572649572649574)","[0, 0, 0, 9, 0, 0, 0, 0, 0, 0, 0, 0, 0, 9, 9, 0, 0, 0, 0, 9]","[0, 0, 9, 9, 0, 1, 9, 1, 0, 0, 0, 0]"
120.6,Transgender-4P.wav,لیکن میں اس کو چپ کرا رہی تھی اور وہ کہہ رہی تھی اس کی سسکیوں میں صرف ایک اواز تھی اپ ہمیں کوئی طعنہ نہیں مارے گا اب کوئی طنز نہیں کرے گا اپ کوئی نہیں کہے گا تم اس سے بات نہیں کرنی ہے کریٹی سائز ہر کوئی کر رہا ہے کسی نے یہ سوچا ہے کہ پیڈ ان کے اگے بھی لگا ہے کسی نے یہ سوچا ہے کہ جب بھوک سے کھانا نہیں ہوگا تو پیٹ کیا کچھ کرواتا ہے تو ہمیں کریٹیو سے پہلے گورنمنٹ کو اور ان لوگوں کو ایسے احکامات کرنے چاہیے کہ ہماری ایجوکیشن تعلیم ہو ہمارے ماں باپ ہمیں گھر سے نہ نکالے ہمیں جوب دی جائے وہ خواجہ سرا جو اس عمر کا پہلو سے اگے جا چکے ہیں تعلیم کے ان کے لئے اسکیل بلڈنگ ٹریننگ ہو ان کو شارٹ لونز دیے جائیں بے نظیر انکم سپورٹ میں اس طرح خواتین کو سپورٹ کیا جارہا ہے اچھا پروگرام ہے اسی طرح خواجہ سروں کے لیے کس پیسفک پروگرام ڈیزائن کیا جائے جس میں غریب اور ایجنٹ ٹرانسجینڈر کے لئے مدد کی جائے میں دیکھنا چاہتی ہوں یہ پاکستانی معاشرہ اس پڑھی لکھی ڈاکٹر ٹرانسجینڈر کو کیسے ٹریٹ کرتا ہے کیسے مجھے ٹریٹ کرتا ہے تاکہ میں دیکھنا چاہتی ہوں کیا واقعی یہ بات سچ ہے اپ ٹھیک ہیں عرصہ سے جو ٹرانس کمیونٹی کے رائٹس کے لئے کام کر رہے ہیں اور اب خوش این بات یہ ہے کہ اپ کی شکل جو ہے سارا ڈاکٹر سارا گل بن چکی ہے ہمارے لئے بڑا فخر ہے ہمارے لئے کیا پورے پاکستان کے لئے فخر ہے کہ اج یہ ڈاکٹر بنی ہے اور پورا پاکستان خوش ہے اور ایک دوسرے کو مٹھائیاں مبارکباد اور اج ہم لوگوں نے ایک برتھ ڈے پارٹی رکھی ہے تاکہ کیونکہ ہر کوئی سارہ سے ملنا چاہ رہا تھا تو ہم نے بولا سارا بڈے پارٹی رکھ لیتے ہیں تم بھی وہاں پے انوائٹ ہوگی تو سارے وہاں جائیں گے تمہیں مبارکباد بھی دے دیں گے مل بھی لیں گے ابھی جو ہے وہ ہم نے پورا دسترخوان پر قبضہ کیا ہوا تھا اور ہمیں بتا رہے تھے بلدیہ صاحبہ کے اپ کے انتظار میں کھانا ٹھنڈا ہو رہا ہے تو بات چیت کا سلسلہ جاری رہتا ہے ابھی اندر چلتے,17,9,"[0, 6, 8, 10, 10, 12, 14, 25, 36, 56, 73, 75, 82, 85, 87, 89, 94]","[47, 49, 51, 58, 70, 91, 105, 111, 116]",1,120,12,22,58,"(0, 48.333333333333336)","[0, 0, 0, 0, 0, 0, 0, 0, 0, 9, 9, 9, 9, 0, 0, 0]","[9, 0, 9, 0, 0, 1, 0, 0, 0]"
119.28,Transgender-5NG.wav,کو جب میں نے اگے لیا میں عدالت کئی میرے وکیل جو تھے ان کو لوگوں نے یہ تک کہا کہ اپ اب ان کی کیس لڑیں گے کیا اتنے برے دن اگئے ہیں جب میں پولیس دیکھیں پولیس کا رول بہت سپورٹ ہے لیکن جو نیچے طبقے کے جو پولیس والے ہیں وہ شائد نہیں ہے بیچارے یا اپ پہلے تین انفارمیشن نہیں تھی اب بہت بہتر ہے تو پہلے کی بات بتا رہی ہوں پولیس والوں کے بعد میں گئی کہ ایسا ہوا تو انہوں نے کہا تو کیا ہو گیا میں میڈیکل کے لیے گئی جاب کروانے کے لیے ایم ایل او کے لیے تو اپ کی ایم ایل او افیسر بولتی ہے لڑکی تھوڑی ہو اتنا کیا مسئلہ ہے بات لڑکی کی یا لڑکی کی نہیں ہے بات ظلم کی تھی میں مجھے سمجھ نہیں ایا اس دن کے خواجہ سرا ہونے کی وجہ سے میرے ہوئے اوپر ظلم کو ظلم ہی سمجھا جاتا اخر میں جس میری فرینڈ نے میری مدد کی اس سے مدد مانگنے سے پہلے میں نے اس کو ڈائریکٹ اپنی یونیورسٹی کا لنک دیا میں نے بولا پہلے ایک دفعہ کنفرم کرلو پھر میری مدد کرنا اور مجھے پیسے نہیں چاہیے ڈائریکٹ میری یونیورسٹی میں جمع کرواؤ تو مجھے پیسے نہیں چاہیے تھی مجھے عزت چاہیے تھی مجھے پڑھنا تھا اس پڑھائی کے لئے میری تعلیم کے لئے اس انسٹیٹیوٹ کو پیسے چاہیے ایک خواجہ سرا ہمیں بولتے ہیں کہ غلطی سے تعلیم حاصل نہیں کرتے ہیں خواجہ سرا ہی نہیں کرتے ہیں میں تو کرنا چاہتی تھی نا تو مجھے کیوں نہیں دی گئی تعلیم فری یاد رکھیے گا میں پہلی خواہش اس نے ڈاکٹر ضرور ہو سکتی ہوں پر میں وعدہ کرتی ہوں میں پاکستان کی اخری خواجہ سرا ڈاکٹر نہیں ہوں گے ڈاکٹر سارہ کی اپنے میزبان سے منشا کو دیجئے اللہ حافظ,19,15,"[12, 18, 22, 25, 48, 51, 52, 54, 60, 61, 74, 78, 82, 94, 95, 98, 102, 106, 114]","[3, 17, 27, 33, 59, 63, 65, 65, 66, 75, 76, 79, 84, 88, 110]",1,119,6,8,80,"(0, 67.22689075630252)","[0, 0, 0, 0, 0, 0, 0, 0, 0, 0, 0, 0, 9, 0, 0, 9, 0, 9, 9]","[9, 0, 9, 0, 0, 0, 0, 1, 0, 0, 0, 9, 0, 0]"
44.63,Transgender-6NG.wav,کس مینیجر کی حیثیت سے کام کرتی ہوں سندھ پولیس کی فوکل پرسن ہوں خواجہ سرا کمیونٹی کے لئے یہ چوتھا اٹیک ہے میرے اوپر چوتھا جو میرے دروازے تک لوگ پہنچے ہم ہر دفعہ ویڈیو نہیں بنا پاتے ہم ہر دفعہ اس کو رپورٹ بھی نہیں کرتے ہیں کیونکہ یہ انسان پہلے میرے پاس ایا ویڈیو موجود ہے اس انسان نے کہا کہ پیار کرنا ہے 2000 دوں گا میں نے ویڈیو بنالی میں نے سوشل میڈیا پر لگائی تاکہ لوگوں کو پتہ چلے کہ کیسے ہوتی ہے حراسمنٹ اس پہ بھی میں نے کافی کمنٹس ایسے دیکھے کہ لوگوں نے کہا کہ کیا ہوگیا تم لوگ تو یہی کام کرتے ہو اس کے بعد دین,6,3,"[2, 13, 14, 16, 18, 42]","[10, 25, 37]",1,44,18,2,22,"(0, 50.0)","[0, 9, 0, 9, 0, 0]","[1, 0, 0]"
59.23,Transgender-6-1NG.wav,ہمارا وہ کسی اور ساتھی کے ساتھ وہ اتے ہیں اور ہم میرے گھر پہ تیزاب کی بوتل لاتے ہیں ڈرانے کے لئے مارنے کے لئے کیا کرنے کے لئے پر بہرحال ائے ہم نے ویڈیو بنالی میں نہیں تھی گھر پہ ایف ائی ار کٹوائے ان کو ہم نے اریسٹ کرایا مرد یا عورت سے ہماری اسٹرگل بہت زیادہ ہوتی ہے میں ایک بہت کنزرویٹو سندھی فیملی سے بلاونگ کرتی ہوں اور اویسی انہوں نے ڈس اون کیا ہوا ہے میں 16 سے 17 سال کی تھی تب مجھے اپنی فیملی سے دور ہونا پڑا اور اس وقت اگر میں دور نہ ہوتی تو شاید میں اج زندہ نہ ہوتی کیونکہ ایک اونر کلنگ ہم پاکستان کا سب سے بڑا مسئلہ ہے اور یہ صرف عورتوں کا نہیں کاروکاری ہمارا بھی بڑا مسئلہ ہے کہ ہمیں یہ ہے کہ ایک خاندان پہ غیرت کے نام پے مار دیا جاتا ہے,12,1,"[6, 15, 22, 24, 30, 40, 43, 48, 49, 51, 53, 58]",[31],1,59,14,2,16,"(0, 27.11864406779661)","[0, 0, 0, 0, 0, 0, 0, 0, 0, 0, 0, 0]",[0]
70.26,Transgender-6-2NG.wav,بورڈنگ پاس پھاڑا اور مجھے کہاں پھیلاؤ نہیں مینا کیوں انہوں نے کہا اپ کا جینڈر ہے میڈل ایسٹ پورے کی پالیسی سے ہیں کہ ہم اپ کو الاؤ نہیں کر سکتے سیکیورٹی اتی ہے اور وہ اگے چلے جاتے ہیں ایم سی کیوٹی نہیں مجھے روک دیا کہ میں نے بولا دیکھے میں نے ٹکٹ لی پیسے بھرے ہمیں ایکسپلینیشن چاہیے ریٹن میں لکھ کے دے دیں تاکہ ہم اکے ریفنڈ تو کروا سکیں ہمیں مجھے اج تک کچھ ریٹیل میں نہیں دیا گیا جہاز سے اتار دیا گیا تو یہ ایک اندھا قانون میک ارگنائز ہیٹ کیمپین کی ٹارگٹ ہوں میری پرانی تصویریں میری فیملی میرا کریکٹ میری کریکٹر سیشن میری مطلب میری پارٹیز میری ویڈیوز سب کو ٹارگٹ کیا جا رہا ہے اور میں یہ سمجھتی ہوں کہ یہ ساری چیزیں ایک سسٹمیٹک اٹیک ہیں جو ہم پہ کیے جا رہے ہیں کہ پلیز اپ چپ ہو جائیں اور خواجہ سراؤں کے لیے بات کرنا بند کرو,8,6,"[3, 4, 13, 20, 26, 36, 41, 70]","[45, 47, 48, 50, 50, 51]",1,70,14,2,46,"(0, 65.71428571428571)","[9, 0, 0, 9, 9, 0, 0, 0]","[0, 9, 0, 0, 1]"
54.13,Disease_P.wav,ایسے کرتا ہوں دیکھیں میں شوگر کا ڈاکٹر نہیں ہوں لیکن مجھے تقریبا پچیس سالوں سے شوگر ہے ہماری فیملی میں ہے اور اسے میں کیسے کنٹرول کرتا ہوں جو موٹا موٹا اس کا پرنسپل ہے وہ تو یہ ہوتا ہے کہ اپ میٹھی چیزیں نہ کھائیں نمبر ون ایکسرسائز کریں نمبر 2 اور اگر شوگر ہو جاتی ہے تو اس کی دوائی اپ لیں یہ تمام کچھ کرنے کے باوجود بھی بہت سے لوگوں کو ارام نہیں اتا یا ان کی جو شوگر ہے اس کا لیول ہائی رہتا ہے تو اب اس کو اور خاص طور پر جب شوگر کی بیماری بڑھتی جائے اور عمر زیادہ ہوتی ہے اپ کو تو اس میں تبدیلیاں اتی ہیں تو ہاؤ ائی کنٹرول مائی ڈاٹس تو وہ پرنسپل میں اپ کے ساتھ شیئر کر رہا ہوں یہ میں ایسا فرینڈ کر رہا ہوں اپ سے ایسا فیلو کر رہا ہوں ظاہر ہے کہ اس میں تھوڑا سا ڈا,13,1,"[2, 3, 4, 6, 11, 11, 16, 19, 27, 29, 35, 36, 37]",[30],1,54,38,3,10,"(1, 70.37037037037037)","[0, 9, 0, 0, 0, 0, 0, 0, 0, 0, 0, 0]",[0]
102.35,Disease-1P.wav,شامل ہوگی لیکن پیور اپ اپنا علاج کرانے کے لئے جو ڈائبیٹک یا ڈائبیٹیز کے ڈاکٹر ہوتے ہیں ان سے رجوع کریں میرے پاس انے کی ضرورت نہیں ہے میں صرف اپ سے شیئر کر رہا ہوں نمبر ون دیکھیے میں یہ کرتا ہوں کہ جو غذا ہے وہ ایک وقت میں زیادہ نہیں کھاتا میں دن میں 6 7 میلس ختم صبح میں ایک چھوٹا سا بریک فاسٹ کرتا ہوں پھر سیلڈ لے لیا دوپہر میں ا کے پھر میں نے ساتھ میں سالن ہوا تو ادھی روٹی کھانی ہے اس کے ساتھ شام میں ایک ادھ بسکٹ لے لیا پھر رات میں اسی طرح اچھا اب شروع شروع میں جو زیادہ کھانے والے ہوتے ہیں میں اپنی پروبلم ہوتی ہے لیکن میں ایک چیز اپ کو یاد کر رہا ہوں کہ اگر اپ چالیس پچاس دن یہ روٹین بنا لیں تو اپ کی یہ عادت بن جاتی ہے پھر اپ کو جو ہے بہت زیادہ بھوک لگی بند ہو جاتی ہے گوگل یہ سارا ہمارا جو نظام ہے یہ فیڈ بیک پر چل رہا ہوتا ہے تو اپنے میلس چھوٹے کریں اور فریکوئنسی ان کی بڑھا دیں نمبر ون نمبر ٹو ایکسرسائز اب میری ٹانگیں ٹھیک نہیں ہے میں چل نہیں سکتا میں تو سروس کر دوں گا میکسیمم تو میں کیسے کروں میں پھر ایکسرسائز بیٹھے بیٹھے کرتا ہوں اور میں بازو کی ایکسرسائز کرتا ہوں مکمل کی کرتا ہوں بیٹھ کے ٹانگوں کی ایکسرسائز کرتا ہوں میرے گھر کے اندر سیڑھیاں جو ہوتی ہیں بس سہارا لے کے اچھے طریقے سے مضبوطی سے وہ اسے زور لگتا ہے کیونکہ اپ کے شوگر تب برن ہوتی ہے جب صرف ٹہلنا کافی نہیں ہے تھوڑا زور اور ایکسرسائز کریں یا,19,8,"[1, 5, 10, 11, 19, 20, 23, 23, 24, 41, 45, 46, 57, 58, 72, 74, 97, 99, 100]","[3, 31, 39, 71, 72, 83, 92, 99]",1,102,65,13,24,"(1, 63.725490196078425)","[0, 0, 0, 0, 0, 0, 9, 0, 0, 0, 0, 0, 0, 0, 0, 0, 0, 0]","[9, 0, 9, 1, 1, 0, 0, 0]"
98.31,Disease-2PP.wav,گوگل یو واک کر سکتے ہیں دیس یو ڈو بیشک ورکنگ اس سے اپ کی شوگر کنٹرول ہو گی ایکسرسائز پوائنٹ اف ویو سے جا سکتے ہیں وغیرہ کھانے میں میں نے یہ نوٹ کیا ہے کہ سب سے زیادہ چاول کھانے سے اپ کی بڑھتی ہے شوگر اور بیکری کی ائٹم خانے سے میں نے دیکھا ہے کہ اگر میری شوگر 140 کی مثال کے طور پے اور ایک سموسہ میں نے کھا لیا ہے اور 1 گھنٹے کے بعد ڈیڑھ گھنٹے کے بعد میں نے چیک کیا 180 اس سے بھی اوپر چلی گئی 200 تک چلی گئی تو بیکری کی چیزیں جو ہیں یہ بہت زیادہ شوگر کو بھڑکتی ہے شوارما زو کے برگرز ہوگئے ان کو اوائڈ کریں چاول اوائڈ کریں اور اسے جب پراٹھا ہو گیا پراٹھے کے گندم نہیں ہوتی گھی بھی ہوتا ہے ساتھ میں کیلوریز بھی زیادہ ہوتی ہیں ان کو ویٹ کریں اور میں ایک اور اپ کو دلچسپ بات بتاؤں کہ ہمیں دیکھنے کو تو لگتا ہے نا کہ یہ جو رش ہوتا ہے یہ کیا ہے جس وقت یہ سوکھی سی چیز ہے یہ شوگر کو اچھا مزہ ہائی کر لیتی ہے بیکوز کاربوہائیڈریٹس جو ہے تو اس لئے میں کبھی کبھار جب مجھے لگتا ہے شوگر تھوڑی سی بہتر نہیں ہو رہی تو میں پھر جو روٹی اپنے لئے الگ بنواتا ہوں جس میں جو کاٹا اور دوسرا اٹا یہ میں استعمال کرتا ہوں اس سے یہ ہوتا ہے کہ وہ روٹی تھوڑی سی کوئی بہت اچھے ذائقے والی نہیں ہوتی تو اٹومیٹک اپ زیادہ کھانا پسند ہی نہیں کرتے اندر سو اپ کو وہ کرتے ہو,18,9,"[6, 15, 18, 23, 40, 40, 44, 45, 49, 52, 53, 67, 68, 76, 77, 92, 94, 95]","[22, 24, 34, 58, 69, 69, 77, 91, 95]",1,98,70,4,21,"(1, 71.42857142857143)","[0, 0, 0, 0, 0, 0, 0, 0, 0, 0, 0, 0, 0, 0, 0, 0, 0]","[0, 0, 0, 0, 0, 0, 0, 0]"
36.92,Disease-3PP.wav,میڈیکیشن میں کونسی لکھتا ہوں میں جو میڈیسنز ہیں میں کافی عرصہ اب یہ جو ہے نہ تین قسم کی ہیں تو بہت سی قسموں کی دوائیاں ہیں لیکن موٹی موٹی میں بتاؤں ایک تو انسولین ہے وہ تو اپ ٹھیکے کی صورت میں لگا دیتے ہو پھر ایک دوائی ہوتی ہے جس کے کھانے سے اپ کی اپنی انسولین بڑھتی ہے اور پھر ایک دوائی ہوتی ہے کہ جو باڈی میں شوگر ہے ان کو ٹشوز کے اندر بھیجتی ہے اور جو دوسری ہوتی ہے جو کہ اس کو بڑھاتی ہے مختلف ناموں سے وہ مارکیٹ میں موجود ہے تو میں,3,3,"[6, 10, 26]","[4, 7, 34]",1,36,26,6,4,"(1, 72.22222222222221)","[0, 0, 0]","[0, 0, 0]"
65.88,Disease-4P.wav,تقریبا کوئی 10 12 سال تک میڈیسنز پے رہا ہوں انجکشن نہیں لگاتا تھا لیکن اگین میں سے اپ لوگ جو مجھے جانتے ہیں انفیکشنس ہوتی رہتی ہیں اور میرے بہت سے ایشوز چلتے رہتے ہیں تو مجھے سوئچ کرنا پڑا سرجری ہوتی رہی تو جب وہ کوئی سرجیکل سٹریس اتا ہے تو انسولین کی شفٹ ہو جاتی ہے پھر انسولین پر شفٹ ہو کے مجھے یہ پروبلم رہا کہ میری لو ہونے کا امکان بڑھ جایا کرتا تھا اور دو تین دفعہ میری شوگر جو تھی مارننگ میں 40 45 کے فیس چلی گئی جس سے بہت سٹریٹ ہوئی اور بہت زیادہ خوف پیدا ہوگیا تو پھر میں نے سوچا کہ والدین اف کورس میں اپنے جو ڈاکٹر ہے اس سے میں نے ذکر کیا اور پھر ہم نے یہ پلان کیا کہ میں اورلس پہ ا جاتا ہوں دوبارہ تو اس وقت میں دو قسم کی دوائیاں لے رہا ہوں ایک وہ دوائی جو شوگر کو ٹیشوز میں بھیجتی ہے بیڈ فورمین کہتے ہیں اور دوسری دوائی میں ایمرل لے رہا ہوں یہ جو ہے,7,3,"[4, 6, 31, 32, 38, 39, 58]","[26, 31, 55]",1,65,53,9,3,"(1, 81.53846153846153)","[0, 0, 0, 0, 9, 0, 0]","[0, 0, 0]"
70.96,Disease-5P.wav,ہاں وہ اپ کا جو ڈبلو ہوتا ہے اسے انسولین کو زیادہ بناتی ہے اور میٹ فارمنگ بھی جو ہے اس کی کمبینیشن ارہی ہے اج کل اور الحمداللہ اٹ از پری کنٹرول میرا جو ایچ بی ون ائی سی ہے وہ تقریبا 6.8 7 کے قریب ہے بہت ائیڈیل نہیں ہے لیکن سیون تک میری عمر میں ہے تو میرا کہنے کا مطلب ہے کہ شوگر کو اپ جو ٹریٹ کرتے ہیں تو اس کو اموشنلی کیونکہ اپ ٹینشن لیں گے شوگر بڑھ جائے گی ایکسرسائز سے سست نہیں بیٹھے رہنا کچھ نہ کچھ ایکٹیویٹی کرنا ہے فوڈ سے کوالیٹی یا فوڈ کوانٹیٹی یا فوڈ ان فریکوئنسی اف فوڈ ان دیجیئے ان چیزوں کو رکھیں اور یہ تو بہت لمبا ٹاپک ہے اس پر میں اور بہت سے پروگرام کروں گا اور میں بعد میں بات کروں گا ان کی کمپٹیشن سے کہ کیا کیا کاپی کیشنز ہوتی ہیں اور ان کو اپلیکیشن پے مجھے کتنی ہوئی ہیں اور میں نے کیسے خود کو سنبھالا ہے تو اج کے لئے اتنا ہی تھا جو میں نے باتیں بتائی ہیں میں اپنے مریضوں کو کہتا ہوں کہ اپ کو اگر بیماری ہے اپنے جیسی بیماری,11,1,"[4, 19, 19, 24, 30, 32, 33, 34, 44, 70, 71]",[20],1,70,47,13,9,"(1, 67.14285714285714)","[0, 9, 0, 0, 9, 0, 0, 0, 0, 0]",[0]
91.39,Simple_Life_Dr_Irfan_P.wav,غربت کے بڑھتے ہوئے قومی مسئلے پر کیسے قابو پا سکتے ہیں سب سے پہلا طریقہ کون سامان کے ساتھ زندگی گزارنے کے اٹ سے سادہ کھانا سادہ دفتر سادہ گھر چھوٹا گھر چھوٹا دفتر چھوٹی گاڑی اپنے اپ کو اسکیل کر میں نے ٹی وی پہ ایک دفعہ پروگرام کیا تھا جس کا نام میں نے رکھا تھا ریورس گیئر اسے میں نے یہی کہا تھا کہ پیچھے ا جاؤ ورنہ زلت تمہارا پیچھا کر رہی ہے تمہیں نہیں چھوڑے گی یہ بات ہے کوئی 6 سال پہلے کی میں نے کہا بجلی کا بٹن جلانے کی طاقت نہ رکھو گے تمہارے گھر میں بجلی موجود ہوگی گیس استعمال نہیں کرو گے گالی تمہارے گھر کھڑی ہوگی پیٹرول نہ ڈلوا سکو گے واپس ریورس لگاؤ 1964 تک جا کے دیکھو کیا سامان ہوتا تھا گھروں میں یورپ جا کے دیکھو ان کے گھروں میں کیا سامان ہے چائنا جا کے دیکھو ان کے گھروں میں کیا سامان ہے انڈیا جا کے دیکھو ان کے گھروں میں کیا سامان ہے کم سامان کے ساتھ جینا سیکھو کم اسباب کے ساتھ جینا سیکھو جب تک سادگی اختیار نہیں,17,0,"[0, 13, 14, 15, 16, 17, 24, 34, 39, 49, 54, 56, 57, 59, 84, 87, 91]",[],1,91,78,1,4,"(1, 85.71428571428571)","[0, 0, 9, 0, 0, 9, 0, 0, 0, 0, 0, 0, 9, 0, 0, 0, 0]",[]
89.19,Simple_Life_Dr_Irfan-PP.wav,دنیا کی کوئی طاقت تمہارے حالات نہیں بدل سکتی 10 ائی ایم ایف اجائیں تب بھی نہیں بدل سکتے یہ ممکن ہی نہیں ہے سب سے پہلی بات سمجھے اللہ کہتا ہے جسے چاہوں امیر کروں جسے چاہوں غریب کروں جسے چاہوں کشائش والا دوں جسے چاہوں ناپ تول کے دوں جسے چاہوں نہ دوں یہ سب سے بڑا ایشو اللہ کے ساتھ ہے اللہ کو راضی کرنے کی کوشش کرو جب تک اللہ کو راضی نہیں کرو گے تمہارے حالات نہیں بدلیں گے دوسرا اللہ کسی بھکاری کو پسند نہیں کرتا بھکاریوں کے بارے میں حدیثیں مبارکہ ہے میرے اقا کا فرمان ہے بھکاری ایسے ہوں گے جیسے ان کے چہروں پے غارم دونوں طرف یہ گلا گالوں کی بجائے غار ہوں گے ان کو ایسے اٹھایا جائے گا پھر اللہ کہتا ہے میں نے تم مفلوق کو لال تھے میں نے اور میرے رسول نے تمہیں غنی کر دیا اللہ رسول کو راضی کرنے کی کوشش کرو راضی کیسے کرو گے وہ بھی اللہ بتا رہا ہے اللہ فرماتا ہے جو میرے شکر گزار بندے ہیں,11,3,"[4, 9, 12, 20, 27, 39, 41, 44, 46, 53, 61]","[18, 45, 55]",1,89,70,4,8,"(1, 78.65168539325843)","[0, 9, 0, 9, 0, 0, 0, 0, 0, 0, 0]","[0, 0, 0]"
89.95,Simple_Life_Dr_Irfan-PPP.wav,یہ انعامات میں اضافہ کرتا ہوں ہمارے یہاں سب ناشکرے ہیں صبح جب ہوتی ہے حکمرانوں کو اہلکاروں کو محلے والوں کو سبزی والے کو فروٹ والے کو دودھ والے کو گوشت والے کو سب کو برا بھلا ہر چیز نمبر دو ہے ہر چیز غلط ہے اور جو کہہ رہا ہوتا ہے وہ سارے کام نمبر دو کے کر رہا ہوتا ہے ہر ایک کا شکوہ صبح یہ زبان اللہ نے ہمیں دی تھی ووٹ دیے تھے اپنا شکر ادا کرنے کے لئے ہم دن کی ابتدا ناشکرے پن سے کرتے ہیں دنیا کی کون طاقت ہمیں محفوظ کرلے گی کوئی بچا لے گا ہمیں کیا یہ ممکن ہے تو ہمیں شکوے چھوڑ کے اللہ کا شکر گزار ہونا ہے یہ دیکھنا ہے اپنے اپنے گھروں میں کہ کون سی چیز ایسی ہے جو ہم نہ کریں تو ہم ہمارے اخراجات کم ہو سکتے ہیں بھلے ان کے پاس جتنا مرضی پیسہ ہو مگر اخراجات کرنا اچھی عادت نہیں ہے ایک ایک ایٹم کو گننا ہے دیکھنا ہے کہ اج سے پچاس سال پہلے ہمارے گھروں میں کیا چیزیں استعمال ہو رہی تھی کتنی استعمال ہو رہی تھی اج کتنی استعمال ہو رہی ہیں اور کیا رویہ ہے ہمارے کھانے پے ہم کتنا لگاتے ہیں گھر میں پکانے پے کتنا لگاتے ہیں,11,3,"[5, 16, 17, 19, 19, 24, 29, 56, 58, 60, 68]","[2, 42, 67]",1,89,79,0,5,"(1, 88.76404494382022)","[0, 0, 0, 0, 0, 0, 0, 0, 0, 0]","[0, 0, 9]"
89.16,Simple_Life_Dr_Irfan-3P.wav,ہر چیز کو دیکھنا ہے بھاگنا ہے اس کی بجٹنگ کرنی ہے قومی سوچ کے ساتھ کرنی ہے غربت قومی مسئلہ ہے یہ تب تک دور نہیں ہوگی پھر رسول اللہ صلی اللہ علیہ وسلم کا اس میں فرمان ایک تو اللہ کی طرف سے ہو گیا یہ فضول خرچی نہ کرو اسراف نہ کرو اور میرا شکر گزار بندے بنو رزق کی تقسیم میرے ذمے ہے رسول اللہ صلی اللہ علیہ وسلم کا ایک فرمان مبارک ہے جس نے میانہ روی اختیار کی وہ کبھی مفلس نہیں ہوگا کملی والے کا فرمان ہے کو پکڑ لو میانہ روک کبھی مفلس نہیں ہوگا تو ہم مفلس ہیں او دوسری بات اللہ کے علاوہ کوئی غریبی کسی کی دور کر سکتا ہے انٹرنیشنل سسٹم میں کتنے ملکوں کی غریبی دور کی ہے کتنے لوگوں کے قریب بھی دور کیے کوئی ریکارڈ ہے کوئی مثال ہے کسی کے پاس اپ نے اپنی غریبی خود دور کرنی ہے ایک طریقہ یہ اللہ کی شکر گزاری کے ساتھ اللہ سے پناہ مانگنے کے ساتھ اللہ سے دعاؤں کے ساتھ اللہ کی فرمانبرداری کے ساتھ رسول اللہ صلی اللہ علیہ وسلم کی زندگی جو گزاری انفرادی اور اجتماعی اس کی روشنی میں,12,1,"[1, 9, 10, 12, 22, 23, 24, 24, 29, 40, 46, 89]",[65],1,89,73,1,4,"(1, 82.02247191011236)","[0, 0, 0, 0, 0, 0, 0, 0, 0, 0, 0]",[0]
91.39,Simple_Life_Dr_Irfan-4P.wav,اس کی ہدایت میں اس کی ٹیچنگ میں اس کے ساتھ پھر بھیک سے نفرت کرتے ہوئے وہ لباس ہمیں نہیں چاہیے جو بھیک سے ملے وہ بڑا گھر نہیں چاہیے جو بھیک سے ملے بھیک سے نفرت کرنی انسانی عزت نفس کے لئے جو سب سے ظالم چیز ہے بری چیز ہے وہ بھیک ہے ہم ایک تیسرا نکل سکتے ہیں پہلے نمبر پہ اثرات سے بچ کر دوسرے نمبر پر اب اپ دیکھیں میں اپ کو ایک مثال دیتا ہوں تاکہ اپ کو بات سمجھ میں ائے تن چائنا کا لیڈر انقلاب کا لیڈر اسے کسی صحافی نے سوال کیا کہ اپ کا کوئی پرابلم ہے کوئی مسئلہ ہے بہت بڑا مسئلہ ہے ان کا کیا مسئلہ ہے کہ ہمارے پاس کام زیادہ ہے افراد کم ہے جو دنیا کی سب سے بڑی پاپولیشن ہے کام زیادہ ہے افراد کم ہے تو مقصد کیا ہوا ہر فرد کو کام پے لگا دو اگر ہر فرد کام پہ لگ جائے اور کوئی مشکل نہیں ہے معاشرے کے لئے اسٹیٹ کے لیے دوسری چیز اپ کے پاس وافر ہے ابادی اپ کی 62 نوجوانوں کی ہے ریٹائر لوگوں کی نہیں ہے یہ جاپان نہیں ہے ریٹائر لوگوں کی زندگی ہے,25,4,"[7, 10, 14, 17, 22, 22, 23, 24, 49, 50, 52, 54, 57, 57, 58, 63, 64, 65, 69, 72, 75, 75, 80, 87, 89]","[18, 19, 37, 67]",1,91,73,3,6,"(1, 80.21978021978022)","[0, 0, 9, 0, 0, 0, 0, 0, 0, 0, 0, 0, 0, 0, 0, 0, 0, 0, 0, 0, 9, 0]","[0, 0, 0, 0]"
88.47,Simple_Life_Dr_Irfan-5P.wav,62 نوجوان ہے اور زمین اپ کی بے شمار ہے سارے نوجوانوں کو زمین کو اباد کرنے پر لگا دو اجتماعی اراضی کے پروگرام بنا دو مجبور کر دو زمیندار کو جس کی زمین ہے کہ اگر تیری زمین بے اباد ہوگی تو گورنمنٹ اس کو لے لے گی نوجوانوں کو یہ بتا دو کہ پاکستان کا کوئی سڑک ایسی نہ ہو جس کی سائیڈیں کچی ہوں وہ اباد کرنی ہے کھیت اباد کرنے پہاڑوں کو مسمار کرکے ان کو ہموار کرکے اباد کرنا ہے ایگریکلچر ملک بن کے دکھا دو ہر نوجوان کو استعمال کرو چائنا کی ڈاکومنٹری دیکھتا ہوں عورتیں مرد بچے بوڑھے جوان اپنے اپنے حصے کا سب کام کر رہے ہیں یہ قسم کھا لو کہ ہم نے کسی کے مال پہ زندہ نہیں رہنا ہم نے اپنے حصے کا کام کرنا ہے اپنے اپ کو 24 گھنٹے جوتا ہوا رکھنا ہے تاکہ قوم کی حالات سے مر جائیں قرضوں سے 78 سال میری عمر ہو گئی ہے ابھی تک ہم کرتے ہی دیکھ رہے ہیں قرضوں سے قوم نکلے گی جب تک کام نہیں کرو گے خود غیرت نہیں کرو گے تمہیں کوئی نہیں نکال سکتا,9,5,"[13, 28, 52, 59, 63, 82, 83, 85, 88]","[38, 49, 54, 67, 73]",1,88,74,3,8,"(1, 84.0909090909091)","[0, 9, 0, 0, 9, 9, 0, 0, 0]","[0, 1, 0, 0, 0]"
92.16,Simple_Life_Dr_Irfan-6P.wav,ایک فارمولا ماحولیا کہ جتنی ابادی ہے جیتنے لوگ ہیں ان سے کوئی اسکیل ان سکیل دونوں طرح کے کام موجود ہیں معاشرے میں مملکت میں موجود ہیں ہر بندے کو کام پے لگا دو ویلے بندے کو برداشت نہ کرے کسی شکل میں ویلا کھیت برداشت نہ کرے ہر حال میں کھیت اباد ہو اور ایک فارمولا کبیر داس نے دیا امیر ہونے کا غربت سے نکلنے کا ایک نے دیا پہلے اللہ نے دیا پھر میں نے موضوع تن کو کوٹ کیا اب کبیر داس جیسے چائنا میں کنفیوشن ہوا ہے ایسے انڈیا میں کبھی اداس ہوا ہے ہمیں نہیں معلوم کہ وہ پیغمبروں میں سے تھا یا پیغمبروں میں سے نہیں تھا مگر جو اس کی سیوینگ ہے وہ کمال کی کبیر داس کہتا ہے جو امیر ہوا بچا کر ہوا کما کر نہیں ہوا جو امیر ہوا بچا کر ہوا کما کر نہیں ہوا مثال دی اس نے ایک شخص ہے 1000 روز کماتا ہے اور شام کو ہزار ہی خرچ کر دیتا ہے اس کے مقابلے میں دوسرا شخص ہے وہ 500 رز روز کماتا ہے اس میں سے 20 رز بچاتا ہے امیر کون ہوا جس کے اخراجات اس کی امدن سے کم ہے وہ امیر ہو جائے گا,12,17,"[9, 14, 18, 22, 30, 44, 46, 51, 62, 66, 74, 89]","[28, 40, 41, 45, 55, 58, 59, 60, 62, 63, 63, 65, 67, 67, 85, 86, 91]",1,92,78,0,8,"(1, 84.78260869565217)","[0, 0, 0, 0, 9, 0, 0, 0, 0, 9, 0, 0]","[0, 0, 0, 9, 0, 0, 0, 9, 9, 0, 0, 0, 1, 9, 0]"
91.77,Simple_Life_Dr_Irfan-7P.wav,یہ اصول دیا اور دنیا نے اس اصول کو کیسے اپنایا جو اکنامکس کے ماہر ہیں ورلڈ میں وہ یہ کہتے ہیں جو فرد جو ادارہ جو مملکت اپنے امدن کا 20% سیو نہیں کرتی وہ سروائیو نہیں کر سکتی پاکستان میں پتہ نہیں کیسی فگر ہے مجھے نہیں معلوم سات پرسنٹ سے اوپر سیونگ نہیں ہے سیون پرسینٹ سے اوپر سیونگ نہیں ہے ہمیں اپنی سیونگ کو 20% بڑھانا ہے پھر ہمیں کسی ائی ایم ایف کی کسی ترلے کی کسی محتاجی کی ضرورت نہیں پڑے گی کیونکہ جب ہم قرضے لیتے ہیں تو ہمیں سیاسی طور پہ اس کے نقصانات اٹھانے پڑتے ہیں ملک کے قوانین میں معاملات میں اس کے نقصانات اٹھانے پڑتے ہیں اس سے بھی ہم بچ جائیں گے اگر انفارمل ہو گئے میکسیمم مین پاور کا استعمال میکسیمم جو ہمارے پاس نیچرل ریسورسز ہیں اس میں زمین ہے اپ شارع ہیں سمندر ہیں دریا ہے نہریں ہیں ندی ہے پہاڑ ہے جنگلات ہیں فشنگ ہے سب کچھ اس کا میکسیمم استعمال زمین کا میکسیمم اباد کرنا اور ابادی کا میکسیمم استعمال اور گورنمنٹ کی طرف سے ایسے قوانین بنانا کہ فضول خرچی کرنا تھوڑی سی بندے کے لئے مشکل ہو جائے,11,3,"[16, 18, 20, 23, 26, 29, 40, 48, 53, 87, 91]","[25, 28, 61]",1,91,82,1,3,"(1, 90.10989010989012)","[0, 0, 0, 0, 0, 0, 9, 0, 0, 0, 0]","[1, 1, 0]"
60.72,Politics_Imran Khan_NG.wav,بسم اللہ الرحمن الرحیم لیا کریں اللہ تیری عبادت کرتے ہیں اور تیرے سے مدد مانگتے ہیں میرے پاکستانی کل رات ساڑھے بارہ بجے پریس کانفرنس کی گانا سناؤ لانے اور اس پریس کانفرنس کے بعد میرے میں اب کوئی شک نہیں رہا کہ جو تحریک انصاف کی خواتین انہوں نے جو جس طرح ان کو پکڑا اور جس طرح ان کو جیلوں میں ڈالا اور پھر جو ہمیں خبریں ا رہی تھی کیونکہ ان کے خلاف کس طرح کا سلوک کیا گیا ان کو ریپ کا بھی ہم نے سنا تو جب اس نے پریس کانفرنس کی یہ میرے سارے شک دور ہو گئے کیوں کہ میں جو اس نے باتیں کی اس کا مطلب دو چیزیں یا ان کو ڈر لگ گیا کہ جب وہ,3,1,"[20, 20, 49]",[7],1,60,2,23,24,"(0, 40.0)","[0, 0]",[0]
90.67,Politics_Imran Khan-_NG.wav,نکلیں گی جروں سے تو وہ بتائیں گی کہ ان سے کیا ہوا یا اس کی تیاری کی ہے اور یہاں ان کو یہ خوف ہے کہ کوئی چیز ایسی ہوگئی ہے جو ان سے اپ سنبھال ہی نہیں جا رہی اور اس کی وجہ سے ان کو ڈر لگا ہوا ہے کہ وہ اگر وہ اگر بات نکل ائی تو پہلے سے تیاری کر لو کہ کوئی بہت بڑی سازش تھی تحریک انصاف نے خود ہی سب کچھ کروایا لیکن میں اج اپنی ساری پاکستانی قوم کے سامنے میں اپ کو اپنی جتنی میری پولیٹیکل لائف ہے اور اس سے پہلے بھی جو میرا تجربہ ہے پاکستان کو اپنی قوم کو ملک کے ساتھ بھی ہم بڑے ہوئے کبھی عورتوں کے ساتھ یہ رویہ نہیں ہوا جو جب سے 25 میں سے شروع ہوا ہے یعنی ایک سال سے پہلے کبھی میں نے اپنی زندگی میں پاکستان میں خواتین کے ساتھ ایسا سلوک نہیں دیکھا ہماری میں جب یہاں سے برطانیہ گیا تو ایک بڑی ہمیں ہم وہ کہتے تھے جو ہم نے عورتوں کو بڑی بری طرح رکھتے ہیں میں سمجھتا تھا کہ جو ہم عورتوں کی اس ملک میں عزت کرتے ہیں دنیا میں نہیں کی جاتی اور میں نے دیکھا ہے اس طرح کی عزت نہیں کی جاتی عورتوں کی اور کیوں کہ یہ ہماری صرف روایت ہی نہیں ہے یہ ہمارا دین کا حصہ ہے اب میں بتاؤں کہ پچیسویں کو کیا ہوا 25 منٹ کے دروازوں کو توڑ کے گھروں میں گھس گئے نہ چادر نہ چار دیواری اگر,15,8,"[9, 10, 14, 25, 29, 45, 55, 63, 70, 75, 78, 79, 87, 89, 90]","[5, 18, 34, 45, 48, 69, 74, 85]",1,90,2,31,37,"(0, 41.11111111111111)","[0, 9, 0, 0, 0, 0, 9, 0, 0, 9, 0, 0, 0, 0, 0]","[0, 0, 0, 0, 0, 0, 0, 9]"
87.75,Politics_Imran _NG.wav,انہوں نے نا فکر کی کہ وہ عورتیں ہیں عورتوں کو بھی ان کو اٹھا کے لے گئے بچوں کو اٹھا کے لے گئے اہستہ جب خبریں ملیں گی میں مانوں گی نہ کہ یہ ہوا جب ہم اپنی عورتوں ایم پیز کو ملے تو اہستہ اہستہ جب ہماری عورتوں کی تنظیموں کو ملے پھر جو اپنے ایم پیز مرد کو ملے انہوں نے سب نے اہستہ اہستہ ایک ہی کہانی سنائی کہ پلان کرکے یہ کیا گیا تھا خوف پھیلانے کے لئے اور انہوں نے زبردستی بدتمیزی کی یعنی ایک پلان کر کے دہشت پھیلے یہ اس طرح انہوں نے لوگوں کے گھر توڑے اور گھروں میں گھسے ہیں تب بھی انہوں نے گاڑیاں توڑی ڈاکٹر یاسین کی تصویر ہے وہ گاڑی میں بیٹھی ہے اس کی گاڑی توڑ رہی ہے پولیس پلان تھا لیکن پھر ہم اس وقت نہیں مجھے پتا تھا یہ پلان لیکن اہستہ اہستہ اب مجھے کوئی شک نہیں کہ یہ پورا پلان ہے کہ عورتوں کو ڈی پولیس سائز کیا جائے ادھی ابادی جو پاکستان کی ہے اس کو کسی طرح سیاست سے باہر رکھا جائے اس کو دیکھ کے جو مرد ہے جو خاوند ہے جو باپ ہیں جو بھائی ہیں وہ اتنے خوفزدہ ہو جائیں کہ یہ عورتوں سے اتنا ظلم ہوتا ہے یا عورتوں سے جس طرح کا یہ انہوں نے سلوک کیا ہے جیلوں کے اندر یا اس سے پہلے جب یہ پرامن احتجاج کر رہی تھی جس طرح,14,2,"[12, 29, 32, 32, 35, 48, 50, 52, 54, 56, 57, 74, 77, 86]","[13, 86]",2,87,15,58,14,"(2, 66.66666666666666)","[0, 0, 0, 0, 0, 0, 0, 0, 0, 9, 0, 0, 0]","[0, 9]"
84.8,Politics_Imran _--NG.wav,اپ نے سیاست میں شرکت نہیں کرتے اور اس سے بڑا ظلم کسی معاشرے پہ ہو ہی نہیں سکتا کیا 50 فیصد اپنی ابادی کو پولیٹک سے باہر رکھ دے تحریک انصاف وہ جماعت ہے اور مجھے فخر ہے اس پے کہ پہلی دفعہ خواتین اس تعداد میں اس میں شرکت کی ہمارے جلسوں میں فیملیز انی شروع ہوئی کبھی پاکستان کی تاریخ میں ایسے نہیں فیملیز پڑھے لکھے لوگ غریب سے پردہ دار خواتین سے انگلش میڈیم ہر قسم کی خواتین ہمارے جلسوں کے اندر ائیں اور شرکت کی اور پھر ایکٹیو ہوئی اور پھر سوشل میڈیا جب ایا تو اس کے اوپر ایکٹیو ہوگئی پاتی تو میں سمجھتا ہوں کہ اس سے خوشالی چیز ہو ہی نہیں سکتی معاشرے میں اس کا مطلب کہ معاشرہ جاگ گیا ہے اور جب ایک جاگا ہوا معاشرہ ہے وہی اپنے حقوق لیتا ہے وہی پھر اسی وہی جمہوریت ہوتی ہے جس جمہوریت کے اندر لوگ نکلتے نہیں ووٹ ڈالنے کے لئے پندرہ بیس پرسنٹ ٹرن اؤٹ ہوتا ہے وہ جمہوریت تو ہوتی ہی نہیں ہے اس کا مطلب کہ لوگوں کو فرق نہیں پڑتا کون ہے کون جائے یعنی لوگ ہوجاتے ہیں اب ہماری تاریخ کیا ہے پچھلے ساٹھ سالوں کے اندر فوج نے حکومت کی ہے ادھا بات دو خاندانوں نے کیا,12,4,"[2, 5, 7, 15, 18, 26, 28, 46, 48, 62, 69, 73]","[29, 32, 42, 54]",2,84,18,56,10,"(2, 66.66666666666666)","[0, 0, 0, 0, 0, 0, 0, 0, 0, 0, 0, 9]","[1, 9, 0, 0]"
95.76,Politics_Imran K_NG.wav,اور جب ملٹری ڈکٹیٹر شپ اتی تھی تو اس کی پہلی کوشش ہوتی تھی کہ لوگ ہو جائیں کہ پولیٹکس بہت بری چیز ہے لوگ پولیٹکس ہیں وہ اس لیے چاہتے تھے کہ جب ایک لوگ ڈیپ فروٹ سائز ہو جاتے ہیں تو اس کا مطلب یہ ہوتا ہے کہ ان کا ان کا یعنی ان کو فرق ہی نہیں پڑتا کہ ملک میں جو مرضی کیا جائے یعنی کوئی نا انصافی ہو کوئی حقوق ان کو یا ان کو فکر نہیں ہے یا ان کا خیال ہے تو کچھ ہو ہی نہیں سکتا تو وہ چپ کر کے گھروں میں بیٹھ جاتے ہیں اور پھر ڈکٹیٹر پوری طرح حکومت کرتا ہے اب یہ وہی فیض ا گیا کہ ایک اہستہ اہستہ بولو شن سے ہمارا ملک اگے بڑھنا شروع ہوا ہم نے ایک ایک بہت بڑی موومنٹ ہوئی جس کو کہتے ہیں لائرز موومنٹ وکیل جب ازاد عدلیہ کے لیے نکلے میں جیل میں گیا ہم نے سب میں شرکت کی وہ پہلی دفعہ پڑھے لکھے طبقے نے شرکت کی کہ جب تک عدلیہ ازاد نہیں ہوگی ہمارے حقوق کی حفاظت نہیں ہوگی اور ازاد ہوتی ہے جمہوریت کی حفاظت کرتی ہے تو وہ ایک ایک بہت بڑا مائل اسٹون تھا کیونکہ ہمیشہ پاکستان کی ادیا جدھر پاور ہوتی تھی جو حکومت ہوتی ہے اس کے ساتھ چلتی تھی اور نظریہ ضرورت لے اتی تھی کہ ائین بھی اگر طاقتور توڑنا چاہے تو اس کو موقع دے دیتی ائین توڑنے کا اس لئے ہمارے کبھی صحیح معنی میں حقیقی جمہوریت ہے ہی نہیں اور حقیقی جمہوریت کا مطلب ہے حقیقی ازادی دیکھئے یہ پہلے یہ سمجھ ہے جمہوریت جب حقیقی ہوتی ہے تو اس کا مطلب اپ کے جو فنڈامینٹل رائٹس ہیں اپ کے جو حق,11,4,"[7, 8, 20, 27, 31, 51, 55, 59, 61, 83, 85]","[39, 44, 70, 82]",2,95,14,66,15,"(2, 69.47368421052632)","[0, 0, 0, 0, 0, 0, 9, 0, 0, 0, 0]","[9, 1, 9, 9]"
82.59,Politics_Imran Kha_NG.wav,تو جتنوں کو بھی چھڑوانا ہے میری اپ سے ریکویسٹ یہ ہے کہ ٹائم فریم دے دیں کیونکہ مڈ تباہی کی طرف جا رہا ہے اکانومی نیچے جارہی ہے اس وقت پاکستان رہنے کے قابل نہیں ہے عام لوگوں کے لئے تنخواہ دار طبقے کے لئے تو اپنے اپ کو ٹائم فریم دے دیں 2 ہفتے 3 ہفتے اس کے بعد پھر الیکشن اناؤنس کر جب اپ سمجھیں کہ اپ نے تحریک انصاف سے اتنے لوگ توڑ دیے ہیں کیا وہ الیکشن لڑنے کے قابل نہیں ہے ملک کو تو نکالیں پھر دیکھ لیں کہ پاکستانی عوام کیا فاصلہ کرتی ہے لیکن فیصلہ کرلیں ٹائم نہ اس وقت میں کوئی اپنی پاور کے لئے یہ نہیں کہہ رہا میں اپنے ملک کی اب بات کر رہا ہوں صرف عمران خان کو باہر رکھنے کے لئے اس ملک کو تباہ نہ کریں جن لوگوں کا جینا مرنا یہاں ہے وہ اس وقت ان کے لئے مشکل ہو گیا ہے رہنا جو چھوڑ کے جا سکتے ہیں 9 لاکھ سے اوپر لوگ چھوڑ چھوڑ کے جا رہے ہیں اور جن لوگوں کے اس وقت اقتدار میں بیٹھے ہوئے ہیں اور جن کے ساتھ اسٹیبلشمنٹ ہے ان کو تو فرق ہی نہیں پڑتا کہ میں ان کے پیسے باہر پڑے ہوئے ہیں ڈالر میں پیسے روپیہ گرتا جائے ان کو تو فرق ہی نہیں پڑنا لیکن اس قوم کو فرق پڑ رہا ہے اس لیے جلدی فیصلہ کریں 4 ہفتے کے بعد جتنے توڑنے ہیں توڑنے ہیں پھر الیکشن کروا دیں شکریہ,18,6,"[7, 12, 13, 26, 29, 34, 34, 35, 38, 42, 46, 48, 51, 66, 73, 74, 77, 78]","[2, 12, 28, 37, 56, 83]",2,82,18,40,24,"(2, 48.78048780487805)","[0, 0, 0, 0, 0, 0, 9, 0, 0, 0, 0, 0, 0, 0, 0, 0, 0]","[0, 0, 0, 0, 0, 1]"
89.4,Disease_@Dr_P.wav,ابھی گھومتی رہتی ہیں اور پھر اس کے بعد ایک عجیب قسم کی کیفیت پیدا ہوجاتی ہے ٹینشن ہوتی ہے اور پھر گھبراہٹ ہوتی ہے تو اپ کچھ نہ کچھ ہمیں بتائیں کہ ہم اسے کیسے بچا جا سکے اب میں یہاں پہ اپ کو کیا بتاؤں دیکھیے ہم سب جو لوگ ہیں ہم سب کی اپنی شخصیت ہوتی ہے ہمارا سوچنے کا ایک طریقہ ہوتا ہے لیکن چند ایک چیزیں ایسی ہیں جن پہ کوئی مشورہ دیا جاسکتا ہے پہلی بات تو یہ سمجھے کہ ہمارے دماغ کے اندر یہ ہے کمپیوٹر کی طرح لیکن ہر کمپیوٹر کے اندر ایک ڈیلیٹ کا بٹن ہوتا ہے ہمارے دماغ کے اندر ڈیلیٹ کا بٹن نہیں ہوتا اگر اپ نے کوئی انفارمیشن لے لی کوئی بری اچھی بات سن لی خود دماغ میں بیٹھ جاتی ہے جا کے اب اپ اس کو ڈیلیٹ نہیں کر سکتے اب اپ اس کو ایک ہی کام کر سکتے ہیں کہ اس بری خبر یا برا جو بھی وہ تھاٹ ہے اس کے اوپر کچھ اچھے تھاٹس لادنا شروع کر دیں تاکہ وہ دھنس جائے نیچے زندگی میں کوئی بھی اپ کام کریں میں چھوٹی سی مثال دیتا ہوں اپ بہت اچھی ہے بڑا اچھا اپنے کام کیا ایک ادمی کو اپ سے جرسی ہے اس نے ایک ایسا فقرہ قصد ہے وہ اپ کے دل کو جاکے لگا کے میں تو اتنی ایمانداری سے کام کر رہا ہوں اچھا کام کر رہا ہوں اب اپ کو احساس ہونا چاہیے کہ ہر ادمی اپ کا دوست نہیں ہوتا,16,12,"[4, 8, 10, 24, 34, 40, 44, 50, 54, 56, 57, 66, 71, 82, 83, 89]","[4, 44, 60, 60, 68, 70, 71, 78, 81, 83, 86, 89]",2,89,23,41,24,"(2, 46.06741573033708)","[0, 0, 0, 0, 0, 0, 0, 0, 0, 0, 9, 0, 0, 0, 0, 0]","[0, 0, 9, 1, 1, 0, 0, 0, 9, 0, 0]"
79.71,Disease_@Dr_PP.wav,ہر رشتہ جو ہے نا وہ اپ کا اپنا نہیں ہوتا تو ہر شخص کی ایک اپنی اپ کے بارے میں اوپینین ہوتی ہے کوئی اپ کو بڑھتا پھولتا دیکھ نہیں سکتا یہ تمام ایسے لوگ ہوتے ہیں جو ردی کی ٹوکری میں ڈال دیے جائیں اور دے چنی ٹو نو جو سمجھنے والی بات ہے اپ کو یہ پتہ ہونا چاہیے کہ کون میرے لئے اتنا امپورٹنٹ ہے اچھا پھر اسی طرح کچھ رشتے ایسی ہیں جن رشتوں کے اندر اپ کو تعریفیں کب ملتی ہیں مطلب میں نام نہیں لینا چاہ رہا مطلب اپ فیملی میں دیکھ لیں نند بہو کا بھابھی کا رشتہ ہو گیا ساس بہو کا رشتہ ہو گیا کزن کا رشتہ ہو گیا کچھ اپ کی دوست ہوتے ہیں پھر بوس کا اور کا رشتہ ہو گیا وغیرہ وغیرہ تو یہ تمام وہ رشتے ہوتے ہیں جن کے اندر کبھی کبھار کوئی جیلسی ا جاتی ہے کبھی کبھار خود سری اجاتی ہے کبھی کبھار انا ا جاتی ہے تو اپ کو یہ ائیڈیا کرنا کہ یہ رشتہ میرے لئے کتنا امپورٹنٹ ہے اس کے مطابق اپنی بی ایف کرنا ہے اور اگر اپ کو یہ بیڈ تھاٹ اتا ہے تو پھر اپ نے اسی میں سے جو اچھے خیالات ہیں جو ایسا تو نہیں ہو سکتا کہ دنیا کا ہر ادمی برا ہی ہو اس کے اندر کچھ خوبیاں بھی ہوتی ہوں گی کچھ مصلحتیں بھی,6,4,"[3, 11, 31, 37, 72, 75]","[24, 29, 42, 70]",1,79,14,31,34,"(0, 43.037974683544306)","[9, 0, 0, 0, 0, 0]","[0, 9, 0, 9]"
63.6,Disease_@Dr_PPP.wav,تو اس لئے میرے نزدیک ائی تھنک ہمارے جسم کے ارد گرد ایک اور ہوتا ہے یہ اور اگر پوزیٹو ہو تو میں اپ کو یقین سے کہتا ہوں جو نیگیٹیو لوگوں کی طرف سے پھینکے جانے والے طنزیہ جملے ہوتے ہیں یہ خود ہی باہر چلے جاتے ہیں اسی طرح دوسرا اصول ظاہر ہے میں اگر اپ سے بات کر رہا ہوں تو اپنی ایکسپریس پے کر رہا ہوں کچھ لوگ ہوتے ہیں جنہوں نے اپ کو برا بھلا کہنا ہی ہوتا ہے یہ طنز مارنی ہوتی ہے ملنا چھوڑ دیں وہ کتنے قریبی بھی ہوں تو ملنا چھوڑ دیں رشتے تو دنیا میں پانچ چھے سات ہیں اپ کے ماں باپ ہو گئے شادی شدہ ہیں تو بیوی بچے ہوگئے بہن بھائی ہو گئے اس کے علاوہ جو ہے وہ اپشنل ہے ساری رشتے تو اینی بڈی ہو میں نے یہاں تک لکھا ہے کہ لوگ جب کوئی پوسٹ لگاتے ہیں اپنا فیزبک کے اوپر یا یوتوب کے اوپر تو اس کے اندر کوئی رومانس ا جاتے ہیں لوگ جل کے ریمارکس کر دیتے ہیں حسد کر کے معاف کر دیتے ہیں,5,2,"[11, 13, 27, 30, 62]","[54, 56]",2,63,19,22,22,"(2, 34.92063492063492)","[0, 0, 0, 0, 9]","[0, 0]"
96.76,Disease_@Dr_PPPPP.wav,اور اپ پہ پورا دن چارج نہیں کیوں کہا اس کا مطلب تھا یہ تھا مطلب نکالنے کی ضرورت ہی نہیں ہے اپنا وقت ضائع ہی نہ کریں اونلی گو امپورٹنس ٹو ڈوز پیپل یہ 6 7 8 لوگ ہیں ان کو اہمیت دیں ان کی طرف سے بھی اگر کوئی بعض اوقات لگتا ہے اپ کو ایسی بات سنی جاتی ہے تو پھر اس کو ڈیلیٹ اپ کر نہیں سکتے تو اپ وہ جو ان کے بہتر پہلو ہیں ان کی تہیں اس خیال پر جماعت دے رہے برین میں جماعتیں رہیں تو وہ اگے پیچھے جو بڑائی ہوگی چپکے کی ختم ہو جائے گی لوگ کہتے ہیں نہ کہ یہاں سے سنو اور یہاں سے نکال دو میں یہ کہتا ہوں یہاں سننے سے پہلے ہی نکال دو اس کو وہ دماغ کے رستے گزرے بھی کیوں صرف زندگی میں جو اپ کے کام کی چیزیں ہیں انہیں اپ یاد رکھیں انہیں چیلنج کریں اور جو کام کی چیزیں نہیں ہیں جن کا اپ سے کوئی تعلق نہیں ہے ہمیں ہر جگہ گھسنے کی ضرورت ہی نہیں ہے اپنی زندگی کو ضرور سوشل بنائیں لیکن یہاں اپ کو لگے کہ اس سوشل رشتے کے اندر میری دم پہ کوئی پاؤنڈ رکھتا ہے یاد رکھیے گا اس دنیا میں اپ سے زیادہ اپ کو کوئی پیار نہیں کرتا یہ الگ بات ہے ماں باپ کا پیار لازوال ہوتا ہے اور لیکن بہرحال اپ اپنی عزت کریں گے دنیا اپ کی عزت کرے گی اپنا خیال رکھیے گا خدا حافظ,18,7,"[3, 8, 10, 10, 27, 38, 40, 43, 54, 57, 62, 63, 66, 69, 72, 82, 84, 90]","[17, 30, 77, 84, 88, 91, 94]",2,96,31,33,31,"(2, 34.375)","[0, 9, 0, 0, 0, 0, 0, 0, 0, 9, 0, 0, 0, 0, 0, 9, 0]","[0, 0, 0, 9, 0, 0, 0]"
59.23,@Comm_N.wav,اس کو میں کیسے یہ بات سمجھا دوں اس کو میں کیسے قائل کر دوں کیسے میں اس کو چپ کرا دوں کیسے میں اس کی دلیل کو رد کر دوں کیسے میں اس کو ثابت کر دوں کہ مجھے تم سے زیادہ پتا ہے کیسے میں اس کو بتا دوں کہ تم غلط کہہ رہے ہو میں جو کہہ رہا ہوں صحیح کہہ رہا ہوں تو ہمارے خیال میں اچھی کمیونیکیٹر اچھا کمیونیکیٹر ہوا ہے جو بڑا اچھا پبلک اسپیکر ہے جس کو لینگویج بہت اچھی اتی ہے جو انگریزی بڑی اچھی بول لیتا ہے جو محاورے بیچ میں مذاق کر لیتا ہے ویٹ کر لیتا ہے اگلے کو چپ کرا دیتا ہے تو وہ اچھا کمیونیکیٹر ہے لیکن میں اپ سے عرض کروں کہ جب اپ کمیونیکیشن کا پورا لٹریچر پڑھتے ہیں اور اس کو خود بھی ایک پریکٹیکلی دیکھتے ہیں تو کمیونیکیشن کا ان ساری چیزوں سے قطعا کوئی تعلق نہیں ہے بہت ہی تھوڑا تعلق ہے کمیونیکیشن کا مطلب دوسرے کو اپنی بات بتانے اور سمجھانے سے زیادہ دوسرے کی بات کو سمجھنا ہے جب ہم دوسرے کی بات کو سمجھنے کی پوزیشن میں ہوتے ہیں اس کا,6,10,"[13, 17, 31, 37, 48, 53]","[4, 11, 19, 22, 23, 23, 24, 27, 29, 36]",1,59,7,2,19,"(0, 32.20338983050847)","[0, 0, 0, 0, 0, 0]","[0, 0, 0, 0, 0, 0, 0, 0, 0]"
78.23,@Comm_2P.wav,تو یہ ہوتا ہے کہ ہمارا اس کے ساتھ کمیونیکیشن کا ایک لنک ڈویلپ ہوگیا یہ پہلے سب سے پہلے اپنے مائنڈ سیٹ میں چینج کرنا چاہیے دو بندے جب اپس میں گفتگو کر رہے ہیں تو کمیونی کیشن کا مطلب یہ ہے کہ ان دونوں کو ایک دوسرے کی بات سمجھ میں اجائے لہذا میں کمیونی اچھا کمیونیکیٹر اگر ہوں تو اس کا اؤٹ کم یہ ہوگا کہ مجھے اپ کی بات سمجھ میں اگئی ہے تو اس کا مطلب ہے میں اچھا کمیونیکیٹر ہوں مجھے اپ کی بات کو میں سمجھنے کے قابل ہو گیا یہ اس کا دوسرا اسپیکٹ ہے کہ پھر میں اپنی بات اپ کو سمجھا سکا ہوں کہ نہیں سمجھا سکوں پہلی بات تو یہ رکھنی چاہیے دوسری بات یہ ہے کہ یہ ہمیں ذہن میں رکھنا چاہیے صرف ہم ہی کمیونیکیٹ نہیں کرتے دنیا کے جتنے اور زیرو ہیں سب کمیونیکیٹ کرتے ہیں درخت بھی کمیونیکیٹ کرتے ہیں اپنے کسی اپنے کسی اس میں اور یعنی کانٹیکس کے اندر اور جانور تو کمیونیکیٹ کرتی ہیں کبھی اپ دیکھیں کیسے مرغی اپنے بچوں کے ساتھ کمیونیکیٹ کر رہی ہوتی ہے اور بلی جو اپنے اسپاس کے ساتھ اور اپنے سب لوگوں کے ساتھ کمیونیکیٹ اپنی پوری کمیونٹی کے ساتھ اور کبھی انسانوں کے ساتھ بھی کمیونیکیٹ کر رہی ہوتی ہے لیکن انسان کے پاس کمیونیکیشن کے لئے ایک ٹول ہے جو کہ باقی جانوروں کے پاس ہو دھول نہیں ہے جانوروں کے پاس جو ٹول ہے وہ,10,3,"[21, 37, 43, 45, 54, 70, 72, 75, 76, 78]","[19, 27, 31]",1,78,12,7,34,"(0, 43.58974358974359)","[0, 9, 0, 0, 0, 0, 0, 0, 0, 0]","[0, 0, 0]"
83.36,@Comm_P.wav,وائس باقی اور چیزیں بھی ہیں لیکن وائس لیکن انسانوں کے پاس وائس کے بعد ایک دوسرا بڑا اسٹرونگ ٹول ہے یوز اف وائس ٹو کنورٹ انٹو ا لنگویج زبان لینگویج لینگویج بہت بڑا ٹول اچھا ہم سب یہ سمجھتے ہیں کہ شاید یہ ٹول انسان کو اس لئے دیا گیا ہے کہ وہ اس کے ذریعے سے بہتر کمیونیکیٹ کرے لیکن اپ کو یہ بات سن کر حیرانی ہوگی کہ یہ ٹول موسٹ اف دا ٹائم اپنے مافی ضمیر کو بیان کرنے سے زیادہ مافی ضمیر کو چھپانے کے لئے استعمال کیا جاتا ہے اس ٹول کی وجہ سے یہ نہیں ہے کہ ادمی اس قابل ہو گیا ہے کہ وہ جو دل میں ہے وہ دوسرے کو بتانے پر قادر ہو جائے بلکہ یہ ہوگیا ہے کہ اس کے اندر یہ ابیلیٹی اگئی ہے کہ جو اس کے دل میں ہے اس کو چھپا سکے جس طریقے سے اپ دیکھیے ایک بلی جو ہے اگر اس کو غصہ ائے گا تو اس کے پاس کوئی لفظ نہیں ہے جس سے یہ کہہ سکے کہ میں تو اپ پر ہوں میں تو اپ سے بہت پیار کرتی ہوں ویسے نہیں کہہ سکتی اس لئے کہ اس کی اس کے جس اس کے جتنے بھی اس کے پاس وسائل ہیں اس کے ذریعے وہ اپنے غصے کا ہی اظہار کرے گی اور اگر وہ اپ سے پیار کرتی ہے تو وہ اپنے تمام وسائل کو استعمال کرکے اس کا اظہار کر دے گی کہ وہ اپ اس کو اچھے لگتے پیار کرتے ہیں لیکن انسان کے پاس ایک وسیلہ موجود ہے جس کے ذریعے سے دل میں انتہائی غیض اس انتہائی غصہ,17,12,"[2, 3, 6, 11, 14, 19, 22, 26, 30, 31, 49, 52, 59, 78, 82, 83, 83]","[11, 18, 33, 35, 43, 57, 64, 70, 72, 76, 77, 82]",1,83,3,6,58,"(0, 69.87951807228916)","[0, 9, 0, 0, 9, 0, 0, 9, 0, 0, 0, 0, 0, 0, 0, 0]","[0, 9, 0, 9, 1, 0, 0, 0, 0, 0, 9, 0]"
100.91,@Comm_4P.wav,انتہائی نفرت کے باوجود وہ یہ کہہ سکتا ہے کہ اپ سے زیادہ عزیز تو مجھے دنیا میں اور کوئی نہیں ہے ایسا کہہ سکتا ہے اور اس وقت جب اس کو اپنا بیٹا جو ہے وہ بہت پیارا ہے بہت پیارا ہے اس کے باوجود اس کو یہ کہہ سکتا ہے کہ میں تمہاری ٹانگیں توڑ دوں گا میں اور میں تمہارا جو ہے نا تمہارے زبان پر کوئلہ رکھ دوں گا اگر تم نے ایسا کیا حالانکہ وہ دل میں بہت محبت کر رہا ہوتا ہے جو اس کے دل میں اس کے اپوزیٹ کہہ سکتا ہے اس لیے یہ بہت ضروری ہے کہ ہمیں سمجھ میں اجائے کہ ہم اپنی لینگویج کو کیسے استعمال کرتے ہیں دیکھیے لینگویج کی فیکلٹی ہمیں ہونے کا مطلب یہ تھا کہ ہم اپنے مافی ضمیر کو صحیح بیان کر سکیں لیکن لینگویج کے صحیح نہ استعمال کرکے ہم اس کے ذریعے شعوری طور پر یا غیر شعوری طور پر اپنے مافی ضمیر کو اپوزٹ ایکچولی بیان کرنے کے لئے استعمال کرتے ہیں ایک تو یہ بڑی زبردست فلاسفیکل بات ہے جو میں اپ کے ساتھ شیئر کرنا چاہتا تھا اچھا اب دوسری بات یہ ہے کہ کس طریقے سے جو میں نے اپ کا تھا ایم جو کمیونیکیشن کا ہے وہ یہ ہے کہ ہم دوسرے کی بات کو سمجھ سکیں اور ہم کسی کامن نتیجے پر پہنچ سکیں اور اپنی بات دوسروں کو سمجھا سکیں اس سلسلے میں جیسے میں نے اپ کو بتایا کہ جو ہمیں ٹول دیا گیا ہے وہ زبان ہے لینگویج ہے لیکن لینگویج کے استعمال کے سلسلے میں گائیڈ لائن یہ نہیں ہے کہ لینگویج کیسے استعمال کی جائے گائیڈ لائن یہ ہے کہ لینگویج کہاں نہ استعمال کی جائے یہ ہے گائیڈلائن لہذا جو سب سے اہم ٹول کمیونیکیشن کا ہے وہ ایکچولی بولنا نہیں ہے بلکہ وہ سننا ہے لسننگ از دی پرائم ٹول اف کمیونیکیشن اچھا اب میں ائی ہوپ کہ میں اپ سب لوگ میرے ساتھ ہیں اور بات کو سمجھ رہے ہیں کہ جب بھی,15,11,"[0, 1, 4, 6, 17, 42, 43, 53, 75, 77, 80, 85, 89, 91, 94]","[12, 13, 24, 25, 28, 41, 43, 57, 72, 88, 95]",1,100,8,6,56,"(0, 56.00000000000001)","[0, 0, 0, 0, 9, 0, 0, 0, 0, 0, 0, 9, 0, 0, 0]","[1, 9, 0, 0, 0, 0, 1, 9, 1, 0, 0]"
92.11,@Comm_5P.wav,ایک اچھی کمیونیکیشن کرنا چاہتے ہیں اور جو شخص اچھی کمیونیکیشن کرنا چاہتا ہے اس کے اندر بولنے سے زیادہ سننے کی اسکیل ہونی چاہیے میں اپ کو پورے یقین سے کہتا ہوں کہ بولنے کی اسکیل حاصل کرنا نسبتا اسان ہے سننے کی اسکیل حاصل کرنا نسبتا بہت مشکل ہے کیونکہ سننے کے لئے جو بنیادی شرط ہے وہ صرف یہ نہیں ہے چپ کر جانا نہیں ہے صرف چپ کر جانا نہیں ہے سننے کے لئے بنیادی شرط اندر سے سائلینٹ ہونا بہت ضروری ہے ان دونوں باتوں میں بڑی فرق ہے نہ بولنا اور چپ ہوجانا یہ دو مختلف باتیں ہیں اسی طرح سے میرا ایک شعر ہے کہ سانس لیتا ہوا ہر شخص نہیں ہے زندہ جاگنے والے کو بیدار نہ سمجھا جائے تو جو ادمی بول نہیں رہا نا تو یہ نہ سمجھا جائے کہ وہ چپ ہے جو بول نہیں رہا ہو سکتا ہے کہ وہ اندر سے بہت زیادہ شور اس کے اندر ہو رہا ہو جب ہم یہ کہتے ہیں نا کہ سننے کے لیے سائلینٹ ہونا ہے تو اس کا مطلب یہ نہیں کہ اس نے چپ ہونا ہے اس کا مطلب ہے کہ اس نے اندر سے تیار ہونا ہے بالکل اس کے اندر کے اپنے خیالات بند ہونے بہت ضروری ہے دیکھیں نا اپ اور میں سامنے بیٹھے ہیں فرض کریں اپ کے دماغ سے کلیکٹ ایک ایک چیز سگنل میرے دماغ میں ا رہے ہیں ایسے ہی ہوتا ہے نہ کمیونیکیشن کے دوران اور اگر میرے دماغ میں اپنا شور ہو رہا ہوگا تو وہ سگنل ا ہی نہیں سکیں گے تو جو ادمی بھی اچھا کمیونیکیٹر بننا چاہتا ہے نا وہ اج سے یہ پریکٹس کرے کہ وہ سائلینٹ ہونا سیکھیں جب دوسرا بات کر رہا ہے بالکل یکسو ہو کے چپ ہو کے اس کو سنے اور سنے سمجھ,23,6,"[6, 15, 19, 19, 21, 21, 22, 29, 36, 38, 40, 42, 44, 47, 48, 55, 61, 63, 70, 74, 77, 79, 88]","[1, 3, 31, 35, 60, 81]",1,92,1,16,52,"(0, 56.52173913043478)","[0, 0, 0, 0, 0, 0, 0, 0, 0, 9, 0, 9, 0, 0, 0, 0, 9, 0, 0, 0, 9]","[0, 9, 0, 0, 0, 0]"
109.67,@Comm-P.wav,اس کو سنیں کہتے ہیں جو اچھے کمیونیکیٹر ہوتے ہیں نا وہ کبھی بھی بات کو شروع نہیں کرتے البتہ وہ بات کو ختم کرتے ہیں شروع کوئی اور کرتا ہے ختم وہ کرتے ہیں اس لئے کہ اچھا کمیونیکیٹر سب سے پہلے اگلے کا پورا ڈیٹا لے لیتا ہے عقل اگلے سے پوری کی پوری انفارمیشن لے لیتا ہے پوری طریقے سے معاملات کو سمجھ لیتا ہے اس کے لئے سائلینٹ ہونا ضروری ہے میں دوبارہ سے اس الگوریدم کو یعنی اس ترتیب کو عرض کرتا ہوں اچھی کمیونیکیشن کا مطلب سمجھنا ہے اچھی کمبینیشن کا مطلب سمجھانا نہیں ہے صرف نمبر دو اچھی کمیونیکیشن کے لئے مین ٹول بولنا نہیں ہے مین ٹول سننا ہے اور ہم سننا سب سے مشکل کام ہے اور ایکٹیو لیس سائلینٹ ہونے کے لئے ایک ہوتا ہے نا سائلینٹ ہونا ایک ہوتا ایکٹیوٹی سائلینٹ ہونا سائلینٹ ہونے کا مطلب یہ ہے کہ اب اواز منہ سے نہیں نکال رہے چپ ہے لیکن ایکٹیو ری سائلینٹ ہونے کا مطلب ہے کہ نہ صرف اپ منہ سے اواز نہیں نکال رہے بلکہ اپ ریسپی ہیں اور اگلے کی بات کو سمجھنے اندر انے دے رہے ہیں سمجھنے کی کوشش کر رہے ہیں یعنی اپ جینون خاموش ہیں اب اگلا باڈی ذرا تھوڑی توجہ سے سنیے گا ہم اکثر خاموش نہیں رہ سکتے سائلینٹ نہیں رہ سکتے اپ کبھی نوٹ کیجئے گا جب دو لوگوں کے درمیان نارمل نہیں ہاٹ گفتگو ہو رہی ہے لڑائی یا جھگڑے کی گفتگو ہو رہی ہو یا ڈفرنس اف اوپینین ہو رہا ہو کیونکہ کمیونیکیشن کے ٹیسٹ پلوسی وقت ہوگا نہ کہ جب اپ اس بندے سے گفتگو کریں گے جس کے ساتھ اپ کی کچھ تعلقات اسٹرین ہیں اور اپ کچھ باتوں میں اپ کا جو ہے نظریہ اور ایک دوسرے سے مختلف ہے جب اس طرح کی کوئی بھی گفتگو ہو رہی ہوتی ہے تو اپ دیکھیے کہ وہ گفتگو کبھی بھی ڈائیلاگ نہیں ہوتی وہ گفتگو ہمیشہ ہمیں لگ رہا ہوتا ہے کہ دو بندے چیخ چیخ کے باتیں کر رہے ہیں مگر وہ ڈائیلاگ نہیں ہوتا وہ اس,24,8,"[6, 8, 10, 32, 33, 35, 36, 37, 39, 40, 50, 51, 54, 54, 56, 69, 70, 75, 77, 84, 101, 106, 106, 109]","[2, 12, 28, 30, 34, 65, 69, 94]",1,109,3,13,74,"(0, 67.88990825688074)","[0, 0, 0, 0, 9, 0, 0, 0, 9, 0, 0, 0, 0, 0, 0, 9, 0, 0, 0, 0, 9, 0]","[0, 0, 0, 0, 0, 0, 1, 0]"
92.11,@Comm_7P.wav,اس گفتگو کے اینڈ میں چاہے یہ نتیجہ نکلے کہ بھائی ہم دونوں ایک دوسرے کی بات کو نہیں سمجھا سکے لیکن کوئی بات نہیں ہم پھر دوبارہ کوشش کریں گے سمجھانے کی چاہے اسی نتیجے پر بھی اٹھیں لیکن کسی نہ کسی نتیجے پر ہم نکلے دوسرا پلیز یاد رکھیے کہ کمیونیکیشن شروع کرنے سے پہلے اپ کے ذہن کے اندر اس کی ایک ائیڈیل اؤٹ کم ہوتی ہے کہ اب میں ذرا اس کو سمجھاؤں نا کہ ائندہ سے وہ ایسا بالکل نہ کرے اس کے بندے اس کے ذہن میں بھی ایک ائیڈیل قسم کی سچویشن ہوتی ہے پلیز اپ یاد رکھیے کمیونیکیشن کے اینڈ میں 100 ائیڈیل سچویشن اچیو کرنا ہی کامیابی نہیں ہے اگر اگلا بندہ 5% بھی گو وے کر گیا ہے اور 10% بھی اپنی جگہ سے موو کر گیا ہے تو پھر بھی یہ کمیونیکیشن اسکیل جو ہے اپ کی کامیاب تھی اور اپ اچھے نتیجے بنے ایک ادمی اس بات سے پیار ہو گیا ہے کہیں جو بات اپ نے کہی ہے میں انشاء اللہ اس پر غور کروں گا چاہے اس نے اپنا رویے کو نہیں بھی بدلا پھر بھی ہماری ایک کمیونیکیشن جو ہے وہ کامیاب رہی ہے دوسرا پلیز یاد رکھیے گا کہ کمیونیکیشن از نوٹ ا ون ٹائم جاب کمیونیکیشن از نوٹ ا ریولوشن کی طرح کا مسئلہ ہوتا ہے جیسے ایجنگ سلو سلو سلو سلو تو اچھی کمیونیکیشن کا مطلب یہ ہے کہ اپ نے تھوڑا سا میدان حاصل کیا ہے اور اس کے بعد اپ پھر اہستہ اہستہ اگے موو کرنا شروع کر دیتے ہیں تو یہ میرا خیال ہے,12,8,"[7, 8, 9, 14, 15, 24, 29, 30, 41, 54, 65, 77]","[34, 40, 52, 53, 56, 68, 78, 80]",1,92,5,7,73,"(0, 79.34782608695652)","[0, 0, 0, 0, 9, 0, 9, 0, 0, 0, 0, 0]","[0, 0, 0, 0, 1, 0, 0, 0]"
47.55,@Social_1P.wav,چھن جانے کے بعد جس چیز کی تلاش دوبارہ شروع ہو جائے وہی تو جنت ہوتی ہے بیمار کی جنت صحت ہوتی ہے روحانی دنیا ڈپریشن کیا ہے ہماری سائیکالوجی ہے ڈپریشن کو لے کر اس کی بیس جو ہے نا وہ فلاسفی جو غیر فرماتے تھے نہ کہ پریشانی حالات سے نہیں خیالات سے پیدا ہوتی تو اگر خیال ٹھیک ہونا شروع ہو جائے تو پریشانی بھی ختم ہونا شروع ہوجاتی ہے یہ اپ کا گھوڑا ہے جس روح اس کی سوار ہے گھوڑے کو بھی نہ طاقتور ہونا چاہیے تاکہ روح اچھی سواری کر سکتی ہے کوئی حادثہ اجائے زندگی میں اب اس کو اکسیپٹ کرنا اپنی ذات کے حوالے سے اگر تو میرا مالک یہ چاہتا کہ مجھے اس دنیا سے وہ لے جائے تو وہ لے جاتا ہے تو کوئی تو اس نے ہمیں یہاں پے ابھی تک وہ مصرف ڈھونڈنا ہی تو اصل کام ہے تو ہاتھ سے جب زندگی میں سے گزر رہے ہوتے ہیں تو جو بڑے دماغ,10,5,"[2, 5, 14, 14, 15, 19, 20, 25, 29, 43]","[4, 6, 7, 18, 27]",2,47,5,31,9,"(2, 65.95744680851064)","[0, 0, 0, 9, 0, 0, 0, 0, 0]","[0, 0, 0, 0, 0]"
77.51,@Social_N.wav,جانو وہ سے ڈپریشن میں نہیں جاتا وہ پانی کی طرح سے ہوتے ہیں وہ اپنا راستہ نکالتا ہے اگر واتساپ کہتے تھے نہ کہ اکثر غم کی چھٹی اتی ہے بیچ میں پیغام راحت کا ہوتا ہے السلام علیکم کیسے ہیں اپ سب ٹھیک ہیں فٹ ہے نئی ایپیسوڈ کے ساتھ اپ کی خدمت میں حاضر ہوں ایک دفعہ پھر میں موجود ہوں اپنی فیورٹ پرسنیلٹی صاحبزادہ کاشف محمود صاحب کے ساتھ السلام علیکم وعلیکم السلام کیسے ہیں اپ ٹھیک ہیں الحمدللہ اپ سنائیں کیا حال ہے ٹھیک ہیں جی صحت اپ کی ہیلی پڑی ہوئی تھی پچھلے دنوں اب سے ٹھیک ہے جی الحمداللہ یہ بیماری بھی ساتھ ساتھ چلتی رہنی چاہیے صحت کی قدر بڑھ جاتی الحمداللہ جی واقعی اب کوئی جسم جسم کی زکوۃ بھی چلتی رہتی ہے بڑی ضروری ہے حضرت واصف علی واصف رحمتہ اللہ علیہ کا بڑا پیارا جو فرمان ہے کہ چھین جانے کے بعد جس چیز کی تلاش دوبارہ شروع ہو جائے وہی تو جنت ہوتی ہے تو بیمار کی جنت صحت ہوتی ہے بے شک کیسی ہے صحت کی قدر ہو جاتی ہے جی بالکل صحیح بات ہے اللہ اپ کو اپنے حفظ و امان میں اور صحت کے ساتھ رکھیں جزاک اللہ اج کا ٹاپک بھی بڑا اہم ہے ذہنی صحت کو لے کے ہے ڈپریشن تیزی سے بڑھ رہا ہے سوسائیڈ لوگ کر رہے ہیں خودکشی تک چلے جاتے ہیں مایوسی تک چلے جاتے ہیں تو روحانی دنیا میں,12,11,"[2, 8, 9, 18, 19, 35, 50, 54, 56, 59, 73, 75]","[14, 26, 27, 29, 33, 47, 53, 55, 60, 67, 77]",1,77,31,23,22,"(1, 40.25974025974026)","[0, 0, 0, 0, 0, 0, 0, 0, 0, 0, 0, 0]","[9, 0, 0, 9, 9, 0, 0, 0, 0, 0, 0]"
84.85,@Social_2NG.wav,ڈپریشن کیا ہے ڈپریشن چونکہ یہ ورڈ ایسے ہے نہ جی جس کو ہم چھیڑ تو رہے ہیں لیکن سائیکالوجسٹ جو ہیں وہ اس کو تو بڑا فوکس کرتے ہیں ان کی بہت بڑی ایک کہنا چاہیے کہ اج کی دنیا کا بہت بڑا کلینک ہے ان کے پاس جو ڈپریشن کا مارا ہوا ہے تو ابھی پچھلے دنوں میں ایک ٹی وی شو پے تھا تو وہاں پر میرے ساتھ ایک سائیکالوجسٹ بیٹھی ہوئی تھی تم نے سرکار واتساپ کی کچھ فرمودات انہیں سنائے تو جب بریک ہوئی تو انہوں نے مجھے کہا کہ جی ہماری سائیکالوجی ہے ڈپریشن کو لے کر اس کی بیس جو ہے نا وہ فلاسفی ہے فلسفہ ہے اس کی بیس تو میں نے کہا جی یہ جو باتیں میں بتا رہا ہوں واتساپ کی یہ اپ کے علاج کی دنیا میں کام اتی ہے انہوں نے کہا یہی کام اتی ہے اور کچھ بھی کام لیتے ہیں سرکار فرماتے تھے نہ کہ پریشانی حالات سے نہیں خیالات سے پیدا ہوتی ہے تو اگر خیال ٹھیک ہونا شروع ہو جائے تو پریشانی بھی ختم ہونا شروع ہوجاتی ہے اور چلتے ہوئے حالات میں اگر اپ کو حالات سمجھ نہ ارہے ہو تو بھی ڈپریشن ہونا شروع ہو جاتا ہے ڈپریشن بیسیکلی حالات کے نتیجے کا نام ہے جو مجھے میری ذاتی طور پر,12,4,"[4, 7, 21, 54, 57, 59, 61, 62, 63, 69, 70, 76]","[21, 52, 67, 84]",2,84,7,40,34,"(2, 47.61904761904761)","[0, 0, 9, 0, 0, 0, 0, 0, 0, 0, 9, 0]","[0, 0, 0, 0]"
116.96,@Social_-NG.wav,مجھے بات سمجھ نہیں ائی کہ حالات ایسے بنے جس سے اپ کو اپ نہیں کر سکے جس کو اپ ایکسپٹ نہیں کر سکے چاہے وہ اپ کی فزیکل ایلیمنٹ ہے اپ کی مینٹل ہے یا اپ کی اسپیچ ہے یہ تینوں ایلیمنٹس کے ساتھ جب اپ کبھی کوپ نہیں نہ کرسکتے تو اپ کو ڈپریشن ہونا شروع ہو جاتا ہے شکار بھائی صاحب نے بتایا کہ ڈپریشن کا جو ایک رکن ہے وہ فزیکل ہے کہ یہ اپ کا گھوڑا ہے جس روح اس کی سوار ہے تو اپ نے فرمایا کہ گھوڑے کو بھی نہ طاقتور ہونا چاہیے تاکہ روح اچھی سواری کر سکے اگر اپ کا گھوڑا کمزور ہو گیا تو اپ کی اپ کی روح بھی جو ہے نا وہ لاغر گھوڑے کو کتنا بھگا سکتی ہے کچھ نہیں کرسکتی تو وہ کہتے تھے کہ اس کا بھی دھیان رکھا کرو کہ محنت کرتے ہیں لوگ اب کبھی کوئی ایسی جگہ بھی اجاتی ہے کہ جہاں پر انسان کی باڈی جواب دے جاتی ہے کہ بس میں تھک گئی ہوں اب میرے سے اور کام نہیں ہوگئی ہے وہ بیمار پڑ جائے گی یا وہ کچھ ایسے ہو جائے گا لہذا کوشش کرتے ہیں کہ باڈی کو بھی اتنا ارام دیا جائے کہ جہاں پے وہ فزیکلی موو کر سکے اور جہاں نہ موو کر سکری ہو اور کام ابھی پینڈنگ ہو تو وہاں پر اپ کو اینگزائٹی ڈپریشن کا اغاز ہونا شروع ہو جاتا ہے وہ ایک تو یہ اپ کی فزیکل طاقت ہے اور دوسرے نمبر پر سم ٹائم ایسے ہوتا ہے کہ خدانخواستہ کوئی النس ایسی اجاتی ہے کہ اپ فزیکلی اس طرح سے موو نہیں کر پاتے خدانخواستہ کوئی ایکسیڈنٹ ہوگیا اپ کی زندگی میں کوئی لمب اپ کا چلا گیا کوئی زندگی کے اندر وہ ہمارے ایک ہیں ملک ملک صاحب ہیں ان کا نام ہے ملک انعام نہیں میں نام ان کا بول,18,2,"[1, 3, 6, 8, 19, 19, 23, 36, 41, 50, 55, 67, 67, 69, 81, 83, 102, 115]","[38, 115]",2,116,4,62,49,"(2, 53.44827586206896)","[0, 9, 0, 0, 0, 0, 0, 9, 0, 0, 0, 0, 0, 0, 0, 0]","[0, 1]"
94.32,@Social__NG.wav,وہ کمال موٹیویشنل شخصیت ہے جی ایک بہت بڑے ادارے میں وہ بزنس ڈویلپمنٹ کا کام کیا کرتے تھے بلکہ پورا وہی چلاتے جو ادارے کو تو کارپوریٹ دنیا تھی اور اس کے بیچ میں وہ بالکل تن تنہا شیر کی طرح پھرتے تھے کچھ حادثہ ایسا ہوا کہ گردن کے نیچے کا پورا جسم ان کا لاور ہوگیا جی اور وہ چیئر پر ایک خاص چیئر انہوں نے بنوائی ہوئی ہے اس چیئر کے اندر ہی ان کی وہ بلڈ پریشر اور ہارٹ بیٹ کی مانیٹرنگ ہو رہی ہوتی ہے اور وہ بمشکل دو انگلیوں سے وہ اس کے جو ہے نا وہ کرسر کو ہلاتے کی کرسی اگے جانی ہے پیچھے جانی ہے اس سے زیادہ کی موومنٹ نہیں ہے جی ان کے پاس تو میں ایک دن دربار شریف پر تھا تو وہ وہاں تشریف لائے تو انہوں نے کہا جی مجھے اعجاز دیں کہ میں چیئر کے ساتھ اگر دربار شریف ا جاؤں کیونکہ میں چیئر کے بغیر سروائیو نہیں کر سکتا تو میں کیجئے بسم اللہ اپ ضرور ہیں وہ اکے وہاں بیٹھے ہوئے بڑی دیر روتے رہے اور اپنے دکھ درد کی باتیں ساری سرکار سے واتساپ سے کرتے رہے لیکن ان کو اگر لائف میں دیکھے نا اپ اور ان کی کبھی اپ باتیں سنیں تو فل موٹیویٹ اب کئی لوگ اس چیز کو اس طرح سے اکسپٹ نہیں کرتے یہ بھی غم کی کیفیت ہی ہے نا جی بھائی صاحب کا فقرہ ہے کہ اپنی مرضی اور,15,4,"[6, 14, 15, 18, 44, 45, 47, 63, 70, 72, 72, 76, 85, 87, 89]","[1, 18, 51, 60]",2,94,2,53,36,"(2, 56.38297872340425)","[0, 9, 0, 0, 0, 9, 0, 9, 0, 0, 9, 9, 0, 0]","[0, 0, 1, 0]"
97.96,@Social_37_P.wav,کیا کی مرضی میں فرق کا نام غم ہے فرق کم کرتے جاؤ گے تو غم کم ہوتا جائے گا تو جہاں فرق زیادہ ہوگا وہاں پے غم زیادہ ہوگا کہ بھئی کوئی کون انسان چاہتا ہے کہ اس کو کوئی فزیکل ایلیمنٹ ملے کوئی بھی نہیں چاہتا لیکن اب یہ منشا ہے مالک کی کہ وہ اس طرح سے اپ کو گزارنا چاہتا ہے فوج میں جاتے ہیں لوگ تو کئی دفعہ ایسے کئی چیزیں لمس ان کے ضائع ہو جاتے ہیں سیاہ چین کے اوپر جو ہمارے فوجی جوان کھڑے ہوئے ہوتے ہیں وہ اکثر کے نہیں یہ جو کان کی یہ والا جو ہوتا ہے نا یہ حصہ یہ تو ٹھنڈ سے ایسے ٹوٹ کے گر گیا ہوتا ہے کئیوں کی نوز یہاں سے اوپر سے بھر جاتی ہے اتنی زیادہ وہاں پر ٹھنڈ ہوتی ہے لیکن ڈیوٹی اپنی کر رہے ہیں وہ الحمداللہ اور بڑے ذوق و شوق سے کرتے ہیں ملک کی حفاظت کرے تو کوئی حادثہ اجائے زندگی میں اب اس کو ایکسپٹ کرنا اپنی ذات کے حوالے سے کہ اگر تو میرا مالک یہ چاہتا کہ مجھے اس دنیا سے وہ لے جائے تو لے جاتا اگر اس نے یہاں پہ بھی رکھا ہوا ہے تو کوئی تو مصرف ہوگا اس کا بھی اس نے ہمیں یہاں پے ابھی تک نہیں دیا ہوا ہے وہ مصرف ڈھونڈنا ہی تو اصل کام ہے یہ تو خیر میں بات کر رہا ہوں کہ جس کو کوئی فزیکل ایلیمنٹ ہوگئی ہے لیکن جو جس کا پورا جسم ہے اس کو بھی نہیں مصروف اج تک سمجھ میں ارہا ہے کہ کرنا کیا یہاں پہ اکے ہم لوگ تو کہیں لاسٹ وے پڑے ہوئے ہیں نا سارے کے سارے کے بس ائے ہیں کھانا پینا کرنا ہے اور شادیاں کرنی ہے اور پیسے کمانے اور بس ٹائم پورا ہونا ہے چلے جانا ہے یہ بھی پورے لوگوں کو یقین نہیں ہے کہ جانا ہے,25,8,"[2, 3, 5, 5, 7, 9, 9, 15, 15, 23, 25, 26, 31, 35, 36, 41, 42, 43, 50, 67, 70, 76, 79, 79, 97]","[27, 28, 40, 40, 47, 62, 68, 72]",2,97,12,59,16,"(2, 60.824742268041234)","[0, 9, 0, 0, 0, 0, 0, 0, 0, 0, 0, 0, 9, 9, 0, 0, 0, 9, 0, 0, 0]","[0, 0, 1, 9, 0, 1, 9]"
88.47,@Social_-37P.wav,ان کے لئے بھی کوئی باتیں بہت ضروری ہیں کہ جہاں کہیں پر اپنے سامنے کوئی ڈپریشن والے لوگ دیکھیں یا ان کو فیل ہو کہ یہ بندہ ڈپریشن میں ہے اور اپ سمجھتے ہیں کہ اپ اس کے ہمدرد ہیں واقعی سچے معنوں میں تو اس کو اس بیماری سے نکالنے کے لئے اس کی مدد کریں اس کو بیمار سمجھیں اور بیمار سمجھ کے اس کے اوپر کوئی مہربانی کریں کہ اس کو امید کے راستے کے اوپر چلائیں امید کا راستہ نہیں دکھا رہے اور ہم اس کو جو ہے نا وہ مزید اس کی کمرہ جو ہے نہ تنگ کرتے جارہے ہیں تو خدارا تھوڑا سا ذرا اس بات کے اوپر دھیان رکھا کریں بچوں سے لے کر بڑی عمر تک کے جو لوگ ہیں ڈپریشن میں جا سکتے ہیں تو جہاں پہ کبھی یہ فیل ہو تو اس کو نگیٹ نہ کریں اور نہیں تو ڈرامے کرتا ہے اور تو ہی ایسے ڈھونگ رچایا ہوا ہے تو نے کیا کرنا ہے کیا کر رہا ہے یہ کوئی بات ہے کرنے والی تو ایسے اس کو ڈیل کریں گے کہ وہ بیچارہ جو ہے نا وہ اور اپنی اس بیماری کے اندر نہ گم ہو جائے گا اب یہ فزیکلی نظر نہیں اتی ڈپریشن کی بیماری چہرے پہ تو ایان ہی ہوتی ہے چلتا پھرتا ہے ٹھیک ہے سارا کچھ ہے لیکن کوئی اندر چراغ بجھ گیا ہوا ہے وہ چراغ روشن کرنے والے لوگ تھوڑے سے ہونے چاہیے اس کے پاس اس پاس کیونکہ وہ جیسے کہتے ہیں نہ کہ کٹ جائیں گے ایام میری,15,13,"[15, 17, 21, 22, 29, 35, 35, 50, 51, 66, 67, 70, 71, 77, 86]","[14, 19, 23, 26, 27, 28, 39, 54, 75, 79, 80, 85, 88]",2,88,8,50,22,"(2, 56.81818181818182)","[0, 0, 0, 9, 0, 0, 0, 0, 0, 0, 0, 0, 9, 0]","[9, 0, 9, 0, 1, 0, 9, 0, 0, 9, 0, 0, 1]"
121.0,@Social_NPNPNP.wav,نہ نبی کے میں خانہ سلامت رہے برسات بھی ہوگی تو یہ جو تشن لبیک کا جو دور چل رہا ہے اس کے بیچ میں کوئی اس کو بتائے کہ بھائی رحمت ا کے رہے گی جو رحمت کے راستے کے اوپر چل رہا ہے جگ اللہ تعالی نے کہا ہے کہ میں تمہیں کچھ بھی ایسا نہیں دیتا تکلیف ایسی نہیں بھیجتا جس کے بعد میں راحت نہ بھیجوں یہ جس وقت وہ تکلیف سے گزرا ہے جیسے سرکار واتساپ کہتے تھے نہ کہ اکثر غم کی چھٹی اتی ہے بیچ میں پیغام راحت کا ہوتا ہے وہ کسی نے ایک دفعہ سرکار کا سب سے پوچھا کہ جی وہ دیکھیں نا جی ایسے لوگ جو ہمیں پسند نہیں اتے ہیں تو کڑوی دوائی بھی تو ہوتی ہے نہ کڑوی دوائی کیسے منہ کا ذائقہ پھر صحیح رکھے ان لوگوں کا ذکر کر کے ہے جو ناپسندیدہ لوگ ہیں وہ دوائی نہیں تو تمہاری شفاء چھپی ہوئی ہے کیوں قران بھی کہتا ہے کہ عین ممکن ہے تم وہ پسند کرو تو تمہارے لئے اچھا نہیں ہے اور تم وہ ناپسند کرو جو تمہارے لئے اچھا ہے تو وہ چیزوں کو یہ ایک اینگل دکھانا ہوتا ہے اس کو سمجھانا ہوتا ہے ہمارے ایک دوست ہیں سائیکالوجسٹ وہ اکثر نہ اپنے پیشنٹس کو سرکار والد صاحب کی کتابیں جو ہے نہ گفٹ کرتے ہوتے اپ بھی کرتے ہیں نہ جی تو وہ کہتے ہیں کہ جی یہ کتابیں جو ہے نا یہ ڈپریشن سے نکالنے کا ایک ذریعہ ہے یہ وہ رستہ دکھا دیتی ہیں اس کو جو بعض اوقات ہم لوگ نہیں بتا سکتے ہوتے کہتا ہے ہمارے پاس پیشنٹ اتا ہے نہ ہم سب سے پہلے اس کو نہ اس کے اینگل سیٹ کرتے ہیں اس کی پریشانی کے وہ کیسے کہتے ہیں کہ جی اپ اس کو کہتے ہیں کہ یہ جس پریشانی کا ذکر کر رہے ہیں اور جس اینگل,24,10,"[0, 22, 23, 24, 27, 29, 32, 33, 40, 46, 50, 57, 59, 68, 70, 81, 82, 85, 88, 101, 106, 108, 112, 118]","[12, 15, 16, 30, 46, 53, 66, 68, 72, 79]",2,120,13,66,27,"(2, 55.00000000000001)","[0, 0, 0, 0, 0, 0, 0, 9, 0, 0, 0, 0, 0, 0, 9, 0, 9, 9, 9, 0, 9, 0, 9, 0]","[0, 0, 1, 0, 0, 1, 1, 0, 0, 0]"
121.35,@Social_--NP.wav,اب اس کو دیکھ رہے ہیں اس کو دیکھنے کا کوئی اور اینگل بھی ہو سکتا ہے تو جیسے وہ کہا اس نے کہ جی اپ نے مثلا پریشانی سے دور رہنا ہے اس نے کہا جی اہستہ بولے ساتھ ہی بیٹھی ہوئی ہے یہ وائس ورسا بھی ہو سکتا ہے اس پہ خواتین دکھی نہ ہو جائے دکھی نہ ہو اس کو الٹا بھی کردے چلتی ہے جو خواتین ہیں ان کی اتوار کو بھی شادی ملے گی تو وہ اینگل سیٹ کرنا ہوتا ہے تو اگر اپ کے سامنے کچھ ایسا ہو رہا ہے تو اپ یہ ذرا مہربانی کریں اس کے اوپر کہ اس کے اینگل کو تو کم از کم سہی رکھیں تاکہ وہ ڈپریشن جیسی چیز سے وہ خیال سے نکلنا ہے یہ کوئی ایسی چیز تو ہے نہیں کہ ہم نے رستہ پکڑوانا ہے اس کو نکلا جناب تو کنویں میں گر گیا ہوا ہے تو یہ تو اس کے خیال کا کوئی موڈ ہے جو چینج ہوگیا جس کو اس میں کوئی لائٹ نہیں نظر ارہی نہیں نظر ارہی تو کوئی چراغ جلانے والا وہ کوئی بتانے والا ہو کہ بھائی کوئی رات ایسی نہیں گزری جس کی سحر نہ ہوئی ہو اور اگر اپ نے ایک بڑی خوبصورت بات کی ہے کہ اگر اپ کبھی ڈپریشن سے گزرے ہو واقف ہو تھوڑے سے تو اپ ان لوگوں کی مدد کرو جو ڈپریشن زیادہ ہوئے ہیں تو اپ نے کہا اگر تم نیک نیتی سی یہ کام کرو گے تو تمہارے سامنے ڈپریشن نیک ہو کے ائے گا یہ بھی ایک نئی اصطلاح نکلی ہوئی ہے ڈپریشن بھی نیک ہو کر ائے گا کیونکہ تمہاری نیت ٹھیک ہے تم اس کی مدد کرنا چاہ رہے ہو اور خود تم میں تکلیف سے گزرے تو میں اس بات کا اندازہ ہے کہ یہ کیا ہوتا ہے اور یہ کہاں تک لے جاتا ہے,18,10,"[11, 22, 22, 23, 24, 25, 44, 45, 48, 51, 53, 67, 68, 75, 77, 91, 96, 113]","[7, 41, 59, 81, 89, 94, 99, 104, 108, 110]",2,121,28,63,14,"(2, 52.066115702479344)","[0, 0, 0, 0, 0, 0, 0, 0, 0, 0, 0, 0, 0, 0, 0, 0, 0]","[0, 0, 9, 9, 0, 1, 0, 0, 0, 0]"
51.2,@Social_5_N.wav,نون کی ایم پی اے ہیں ثانیہ عاشق یہ ان کی تصویریں ہیں اپ کو لٹلی اپ کو اپ کو نہ کریت اتی ہے ان کو ان اکاؤنٹس کو دیکھ کے لیکن افسوس کی بات پتا ہے افسوس کی بات یہ ہے کہ معاملہ یہاں پر ختم نہیں ہوتا یہ معاملہ اور بھی اگے چلتا ہے اب معاملہ ان کا کہاں تک پہنچا ہے اور اس کی پوری حقیقت کیا ہے یہ ساری ڈیٹیل میں اپ کو اس وی لاگ میں بتاؤں گا السلام علیکم ناظرین میں ہوں منصور علی خان اپنے یوتوب چینل کے اوپر اپ کو خوش امدید کہوں گا سب سے پہلے اپ سے درخواست کے چینل کو سبسکرائب کرنا مت بھولیے گا اور بیل ائیکون ضرور پریس کیجئے گا جو تصاویر اپ نے تھمب نیل کے اوپر دیکھی ہیں اور اس وقت اپ اسکرین کے اوپر بھی دیکھ رہے ہیں مسلم لیگ نون کی ایم پی اے ہیں ثانیہ عاشق یہ ان کی تصویریں ہیں اور یہ بالکل,9,6,"[7, 10, 10, 12, 15, 15, 31, 34, 51]","[3, 30, 35, 41, 44, 49]",1,51,9,7,33,"(0, 64.70588235294117)","[0, 0, 0, 0, 0, 0, 0]","[0, 9, 9, 1, 0, 0]"
65.09,@Social_6_N.wav,کسی کی باڈی کے اوپر لگا دیا اور کہہ دیا کہ جی یہ فلاں کی تصویر ہے اب ایک نیا کام اسٹارٹ ہو چکا ہے کہ ویڈیو بھی جو ہے وہ ایڈیٹ کر دی جاتی ہے اور ویڈیو کے اندر بھی جو ہے وہ اپ چہرہ جو ہے وہ کسی کے ساتھ فٹ کر سکتے ہیں تو اب نیا کام جو شروع ہوا ہے خاص طور پر پچھلے چار پانچ دن کے اندر وہ یہ ہے کہ ثانیہ کی اب اس طرح کی ویڈیو جو ہے وہ ایڈٹ کرکے وہ بھی سوشل میڈیا کے اوپر جو ہے وہ وائرل کی گئی اور ان کا نام اور ان کے یہی بیسیکلی یہاں یہ اپنے ان کے والد صاحب کی تصویر اور پھر اس طرح یہ ویڈیو ان دونوں کو جو ہے وہ اٹیچ کرکے جو ہے وہ ثانیہ کے اوپر اس طرح اٹیک جو ہے وہ اسٹارٹ کیے گئے انہوں نے مجھے بتایا کہ یہ کیمپین جو ہے وہ صرف اور صرف اس وقت ٹوئٹر کے اوپر نہیں جارہی بلکہ یہ فیزبک ہو جائے یا ایونٹ ٹیکٹوک ہو جائے ٹیکٹوک کے اوپر جو ہے وہ فضول قسم کس طرح کے گانے لگا کے بیگراونڈ کے اندر جو ہے وہ پوری کیمپین جو ہے وہ چلتی جا رہی ہے جبکہ اس خاتون سے ملیں تو اپ دیکھ کے اگر اپ صرف 5 منٹ کے لیے ان سے ملیں گے تو اپ حیران ہو جائیں گے کہ یہ میں تو یہ جس قسم کی تصویریں اور جس قسم کی کومنٹس جو ہیں وہ ان کے اوپر قصے جا رہے ہیں,10,10,"[5, 5, 15, 15, 40, 41, 42, 47, 55, 58]","[1, 16, 24, 35, 42, 46, 47, 61, 62, 64]",1,65,24,16,25,"(0, 38.46153846153847)","[0, 0, 9, 9, 0, 9, 0, 0]","[0, 0, 0, 9, 0, 9, 1, 0, 0, 9]"
77.32,@Social_NG.wav,جی یا تو کسی نے عمران خان کی تصویر لگائی ہوئی تھی یا پاکستان تحریک انصاف سے اس کی فلیشن لگتی تھی اور وہ چار اکاؤنٹس بیٹھ کے جو ہے نا وہ پوری بیٹھ کے کیمپنگ کو اس طرح رن کر رہے تھے اور پوری رپورٹ کے اندر ان پنڈت اردو کی اس پوری رپورٹ کے اندر یہ بات لکھی ہوئی ہے کہ جب یہ اس قسم کی مصنوعی قسم کی جو کیمپین رن ہوتی ہے نا وہ اصل عوام کی حمایت حاصل نہیں ہوتی اس میں بیٹھ کے صرف اور صرف یہ کسی کو گندا کرنے کے لئے یا ٹرینڈز کو اوپر لانے کے لیے 4321 کے اوپر لانے کے لیے ٹرینڈ مقصد صرف اس کا یہ ہوتا ہے کہ کسی طرح ہم اس شخص کو جس نے یہ کر دیا ہے جس نے یہ لکھ دیا ہے ہم اس کو ذرا گالیاں دے سکیں اور کوئی مقصد نہیں ہوتا اور اس کے پیچھے کونسے سیاسی رہنما ہیں اس کے پیچھے کون سی سیاسی جماعتیں ہیں جو اس قسم کی حرکتیں کرتی ہیں میرے خیال میں مجھے بتانے کی بھی ضرورت نہیں ہے ساری سچویشن اپ کے سامنے کلیئر ہے لیکن اس میں ہوتا کیا ہے کہ بطور سوسائٹی صرف ہماری بدنامی ہوتی ہے کہ یار پاکستان میں معاشرے کے اندر کیا گھٹیا قسم کے رواج اور کیا گھٹیا قسم کے ٹرینڈز چل رہے ہیں میں امید کرتا ہوں کہ ثانیہ عاشق نے جو قانونی طور پر ابھی ایک قدم اٹھایا ہے یہ کسی طرح پایہ تکمیل تک پہنچے اور جو یہ گھٹیا حرکتیں کر رہے ہیں وہ ان کو عبرت ناک قسم کی سزا ملنی چاہیے اس معاملے میں دوبارہ ملاقات ہوگی اللہ حافظ,13,11,"[24, 25, 26, 27, 32, 42, 43, 45, 51, 54, 56, 57, 75]","[19, 20, 29, 31, 48, 60, 62, 64, 65, 69, 74]",1,77,8,2,63,"(0, 81.81818181818183)","[0, 0, 9, 0, 0, 0, 0, 0, 0, 0, 0, 0, 0]","[0, 0, 0, 0, 0, 0, 0, 0, 0, 9, 0]"
46.11,@Brain_Drain_NG.wav,جس قسم کی ان کو پیش کی جیسی سہولیات جیسا سوشل سیٹس دیا جاتا ہے کیا وہ اپنے بچوں کو وہی سہولیات وہی پڑھائی کی اپرچونیٹی وہی لائف سٹائل وہی صحت کی سہولیات دے سکتے ہیں یہاں رہ کر پاکستان سے نکلنا چاہتے ہیں وہ سمجھتے ہیں کہ ان کا مستقبل یہاں پہ زیادہ مستحکم ہے بجائے اپنے ملک کے سندھی پوزیشنز اتی ہیں وہ باہر جانے کے لیے جگہ جگہ اب تو اپ کو بورڈ نظر اتے ہیں کہ بچوں کے باہر داخلے کے لیے امیگریشن کے لئے ایڈمیشن کے لیے ہر دوسرا جو بورڈ ہے وہ اسی کام کے لئے ہے اور سوشل میڈیا پر ایک ویک نظر ڈالنے سے ہی پاکستانیوں کی تشویش کا اندازہ,3,3,"[21, 39, 45]","[1, 20, 21]",1,46,9,4,33,"(0, 71.73913043478261)","[0, 0, 9]","[0, 0, 0]"
88.47,@Education_Actual_N_N_N.wav,قران نے دو لفظ استعمال کی اور انسان ادمی صرف حیوانی وجود ہے اور انسان اخلاقی وجود خدا کی منشا یہ ہے کہ ہم حیوانی وجود سے اخلاقی وجود تک پہنچا صوفیہ سے الگ کیسے ہو سکتے تھے میں یہاں ایک جرات سے کہنا چاہوں گی کہ صوفیا فیصلہ کرتے ہیں فیصلہ تو ہمیشہ وہ کرتا ہے جو خود کو دوسروں سے بڑھ کر سمجھتا ہے صوفیا تو مجھ کو اور اپ کو اس نظر سے دیکھتے ہیں جیسے وہ ہمارے جیسی اور ان کے ہاں جو یہ سوال اپ نے بہت اچھا پوچھا کہ وہ عشق کو سب سے زیادہ فوقیت دیتے ہیں اور ان کے ہاں علم اور عقل پیچھے ہے عقل تو ہے ہی بہت پیچھے رہنے کی چیز عقل اپ کو صرف ان چیزوں کا شعور دیتی ہے جنہیں اپ دیکھ سکتے ہیں سن سکتے ہیں چھو سکتے ہیں لیکن جو کام کی چیزیں ہیں میں نے اپ سن سکتے ہیں نہ اپ انہیں دیکھ سکتے ہیں نہ اپ انہیں چھو سکتے تو کوئی دوسری چیز چاہیے جو اونچی چیزوں کا علم ہے اب علم کیا ہے علم تو ہے جاننے کا نام اور علم کو ہم اگر یہ سمجھ گئے کہ کتابوں کا انبار ہے تو قران کے لفظوں میں گدھوں پر لگی ہوئی اور اگر وہ علم عشق ہو کہ کیفیت ہو کے اح,13,2,"[4, 20, 21, 41, 45, 48, 49, 51, 58, 59, 63, 65, 68]","[32, 37]",1,88,18,1,27,"(0, 30.681818181818183)","[0, 0, 0, 9, 0, 0, 0, 0, 0, 0, 0, 0, 0]","[1, 0]"
58.51,@Education_Actual_N_.wav,بنکے شعور کیا بن کے ادمی کے اندر اتر گیا تو وہ عشق ہے وہ عرفان ہے اور کوئی عقل اور کوئی علم جو عرفان کے لئے راستہ نہ بنے وہ بے کار اس لیے صوفیہ کے ہاں عقل بھی کمتر اور علم اکثر پیچھے رہ جاتا ہے کس طرح کہ انسان کا احساس علم کی سطح پر پہنچتا ہے جسے اپ ادراک کہتے ہیں جسے اپ وجدان کہتے ہیں تو جب علم وجدان کی سطح پر پہنچ جائے تو عشق کے بدولت میں اثر ہوتا ہے خالی علم صرف دلیل اور استدلال کا نہیں ہوتا اصل علم وہ ہے جس میں اپ کا احساس اور ایک تجربے کا احترام شامل ہو اپ دیکھیے قران کی ساری دلیل کہانی سے ہے اور کہانیاں کیا ہیں پچھلوں کے تجربوں کی اور وہ تجربے جو بہتر تجربے تھے ان کو تعظیم اور تکریم کے ساتھ بیان,8,6,"[12, 12, 17, 18, 35, 36, 37, 39]","[22, 38, 43, 45, 54, 56]",1,58,11,1,31,"(0, 53.44827586206896)","[0, 0, 0, 9, 0, 0, 0]","[1, 0, 0, 0, 0, 0]"
62.28,@Education_Actual_N_N.wav,علم یہ نہیں کرسکتا علم تو فیصلہ کرنے لگتا ہے موازنہ کرنے لگتا ہے اگے بڑھنے کی فکر میں رہتا ہے یہ عشق ہے جو عرفان دیتا ہے جذب کرنا سکھاتا ہے اور کوئی عقل جذب کرنا نہیں سکھاتی عقل کا تو جی چاہتا ہے جو کچھ اندر ہے اسے بھی باہر لے ائے عرفان جو ہے وہ بہت کمال کی چیز ہے باہر کی دنیا کو اپنے اندر اتار لیتا ہے اور جب وہ باہر کی دنیا کو اپنے اندر اتارتا ہے اور پھر باہر کی دنیا کو دیکھتا ہے تو وہ دنیا دوسری ہوتی ہے وہ دنیا وہ نہیں ہوتی جو صرف میزان سے اور توازن سے اور اس سے اس چوں چراں کی دنیا نہیں ہے وہ دنیا اس میں حساب و کتاب بھی نہیں ہے کہ دو میرے ہیں دو تمہارے نہیں میرا کچھ بھی نہیں ہے اور سب کچھ تمہارا سب کچھ دے کے جو ملتا ہے وہ سب کچھ ہے کہ نہیں ملتا اسی لئے جن کے پاس اج بہت ہے وہ خالی ہے اور وہ لوگ جو سائے میں دل ہیں جن کے پاس گننے کو کچھ نہیں ہے مگر دینے کو بھی حساب ہے,13,2,"[1, 2, 12, 20, 33, 34, 38, 42, 44, 45, 51, 55, 60]","[19, 57]",1,62,21,0,21,"(1, 33.87096774193548)","[0, 0, 9, 0, 0, 9, 0, 0, 0, 0, 0, 0, 0]","[0, 0]"
46.05,@Sociall_--_P.wav,خاص طور پر جو رشتوں سے انسان بور ہونا شروع ہو جائے اور اس کو یہ لگے کہ بھئی میں اس کو کیسے نبھاؤں اور خاص طور پر انکے کامن پروبلم ہے اپ دیکھیے گا نہ کبھی بھی اپ مذاق میں دیکھیں تو لطیفے بنے ہوئے ہیں کہ جی جو بیوی ہے وہ تو ہمسائے کی اچھی لگتی ہے اور بچہ اپنا اچھا لگتا ہے اس طرح کے بہت سے لطیفے بنے ہیں اور اکثر لطیفے بنے ہوئے ہیں جو جس میں بیویوں کے بارے میں اور شوہروں کے بارے میں لطیفے بنے ہوئے ہیں ایک سماجی طور پر یہ بات کی جاتی ہے تو اس کے جواب میں میں نے یہی صرف عرض کیا تھا اس دن بھی کہ جتنے بھی رشتے ہیں رشتوں کو ہمیشہ ایک ابیاری کی ضرورت ہوتی ہے جس طرح ایک درخت کو ابیاری کی ضرورت ہوتی ہے ایک پودے کو جس پودے سے اپ نے سایہ لینا ہے جس سے اپ نے پھول لینی ہے اور جس سے پھل لینے ہیں تو ان درختوں کو ہمیشہ ابیا,8,2,"[2, 10, 11, 12, 19, 20, 25, 30]","[15, 17]",1,46,3,0,28,"(0, 60.86956521739131)","[0, 0, 0, 0, 0, 0, 0, 0]","[0, 1]"
85.59,@Sociall_P.wav,کی ضرورت ہوتی ہے ان کو اپ ٹکٹس گارنٹڈ نہیں لے سکتے اپ گھر میں ایک درخت لگا کے دیکھیں اگر ٹائم پر اپ اس کو پانی نہیں دیں گے ان کو سردی گرمی سے نہیں بچائیں گے اگر ان کو کوئی خدانخواستہ کیڑا لگ جائے تو اپ اس کو کوئی علاج نہیں کریں گے اور اس کے لئے کھاد نہیں اس کو دیں گے اور اس کو اس کی قطع مرید نہیں کریں گے جس پودے کو قلم لگانے کی ضرورت یعنی فائدہ دینے کے بجائے گندم مچائے گا اسی طریقے سے رشتوں کے بارے میں بھی خاص طور پر میں اس بات کو بہت دفعہ اپ تمام بہنوں اور بھائیوں سے عرض کر چکا ہوں میرے خیال میں دنیا میں جتنے رشتے ہیں نا خدا اپ کے پیدا کرنے والے کے بعد جو سب سے بڑا مضبوط رشتہ ہے وہ اپ کے پاس کے ساتھ رشتہ ہے یعنی جس رشتے کا مذاق اڑاتے ہیں نہ سب سے اسٹرونگ وہ رشتہ ہے اس سے زیادہ اینٹی میٹر رشتہ کوئی نہیں ہے اس سے زیادہ اپ دیکھیے کسی بھی کونٹیکس میں دیکھیے کہ اب یہ چھے یکجان دو کالج والی بات ہے یعنی اپ اپنا سب کچھ اس کے حوالے کر دیتے ہیں اپنا جسم اپنا دماغ اپنا اپنی سوچیں اپنا سب کچھ اپنا پیسہ اپنی دولت اپنے سب چیزیں اپ ایک دوسرے شیئر کرنے لگ جائیں ایسا لگتا ہے جیسے اپ دوسرے کی زندگی جینا شروع کر دیتے ہیں اب اپ دیکھیں یہ کتنی زبردست فیلنگ ہے اگر اس فیلنگ میں محبت بھی ہو اور یہ کتنی خوفناک فیلنگ ہے اگر اس کے اندر ضد ہو لڑائی ہو چڑچڑا پن ہو غصہ ہو نفرت ہو کسی کے نقص نکالنا ہو کسی کو ٹال ریٹ نہ کرنا,22,6,"[3, 8, 10, 11, 11, 16, 18, 22, 32, 46, 47, 50, 50, 51, 52, 73, 77, 79, 81, 81, 82, 85]","[16, 25, 41, 65, 69, 75]",1,85,3,3,69,"(0, 81.17647058823529)","[9, 0, 0, 0, 0, 0, 0, 0, 0, 9, 0, 0, 0, 0, 0, 0, 0, 9, 9]","[0, 0, 9, 0, 1, 1]"
69.47,@Sociall_(negation)_N.wav,کسی کو برا سمجھنا تو اس لئے میں یہ سمجھتا ہوں کہ ویسے تو اللہ تعالی نے بھی ہمیں ایک مذہب کے لحاظ سے بھی اختیار دیا ہوا ہے کہ جب کوئی چیز ناگزیر ہو جائے تو اپ اس سے تعلق کو جدا کر سکتے ہیں اور الگ کر سکتے ہیں اور میں اس بات کو مانتا ہوں کہ بعض اوقات کوئی ادمی اتنا انگریزی لیبل ہو سکتا ہے کہ اس کے ساتھ گزارا کرنا مشکل نہ ہو اور وہ اپ کی مزاج سے نہ ملے لیکن اس پوائنٹ کے انے سے پہلے پہلے جب بھی کوئی مسائل ہوتے ہیں اس میں دو مسئلے ہوتے ہیں ایک مسئلہ تو یہ ہے کہ ہم نے اس رشتے میں انویسٹمنٹ کرنی چھوڑ دی ہوتی ہے ہم نے اس رشتے میں انویسٹمنٹ کرنی چھوڑ دی ہوتی ہے اور دوسرا یہ ہے کہ ہم نے ہمارے اور اس انویسٹمنٹ کی جو سب سے کی ہے اس اج کے اس سیشن کے اخری حصے میں انشاء اللہ اسی کو ڈسکس کریں گے جو کہ کمیونیکیشن سکلز ہیں دوسری اہم بات یہ ہوتی ہے کہ ہم کمیونیکیٹ کرنا چھوڑ دیتے ہیں جب رشتوں کے درمیان کمیونیکیشن ختم ہوجاتی ہے جیسے فرض کریں کسی کو لگا کے اس کا اسپاس جو ہے وہ ویسے نہیں بیہی رہا جیسے اسے کرنا چاہیے اس نے اس کی ویسے عزت نہیں کی ویسے اس کا احترام نہیں کیا یا جس طریقے سے اس سے توقع تھی وہ توقع پوری نہیں ہوئی تو ایسے موقع میں غصے ہوجانا ناراض ہوجانا,16,6,"[1, 9, 9, 21, 21, 23, 24, 24, 27, 30, 53, 58, 62, 63, 67, 69]","[8, 49, 54, 59, 61, 63]",1,69,1,3,48,"(0, 69.56521739130434)","[0, 0, 0, 0, 0, 0, 0, 0, 9, 0, 0, 0, 0]","[0, 0, 0, 0, 0, 0]"
51.55,@Sociall_PPPP.wav,نہیں ہوگی مشہور غزل ہے تو خاص طور پر اسپاس والے ریلیشن شپ کے اندر کمیونیکیشن بہت ضروری ہے کمیونیکیشن تو اگر ہم کمیونیکیٹ کرتے رہیں رشتے میں انویسٹ کرتے رہیں دیکھیے اور رشتوں میں بعض اوقات اپ کو بہت زیادہ انویسٹمنٹ کرنی پڑتی ہے اور اس کے ساتھ تو چھوٹی سی انویسٹمینٹ کرنی پڑتی ہے صرف اپ نے کسی کو کہہ دینا ہے کہ اپ کی زندگی میں انے سے میری زندگی بہت خوبصورت ہو گئی اپ نے کسی کو کہہ ہی دینا ہے کہ یار جب تم نہیں ہوتے اور کسی کو یہی کہہ دینا ہے کہ اپ میرے پاس تھوڑی دیر کے لیے بیٹھیں تھوڑی دیر کے لیے بیٹھیں تاکہ ہم ذرا اچھا وقت گزاریں اور چلو ہم دونوں کافی پینے چلتے ہیں چلو ہم چائے پینے چلتے ہیں چلو بیٹھو ہم کچھ معاملہ ڈسکس کریں تو ہم یہ بھی نہیں کرتے ہم یہ بات بھی نہیں کرتے ہم اس میں انویسٹمنٹ نہیں کرتے تو انویسٹمنٹ کرنے کی وجہ سے پھر اہستہ اہستہ ایک بوریت اور دوسرا یہ تو ایک انسان کی طبیعت ہے اس میں اکتاہٹ ا جاتی ہے تو یہ تھا اسپاس کے متعلق,9,5,"[0, 11, 16, 25, 28, 30, 39, 41, 43]","[1, 20, 20, 32, 34]",1,51,4,0,40,"(0, 78.43137254901961)","[0, 9, 9, 0, 0, 0, 0, 0, 0]","[1, 0, 0, 0]"
80.43,@Sociall_PPP.wav,انتہائی اپنے عالمانہ خطبے میں ارشاد فرمایا کہ اپ کو ادیب اور استاد دونوں ناپسند ہے تو میں نے جن ادیبوں کو پڑھا اور پھر استادوں نے مجھے پڑھایا میری سمجھ میں یہ ایا کہ اللہ ابھی ہے اور رسول استاد اپ کو دونوں ناپسند یہ پوچھیے کہ میں زندہ کیوں اس کے بعد صدر صاحب کے چہرے کا رنگ بدلہ سے بدلا ایسی تھی کہ یہ لگتا تھا کہ وہ اپنی انکھوں سے کھا جائیں گے صاحب صدر کو کوئی بات ضروری کام ہے اور انہیں کہیں پہنچنا ہے ان کی مصروفیت ہے سو اپ لوگ چائے کے لیے تشریف لے گئے تو جب ہم چائے کے لیے تشریف لے جارہے تھے تو کسی نے میرے کندھے پر پیچھے سے ہاتھ رکھا میں نے دل میں کہا کہ عارف سیدھا انا للہ وانا الیہ راجعون انا تھا وہ اگئے اپنا چہرہ بالکل میرے پاس میں اس بات کا اعتراف نہیں بیچ میں ایک بات ہے میں اس بات کا اعتراف کرتی ہوں کہ میں کچھ سوال پوچھنے کے بعد پتھر کی ہوگئی تھی اور,7,2,"[0, 7, 21, 39, 55, 66, 69]","[14, 58]",1,80,13,3,57,"(0, 71.25)","[0, 0, 0, 9, 0, 0, 0]","[0, 9]"
81.92,@Sociall_PP.wav,اگر کبھی موت کا سناٹا ہوگا تو وہ سناٹا تھا پھر کسی ایک دیوانے نے ایک تالی بجائی اور اس کے بعد پورا حال کھڑا ہوگیا مجھے لگتا ہے 5 منٹ تالیاں بجتی رہی احمد فراز کہتے تھے 10 منٹ بجتی رہی مجھے نہیں مگر بستی رہی بچتی رہیں بچتی رہیں حتی کہ انہوں نے کہا کہ صدر صاحب کی کوئی مصروفیت ہے وقت پر پہنچنا ہے تو اپ لوگ چائے کے لیے خوشی سے جب ہم جائیں گے تشریف لے جارہے تھے ہاتھ میرے کندھے پر میں نے اپنے دل میں یہی کہا تھا کہ انا للہ میرے کان کے قریب اتار پارک میں اکیلے مت جانا احمد فراز اواز پہچانتے انفارمیشن میں کام کرتی ہوں میرے بھائی اس وقت سرکار میں ملازم تھا گو کہ وہ غریب اس وقت نہیں تھا وہاں اس کے دل کی سرجری تھی وہ انگلینڈ میں تھا میں اس کے پاس گئی ہوئی تھی تھوڑی دیر پہلے واپس ائی تھی جب سرکار نے مجھے یہ خطبہ سننے کے لئے بھیج دی سرکاری ڈرائیور ان کا عقلمند تھا اس نے کہا سب گھر کی گاڑی میں لے جاتے ہیں میں دفتر کی گاڑی لے جاؤں گا پارکنگ بھی اسانی سے ملے گی اور اگے بھی انے دیتے ہیں ورنہ اپ کو بہت دور سے چلتے تو میری خوش نصیبی تھی وہ گاڑی بالکل سامنے کھڑی تھی جسے کود کے بیٹھنا کہتے,10,5,"[1, 16, 42, 47, 48, 55, 59, 77, 79, 80]","[27, 33, 49, 62, 77]",1,81,16,4,48,"(0, 59.25925925925925)","[0, 9, 0, 9, 0, 0, 0, 0, 0, 0]","[9, 0, 0, 0, 9]"
77.62,@Sociall----_NG.wav,دروازے کی گھنٹی بجتی تھی یہ ٹیلی فون کی میں سوچتی تھی اگیا ایک ٹیلی فون مسلسل تین دفعہ ایا میں نے نہیں اٹھایا چوتھی دفعہ میرے بھائی کا ملازم تھا کبیر ہوا تھا ٹیلی فون بج رہا ہے اس نے اٹھایا اور اس کی ایک دم سے مرتب ہو گیا تو پھر کہنے لگا کہ پاپا پاپا بول رہے پاپا کا فون کہنے لگی کہ تم تین دفعہ پہلے فون کیا تم نے اٹھایا کیوں نہیں مجھے خوف تھا کہ پتہ نہیں کس کا فون نمبر میں سمجھتی ہوں کہ وہ شاید واحد وقت تھا کہ وہ اتنے زندگی میں کبھی جذباتی میں ہوں گے فون بند کر دیا پہلی بات یہ کہی کہ اللہ تمہارا حامی و ناصر ہو اور دوسری بات کہی تھی,9,2,"[10, 12, 14, 16, 43, 47, 49, 51, 67]","[20, 73]",1,77,19,3,50,"(0, 64.93506493506493)","[0, 0, 0, 0, 9, 9, 0, 0, 0]","[0, 0]"
77.76,@Sociall_--NG.wav,تو سب سے پہلے اس کا حال احوال جو جو میری کیفیت تھی ائی واز شارٹ ائی واز شیکن اینڈ میں جو میں نے ان کی حالت دیکھی ہے وہ میں نہیں سوچ سکتا تھا میں بالکل نہیں یہ سوچ سکتا تھا کیونکہ یہ کیفیت اپ کو صرف اس وقت پتہ لگتی ہے جب اپ ان سے ملیں گے جا کے یا اپ کا کام نہ سامنا ہوگا صرف تب اپ کو پتہ لگے گا تو میں کوشش کرتا ہوں کہ میں کچھ چیزیں اپ تک پہنچا سکوں ظاہری بات ہے میری بھی ایک ہیومن میموری ہے شاید ایگزیکٹلی وہ چیزیں نہ 50 لیکن کوشش کرتا ہوں کہ اپ تک جو ہے وہ ساری چیزیں پہنچ سکے سب سے پہلی بات تو یہ ہے کہ اس ملاقات کی خواہش میں نے خود رکھی تھی سامنے اور میں نے ان کی جو وکلاء کی ٹیم ہے ان سے میں نے رابطہ کر کے کہا تھا کہ جی میں عمران سے ملنا چاہتا ہوں کہ انہوں نے مجھے اس کے لئے وقت دیا اور میری شام کو ان سے یہ ملاقات طے تھی اور میں پہلی دفعہ عمران کے گھر گیا میں اس سے پہلے عمران کے گھر کبھی نہیں گیا تھا تو ایک بات ذہن میں رکھیے گا کہ عمران اور میں ہم لوگ کئی سال اپس میں کالج بھی رہے ہیں ہم نے ایک ہی چاند میں بہت دیر کام کیا ہے ایکسپریس کے اندر ہم,19,3,"[5, 6, 6, 9, 11, 12, 13, 16, 21, 22, 23, 34, 34, 43, 44, 61, 65, 75, 76]","[4, 30, 57]",1,77,22,4,51,"(0, 66.23376623376623)","[0, 0, 0, 0, 0, 0, 0, 0, 0, 0, 0, 0, 0, 0, 0, 0, 0]","[0, 0, 0]"
63.6,@Sociall--_NG.wav,طاری ہے یا پی ڈی ایم کی گورنمنٹ ختم ہو چکی ہے نکرہ گورنمنٹ ا گئی ہے کون ہے وزیراعظم انہوں نے کہا نہیں میں بالکل کمیونیکیشن میرا کٹ اف تھا مجھے کسی قسم کی کوئی انفارمیشن نہیں مل رہی تھی تو ان کی فیملی کا بھی یہ ماننا ہے اور ہم بھی یہی ایڈوائس کر رہے تھے ان کو کہ فی الحال ان چیزوں سے ان کو دور رکھیں اس وقت بہت سے جانتا ہوں مطلب میں سوشل میڈیا کے اوپر بھی اور ہم نے یہ بات ایکچولی کی بھی کہ بہت سے ایسے لوگ ائیں گے جو کہیں گے نہ پھر سوفٹ ویئر اپ ڈیٹ ہو گیا ہے وہی گلنا ہے عمران کو خود یہ بات کہی کہ اپ کو نہ کسی کو کوئی چیز پروف کرنے کی ضرورت نہیں ہے کیونکہ صحافت جرنلزم یہ جو کچھ بھی ہے یہ اپ کی صحت سے بڑھ کے نہیں ہے اپ کی زندگی سے بڑھ کے نہیں ہے تو اپ کو کسی کو کچھ پروف کرنے کے لئے جو ہے وہ بیٹھ کے کوئی وی لاگ یا کوئی انٹرویو دینے کی کوئی ضرورت نہیں ہے اپ کی ہیلتھ سب سے پہلے اتی ہے اپ,11,2,"[3, 8, 9, 12, 33, 40, 42, 43, 49, 51, 60]","[11, 27]",1,63,3,8,52,"(0, 82.53968253968253)","[9, 9, 0, 0, 0, 9, 0, 0, 0, 0, 0]","[0, 0]"
220.84,@Sociall----NG.wav,کہ بیٹا 15 سال کی میرے اور عمران کا کلیر جو ہے نہ تقریبا ایک برابر ہی ہے 15 سال ہم دونوں کو پراکسی میٹلی 15 سال ہو چکے ہیں تو بلکہ ایک دفعہ تو مجھے اج بھی یاد ہے میں عمران کے ساتھ جو ہم نے ڈسکس ہم لوگ بیٹھے ہوئے تھے ایک ٹرانسلیشن میں ایکسپریس کے اوپر ہی تو ہم نے ڈسکس کرنا شروع کیا کہ ہم میں سے سینئر کون ہے تو وہ پتا لگا کہ ہم دونوں نے ایک ہی سال میں شروع کی تھی لیکن میں چند مہینوں سے ان کا سینئیر ہوں میں سال ایک ہی ہم دونوں کا 2017 میں لیکن صرف چند مہینوں سے میں نے بٹ ان کے والد صاحب یہ سوچتے ہوں گے کہ پندرہ سال کی صحافت کے بعد یہ نتیجہ نکلا ہے کہ میرے بیٹے کا یہ حال ہوا تو پوری صحافتی برادری کو یہ جو کچھ بھی عمران ریاض کے ساتھ ہوا ہے یہ میرے میری نظر میں یہ سامنے جو شخص کھڑا ہوا ہے یہ ہے تو اپ کو ایک مطلب ایک انسان نظر ا رہا ہے نہ لیکن میری نظر میں یہ ایک انسان نہیں ہے یہ پاکستان کی صحافت ہے جس کا یہ حال ہوا یہ بغیر کسی رول اف لاکے لوگ اٹھائے جائیں گے غائب ہو جائیں گے اور کوئی پوچھنے والا نہیں ہوگا کہ کیا ہوگا اور جس طریقے سے عمران ریاض بول نہیں پا رہا نہ صحیح طرح یقین کیجئے کہ وہ ایک ڈیڑھ گھنٹے میں جس جس طریقے سے عمران بول رہا تھا مجھے میرے دماغ میں ا رہا تھا کہ پاکستان کی صحافت کا شاید اج یہی حال ہو چکا ہے کہ ہم نہیں بول پائیں گے صحیح طرح ہمیشہ میموری لاس بھی ہو جائے گا شاید ہم گنتی بھی نہ صحیح طرح کر پائیں ہم بتا بھی نہ پائیں میں ظاہری بات ہے اس کی ہیلتھ کی خاطر میں نہیں چاہوں گا کہ وہ ابھی ٹی وی اسکرین کے اوپر ائے بالکل بھی نہیں اور ہم سب کا بھی یہی خیال تھا یہی ماننا تھا کس کو نہیں انا چاہیے لیکن اپ یقین کیجئے کہ اگر اپ اس کو بولتے ہوئے دیکھے گے تو اپ کہیں گے ہاں اج پاکستان کی صحافت کا یہی حال ہے اور دوسری بات یہ کہ عمران کے ساتھ اگر یہ ہوا ہے تو یہ ذہن میں رکھیے گا کہ پھر شاید کل کو میری باری ہے پرسوں کسی اور کی باری ہے اور ترسوں کی شوہر کی باری ہے اور یہ ایک ایسا شخص کہہ رہا ہے جس کا عمران سے ایک نظریاتی اختلاف ہے یہ وہ شخص کہہ رہا ہے کہ یہ ٹھیک نہیں ہوا جو کچھ بھی ہوا اپ صرف اندازہ کیجئے کہ اج اس تاریخ میں مطلب یہ اج کی جو ڈیٹ ہے 26 تاریخ ستمبر اپ کو پتہ بھی نہیں ہے کہ اس شخص کو ریکور ہونے میں کتنی دیر لگے گی کسی کی ٹانگ ٹوٹ جائے نہ کسی کی ٹانگ ٹوٹ جائے کسی کی انکھ میں اجکل جس طرح انفیکشن ہوئی ہوئی ہے تو ڈاکٹر اپ کو بتا سکتے ہیں ڈاکٹر اپ کو بتا دیں گے بیٹا ایک ہفتہ لگے گا ریٹرن ٹوٹ گئی ہے تجھے 1 مہینہ لگے گا اپ کو کوئی ٹائم فریم دے سکتے ہیں کا ٹائم فریم کیا ہوگا اس کا تو کوئی ٹائم فریم نہیں ہے وہ کب ٹھیک ہوگا بس کوشش ہے اچھا ایک کام کرو یوں کر کے دیکھ لو اچھا ایک کام کرو یہ کر کے دیکھ لو ہو سکتا ہے ٹھیک ہو جائے اپ کو پتہ ہی نہیں کہ وہ کب ٹھیک ہے میں اور مزید کوئی بات نہیں کرنا چاہوں گا کیونکہ فرینک اسپیکنگ مجھ سے بھی بات نہیں ہو رہی اگلی ویڈیو میں اپ سے دوبارہ ملاقات ہوگی اللہ حافظ,36,21,"[5, 12, 32, 39, 39, 65, 66, 68, 79, 83, 85, 99, 102, 105, 108, 112, 117, 117, 122, 123, 152, 156, 158, 166, 170, 172, 173, 174, 177, 186, 195, 199, 202, 209, 213, 217]","[21, 51, 56, 57, 60, 66, 72, 85, 100, 105, 116, 136, 141, 155, 156, 158, 197, 199, 202, 206, 210]",1,220,54,35,127,"(0, 57.72727272727273)","[0, 0, 0, 0, 9, 0, 0, 9, 0, 0, 0, 0, 0, 0, 0, 0, 0, 0, 0, 0, 0, 0, 0, 9, 0, 9, 0, 0, 2, 0, 9, 0, 0, 0]","[0, 0, 0, 0, 0, 9, 1, 0, 0, 0, 0, 0, 0, 1, 0, 0, 0, 9, 1, 0, 0]"
109.67,@Stress_Management_P.wav,دیکھیے اج میں سٹریس مینجمنٹ میں بات کروں گا ہمارے یہاں اسٹریس کی مینجمنٹ کے بہت سے طریقے ہیں اگر اپ یوتوب پے چلے جائیں اپ کتابوں میں دیکھ لیں تو ہر ادمی نے اپنے طریقے سے ظاہر ہے کہ ہر ادمی کا ایک اپنا پوائنٹ اف ویو ہوتا ہے وہ اپ کو انسٹرکشن دے کا ہدایات دے گا کہ اسٹریس ہو تو اس کی مینجمنٹ کیسے کرنی ہے میں اپنے طریقے سے بتانے کی کوشش کروں گا کیا ہوتا ہے اپ یہ سمجھیں کہ ہم سب کی ایک کپیسٹی ہے اسٹریس لینے کی اس کی مثال ایسی ہے کہ جس طرح ایک اپ ڈرم لے لیں ایک ڈرم کی کپیسٹی ہے پانچ لیٹر کی اب اس میں پانی ڈالتے رہیں پانی ڈالتے رہیں ڈالتے رہیں جب 5 لیٹر پورا ہو جائے گا اس کے بعد مزید پانی اپ ڈالیں گے تو اوور فلو لیکن اگر اس کے نیچے ٹوٹی لگی ہوگی اور اس سے اپ نکالتے بھی رہیں گے اس کو تو پھر بھلے اپ اس میں ڈالتے رہے نکالتے رہیں یہ اوور فلو کے نیچے لکھے گا بس اب سمجھنے کی جو سٹریس ہوتے ہیں یہ جب انسانی جو کپیسٹی ہوتی ہے اس سے زیادہ اس کے اوپر پریشر پڑ جاتا ہے تب یہ اسٹریس ڈبل ہو جاتا ہے اب انسانی جو کپیسٹی ہوتی ہے وہ کیسے فل اپ ہوتی ہے اس کا میں اپ کو طریقہ بتا دوں دیکھیے ہم شعوری طور پے لاشعوری طور پے ہر وقت کوئی نہ کوئی چیز نہیں دیکھ رہے ہوتے ہیں ہم سن رہے ہوتے ہیں ہم ابزرو کر رہے ہوتے یہ ساری چیزیں ہمارے دماغ کے اندر اسٹور ہو رہی ہوتی ہیں ہم میں سے جو لوگ سینسٹو ہوتے ہیں وہ ان چیزوں کو اسٹور کرنے کے بعد اپنی میموری میں رکھ لیتے ہیں جب کہ وہ لوگ جو سینسٹو نہیں ہوتے,6,4,"[53, 72, 88, 89, 89, 109]","[35, 69, 73, 77]",1,109,50,16,42,"(1, 45.87155963302752)","[0, 0, 0, 9, 0]","[0, 0, 0, 0]"
96.53,@Stress_Management_NPNP.wav,اس کو اگنور کر دیتے ہیں اور وہ جب اس کو اگنور کرتے ہیں تو وہ چیز برین میں اس طرح سیٹل نہیں ہوتی اپ دوسرے معنوں میں سمجھیں کہ جب وہ اگنور کرتے ہیں تو اس کا مطلب ہے اس ڈرم میں سے وہ اس انفارمیشن کو بہا دیتے ہیں لیکن جو سسٹم لوگ ہوتے ہیں ان کی وہ انفارمیشن برین کے اندر رہتی رہتی ہے مثال کے طور پے سالانہ یہ کہہ دیا میں یہاں پے جا رہا تھا تو اس نے غصہ کر دیا میں نے اس کو جواب یہ چھوٹی چھوٹی باتیں سارا دن ہم ری ایکٹ کرتے رہتے ہیں سنتے رہتے ہیں اور اپنی جماعت میں بٹھاتے رہتے ہیں اور یہ وہ چیزیں ہوتی ہیں جو الٹیمیٹلی ہمارے دماغ کے اندر سٹریس بننے کا باعث بنتی ہے تو اس لئے سب سے جو پہلا عمل ہے سٹریس مینجمنٹ کا وہی ہوتا ہے اپ بہت ساری چیزوں کے اندر جو ان نسلی انوالو ہونے کی ضرورت ہی نہیں ہے وہ رشتہ دار جن کی کوئی زیادہ اہمیت نہیں ہے ان کی باتیں سننے کا ان سے کمیونیکیٹ کرنے کا فائدہ ہی نہیں ہے وہ دوست وہ لوگ جو اپ سے حسد کرتے ہیں اپ سے جلتے ہیں جو کبھی اچھی بات نہیں کریں گے ان کو ملنے کا کوئی فائدہ نہیں ہے ان سے دور رہنا ہی بہتر ہے ٹیلی ویژن کی وہ شوز جن کے اندر اپ کا دل دکھتا ہے سن کے چاہے وہ ٹاک شوز ہو چاہے پولیٹیکل شوز ہوں چاہے وہ ڈرامہ ہو وہ چیزیں دیکھیں جو اپ کو ہلکا کرتی ہیں بجائے وہ چیزیں جو اپ کو ٹینس کرتی ہیں مثال کے طور پے اج کل بڑی عجیب سی بات ہے جو پیپلز پارٹی کے لوگ ہیں جو تحریک انصاف کے لوگ ہیں جو نواز شریف کے لوگ,12,11,"[6, 7, 17, 28, 53, 55, 56, 60, 63, 67, 70, 90]","[22, 56, 60, 61, 66, 70, 72, 76, 84, 88, 96]",1,96,52,3,41,"(1, 54.166666666666664)","[0, 0, 0, 9, 0, 0, 0, 0, 0, 0, 0, 0]","[0, 0, 9, 1, 0, 0, 0, 0, 9, 0, 0]"
88.47,@Stress_Management_NP.wav,نون ڈی کے وہ ایک دوسرے کو خونخوار نظروں سے دیکھ رہے ہوتے ہیں اپ ٹی وی پہ پروم نکال کے دیکھ لیں ایک اگر کسی لیڈر کی برائی ہو رہی ہوتی ہے اور وہ اپ کو چیتا لیڈر ہوگا اپ سے برداشت نہیں ہوگا تو اس سے بہتر ہے کہ وہ دیکھے ہی نہ بیکاز انہوں نے یہ کو اپ کو رشتہ دار نہیں ہے یہ بیٹسمین ہے اپنے ساتھ ان کے ساتھ کمٹمنٹ نہیں ہے اپ کی تو خود کو ٹینس کرنے کی کوئی ضرورت نہیں ہے تو اس لئے اگنور کریں ان تمام چیزوں کو اور صرف یاد رکھیں ان چیزوں کو جواب کے لیے ضروری ہے جو اپ کے لئے ہے اپ کے لئے ایم کیا ہوتی ہیں اپ کے ماں باپ ہو گئے بہن بھائی ہو گئے یا نوکری کرتے ہیں اپ کی کچھ دوست ہو گئے ہماری بہت چھوٹی چھوٹی چیزیں ہمیں ہر وقت سٹریس دے رہی ہوتی ہے یعنی اپ مثال کے طور پہ کہیں پہ جاتے ہیں اور اپ پروپی گندی نہیں کرتے اپ اپنے کپڑے پہنتی ہیں تو اس کا خیال نہیں رکھتے میں نے مردوں کو دیکھا ہے کہ صرف اگر ان کی بعض اوقات یہ جو اوپر کا بٹن ہوتا ہے اگر اپ نے ٹائپ کرنی ہے تو یہ اگر اپ کا بٹن صحیح نہ ہو تو ٹائم نہ پہنی جا سکے تو اب اوپر ہی ٹائم دیتے ہو یہ ٹینشن لے کے پھرتے رہو گے کبھی اپ یوں کرو گے یہ ساری ٹینشن اپ کے دماغ میں بیلٹ ہوتی ہے اپ کی,13,6,"[3, 15, 19, 23, 26, 31, 35, 59, 59, 63, 66, 75, 77]","[17, 49, 55, 69, 75, 79]",1,88,48,7,33,"(1, 54.54545454545454)","[0, 9, 0, 0, 0, 0, 0, 0, 0, 0, 0, 0]","[0, 0, 0, 0, 0, 0]"
84.13,@Stress_Management(context)_P.wav,وہ بعض اوقات نہیں ہوتی اور اپ نے پینٹ ایسی پینل کی جس کے جو لٹک رہی ہے اور اپ بار بار اس کو اٹھا رہے ہو یہ ہوتا ہے اپنی اپ کو کمپوز رکھنا ڈسپلن رکھنا اسی طرح خواتین کے اندر ہے کہ میک اپ نہیں کیا اور چلی گئیں یا میک اپ سے مطلب یہ ہوتا ہے کہ بال نہیں بنائیے کپڑے صحیح نہیں پہنے ہندن یو اسٹارٹ فیلنگ کے یہ اپ کی انزائٹی کو ٹینشن کو بڑھاتا ہے اپ وقت سے پہلے پہنچے کہیں پہ جانا ہو گئی میں ملنا ہو وقت سے پہلے پہنچے 5 منٹ پہلے پہنچیں گے تو اپ کو انجائے کی نہیں ہوگی لیکن عین وقت پہ اپ پہنچیں گے اپ کو بیٹری کی سیٹ نہیں ملے گی اپ کو اس وقت اینگزائٹی کے اندر وہ جو ٹینشن ہوگی یہ اسٹریس اپ کو ڈیولپ کرتی رہے گی پھر اسی طرح کچھ چیزیں ایسی ہوتی ہیں کہ جو اپ کے اندرونی جسم کا حصہ ہوتی ہے مثال کے طور پے ان کا علاج ہونا بہت ضروری ہے کچھ لوگوں کو بلڈ پریشر کی بیماری ہے اگر اپ کا بلڈ پریشر کنٹرول نہیں ہوتا اپ اسٹریس پڑھیے گا اسی طرح کچھ لوگ ڈائبٹیز ہے کچھ لوگوں کو یورن کا پرابلم ہے یعنی ایک چھوٹی سی مثال ہے کہ اگر اللہ نہ کرے کوئی ایسی سیچویشن ہو جس کے اندر اپ کو یورن ایا ہوا ہو اور اپ کے پاس واش روم کی سہولت نہ ہو تو ڈیٹ کین انکریز ڈریس,12,6,"[1, 16, 21, 23, 37, 38, 42, 62, 65, 70, 74, 82]","[22, 56, 58, 72, 79, 82]",1,84,21,0,63,"(0, 75.0)","[0, 0, 0, 0, 9, 9, 0, 0, 9, 0, 0, 9]","[1, 0, 9, 0, 0, 0]"
80.5,@Stress_Management_PP.wav,جن کو سسٹم بیماری ہوتی ہے لور کی ہوگئی ان کی اسٹریس کی کپیسٹی ویسی کم ہو جاتی ہے تو ہونی چاہیے کہ اس کو مینیج کرنا چاہیے پروپر ڈاکٹر سے علاج کروانا چاہیے پھر اس کے بعد میں ا جاتا ہوں عام روٹین کے اوپر عام روٹین کے اندر 8 گھنٹے کی نیند ضرور ہونی چاہیے دن میں ایکسرسائز ضرور ہونی چاہیے بھلے اپ 30 منٹ تک کریں بیٹا کرنی چاہیے اسی طرح پانی زیادہ پینا چاہیے ڈی ہائیڈریشن نہیں ہونی چاہیے اپ کو پھر اسی طرح اپ کو کوشش کرنی چاہیے کہ جو اپ کے دوست احباب ہیں کچھ سوشلائزیشن ہونی چاہیے کہیں کہیں بھی کہہ کے بھی اپ کو لگانے چاہیے زندگی کا جو لائٹر موڈ ہوتا ہے اس میں بھی اپ کو جاننا چاہیے وہ چیزیں ہوتی ہیں جن پے اپ کو ورک اوٹ کرنا چاہیے یہ اسٹریس کو ختم کرتی ہے صرف دوائی کھا لینا فیس کی یا ایک اپ کی کر دینا اس سے نہیں ہوتا اپ کو سٹریس مینجمنٹ کے لئے ایک لائف اسٹائل میں تبدیلی لانی پڑے گی اور لائف اسٹائل میں تبدیلی لانے کی چند ایک طریقے میں نے بتائیں جسٹ تھنک ہم نے تھینک یو,9,3,"[2, 7, 18, 19, 31, 33, 59, 61, 66]","[13, 19, 40]",1,80,30,2,48,"(0, 60.0)","[9, 0, 0, 0, 0, 0, 0, 0, 0]","[0, 0, 0]"
96.53,@Resaerch_Journals_P.wav,السلام علیکم دوستو پچھلے کچھ عرصے میں مجھ سے بہت سارے لوگوں نے پوچھا کہ اگر وہ اپنا ریسرچ جرنل امریکہ سے یو ایس اے سے اسٹارٹ کریں تو اس کی کیا فوائد ہے کہانی کچھ یوں ہے کہ پاکستان میں جیسا کہ اپ کو پتہ ہے کہ ایچ ای سی نے جو وائی کیٹیگری کے لئے اپلیکیشنز مانگی تھی تو پچھلے سال بھی بہت سارے جنرلز وائی کیٹگری میں چلے گئے اور اس سال ابھی تک وہ چل رہی ہے کال لیکن امید ہے کہ بہت سارے جنرل مزید وائی کیٹیگری میں چلے جائیں گے اب جو وائی کا کیٹیگری میں جو لوگ پیسے لے کے پبلش کر رہے تھے فار ایگزیمپل فیس لے رہے تھے ارٹیکل پروسیسنگ چارجز جو پہلے پچاس ساٹھ ہزار تھے وہ کم ہو کے پچھلے سال پچیس تیس ہزار تک گئے اور ابھی 5 سے دس ہزار پر بھی لوگ جو ہے وہ بارگیننگ کر رہے ہوتے ہیں ان سے کہ اپ کم پیسے لیں مطلب بہت سارے ایسے جرنلز ہیں جو پانچ پانچ ہزار روپے بھی ارٹیکل پروسیسنگ فی چارج کر رہا ہے تو اس کی وجہ سے بہت ایک جو مارکیٹ ہے وہ اس میں جرنلز کے جو اپنے ایکسپینشن پوچھ رہے ہیں کہ اگر جنرل پاکستان سے باہر رجسٹر کرایا جائے تو کیسا اس کے کیا بینیفٹس ہیں تو میں نے کچھ ریسرچ کی تھی اور کچھ ہم نے اپنا بھی ایکسپیریمینٹ کیا تھا کچھ عرصہ پہلے ہم نے کچھ کلائنٹس کو اسٹارٹ کرائے تھے جنرل یو ایس اے سے تو وہ بہت اچھا ایکسپیرینس رہا ان ٹرمز کے پہلے ہی ایشو پبلش کرنے کے بعد انہوں نے فیس چارج کرنی شروع کر دی تھی اور لوگ ہیپی لی ان کو فیس پے کر رہے تھے اب ہوتا یہ ہے کہ جو,3,3,"[28, 42, 53]","[11, 28, 84]",2,96,0,91,5,"(2, 94.79166666666666)","[9, 0, 0]","[0, 1, 0]"
74.61,@Resaerch_Journals_-2P.wav,یو ایس اے کا جو امپریشن ہے اوورال وہ اتنا اسٹرانگ ہے کہ جو انٹرنیشنل پبلیکیشنز کے لیے لوگ یہ نہیں دیکھتے کہ ان کے پاس کتنی بڑی انڈیکسنگ ہے یا بہت زیادہ سائٹیشن ہے وہ بس یہ چاہتے ہیں اسپیشلی تھرڈ ورلڈ کنٹری سے پاکستان ہو گیا انڈیا ہو گیا بنگلہ دیش ہو گیا سری لنکا ہو گیا یہ افریکن کنٹری سوگئی ہے یہ ایون ارب کنٹریز کے لوگ بھی وہ چاہتے ہیں کہ انٹرنیشنل پبلیکیشن ہو اور اسپیشلی اگر یو ایس اے سے ہو جائے تو بہت ہی بہتر ہے تو میں نے اس سلسلے میں کچھ پانچ چھ پوائنٹس جو ہیں وہ ڈسکشن کے لئے نوٹ ڈاؤن کیے ہیں جو سب سے پہلا پوائنٹ ہے وہ امپریشن کا ہے کہ اگر یو ایس اے سے اپ جنرل لانچ کرتے ہیں تو اس کا اوور ال امپریشن جو ہے وہ بہت اچھا پڑتا ہے کہ یو ایس اے کا ایک اکیڈمک ریل ایکڈیمک امپریشن بہت اسٹرانگ ہے کہ جو دنیا کی ٹاپ کی یونیورسٹیز ہیں اس میں ٹاپ 10 میں ادھی سے زیادہ یو ایس اے کی ہوتی ہیں جو 2nd ایسٹ میں پوائنٹ ہے وہ جو اسکالرز ہیں جو جونیئر اسکالرز ہیں اسپیشلی وہ ہمیشہ انٹرنیشنل پبلیکیشنز کی طرف جاتے ہیں وہ یہ چاہتے ہیں کہ ان کی جو پبلش پبلیکیشن ہے وہ کسی انٹرنیشنل جرنل سے پبلش ہو اور جو جونیئر اسکالرز ہوتے ہیں,5,2,"[7, 11, 36, 50, 57]","[30, 47]",2,74,0,53,7,"(2, 71.62162162162163)","[0, 0, 0, 0, 0]","[0, 9]"
75.33,@Resaerch_Journals_N.wav,اپ کو یہ نہیں فکر ہوتی کہ اس کی جنرل کی انڈیکسنگ کتنی زیادہ ہے کیا وہ اس کوپس میں ہے کیا وہ پرمٹ یا جو بڑی بڑی ڈوج وغیرہ کی جو ایجنسیز ہیں ان کے ساتھ اس کی ہے انڈیکسنگ یا نہیں ہے ان کو یہ فکر ہوتی ہے کہ ان کی بس ان کا پیپر پبلش ہو جائے امریکہ سے پبلش ہو جائے یا کسی بڑی کنٹری سے جو جنرل ہے وہاں پے پبلش ہوجائے تو جونیئر اسکالرز ہیں ان کے لئے بڑا اچھا ایک چانس ہوتا ہے کہ ان کا پیپر اگر اکسیپٹ ہو جائے کسی امریکن جنرل میں جو تیسرا ہے وہ پوائنٹ وہ مونیٹائزیشن کے حوالے سے ہے کہ اپ ان سے پیسے چارج کر سکتے ہیں ارٹیکل پروسیسنگ چارجز کی مد میں اور لوگ جو ہیں وہ انٹرنیشنل جرنلسٹ کو دے دیتے ہیں پاکستان انڈیا یا بنگلہ دیش سے اگر اپ جنرل لانچ کرتے ہیں ایون چائنہ سے بھی تو اس میں لوگ ہیز ٹینٹ ہوتے ہیں زیادہ پیسے پے کرنے کے لئے تو جب اپ امریکن ایک جرنل کی طرف سے اگر اپ فیس رکھتے ہیں نیچلی اپ 100 150 بھی چارج کر لیتے ہیں اس کی انڈیکسنگ نہ ہونے کے برابر ہو تب بھی لوگ پے کرنے کو تیار ہو جاتے ہیں اور بڑی اسانی سے وہ پے کر دیتے ہیں اس میں ایک اور پوائنٹ ہے وہ سائٹیشن کا ہے اب جو امریکن جرنلز ہیں اگر اپ ساری چیزیں اس میں,5,2,"[1, 4, 13, 51, 62]","[27, 65]",2,75,0,41,11,"(2, 54.666666666666664)","[0, 0, 0, 0, 9]","[0, 0]"
80.43,@Resaerch_Journals_4P.wav,رکھتے ہیں ٹرانسلیٹ لیتے ہیں اپ کی گوگل اسکالر کی سائٹیشن اچھی ہے اگر اپ دو چار اور اچھی پرزے میں اپنی جو پبلیکیشنز ہیں ان کو رپوز کراتے ہیں تو اپ کو سائٹیشن بہت اچھی مل جاتی ہے اور سائٹیشن اپ کو پتہ ہے کہ اسکوپس میں جانے کے لیے ڈوج میں جانے کے لیے پب میٹ میں ویب اف سائنس میں جو بڑی بڑی ڈائریکٹریز ہیں ان میں انٹری کے لیے اچھی سائٹیشن کو ہونا بہت ضروری ہے تو اپ کو سائٹیشن بہت اچھی ملنا شروع ہو جاتی ہے یہ بہت بڑا بینیفٹ ہے ایک اور جو بہت بڑا پوائنٹ جو میں الزام تو نہیں لگانا چاہ رہا لیکن میں ایک اپنا ایکسپریس بتا رہا ہوں کہ اگر ہم پاکستانی جنرل کو جب انڈیکسنگ کے لئے کسی بڑی ایجنسی میں نام نہیں لوں گا کسی بڑی انڈیکسنگ ایجنسی میں سبمٹ کراتے ہیں تو وہ اس کے لئے بہت سخت سکروٹنی ہوتی ہے اور بہت ہی زیادہ ان کا ایک ڈسکی ملٹری قسم کا بیہیویر ہوتا ہے لیکن اگر اپ فرسٹ ورلڈ کنٹریز ویسٹرن کنٹری سے یا ایون امریکہ سے کینیڈا سے اگر اپ کوئی جنرل سبمٹ کراتے ہیں بڑی ڈیٹا بیسز کو تو وہ بڑی اسانی سے اس کا ایکسیپٹ کر لیتے ہیں اور یہ پرسنل ایکسپیرینس ہے میرا کہ جو وہاں امریکن جرنلسٹ کے بارے میں وہ ڈسکریمینیشن نہیں رکھتے کیونکہ انہیں یہ ہوتا ہے کہ امریکہ سے ہے اور لازما اس کے پیچھے ٹھیک لوگ ہوں گے اچھا اب,9,9,"[35, 35, 37, 44, 50, 52, 56, 73, 78]","[4, 6, 12, 24, 28, 31, 54, 79, 80]",2,80,1,40,14,"(2, 50.0)","[0, 0, 0, 0, 0, 0, 0, 0]","[0, 0, 0, 0, 1, 0, 0, 1, 0]"
89.95,@Resaerch_Journals_5P.wav,گالیاں پیدا ہوتا ہے کہ اپ جنرل اسٹارٹ کریں کیسے امریکہ سے لانچ کیسے کریں اس کے لئے اپ کو کیا کیا چیزیں ضرورت ہے تو اس کے لئے جو سب سے پہلی چیز ہے وہ اپ کی ایک ارگنائزیشن یا کمپنی وہاں پر رجسٹر ہونا ضروری ہے کہ ایز ا پبلشر جو اس جنرل کو اون کر سکے تو اس کے لئے اپ ایل ایل سی اسٹارٹ کر دیں ایل ایل سی کمپنی رجسٹر کرائیں اپ کو وہاں کا ایک ایڈریس چاہیے ہوگا پوسٹل ایڈریس چاہیے ہوگا جو کہ کمرشل ہونا چاہیے اور اس کے ساتھ ایک فون نمبر چاہیے وہ فون نمبر بہت امپورٹنٹ ہے کیونکہ ایمیل سے بھی زیادہ وہ فون پہ ساری ویریفکیشن ہوتی ہیں اسپیشلی جو ائی ایس ایس این ہے یا باقی جو بھی انڈکسنگ ایجنسیز ہیں وہ جب اپ ان کے ساتھ رجسٹریشن کراتے ہیں تو وہ فون نمبر پے بہت زیادہ لائیک کرتے ہیں تو اپ کو وہاں کا ایک نمبر چاہیے پھر یہ ہے کہ اپ کو جرنل کی ویب سائٹ چاہیے کوئی جنرل مینجمنٹ سسٹم چاہیے او جیس کی طرح تو اپ لانچ کرلیں اور اس کے ساتھ ویب سائٹ کرلیں اس کے علاوہ اپ کو جب اپ جنرل لانچ کر دیتے ہیں تو اپ کو ائی اسسٹنٹ چاہیے ہوتا ہے ائی ایس ایس لیں اور اس کے بعد اپ کراس ریٹ کی ممبر شپ لیں جس میں ڈیوائس بھی اپ ایشو کرسکے ہیں اور ائی 30 کیٹ جو ان کا ٹرنیٹن والوں کا سافٹ وئیر جو کراس ریٹ اگے دیتا ہے اس کو جنرلز کے لئے تو وہ پلیجی ضمیر سے ملٹی جس کو کہتے ہیں سملر چیک کرنے کے لئے,6,0,"[11, 37, 46, 49, 73, 82]",[],2,89,0,36,14,"(2, 40.44943820224719)","[0, 0, 0, 0, 0, 9]",[]
85.57,@Resaerch_Journals_6P.wav,یہ 5 6 چیزیں اپ کو چاہیے ہوتی ہیں اور اپ کا جنرل لانچ ہو جاتا ہے اس کے لئے اپ جو ہے وہ خود سے بھی کمپنی رجسٹر کرا سکتے ہیں اور اپ ہماری خدمات بھی لے سکتے ہیں ہم اپ کو پورا جو ایک پیکج ہے وہ بنا کے دے سکتے ہیں لیکن یہ ہے کہ پہلے اپ اس پے پوری ریسرچ کرلیں اچھے طریقے سے کیونکہ اپ کو ظاہر ہے ایک انٹرنیشنل مارکیٹ میں جانے کے لیے کوالٹی کو مینٹین رکھنے کے لئے اپ کو کام بھی کرنا پڑے گا بہت سارے جنرل جو اسٹارٹ ہوتے ہیں یہاں پے ہم لوگوں نے بہت زیادہ ریسنٹ پاکستان کے اندر کام کیا اور بہت زیادہ جنرل اسٹارٹ کرائے لیکن ہوتا یہ ہے کہ شروع میں تو وہ تھوڑی سی کوالٹی مینٹین کرتے ہیں لیکن جب وہ تھوڑا سا فنانشل ٹرمز میں اتے ہیں وہ پیسے چارج کرنے شروع کرتے ہیں یا وائی کیٹیگری کے بعد ان کو لوگ فیس دے دینا شروع کرتے ہیں تو اس میں وہ تھوڑی سی لالچ میں اکے اپنی کوالٹی کو ڈاؤن کر دیتے ہیں کوالیٹی ڈاؤن کرنے سے مراد یہ ہے کہ جو پیپرز جو جن میں میتھڈولوجی ویک ہوتی ہے یا اس کے رزلٹس کوئی اچھے نہیں ہوتے یا اچھا پیپر نہیں لکھا گیا ہوتا تب بھی اس کو پبلش کر دیتے ہیں جس کی وجہ سے ان کا جنرل جو ہے وہ بتدریج نیچے جانا شروع ہو جاتا ہے تو اپ یہ ذہن میں رکھیے گا کہ اگر اپ اتنا بڑا بزنس بنانے جا رہے ہیں اتنا بڑا انیشیٹیو لینے جا رہے ہیں تو اپ نے کوالیٹی پے کمپرومائز نہیں کرنا اور کوالٹی پہ کمپرومائز نہ کرنے کا مطلب یہ ہے کہ اپ کو محنت کرنی پڑے گی ٹھیک ہے تو میرا خیال ہے کہ اتنا ہی کافی,15,5,"[16, 26, 31, 32, 33, 35, 39, 50, 51, 53, 59, 61, 78, 79, 82]","[19, 59, 60, 83, 86]",2,85,1,59,7,"(2, 69.41176470588235)","[0, 9, 0, 9, 0, 0, 0, 0, 0, 9, 0, 0, 0, 0, 0]","[0, 0, 9, 0, 0]"
83.31,@Resaerch_Journals_7N.wav,اس کے بارے میں اگر کوئی مزید اپ کو کوئی انفارمیشن چاہیے یا کوئی چیز چاہیے تو اپ ہمیں میسج کر سکتے ہیں اس کے نیچے کمنٹ کریں میں کوشش کروں گا کہ رپلائی کروں اس کے بارے میں اور اپ کی کیوریس کا جو ہے وہ جواب دے سکوں اور کسی بھی طرح کی کوئی ڈسکشن ہو وہ انیشیٹیو پاکستان کے حالات ہیں وہ میرا خیال ہے کہ کسی کو بتانے کی ضرورت نہیں ہے کہ وہ کس طرح کے چل رہا ہے تو اپ انٹرنیشنل مارکیٹ میں نکلیں اپ ایچ ای سی کو خالی اپنا منزل نہ سمجھیں کیونکہ ایچ ای سی میں وار کیٹیگری میں اپ کے جنرل چلا بھی گیا تو وہ اتنی کوئی اچھی سی کی تو اپ دیکھ لیں کہ پاکستان کا پوری دنیا کے ریسرچ میں کتنا شعر ہے میرا تو خیال ہے کہ نوٹی ون پرسنٹ تو اپ جو ریسٹ اف نائنٹی نائن پرسنٹ مارکیٹ ہے اس کو اپ اگنور کر رہے ہیں تو اپ انٹرنیشنل نکلیں یو ایس اے نہیں جا سکتے تو اپ یو کے چلے جائیں اپ ملیشیا سے لانچ کر لیں لیکن جب اپ کسی بڑے کنٹری سے لانچ کرتے ہیں ویسٹرن کنٹری سے لانچ کرتے ہیں تو اپ کو یہ جو سارے بینیفٹس میں نے بتائے ہیں وہ تھوڑے سے اسان ہو جاتے ہیں لیکن اس میں زائرہ اپ کو انویسٹمنٹ کی ضرورت ہے اپ کو محنت کی ضرورت ہے اپ کو کوالٹی مینٹین کرنی پڑے گی تو یہ ساری چیزیں بھی مدنظر رکھنی پڑیں گی تو میرا خیال ہے اج کے لیے اتنا ہی کافی ہے اپنا خیال رکھیے گا اللہ حافظ,8,2,"[5, 23, 30, 31, 53, 58, 68, 72]","[37, 81]",2,83,0,60,8,"(2, 72.28915662650603)","[0, 0, 0, 0, 0, 0, 0, 0]","[0, 0]"
53.41,@Kids_P.wav,کچھ بچے بھی ہیں جو ماں باپ کی بات ہی نہیں مانتے سنتے ہی نہیں ہیں بہت ضدی ہوتے ہیں مطلب کافی ٹف ٹائم دیتے ہیں پیرنٹس کو تو ایسے بچوں کے ان کو کیسے ڈیل کرنا چاہیے کیسے ٹریٹ کرنا چاہیے ہر بچے کے اندر اس کی ایک فطری رجحان جو ہے وہ مختلف ہوتا ہے کہ ایک بچہ ضد کر رہا ہے میں خود مثال دے ویٹس کا یہ خیال ہے کہ بچوں کو نہیں کھانی چاہیے لیکن بچے کو پھل کھانے اور اکثر مائیک کرتی ہیں بچہ پھل نہیں کھاتا اب ایک سالن کے اندر انہیں پدو بنائے ہوئے ہیں اپ نے کیسے کھاؤ میں نے نہیں کھانا سبزیاں کھانی چاہیے تمہیں اس دن بھی کہا تھا تم کیوں نہیں کھاتے کھاؤ اب ہم سمجھ رہے ہیں کہ بچہ ضد کر رہا ہے,9,4,"[4, 6, 24, 30, 31, 36, 43, 48, 52]","[9, 20, 22, 26]",1,53,0,12,23,"(0, 43.39622641509434)","[0, 0, 0, 0, 0, 0, 0, 0, 0]","[0, 0, 0, 0]"
90.63,@Kids_N.wav,یہ ذرا غور سے دیکھیے کیا بچہ جود کر رہا ہے یہ ماں چپ کر رہی ہے اپ اس بچے کے پرسپیکٹو میں دیکھے ہیں تو اصل میں تو معذرت کر رہی ہے تو بہت سی جو باتیں ہم یہ کہہ رہے ہوتے ہیں نہ کہ بچے ضد کر رہے ہیں وہ سب میں بچے جتنی کر رہے ہو ہم ضد کر رہے ہوتے ہیں ہمارے ذہن میں بچے کو یہ کرنا چاہیے اور بچے کو اس کے حال پر چھوڑ دینا ہے اور پھر یہ ایک سوال ائے گا نا تو پھر والدین کیا کریں اس سلسلے میں دیکھیں یہ سمجھنے کی ضرورت ہے کہ ہر گھر کے اندر کچھ قوانین اور اصول بنے ہونے چاہیے جس کے لئے ایک بڑی زبردست ٹرم ہے اور اپ کے بزنس کے ٹرمینالوجی میں ایس او پیز اسٹینڈرڈ اپریٹنگ پروسیجر کہ ایک گھر کے اندر کچھ اصول کچھ ضوابط بنے ہوئے ہونے چاہیے اور بچوں کو اور بڑوں کو سب کو ان اصولوں کے اوپر عمل کرنا چاہیے اور اس اصول سے کوئی بھی سوئے نہ کرے یہ سب کے ساتھ ڈاکومنٹ ہے جو بچے ایک سال کے دو سال کے ہیں وہ تو دیکھ دیکھ کے سیکھ جائیں گے کہ ہمارے ہاں یہ اصول ہے کہ 10:00 لائٹس اف ہوجاتی ہیں اور 10:00 سب لوگ سو جاتے ہیں ان بچوں کو تو کچھ کہنا ہی نہیں پڑے گا لیکن اگر اپ کو بار بار یاد بھی کرانا پڑے تو پیرینٹس یہ بتا دیں کہ بھائی ہمارے ہاں سب لوگ دس بجے سو جاتے ہیں اور اس کا مطلب یہ ہوگا کہ پانچ سال کا بچہ بھی 10:00 سو جاتا ہے 16 سال کی بیٹی بھی دس بجے سو جاتی ہے دادا ابو کی دس بجے سو جاتے ہیں اپ خود بھی اپنی رضائی کے نیچے سے موبائل نکال,10,1,"[9, 14, 15, 19, 35, 38, 45, 53, 69, 70]",[50],1,90,0,16,46,"(0, 51.11111111111111)","[0, 0, 0, 9, 0, 0, 9, 0, 0, 0]",[0]
93.6,@Kids_3N.wav,میسج نہیں کرتے پھر اپ بھی 10:00 سو جاتے ہیں میری بات سمجھ رہے ہیں نہ تو اپ اس لئے یہ ایک بار جب میں جب یہ پینٹنگ کی ورکشاپ کراتا ہوں نہ اور پچھلے دنوں ہم نے بہت ساری ایک سیریس کی تو کچھ والدین نے مجھے بہت غصے کے فون بھی کیے اس نے کہا ڈاکٹر صاحب یہ اپ لوگ اپ کی باتیں سن سن کے اور کچھ لوگ اپ کے ٹک ٹاک پہ چوری کرکے اپ کے چھوٹے چھوٹے کلپس وغیرہ یہ دیکھیں یہ ڈاکٹر صاحب کہہ رہے ہیں کہ ڈاکٹر تو چاہیے نہیں بچے کو تو اپ نے تو بچوں کو بگاڑ دیا تو میں نے تو یہ سوال کرنا سمجھانے کی ہمیشہ کوشش کرتا ہوں اور عرض کرتا ہوں ان سے کہ دیکھیے ہم بالکل یہ نہیں کہہ رہے کہ بچوں کو اؤٹ اف ڈسپلن کر دیا جائے میں یہ نہیں کہہ رہا کہ بچوں کی سب باتیں مانی بلکہ اگے شادی سے پروگرام میں یا اگر موقع ملا تو اگلے ہفتے کے پروگرام میں ہم اس بات کو ڈسکس کریں گے ضرور اہتمام کے ساتھ کے بچے بگڑتے کیوں ہیں بلکہ اپ اس کو یاد رکھیے گا کہ یہ نوٹ کرلیں تو ہو سکتا ہے کسی سیریز میں پوچھیں کہ بچے کیوں بگڑتے ہیں اور ایک دم بلکل اؤٹ اف کنٹرول کیوں ہو جاتے ہیں تو میں یہ عرض کر رہا تھا کہ میں ہرگز ہرگز اپ کو یہ نہیں کہتا کہ گھر کے اندر کوئی اصول نہیں ہونا چاہیے میں ہرگز یہ نہیں کہتا کہ جو بھی بچہ کرتا ہے اس کو کرنے دیا جائے لیکن ایک کنٹرولڈ انوائرمنٹ میں بچے کو پابندیوں سے ازاد کیا جائے میں اپ کو یہ مثال دیتا ہوں کہ جیسے یہ کمرہ ہے نہ یہ اس کی لیمٹ ہے بچے کو اجازت ہے اس کمرے میں جو مرضی کریں لیکن اس کمرے سے باہر نہیں جا سکتا اور ہمارے ایک بزرگ ہیں کہ جو صراط مستقیم ہے نہ صراط مستقیم پل صراط نہیں ہے کہ بال,18,3,"[1, 5, 9, 22, 28, 30, 37, 38, 42, 67, 69, 71, 75, 82, 86, 88, 91, 93]","[3, 79, 81]",1,93,1,17,31,"(0, 33.33333333333333)","[0, 0, 0, 0, 0, 0, 0, 9, 0, 0, 9, 0, 9, 9, 0, 0, 0, 0]","[0, 9, 0]"
88.47,@Kids_5N.wav,ایک تلوار کی طرح صراط مستقیم ایک راستہ ہے اس راستے میں اپ اپنے مزاج کے حساب سے ادھر بھی چل سکتے ہیں ادھر بھی چل سکتے ہیں ادھر بھی چل سکتے ہیں ادھر بھی چل سکتے ہیں لیکن اس راستے سے باہر نہیں نکل سکتے اسی طریقے سے جو اصول بنایا جائے وہ ایک دم وہ ایک دم ایکسٹریکٹ وصول نہیں ہونا چاہیے ایک دم اسٹرکٹ یہ نہیں ہے کہ اگر یوں نہیں کیا تو اس کی سزا ہوگی وہ ایک براڈ لیمیٹیشن سے لیکن اب اس لیمیٹیشن سے باہر نہیں جانا تو اسی طرح ہر گھر کے اندر ایک براڈر لیمیٹیشن بنا لی جائیں کچھ قوانین بنا لیے جائیں مثلا کہ ناشتے میں سب لوگ ناشتہ اکٹھا کرتے ہیں وہ اس لیے کیا جا رہا ہے کہ سب لوگ ایک دوسرے کی خیر خبر لیں ہر ایک کی اپس میں کمیونیکیشن ہو اور سب کو پتہ ہو کہ ناشتہ کوئی اپنے کمرے میں نہیں کرے گا اسی طریقے سے یہ اصول اس طرح سے ہوگا یہ تو وہ ڈسپلن بنا لیا جائے لیکن ودین ڈسپلن بچوں کو اپنے تجربات خود کرنے دینے چاہیے نہ کچھ اصول کی باتیں ہیں جن کو اپنی فورس کر سکتے ہیں اس کے لئے اپ اس کی کوئی پینلٹی بھی رکھ سکتے ہیں مثلا میں اپ کو ایک مثال دیتا ہوں اپ نے یہ کہا کہ 10:00 کے بعد گھر میں ٹی وی نہیں چلے گا فار ایگزام مثال دے رہا ہوں ہو سکتا ہے اس میں کوئی ڈفرنٹ بھی ہو تو اپ کو پتہ لگا کہ کچھ بچوں نے وائلیٹ کر دیا کیوں نہیں بات ہے شہر سے باہر پیچھے سے پتا لگا کہ رات کے دس کے اچھا اب اپ نے ان کی تربیت کے لئے کیا اپ نے وہ فون اٹھایا,15,4,"[5, 12, 13, 19, 21, 22, 24, 26, 28, 47, 53, 57, 70, 80, 81]","[41, 66, 72, 84]",1,88,1,35,36,"(0, 40.909090909090914)","[0, 9, 0, 0, 9, 0, 0, 0, 0, 0, 0, 0, 0, 0, 0]","[1, 9, 0, 0]"
80.83,@Kids_4N.wav,ٹی وی اٹھایا اور اٹھا کے صبح کے دو مہینے ٹی وی نہیں چلے گا اچھا اس وقت اس سلسلے میں اپ نے بچوں کو ڈانٹا نہیں لیکن دیکھو بیٹا کوئی اپ نے کوئی بدتمیزی نہیں کی کوئی ان کے ساتھ اپ روڈ نہیں ہوئے اپ نے ایک اصول کی بات کی دیکھی ہم نے بیٹا طے کیا تھا یہ 10:00 کے بعد ٹھیک ہے کیونکہ اپ نے اس اصول کو بریک کیا لہذا اس کی پینلٹی ہے کہ یہ 2 مہینے اس کمرے میں ٹھیک ہوں کہ اپ اس لا کو سمجھ رہے ہیں اور اگر مجھے یقین ہو گیا کہ اپ اس بات کو سمجھ گئے تو 2 مہینے بعد پھر ٹی وی یہاں لگا دیں گے اپ کی بات بچوں سے کوئی لڑائی نہیں ہوئی بچی کے بالکل نہیں کہیں گے کہ ابو برے سخت ہیں بچوں کو یہ پتا لگ جائے گا کہ قانون کے مطابق عمل کرنا ہے اب یہ وہ بچہ ہے جو رات کے 1:00 اپنے موٹر سائیکل پر جا رہا ہوگا اور سامنے سرخ بتی ائے گی اور کوئی پولیس کا ٹریفک کا سپاہی نہیں ہوگا اور کوئی رش نہیں ہوگا اور وہ موٹر سائیکل لے کے روک لے کیونکہ اپ نے شروع سے رول ماڈل کر کے اس کو بتا دیا ہے کہ جب کوئی قانون بن جائے اس قانون کو توڑ دیا جائے تو ہمیں قانون پر عمل اس لئے نہیں کرنا کہ کوئی دیکھ رہا ہے کہ نہیں دیکھ رہا ہمیں اس لئے عمل کرنا ہے کہ وہ قانون ہے تو یہ اس طرح یہ وہ بچہ جس کے گھر میں یہ ہوا تھا وہ سڑک پر اکر پھر لال بتی پر کراس نہیں کرے,20,4,"[2, 4, 8, 8, 8, 10, 11, 13, 37, 38, 39, 40, 40, 54, 55, 65, 68, 70, 80, 81]","[5, 19, 25, 77]",1,80,3,16,38,"(0, 47.5)","[0, 0, 0, 0, 0, 9, 0, 0, 0, 0, 0, 0, 9, 0, 0, 0, 0]","[1, 0, 0, 0]"
101.63,@Paper_N.wav,السلام علیکم دوستو میری اج کی ویڈیو ریسرچ جرنل اسٹارٹ کرنے سے متعلق ہے بیسیکلی کچھ عرصہ پہلے میں نے ایک ویڈیو بنائی تھی جس میں بتایا تھا کہ کیسے ریسرچ جنرل اپ اسٹارٹ کر سکتے ہیں کیا کیا ریکوائرمنٹس ہیں اس کی پھر ہم کافی سارے ویبینار بھی کراچکے ہیں اور اوجس جو اوپن جرنل سسٹم ہے اس پے کافی میں نے ٹٹوریلز بنائے تو ایک کمپنی سے ویڈیو کے لیے مجھے جو کوئسچنز اتے ہیں ریسرچ جرنل سے ریلیٹڈ تو میں نے سوچا کہ پوری ایک ویڈیو میں اپ کو پورا ایک سائیکل جو ہے ریسرچ جرنل کا وہ بتا دیا جائے تاکہ بہت سارے میں کوئسچن سے بچ جاتا ہوں لوگ مجھے کوئسچن کرتے ہیں تو میں انہیں ویڈیو ہی بھیج دیا کرو تاکہ اپ یہ ویڈیو دیکھ لیں تو بیسیکلی کچھ سٹیپس ہیں اگر اپ پاکستان میں ہیں تو پاکستان کے اندر تھوڑی سی ایچ ای سی کی ریکوائرمنٹ چلیں گی اور اگر اپ انٹرنیشنل ہیں تو اپ نے کنٹری سے ریلیٹڈ کوئی بھی جو بھی ان کی ہیئر ریکوائرمنٹ اس کے مطابق اپ اپنا ریسرچ جنرل لیکن جو بیسک مور اور ایک ہی قسم کی ریکوائرمنٹس ہوتی ہیں جو اپ کو ضرورت پڑے گی ہر طرح میں تو اگر شروع سے دیکھا جائے تو اس میں پبلشر کا رول دیکھنا پڑے گا کہ جو ریسرچ جو ہے نا جب اپ اسٹارٹ کرتے ہیں تو ریسرچ جنرل اٹ سیلف کوئی انٹرٹین نہیں ہوتا وہ ایک ویب سائٹ ہوتی ہے اور اس کے اوپر لوگ اپنا مینو سکرپٹ بھیجتے ہیں اور اپ کے تھرو اس کو جو ہے وہ سکروٹنی کرکے پبلش کر دیتے ہیں جو اس کے اونرشپ ہے جو اس کی وہ ایک پبلشر کی ہوتی ہے جو بھی ذمہ داری ہے جو بھی اس کے اندر پیپر پبلش ہو گا یا جو بھی تھیسیز ہوگا کچھ بھی ہوگا اس کی جو ذمہ داری ہے وہ ایک کمپنی پے ہوگی جو اس کی پبلشر,2,5,"[58, 75]","[1, 15, 19, 60, 79]",1,101,2,24,75,"(0, 74.25742574257426)","[0, 0]","[0, 0, 1, 0, 0]"
87.01,@Paper_NN.wav,کال پلے کرے گا اب جو ایچ ای سی کے مطابق وہ پبلشر کون ہو سکتا ہے وہ این جی او ہو سکتی ہے وہ کچھ سوسائٹی ہو سکتی ہے کوئی ایسوسی ایشن ہو سکتی ہے کوئی تھنک ٹینک ہو سکتا ہے یونیورسٹی ہو سکتی ہے کوئی کالج ہو سکتا ہے یا کوئی ریسرچ ارگنائزیشن ہو سکتی ہے بیسیکلی دو طرح کے اپ کہہ لیں کہ لوگ ریسرچ جرنل اسٹارٹ کرتے ہیں انسٹیٹیوشنل جس کا بیک گراؤنڈ ہوتا ہے مثلا کوئی یونیورسٹی کالج کوئی تھنک ٹینک ہو گیا اس طرح کے ریسرچ ارگنائزیشن پرائیویٹ لی اگر کوئی پروفیسر حضرات ہوتے ہیں ریسرچز ہوتے ہیں وہ چاہتے ہیں کہ پرائیویٹ لیسٹ چارج کریں اس کے لیے پھر اپ کو یا تو اپ کی این جی او نان پروفٹ ارگنائزیشن ہو یا کوئی ایسوسی ایشن ہو کوئی اپ کی فارم رجسٹر ہو پرائیویٹ لمیٹڈ رجسٹر ہو لیکن اس کا جو مینڈیٹ ہے وہ ریسرچ کا ہونا ضروری ہے یہ ایچ ای سی کی ریکوائرمنٹ ہے تو ایک اپ کو چاہیے پبلشر ایک عدد پبلشر کو ہونا ضروری ہے پھر اس پبلشر کے اندر اپ ایک دو تین چار جتنے مرضی انلمیٹڈ نمبر اف جرنل اسٹارٹ کر سکتے ہیں ڈفرنٹ ٹوپکس پہ اسٹارٹ کر سکتے ہیں شرط یہ ہے کہ وہ جو بھی اپ کا پبلش ہو اس کے پاس ریسرچ کے مینڈیٹ ہونا چاہیے یعنی کہ وہ ریسرچ کر سکتا ہو تو یہ اس کے اندر یہ پہلی ریکوائرمنٹ ہے اب اس کے بعد اپ کو ایک ٹیم چاہیے ٹیم دو طرح کی ہوتی ہے ایک ہوتی ہے جو ایڈیٹوریل ورک فلو کو سنبھال سکیں جو اپ کا پیپر ایا اس کو دیکھا کہ وہ اس قابل ہے کہ وہ اس کی ریکوائرمنٹ پوری,3,1,"[12, 27, 45]",[85],1,86,1,20,65,"(0, 75.5813953488372)","[0, 0, 0]",[9]
67.48,@Paper_3P.wav,اپشن دیں اس کا اسکوپ ڈیفائن کریں اس کی انفارمیشن دیں سارا کچھ پھر اپ جو ہے وہ جنرل کے ویب سائٹ بنائیں اس کو او جے سے انسٹال کریں پلگ انسٹال کریں پھر اس میں پبلش کریں اور پھر پبلش کرنے کے بعد اپس میں ہائی سسٹم نے پھر کراس رکھ لیں اور پھر انڈیکسنگ کی طرف جائیں یہ چیسیز میں تو میرا خیال ہے اج کے لیے اتنا ہی کافی ہے اس کے باوجود اگر اپ کے کچھ کوئسچن رہ گئے ہیں جو میں انسر نہیں کر پایا تو اس میں جو اوج ہے اس کے ٹٹوریلز ہیں وہ میں وقتا فوقتا ڈالتا رہا ہوں اس پہ بھی اگر اپ مجھے اس کی پلے لسٹ دیکھے میرے یوتوب چینل پے تو اپ کو کافی اچھی وہاں پے ویڈیوز ملیں گی کے ارٹیکل کیسے اپلوڈ کرنا ہے کس طریقے سے اس ارٹیکل کو یعنی کہ وہ اس کا میٹر ڈیٹا ڈالنا ہے کس طریقے سے اس چیز کو جو اس کا کنٹرول پینل ہے ایڈمن پینل اس کے اندر کیسے اس پورے ایڈمن پینل کو بھی میں نے ایکسپلین کیا ہوا ہے ایک ویڈیو میں تو اپ وہ بھی دیکھیں تو کافی اپ کا فائدہ ہو جائے گا تو اج کے لیے اتنا ہی کافی ہے میرا خیال ہے کافی لمبی ویڈیو ال ریڈی ہو چکی ہے تو اپنا خیال رکھیے گا اللہ حافظ,3,8,"[15, 26, 47]","[22, 38, 38, 55, 58, 59, 62, 63]",2,67,1,36,30,"(2, 53.73134328358209)","[0, 9, 0]","[1, 0, 0, 0, 0, 9, 0]"
93.27,@Transgender__Host_NG.wav,گھر والوں کا کیا تھا ایٹیٹیوڈ گھر والوں کا امی تو سمجھتی تھی اپ کو پتہ ہے ماں باپ جو پیدا کرتے ہیں تو ماں باپ سے بیت اللہ کو کوئی بھی نہیں سمجھتا تو امی اپ کو میں نے بتایا ابو میرے میٹھے ان کی ڈیتھ ہو گئی تھی میں بچپن میں 5 میں برتھ ڈے تب میرے ابو کے درد ہوگی وہ تو ٹھیک ہے اور امی امی بھی کہتی تھی پر جیسے جیسے ہمیں چور ہوتی ہے بہن بھائیوں کا بات کرنے کا طریقہ ہر بات پہ تو خسرہ ہی بننا ہے تو ہائی خسرہ ہے تو یہ وہ اس طرح کی باتیں پھر سننے کو بہتر بہن بھائی تھوڑا سا کرتے تھے وہ مجھے سمجھتی تھی اب تو کرتی ہیں ظاہری بات ہے اپ کو پتہ ہے اپنے گھر کی مجبوریاں ہو تو پھر سب نے بہت بچپن میں کام کرنا ہے تو ہمارے گھر کے کچھ حالات ٹھیک نہیں تھے تو جاب و غیرہ بری تھی مل رہی تو میں نے جاب اپلائی کی جاب پہ جانا شروع کیا ایک فیکٹری تھی وہ جو کمیونٹی ہے وہ سیپٹی نہیں کرتی چلتی اگر میں بتاتی کہ میں کہاں سے ہوں جس طرح جاب چاہیے خراب کرنی ہے جاؤ یہاں سے کوئی اور کام کرو تو یہ تھا کہ میں اپنے اپ کو چھپا کے اپنا جینڈر چھپا کے میں نے جوب کی اور اس میں بھی یہ تھا کہ بس اتنی دیر اپنا کچھ باتیں چیز چھپی نہیں رہتی انسان مہینہ چھپاتا ہے دس دن دو مہینے پر ایک دن وہ لوگوں کے سامنے اتی ہے تو ایسے ہی وہاں بس لوگوں نے پھر مجھے ادھر,11,5,"[11, 21, 50, 53, 55, 64, 69, 72, 82, 83, 84]","[23, 26, 26, 38, 53]",1,93,52,4,33,"(1, 55.91397849462365)","[0, 0, 0, 0, 0, 9, 0, 0, 0, 0, 0]","[0, 0, 1, 0]"
96.76,@Transgender__Host_-NG.wav,سیری یہ وہ اردو ٹریجیڈی ایسی ہوئی کہ مجھے بہت دکھ ہوا جو بھی چھوڑ دی تھی میں نے دوسری جگہ پے اپلائی کیا دوسری کہاں پہ کی تھی دوسرا میں نے وہ کی تھی کہ وہ انسٹالمنٹ کی شاپ تھی اس کے اندر نہ سیو اور تب لوگ ا کے کس طرح ریڈ کرتے تھے ان کو سمجھ اجاتی تھی کوئی جوبس ہنستے تھے ہنس کے چلے جاتے تھے بس کوئی لوگوں نے دیکھنا اور اس طریقے سے بات نہیں کرنی جس سے بندہ ایزی کمپیٹیبل ہو کہ کسی سے بعد میں لڑکا ہے وہ لڑکے سے بات کرو لڑکی سے تو ہم سے ان کی ایک عجیب سی گفتگو ہوتی تھی بس ہم نہیں میں تو یہی کہوں گی کہ جو معاشرہ ہم ایکسیپٹ کرے اور ہمیں بھی موقع دیں اگے بڑھنے کا ہم بھی چاہتے ہیں جیسے کہ سندھ میں بھی 0.5% کوئٹہ نکلا ٹرانس کے لئے ان کو جواب دی گئی تو بہت اچھی بات ہے وہ جو سندھ میں نکلا وہ بھی ہمارے ٹرانس کمیونٹی ہی ان کے لئے وہ ہمارے لئے وہ اچھی بات ہے اپ کو پتہ ہے صرف پانچ پرسینٹ وہ ہم ٹرانس اپ کو سمجھ انے کے سندھ میں تھا وہ تو ہم نے لاہور میں رہتی ہوں ایسے پورے پاکستان میں بہت زیادہ ٹرانس ہے تو ایک 5% جو جاب ہے وہ کون کون سے ہیں ان کا پانچ ٹرانس ہو گی ان کو جاب ملے گی وہ اپنا مینیج کر لے جو باقی تھی کمیونٹی ہے وہ کیا کرے گی اوپر سے بڑی بات جو ہے کہ ہمارے ٹرانسلیٹ کو بہت مچا اسٹڈی کا ایجوکیشن کا بہت پروبلم ہوتا ہے تو اسکول میں علیحدہ ہونا چاہیے اپنا ان کی ایسی کوئی ورکشاپ ہو جہاں پہ انہیں ٹریننگ سے کھانسی جیسے میک اپ ارٹسٹ کا کوئی سافٹ ویئر,7,7,"[4, 15, 26, 35, 38, 60, 69]","[4, 45, 51, 58, 82, 89, 94]",1,96,39,3,54,"(0, 56.25)","[0, 0, 0, 0, 0, 0, 0]","[0, 0, 9, 1, 0, 0, 0]"
74.79,@Transgender__Host_(negation)P.wav,اس سے ہٹ کی کوئی ڈیزائننگ میں سے کس طرح جیسے ہمیں ٹین ایج اپ کی جو ہوتی ہے نہ بڑی حساس ہے بھیج ہوتی ہے ہم سب اس سے گزرے بھی میں انسان بہت خواب دیکھتا ہے چاہے وہ لڑکا ہو چاہے وہ لڑکی ہو وہی خواب دیکھنے کا ٹائم ہوتا ہے جب اپ سوچتے ہو کہ میں نے بڑوں کی یہ بننا ہے جب 13 14 سال کی عمر میں گئی اور سوچنے کی ایک ائی کے ہائے میں بڑی ہو رہی ہوں میں بڑی ہو کے یہ بنوں گی میں یہ کروں گی اسٹیڈیم میں تھی تو میرے گھر کے حالات بھی کچھ بہتر نہیں تھے میں ساتھ ساتھ جو بھی کرتی تھی وہ ساتھ ساتھ پڑھتی بھی تھی نا تو میں تھا کہ میں ڈاکٹر بنوں پر جب جو صورتحال جو وقت چل رہا تھا تو مجھے پتا تھا کہ یہ بہت مشکل ہے اور ایک امید تھی دل میں ایک حسرت تھی دل میں اتنی اچھی ڈانسر ہو تو شوپیس میں پھر بھی دروازے کھل سکتے ہیں میں بھی جب مجھے ڈانس کا تھا تو مجھے ایکٹنگ کا بھی بہت زیادہ شوق تھا جب بھی میں دیکھتی تھی ایکٹنگ کرتے ہوئے تو میرا بھی دل ہوتا تھا کہ میں ابھی میں سوچتی تھی میں اپنی پرسینٹ کیسے کروں گی اب مجھے کہ ایز اے بوائے ایز اے گرل کیسے اپنے اپ کو پسند کروں گی تم,5,9,"[6, 7, 35, 48, 60]","[4, 35, 49, 50, 51, 52, 61, 65, 74]",1,74,28,3,43,"(0, 58.108108108108105)","[0, 0, 0, 0, 0]","[0, 0, 0, 0, 0, 0, 1, 0, 0]"
49.99,@Transgender__Host_NPNPN.wav,دنیا کی باتیں بہت ذہین نہیں اتی تھی اپنے اپ کو ہی پریزینٹ کیا تو یہ بات کے لئے بہت مجھے بہت اچھی بات سمجھتی بھی ہو کہ اپ کو ٹرانس جینڈر رولز ہی ملیں گے کیونکہ ایز گرل انا اور ایز بوائے لانا اتنی میرے خیال سے ابھی انڈسٹری میں ہمت نہیں اور مجھے کوئی پرابلم نہیں میں اپنے جینڈر کے ساتھ چلنا اچھا سمجھتی ہوں نہ ہی کہ میں بوائے ہوں مجھے اس سے فرق نہیں پتہ میں تو خود کہتی ہوں کہ جو میرا جینڈر ہے ان سے جینڈر کے ساتھ ایکسپٹ کر دو کہ کوئی اکے تمہیں یہ کہہ دے کہ جو بھی چوز کروگی تم بن سکتی ہو تو ماں بیٹی بیوی بہن بننا چاہو گی شوہر بھائی,6,4,"[2, 22, 23, 24, 28, 32]","[2, 9, 21, 26]",1,49,12,4,28,"(0, 57.14285714285714)","[0, 0, 0, 0, 0, 0]","[0, 0, 0, 0]"
89.95,@Transgender__Host_NNNNNN.wav,بہن بھائی کی بہن ہو کچھ بھی ہو سکے بھائی باپ یہ والا بھی بننا چاہو ایک مکمل عورت تو مجھے بتاؤ کہ بہن بھائیوں سے کیا شکایت ہے میں اس لیے پوچھ رہی ہوں کہ بہت سارے یہ اللہ کی دین ہے کسی کے گھر بھی کچھ بھی ہو سکتا اخر ان کی اولاد ہے ٹرانس جینڈر کے لئے زندگی مشکل نہ ہو گھر والوں کو کیا کرنا چاہیے شاید تمہارے ساتھ جو نہیں ہو سکا جو تمہاری محرومیت ہے شاید کوئی اور ابھی سننا ہے تمہاری زبان سے سننے اور انے والی ٹرانس جینڈر جنریشن کے لئے زندگی اسان ہو جائے اپ کو پہلی دباتا ہے ہمیں سمجھنا چاہیے ہمیں حوصلہ دینا چاہیے ہم نے ایپیسوڈ کرنا چاہیے بلکہ ہمیں کوشش کریں کہ ہم جو نہیں بھی کرسکتے میں وہ بھی کرنے کا موقع دیا جائے تاکہ میں اپنے اپ کو پریزنٹ کر سکے ٹرانسفر چھوڑ دی گھس رہا ہے تو بس اس نے مانگنا ہے ابھی خسرے والی اینگے اس کو لے جائیں گے تو بس اس نے مانگنا ہے یہ وہ جو کسی بچے کی خوشی ہوتی ہے تو اپ کو پتہ ہے جو ہمارا ایک کلچرل ٹرانس کا وہ بتائی وغیرہ جیسے کہتے ہیں وہ لیتے ہیں تو بس ان کا یہی کام ہے پڑھائی ان کے لیے کوئی مقصد نہیں ہے اور یہ بھی کوئی مقصد نہیں ہے ایسا کچھ نہیں ہے بلکہ جب مجھے ڈانس کا شوق تھا تو میں گھر سے چوری جایا کرتی تھی بغیر امی کو بتائے ہوئے مجھے صرف دو گھنٹے ملتے تھے میں اسکول اسکول سے اکیڈمی اس کے بعد مجھے صرف 2 گھنٹے میں اپنے دوستوں کے ساتھ بیٹھنے کے لئے امی کو پتہ ہے کہ دوستوں کے گھر میں بیٹھنا,13,4,"[6, 9, 20, 20, 24, 41, 66, 68, 71, 72, 76, 79, 84]","[6, 57, 62, 74]",1,89,26,5,58,"(0, 65.1685393258427)","[0, 0, 0, 0, 0, 0, 9, 0, 0, 0, 0, 0]","[9, 0, 0, 0]"
92.16,@Power__Host_N.wav,میں جا رہا ہے تو طاقت صرف خوف کی حدود میں چونکہ کام کرتی ہے اور اگر خوف ہی ختم ہو جائے تو پھر یہ طاقت بے کار ہو جاتی ہے گھروں میں بھی کہتے ہیں نہ کہ بچے پر زیادہ سختی نہ کرو زیادہ مت ڈراو اس کے دل سے خوف نکل جائے گا گویا ہم جس سے خوفزدہ ہوں صرف اسے طاقتور سمجھتے ہیں لیکن ایک طاقتور جس کو خوفزدہ کرتا ہے اصل میں وہ اسی سے ڈرتا بھی ہے اسی سے خوف کھاتا ہے بچے ماں باپ کو چھوٹے ہوتے ہیں تو بہت طاقتور سمجھتے ہیں لیکن جو بڑے ہو جاتے ہیں اکثر ماں باپ ان بچوں سے خوف زدہ نظر اتی ہے طاقت اور خوف یہ وقت کے ساتھ ساتھ بدلتے رہتے ہیں دولت ہوگی تو طاقت ملے گی بہت سارے کام زندگی میں جو کرتے ہیں ہم وہ ہم طاقت کے لئے کرتے ہیں کیونکہ طاقت کا نشہ سب نیشو نشوں سے بڑھ کے ہوتا ہے دولت جیسے میں نے پہلے اپ سے کہا کہ طاقت کے لیے کماتے ہیں دولت زیادہ ہوگی تو 10 لوگ جو کہ سلام کریں گے بڑی گاڑیاں ہوں گی بڑے گھر ہوں گے علم حاصل کرتے ہیں چاہے وہ اقتدار حکومت میں ہو یا کسی ادارے میں ہو کسی بڑی پوسٹ پر ہم چلے جائیں کیوں طاقت کے لیے,23,6,"[3, 3, 4, 5, 8, 8, 15, 17, 18, 18, 19, 22, 25, 26, 28, 30, 36, 42, 47, 50, 57, 64, 74]","[21, 54, 68, 68, 74, 77]",2,92,9,74,9,"(2, 80.43478260869566)","[9, 0, 0, 0, 0, 0, 0, 0, 0, 0, 0, 0, 0, 0, 9, 9, 0, 0, 0, 0]","[0, 0, 0, 0, 0]"
100.36,@Power__Host_P.wav,کوئی اپنے چہرے کو حسین بناتا ہے حسین کرتا ہے اس کی طاقت سے دوسروں کو غلام بنانے کی اس کے اردو پوری ہو جائے کیونکہ بہرحال حسین بھی ایک طاقت ہے اور ایسی طاقت جس نے تاریخ میں بڑی بڑی سلطنتیں گرا دیں لیکن یہی طاقت پھر انسان کی غور کریں تو سب سے بڑی کمزوری بھی ہوتی ہے جیسا کہ میں نے پہلے کہا کہ اس طاقت کا تمام دائرہ ہی چونکہ خوف کے گرد گھومتا ہے اور اگر طاقت کا استعمال ایک حد سے بڑھ جائے تو پھر وہ اطاعت کے بجائے بغاوت کو جنم دیتی ہے بالکل اسی طرح جس طرح زیادہ کھانے سے زیادہ خوراک کی زیادتی جو ہے وہ بیماریوں کا سبب بن جاتی ہے گھر ہو یا معاشرہ یا ملک طاقت اور خوف کا توازن ہی اصل میں معاشروں کو گھروں کو خاندانوں کو گاؤں کو شہروں کو ملکوں کو چلاتا ہے جیسا کہ استاد کا ڈر پولیس کو خوف لیکن جہاں پر جس جگہ مجرم اور معصوم کی تفریح ختم ہو جائے تو پھر طاقت اس کا مفہوم بھی دم توڑ دیتا ہے طاقت کا ہونا بہت ضروری ہوتا ہے لیکن اس کا استعمال اور اظہار ضروری نہیں ہوتا ذہن میں رکھنی چاہیے والدین ہو اساتذہ یا حکمراں ان کا صرف اتنا کہنا یا احساس دلانا ہی کافی ہونا چاہیے کہ ہم,23,4,"[2, 4, 8, 13, 21, 26, 34, 39, 44, 46, 48, 50, 51, 53, 59, 72, 72, 74, 77, 82, 86, 89, 95]","[75, 76, 97, 99]",2,100,9,83,8,"(2, 83.0)","[0, 0, 0, 0, 0, 0, 0, 9, 0, 0, 0, 0, 0, 0, 0, 0, 0, 0, 9, 9, 0, 0]","[0, 1, 0, 0]"
96.55,@Power__Host_3N.wav,اپ کے بڑے ہیں اگر ماتحتوں میں مرتبے کی عزت اور توقیر کا شعور ختم ہو جائے اور بار بار یہ جملے ادا کیے جائیں تو پھر وہ اپنی وقعت کھو دیتے ہیں بے معنی ہو جاتی ہے اور پھر ایک مدت کے بعد طاقت کا استعمال بھی ختم ہو جاتا ہے ریاست فوج رکھتی ہیں اور وہ اس کی طاقت سے ہی اپنے دشمنوں کو ڈراتی ہیں قوموں کی ازادی کی ضامن اور اسلحہ سے دیکھا جائے تو دنیا میں امن کا تحفظ ہی شاید اسلے کی وجہ سے قبائل ہوں ملک ہوں گاؤں ریاستیں ہوں وہ ایک دوسرے کا اسلحہ ان کے پاس کتنی تلواریں ہیں کتنی پستول ہیں کتنے میزائل ہیں کتنے نیوکلیئر ویپنز ہیں انہیں دیکھ کر ہی خون خرابے سے دور رہتی ہیں اور کیا بدقسمتی کہ اج کی یہ ازاد دنیا ہی صرف جنگی تیاریوں اور خوف سے امن قائم کرنے کی کوشش کر رہی ہے اور دلائل اب اہستہ اہستہ ختم ہوتے جا رہے ہیں گھروں میں محلوں میں اور ریاستوں کے مابین بھی لیکن اس اسلحے اور بھرپور طاقت کا نتیجہ ہر گزرتے وقت کے ساتھ کیا نکل رہا ہے وہ دکھیے وہی بات جو میں نے پہلے کی تھی کہ طاقت خوف پیدا کرتی ہے اب خوف ہی ختم ہو رہا ہے,11,3,"[7, 16, 22, 60, 64, 65, 72, 79, 92, 94, 95]","[5, 38, 66]",2,96,4,90,2,"(2, 93.75)","[0, 0, 0, 0, 0, 0, 0, 0, 0, 0, 0]","[0, 0, 1]"
79.78,@Power__Host_4N.wav,یہ اپ اتنی بلندی سے کس خوشی میں گرے شکست پابھی ہم اندھے بھی ہم گرے بھی تو کیا نظر بھی جینے ناز تھا وہ روشنی میں گرے ہوا کے زور پہ اڑتے تھے اسمانوں میں ہوا کے زور پہ اڑتے تھے اسمانوں میں ہوا کے رکتے ہی ردی کی ٹوکری میں گرے تمام کوچ او بازار گھوم گھام ائے تمام کوچوں بازار گھوم گھام ائے گرے جو اکے تو ہم اپنی ہی گلی میں گرے ہماری منطق الگ ہے ہماری سوچ الگ ہماری منطق الگ ہے ہماری سوچ الگ کہ ہم ندی میں سمندر کی دوستی میں گرے اور چھپا چھپا کے جو اس سے رکھے تھے چند انسو چھپا چھپا کے اس سے جو رکھے تھے چند انسو وہ اس کے سامنے اخر ہنسی ہنسی میں گرے اپنا دوستوں رشتے داروں گرد و نواح کے لوگوں کا سبق خیال رکھیے گا اللہ حافظ,1,6,[14],"[4, 6, 16, 20, 25, 53]",2,79,1,71,3,"(2, 89.87341772151899)",[9],"[0, 0, 1, 0, 0, 1]"
38.36,@AIGuru_N.wav,اعوذ باللہ من الشیطان الرجیم بسم اللہ الرحمن الرحیم یہ قدرت کا ایک عجب تماشہ ہے سیاروں اور ستاروں کی چال اور رفتار سے لے کر ایک معمولی سی حقیر چیونٹی تک ہر شے اپنے اندر ایک پیغام رکھتی ہے ہر شے میں اشارہ ایک استعارہ ایک علامت ہے اور ہم سب کا المیہ زندگی میں یہ ہوا کرتا ہے کہ سفر ہمارا زمین کا ہے لیکن حکم اسمانوں کا جہاں بھی جائیں اسمان تو سر پہ رہتا ہے,6,1,"[10, 14, 15, 23, 26, 33]",[28],2,38,13,23,1,"(2, 60.526315789473685)","[9, 0, 9, 0, 0, 0]",[1]
86.68,@AIGuru2_N.wav,عثمان بلکہ رہتا نہیں شاید سر پہ سوار رہتا ہے ہم چلتے چلتے رک جاتے ہیں اور کبھی چل رہے ہوتے ہیں تو راستہ رک جاتا ہے گردش افلاک ہمیں اسمان سے کوئی نہیں بچا سکتا ہم اپنی زندگی میں اکثر سوچتے وقت اسمانوں کی طرف دیکھتے ہیں اسی طرح دیکھ کر ہم دعائیں کرتے ہیں چاند تلاش کرتے ہیں سورج کو دیکھتے ہیں ستارے ڈھونڈتے ہیں بارشوں کا انتظار کرتے ہیں بادل دیکھتے ہیں ہوائیں چل رہی ہیں گرمی سے شرابور ہوتے ہیں تو پھر اسمان کی طرف دیکھتے ہیں برف باریوں کا نظارہ کرتے ہیں کاوز و قضا دیکھتے ہیں کبھی یہ سوچتے ہیں کہ ہم تو اندھیروں میں کھو گئے ہیں اور وہ روشنی کے خزانے لیے بیٹھے ہیں اسمان ہمارے پاس صرف ایک ٹمٹماتا ہوا چراغ ایک دیا اور اس وسیع اسمان پر سورج چاند ستارے اندھیرا روشنی دن رات ہوا بارش یہ سب تو اس کے پاس ہے حکم بھی فیصلے بھی زمین نے شاید ہمارے پیر پکڑ رکھیں اور اسمان ہمیں چابک مارتا رہتا ہے ہر روز کسی نہ کسی صورت میں بارشیں ہوں ہوا ہوں موسم ہو دھوپ ہو سردی ہو ہم اسمانوں کو اپنی زندگی میں,11,3,"[2, 6, 11, 15, 33, 52, 56, 63, 65, 78, 84]","[58, 65, 81]",1,86,40,38,8,"(1, 46.51162790697674)","[9, 0, 0, 0, 0, 0, 0, 0, 0, 0, 0]","[0, 0, 0]"
81.55,@AIGuru _N.wav,تو پھر جواب اور حکم اسمانوں سے اتے ہیں لیکن ہم اسمانوں کو کوستے ہیں خود کو نہیں استعمال ہاکنگ ہمارے دور کا عہد حاضر کا وہ مایہ ناز سائنسدان سائنس جس نے تمام زندگی بدترین معذوری کے ساتھ اپنی گزاری اور پچھلے سال یعنی مارچ 2018 میں 76 سال کی عمر میں اس کا انتقال ہوا ساری دنیا سے جانتی ہے 21 سال کا وہ تھا جب اسے ایم ائی مائیو ٹرافک لیٹرل اسکلوروسس یہ بہت ہی کم لوگوں کو بہت رئیر بیماری ہے یہ اس کی تشویش ہوئی اور وہ اس کے جسم کے جو اعضاء تھے جو نروز تھی اور اس کا دماغ وہ ضائع ہوتا گیا کہ زندگی اس کی صرف دو سال رہ گئی ہے اس کی گفتگو اس کا بولنا چلنا اہستہ اہستہ کم ہوتا گیا وہ پڑھتا تھا یونیورسٹی میں پھر اس کے اذان نے اس کی انگلیوں نے اس کے ہاتھ پیر نے کام کرنا چھوڑ دیا پھر وہ چلنے پھرنے سے بھی معذور ہو گیا اور پھر وہ ویل چیئر پر چلا گیا ایک جگہ اس کی گردن ڈھلک گئی باقی ساری زندگی وہ اسی طرح بیٹھا رہا اس ویل چیئر پہ,12,1,"[4, 8, 15, 24, 34, 36, 38, 46, 49, 56, 65, 69]",[24],2,81,9,70,2,"(2, 86.41975308641975)","[0, 0, 0, 0, 0, 0, 0, 0, 0, 0, 0, 0]",[0]
70.26,@AIGuru4_N.wav,کئی سال تک وہ اسی طرح اس ویل چیئر پر بیٹھ کے تحقیق کرتا رہا اور اس کا طریقہ یہ ہوتا تھا تحقیق کا کہ خاص کمپیوٹر اس زمانے میں ایجاد ہوئے انگلیاں استعمال کرتا تھا تو کمپیوٹر پے لکھا تھا وہ پندرہ ورڈز شاید ایک منٹ میں اس طرح سے کمپیوٹر اس کا بنا تھا شروع میں پھر وہ انکھوں کے اشاروں سے اس کی کمپیوٹر ایسے بنائے گئے کہ وہ انکھوں کا اشارہ اس کا سمجھتے تھے اور وہ ان سے لکھتا تھا پھر وہ انکھیں بھی اس کی جو تھی وہ اشارے دینے سے قاصر ہو گئیں معذور ہو گئیں ایسے کمپیوٹر بنائے گئے اس کے لئے جو اس کی ذہن کی لہروں سے کمپیوٹرز اس کو ان کو ریڈ کرتے ہیں اس کا خیالات کو پڑھتے اور پھر ان کو تحریری شکل میں لے کر اتے اور اخر میں جب کمپیوٹر اس کا ذہن پڑھ رہا تھا میں نے اس سے پہلے تو ایک لفظ اس کے ذہن میں جو اتا وہ کمپیوٹر اس کو ایک منٹ میں کہیں جا کے اس کو سمجھ پاتا 1 منٹ کے اندر اور زندگی کے اخری سانس تک دنیا کے بہترین کمپیوٹرز بڑے بڑے کمپنیز اس کا خیال اس کی سوچ پڑھنے کی کوشش کرتی رہی کہ وہ کیا سوچ رہا ہے,2,1,"[32, 33]",[63],2,70,17,47,6,"(2, 67.14285714285714)","[0, 9]",[0]
85.75,@MobileNG.wav,اوکے گھر میں نہ پیسہ کا پیڑ لگا ہوا ہے ایسا ہلاتے ہیں اور پیسہ گرتا ہے ابھی پیسہ سے فون میں خرید لیتا ہے تو بھائی صاحب میں اپ کو اس کی 10 پروبلم کے بارے میں بتانے والا ہوں جو کہ بھائی چھوٹی سی بڑی پرابلم ہے اور اپ کو دھیان دینا ہے بھائی ان پہ کیوں کہ پیسہ لگ رہا ہے بھائی اپ کا سب سے پہلے ہم بات کرتے ہیں بھائی اس کی کچھ ہائی لائٹنگ پوائنٹ کی جو کہ سمسنگ والے کافی زیادہ ہائی لائٹ کر رہا ہے اس کے بعد ہم بات کریں گے کہ اپ کو اس والے فون میں کیا کمیاں دیکھنے کو ملتی ہے اگر میں بات کروں اس کی بھائی بلڈنگ ڈیزائن کی خطرناک ہے بھائی اس کا جو ڈیزائن ہے وہی میرے کو کافی پرسنلی اچھا لگا بھائی حالانکہ جو بلڈ ہے وہ پلاسٹک بلڈ کے ساتھ اتا ہے اور اپ کو واکسی ٹائپ کا ڈیزائن بھی مل جاتا ہے بھائی یہاں پے میرے کو لگتا ہے کہ ڈیزائن کو ہی لوگ دیکھ کر فون کو لیں گے اس کی دوسرے ہائی لائٹ پوائنٹ کی تو بھائی صاحب اس والے فون میں بھائی اپ کو ایکزی نوز کا تیرا پیس کا پروسیسر مل جاتا ہے یہ لیٹیسٹ پروسیسر ہے سامسنگ کا اینڈ فائیو نیم بیس پریسر ہے اور اس کے اندر اسکور بھائی 4 لاکھ کے پلس جاتی ہے اور یہاں پہ پرفارمنس بھائی کافی تگڑی اپ کو دیکھنے کو ملے گی اس والے فون میں تو جیسے بھائی یوتوب پہ اپ ایڈ اسکیپ کرتے ہونا ویسا ہی بھائی ٹک کریٹر اس کی ڈسپلے کو اسکین کر دیا ہے اس میں کوئی 90 ہاٹس کی فل ایچ ڈی پلس پی ایل سی ڈسپلے ملتی ہے بس یہی بتا کر بھائی صاحب ڈسپلے میں برائٹنیس کتنی ہے کونسا پروٹیکشن ہے اینڈ گائز اور بھی بہت کچھ ہوتا ہے ہم اپ کو بتائیں گے کمیو والی پارٹ میں تو بھائی ویٹ کرو اب,4,8,"[1, 13, 23, 33]","[2, 23, 36, 36, 61, 63, 66, 75]",1,85,34,10,9,"(1, 40.0)","[0, 9, 0, 0]","[0, 0, 0, 0, 0, 0, 0]"
71.35,@Mobile2-NG.wav,کالڈ ہو چکا ہے کنٹرول ہونا چاہیے تھا اس والے فون میں جو کہ نہیں ہے یار اینڈ گائز سب سے بڑی بات سنگل اسپیکر ہے بھائی ڈول اسپیکر نہیں دے رہا کہ بھائی اور بھائی اس والے فون میں ون یو ائی کا پولیس اسکین بھی نہیں ہے فنی وائی کا کوڈ ریڈیسن دے رہا ہے جو کہ فنی وائی کا تھوڑا سا لائٹر یو ائی ہے اینڈ گیس اس میں اپ کو کچھ لمیٹڈ ہی فیچر دیکھنے کو ملتا ہے ایسا مطلب سستے بھائی برا مت ماننا لیکن کہنے کی بات ہے کر دے رہا ہوں سستے لوگوں کے لئے سستی ہوا یہ سمجھے تو مطلب سمجھ میں ارہا ہے نہ جو سامسنگ کے فلیکسی فون ہوتے جو زیادہ پیسہ دے رہے ہیں ان لوگوں کو بھائی اچھی یو وائی ملتا ہے میں کلیئر کٹ اوپینین ہوں تو سامسنگ والے بھائی دو تین چیز کے لیے پیسہ لے رہے ہیں پہلے دو بھائی ڈیزائن دوسرا بھائی اس کا پروسیسر تیسرا بھائی کہہ سکتے ہو 50 میگا پکسل کا کیمرہ ہو سکتا ہے باقی جو اپڈیٹ کا پرومس کر رہا ہے وہ اپڈیٹ کے لیے بھی یہ لوگ پیسہ لے رہے ہیں اور ہاں یہ اپنے برانڈ ولیوں کے اوپر بھی پیسہ لے رہے ہیں تو ہاں بھائی ٹھیک ہے تو وہ اتنا کر ہی سکتا ہے تو ائی تھنک سب کچھ کلیئر ہو گیا ہوگا اب اپ کو جو بھی من کر رہا ہوگا ویڈیو کو لائک کرنے کا سبسکرایب کرنے کا یا پھر بیل نوٹیفیکیشن کو توڑ پھوڑ کے جو بھی کرنا ہوگا کر دیجئے گا سمجھے ہو جائے گا نہ چلو ٹھیک ہے پھر ملتا ہے کسی اور سے ویڈیو میں تب تک کے لئے بائے بائے میرے,13,5,"[4, 8, 12, 22, 22, 23, 25, 26, 29, 31, 37, 63, 67]","[26, 33, 51, 53, 67]",1,71,34,13,16,"(1, 47.88732394366197)","[0, 0, 0, 0, 0, 0, 0, 0, 0, 0, 0, 0]","[9, 0, 1, 0, 0]"
87.47,@Social_1NG.wav,اس سے کوئی فرق نہیں پڑتا کہ اپ امیر ہے اور غریب ہیں اپ بورے ہیں سامنے ہیں اپ کو اپنی عزت خود کرنی پڑے گی جب اپ اپنی عزت خود کرتے ہیں تو ظاہر ہے کہ اپ کوشش بھی کرو گے تو یہ پیغام اپ کے سب کانشیئس میں چلا جائے گا لاشعور میں پھر لاشعور اپ کی جو باڈی لینگویج ہے اس کو امپروو کرنا شروع کر دیتا ہے اپ کے اندر خود اعتمادی انا شروع ہو جاتی اب چند ایک چیزیں جو کہ اس رسپکٹ کو خراب کرتی ہیں اس میں اپ کو بڑا سوشل مچ کہ وہ کرنا چاہیے ان میں کیا کیا ہے مثلا یہ کہ ہم عام طور پے جب محفل میں بیٹھے ہوتے ہیں لوگوں میں بیٹھے ہوتے ہیں تو اپنا مفت میں مذاق اڑاتے ہیں جس سے اچھا خاصا ہمارا اسٹیٹس ہوتا ہے اور ہم لو ہو جاتے ہیں کس طرح مثلا اگر اپ کو لطیفہ سنانا نہیں اتا تو اللہ کے واسطے نہ سنائیں یہ لطیفہ سنانا بھی ایک اٹا ہے ایک اچھا سا لطیفہ سنائیں گے لطیفے کے بعد کوئی ہنسے گی ہی نہیں اپ کی بے عزتی ہو جانی ہے تو بہتر ہے نہ ہی سنائیں اسی طرح میں نے دیکھا ہے شادیوں پہ اچھے خاصے اپ پڑھے جج ہیں وکیل میں ڈاکٹر ہیں دانت صاحب کو اتا نہیں ہے سب نے کہا تم بھی اجاؤ,10,9,"[2, 5, 35, 44, 50, 60, 62, 71, 75, 85]","[3, 8, 12, 25, 50, 52, 66, 74, 79]",1,87,5,37,45,"(0, 51.724137931034484)","[0, 0, 0, 0, 0, 0, 0, 9, 0, 9]","[0, 9, 0, 0, 0, 0, 0, 0, 1]"
74.72,@Social_2N.wav,الٹی سیدھی بازو ٹانگیں مارنا شروع کر دیتے ہیں پیپل بینک ائی ڈونٹ سے کہ اپ کی بہت قریبی رشتہ دار ہوں تو اپ لیکن اگر اپ کو کرنا بھی ہو تو پھر اسے ہفتہ کریں اوور ہونے کی ضرورت نہیں ہے ہمارے یہاں پھر نہ وہ ہوتا ہی ہے کہ لوگ تالیاں بجانا شروع کر دیتے ہیں اور اپ شو میں اجاتے ہو اپ کا جو مطلب سوچنے کو ٹھیک ہے میں غلط نہیں کر رہا لیکن ایک حد سے تجاوز کر دیا ہے تو اپ کا پھر اسی طرح اپ پولیٹیکل گفتگو کر رہے ہوتے ہو اکنامکس سے کر رہے ہوتے ہو 100% اپ کلیئر نہیں ہوں ڈونٹ گو نوکسان ہوتا ہے کیونکہ وہ پھر اپ کی بات کو بھی ریٹل کرے گا اپ کے سیانی ہو جائیں گے ظاہر ہے پھر اس سے بھی امپورٹنٹ چیز جو میں سمجھتا ہوں اور میں اس کو خود تو بہت زیادہ استعمال کرتا ہوں کہ کسی کو مشورہ مانگے بغیر مشورہ نہ دے ہماری عادت ہوتی ہے نہ بعض اوقات کوئی کسی کا کام ہوتا ہے وہ کسی اور سے بات کر رہا ہوتا ہے اپ نے مشورہ دے دیتی ہیں وہ اگر اپ کا بہت لحاظ سے,14,1,"[0, 9, 15, 17, 28, 28, 29, 30, 41, 52, 57, 61, 63, 66]",[27],1,74,5,33,36,"(0, 48.64864864864865)","[0, 0, 0, 9, 0, 0, 0, 0, 0, 0, 0, 0, 0]",[0]
70.19,@Social_P.wav,کل لے گا اور پھر اپ کو کوئی ایسا معقول جواب نہیں دے گا تو وہ بھی ایک بے عزتی کا باعث بنتی ہے اور تو اس طریقے سے اچھا اب ایک اور بڑا امپورٹنٹ پہلو ہے یہ میں لڑکیوں اور عورتوں کے حوالے سے کہتا ہوں اگر اپ کی شادی ہو جاتی ہے اپنی سسرال کی برائی نہ کریں اگر اپ لوگوں میں بیٹھ کے اپنے سسرال کی برائی کریں گے تو یعنی اپ یہ ثابت کر رہے ہیں کہ مجھے بڑی بری طرح ٹریٹ کیا جا رہا ہے اور اگر اپ کو بری طرح ٹریٹ کیا جا رہا ہے تو اگلا بندہ پھر اپ کو سر پر نہیں بٹھائے گا ملکہ نہیں بنائے گا وہ کہے گا یہ تو الریڈی دھکے کھا رہی ہے اسٹیٹس ہاں اس کو ڈیل کرنے کے طریقے انے چاہیے لیکن پبلک لوگوں کو بتانے کی ضرورت نہیں ہے اسی طرح اپ نے میاں کی برائی نہ کرے کیونکہ ہمارے ہاں تو لوگوں کو داستانیں سننے کا چسکے لینے کی عادت ہوتی ہے نا یہ اپ کی ذاتی پرائیویٹ لائف ہوتی ہے اپ اپنی اولاد کی برائی نہ کریں اپ اولاد کی اپنی برائی کریں گی بیٹی کی برائی کریں گے,10,3,"[4, 21, 30, 34, 39, 41, 49, 51, 55, 66]","[4, 11, 27]",1,70,6,29,35,"(0, 50.0)","[0, 0, 0, 9, 9, 0, 0, 0, 0, 0]","[0, 0, 0]"
60.51,@Social_4P.wav,صوفی ہمارے ہوتے ہیں نہ بازو کو نکل اتا ہے بیچ میں تو ضرورت نہیں ہے کہ اس کا اپ ایڈورٹائزمنٹ کریں اپ جو کرنے والے کام ہیں اس کو ٹھیک کریں نصیحت کریں دنیا کے سامنے وہ ہوگا کیا کہ اس بیٹے کی لوگوں نے بھی برائی کرنی ہے وہ برائی پھر الٹ کی اپ کے پاس ائے گی کہ تربیت اپ کی بری ہے تو اس لیے یاد رکھیں کہ زندگی میں اپ اپنی عزت کرنا یہ اصول اگر اپ اپنے اوپر لاگو کریں گے اب دیکھئے گا کہ مطلب جس حد تک ممکن ہو سکتا ہے لوگ اپ کا احترام بھی کریں گے خواہ مخواہ کا ہنسنا خواہ مخواہ کا ایک ہوتا ہے شو کرنا یہ ساری چیزیں اپ کو لو ڈاؤن کرتے ہیں اوکے تھینک یو,8,4,"[2, 7, 13, 15, 25, 30, 44, 58]","[14, 36, 39, 48]",1,60,6,23,29,"(0, 48.333333333333336)","[0, 0, 0, 0, 0, 0, 0, 0]","[0, 0, 9, 9]"
83.36,@Police_ALL_1N.wav,کہ ہمیں یہاں پے سب سے بڑا ایشو اتا ہے وہ ڈاؤن لوڈ کرتے ہیں پاکستان میں کچھ بھی ہو جائے تو الٹیمیٹ اسلام اباد میں لوگوں نے انی ہے ہم کبھی بھی اس میں پینک نہیں کرتے ہم ان کو ویلکم کرتے ہیں کہ ہم ان کے جو مطالبات ہیں جو ایشوز ہوتے ہیں ان کو صرف ایک ہی ڈیمانڈ ہے بات کریں گے مطالبات تسلیم کروائیں گے ان کی جتنی باتیں ہیں وہ سنی جائے ریکویسٹ جب ان کی جینون چیزوں کو مانتے ہیں اگر وہ بات اسے ڈپلومیٹ کر دیتے ہیں کہ یہ خدانخواستہ کہیں گے بہت بہت کم ہوتا ہے ہم نہیں کرنے دینے کے لیے ڈسٹرکٹ کریں اسلام اباد سرسید علی رضا السلام علیکم سر انٹروڈکشن اباؤٹ یور پرائمری رسپانسیبلیٹی کے ایک اسلام اباد کا ڈی ائی جی اپریشن کیا کیا کرتا ہے اس میں موبائل ارڈر کرتا ہے سب سے,5,1,"[7, 21, 33, 58, 61]",[35],2,83,7,48,26,"(2, 57.831325301204814)","[9, 0, 0, 0, 0]",[0]
65.09,@Police_ALL_N.wav,کام ہے اس میں ہمارے پاس اے ار یو ہے اینٹی رائٹ فورس ہے جو ٹرینڈ ہوتے ہیں اس کے بعد انویسٹیگیشن ساری کرتے ہیں جتنی کیسز ہمارے پاس اتے ہیں تو انویسٹیگیشن بھی اسلام اباد ڈی ائی جی ہی دیکھ رہا ہے اور اس کے نیچے پورا پورا ڈے ٹو ڈے ایشوز ہیں وہ ہینڈل کر رہے ہوتے ہیں تو ایس ایچ اوز اور انچارج انویسٹیگیشن سو اپریشنز انویسٹیگیشن ارڈر اینڈ سکیورٹی اور سب سے امپورٹنٹ جو اسلام اباد پوائنٹ اف ویو سے ہے وہ ٹریفک سو ایم سی لوکینگ اف ٹو ٹریفک ٹریفک اور یہ 4 مین ہیڈز ہیں جو میں دیکھ رہا ہوں ایز اسلام اباد کے پروٹیسٹ اینڈ پروٹیسٹ کا جو ٹرینڈ ہے وہ انکریز ہوتا جا رہا ہے پاکستان میں ہے وہ ایک موب میں بدل جاتا ہے کہ اپ اس طرح کے موکو کیسے مینیج کرتے ہیں,2,0,"[0, 5]",[],1,65,10,14,41,"(0, 63.07692307692307)","[0, 0]",[]
92.04,@Police_ALL2_N.wav,اس کے لئے اسپیشل انیشیٹو یا کچھ اسپیشل ٹیکنیکس جاب یوز کرتے ہیں اسلام اباد پولیس کا ایک بہت ہی امپورٹنٹ اور بہت ہی اپ ایسے سمجھیں گے دکھتی رگ ہے کیونکہ ہمیں یہاں پے سب سے بڑا جو ایشو اتا ہے وہ ڈاؤن لوڈ کرتے ہیں پاکستان میں کچھ بھی ہو جائے تو الٹیمیٹ اسلام اباد میں لوگوں نے ویلکم بیک نہیں کرتے ہم ان کو ویلکم کرتے ہیں اس کی مختلف اسٹیجز ہیں پہلی سٹیج یہ ہے کہ مجھ سے چور میں رہتے ہیں ہماری سیلف ہیں اور میرے ایس ایچ اوز ایون انچارجز ایس ڈی پی او ایس پی ایس وہ بڑے اس میں ٹرینڈ ہے اس میں ہمیں یہ فائدہ ہوتا ہے کہ ہم ان کے جو مطالبات ہیں جو ایشوز ہوتے ہیں ان کو کرتے ہیں الٹیمیٹلی ہم ان کو پھر اگے کنوے کرتے ہیں گورنمنٹ کو کرتے ہیں جو بھی کوارڈینٹ کنسرن ہوتے ہیں ان کو ہم ریکویسٹ کرتے ہیں کہ یہ ان کے مطالبات ہیں اس میں جو جائز مطالبات ہوتے ہیں تو یہ پہلی سٹیج ہے جو 90 ٹیسٹ کو ختم کردیں اور وہ نیگو سے ہوتا ہے کیونکہ ہمارے انر ایبل جو ائی جی اسلام اباد ہیں جناب سید علی ناصر رضوی صاحب اور صاحب محسن نقوی صاحب ان کا بڑا اسٹینڈنگ ارڈر ہے ہمارے لئے کہ کسی بھی قسم کے ٹیسٹ کے ساتھ اپ نے یوزر فورس از دا لاسٹ اپشن کہتے ہیں یہ ہمارے اپنے لوگ ہیں ہمارے پاکستانی کسی وجہ سے اتے ہیں ان سے صرف ایک ہی ڈیمانڈ ہوتی ہے کہ ایک تو,4,7,"[16, 23, 64, 89]","[1, 3, 26, 41, 60, 79, 90]",2,92,8,47,37,"(2, 51.08695652173913)","[0, 0, 0, 0]","[0, 9, 0, 9, 0, 0, 0]"
93.11,@Police_ALL4_N.wav,چیزیں نہ توڑیں رورس بلاک نہ کریں دوسرے لوگوں کے لیے ضرور کریں وہ بالکل ان کا ہوتا ہے الٹیمیٹلی اگر وہ موبائل اس سے اگلی سٹیج پر جاتا ہے بات نہیں سنتے تو اگین وہ ہم چینل اس کا بالکل کھلا رکھتے ہیں وہ ہم کرتے رہتے ہیں ساتھ میں ہم اپنی ڈپلومیٹ بھی کر دیتے ہیں ڈپلومیٹ کا مقصد ہوتا ہے جیسے میکڈونلڈ کو ہم نے چلتے بھی رکھا اور مکڈونلڈ کے اندر نہیں ہے لیکن الٹیمیٹلی ہم نے ان کو بات چیت بھی کی تو تھوڑا بہت ہم نے ان کے ساتھ جو بھی کوئی فوج کا یوز بھی کر کے اپنے وہاں سے اس کو ریمو کیا یہ اسلام اباد کے لیے فور شور ہے ہم نہیں کرنے دیں گے کہ وہ ڈسٹرکٹ کریں اسلام اباد کو بات کریں گے مطالبات تسلیم کروائیں گے جو ان کے جائز بنتے ہیں ان کی جتنی باتیں ہیں وہ سنی جائیں گی یہ بالکل انشور کریں گے ہم کروائیں گے وہ ہماری ساری بات سنتے ہیں اور سارے لوگ ہماری بات مانتے ہیں ریکویسٹ جب ان کی جینون چیزوں کو مانتے ہیں نمبر 2 اگر وہ بات اس سے اوپر جاتی ہے تو ہم پریونٹیو ایک ڈپلومیٹ کر دیتے ہیں کہ یہ خدانخواستہ نہیں ادھر گھسنا نہ شروع ہو جائے وہ ہم کر دیتے ہیں وائلٹ بورڈ بہت کم ہوتا ہے اور اس میں بہت ساری چیزیں ہوجاتی ہیں یہ جو دو پہلے اسٹیجز ہیں نا جب اپ شو خورش کرتے ہیں تو لوگوں کو پتہ لگ جاتا ہے اپ کی انٹینشن کا کہ یہ سیریس ہے وہ سب لوگ سمجھ جاتے ہیں وہ تو ایجنڈا کے ساتھ ایا ہو تو وہ جھنڈا کے ساتھ جو ائے گا تو بالکل جو خدانخواستہ کریمینل ایکٹیویٹی میں اجائے جو اپ کی کسی چیز کو توڑ پھوڑ کر دے لوگوں کو تنگ کرنا شروع کردے روڈ بلاک کر دے,18,3,"[1, 2, 5, 10, 12, 23, 24, 36, 37, 47, 62, 63, 63, 67, 85, 89, 89, 91]","[19, 43, 58]",2,93,1,63,29,"(2, 67.74193548387096)","[0, 0, 0, 0, 0, 0, 0, 0, 9, 9, 0, 0, 0, 0, 9, 0]","[0, 0, 0]"
97.76,@Police_ALL5_N.wav,کوئی مسئلہ بن جائے اس کو پھر ہمارے پاس ویو کال ٹیکنیکس وہ ٹیکنیکس کیا ہے وہ ہے ٹریننگ کرتی رہتی ہے ان کے پاس شیلڈز ہیں ان کے پاس بٹنز ہیں ان کے پاس ہیلمٹس ہیں ان کے پاس ٹیئر گیس ہے ان کے پاس واٹر کینن ہیں ان کے پاس وہ ساری چیزیں موجود ہیں جو کسی بھی جو موبائل ہے جو وائیلنٹ موبائل ہے یا وہ جو کنٹرول نہیں ہو رہا ہے اس کو ہینڈل کر لیتے ہیں جب ہمیں یہ پتہ چل جائے کہ کریمنلز ہیں یا برے لوگ ہیں پھر ہم بالکل جان دینے کے لئے تیار ہو جاتے ہیں اور ہماری جو پرے نے پہلے کہا کہ ہماری کمانڈ کی جو ہے وہ یہ کہ ہماری یہی ہے کہ ہم نے یوز اف فورس نہیں کرنا اور ہم نہیں کرتے اب یہ ڈی چوک میں تھے سینیٹر مشتاق صاحب بیٹھے ہوئے تھے اسے ہم ہر اس بات کرتے تھے میں رات کو جا کے بات کروں گا اسپیکر ہے ڈی ایس پی کر رہا ہے ایون ڈی سی صاحب جا کے کر رہے ہیں کل انھوں نے اس کو ختم کیا کیونکہ وہ غذا کے لیے بیٹھے ہوئے تھے یقینا ہم ان کے ساتھ ہیں لیکن ان کا وہ کوئی زیادہ ٹائم لے گئے میکڈونلڈز والا انسیڈنٹ تھا تو ہم دیکھتے ہیں کہ انٹرنیٹ پر اور پھر جہاں پر لوگ ایپریشیٹ کرتے ہیں وہاں پر لوگ کریٹس سائز بھی کرتے ہیں جب میڈیا کی مینجمنٹ ہے ریکارڈنگ دا رول اف پولیس جاب اف پولیس اس کو اپ کس طریقے سے,10,1,"[1, 27, 35, 37, 37, 50, 52, 71, 77, 79]",[39],1,97,3,45,49,"(0, 50.51546391752577)","[0, 0, 0, 0, 0, 0, 0, 0, 0]",[9]
78.16,@Police_ALL_6N.wav,کے دور میں جو جیسے سوشل میڈیا ڈویلپ ہو رہا ہے اور یہ ایک اپنی اسپیس لے رہا ہے تو بہت امپورٹنٹ چیز ہو گئی ہے تو اسسٹنٹ واٹ از رئیلیٹی کیونکہ لوگ اتنے ہیں وہ فریم پلیٹ ٹویٹ کر دیتے ہیں پہلی بات تو یہ کہ جب بھی ہم اس طرح کے ایکشن کرتے ہیں تو پولیس میں جب بھی کوئی فوری بورس کوئی چیز ہوتی ہے ہر بندے کا اپنا اوپینین ہے کوئی ایشو نہیں کیونکہ ہر بندے کو یہ سمجھنا چاہیے کہ بگر گڈ کے لیے ایک بگڑ ویلفیئر کے لیے اسلام اباد و ہیو ٹو سم ٹائم یوز فورس اگینسٹ 23% کروں گا پبلک سے سپورٹ کریں یہ اپ کی گڈ کے لیے ہے یہ اپ کے لئے ہے اپ ہمارے ساتھ بات کریں کسی کو کوئی ڈاؤٹ ہو کے یہاں کیا ہوا میرے ساتھ بات کریں میرا نمبر سوشل میڈیا پر ہے میرا پرسنل نمبر بھی ہے میرا افیشل نمبر دونوں نمبر موجود ہے اویلیبل ہوں 247 رات تین چار بجے تک ہم جاگ رہے ہیں ہم اویلیبل ہیں اب مجھے میسج کریں گے اس کا اپ کو جواب ائے گا اور اپ کو پورا ہم انٹرٹین کریں لوگوں سے صرف یہ ریکویسٹ ہے کہ جب بھی اپ کی پولیس ہے ہم اپ کے لئے ہیں تو وائی نوٹ کے اپ ہمارے ساتھ کنکشن میں ہم سے پوچھیں تو سہی کہ کیا کیا میں نے اپ کی حفاظت کے لئے ہے میکڈونلڈ,5,5,"[8, 21, 22, 25, 65]","[2, 36, 45, 53, 57]",2,78,4,54,20,"(2, 69.23076923076923)","[0, 0, 0, 0, 0]","[0, 0, 0, 0, 0]"
89.61,@Police_ALL_7N.wav,ہم وہاں پے گئے ہم باہر احتجاج کریں گے وہاں پہ ایک فیملی ہے خواتین ہے انہوں نے فیملی کو روکنا پے اچھا خاصا انہوں نے ان کے ساتھ اندر نہیں جائیں گے تو یہ دوسرے لفظوں میں ایک نئی کو ہم ادھر اجازت قانون دے رہے ہیں ریاست بنا رہے ہیں ان کا نہیں جی بدتمیزی شروع ہوگی اس میں پھر ان کو فزیکلی پش کیا تھا وہ ہم نے کر دیا لیکن دیکھے ہم نے کسی کی ماں بہن بیٹی کی حفاظت کی ہے وہ فیملی نہیں تھی تو یہ کسی کی فیملی ہے وہ پوچھ لیں ان سے رابطہ کریں کہ کس کی فیملی کے ساتھ انہوں نے لائک کرنے کی کوشش کی ہے تو اگر میں نے یہ نہیں کرنا تو میں اپنی جاب نہیں کر رہا سو ہم پبلک کے لئے ہیں ہم پبلک کے ان مفادات کے لیے ہیں جن کو ہم سمجھتے ہیں کہ وہ بگڑ گڈ ہے اور جو ہمیں قانونی طور پر میری ڈیوٹی ہے جب میں نے حلف لیا تو میں نے یہ کرنے تھے تو میری ریکویسٹ سب سے یہ ہے کہ جب بھی کوئی کنفیوژن ہے پولیس کو ضرور پوچھیں جتنی ادارے ہیں ان سے پوچھیں ہم سے پوچھ لیں ہر ادارے کے بارے میں پوچھیں ہم جواب دیں ہمیں ایک کنکشن ڈویلپ کرنا ہے اس کے لیے جیسے اپ نے کہا کہ اپ نے سوشل میڈیا پہ ہم اتے بھی ہیں ہمارے اکاونٹ سے اویلیبل ہیں ہمارے نمبر اویلیبل ہیں جس کی کوئی کنفیوژن ہے ہم سے بات کرے پہلے کلیریٹ لے لیں حقیقت کیا ہے جو مرضی کرے اپ دیکھیں گے جب کریگی کوئی بھی نہیں کرے گا کون چاہتا ہے کہ کسی کی فیملی کے ساتھ کوئی بدتمیزی کرے اور لوگ اس کو سپورٹ کریں جو بدتمیزی کر رہا ہے کوئی بھی نہیں ہے,13,7,"[2, 6, 9, 16, 17, 22, 27, 37, 39, 81, 85, 88, 89]","[7, 49, 53, 66, 71, 73, 87]",2,89,1,56,31,"(2, 62.92134831460674)","[0, 0, 0, 9, 0, 0, 0, 0, 9, 0, 9, 0, 0]","[0, 1, 0, 0, 0, 0, 9]"
95.23,@Police_ALL_8P.wav,جب لوگوں کو پتہ لگتا ہے وہ بالکل ہمارے ساتھ ہوتے ہیں جب لوگ ہم سے اکے ملتے ہیں وہ بڑے کلیئر ہو جاتے ہیں سو ہاؤ ڈو یو پرسنل لائف وتھ یور پروفیشنل لائف سروس فور پبلک اس میں ہماری فیملی بالکل کمپرومائز ہو جاتی ہے ہر پولیس والا کام ہے کہ پھر اپ جب شوق سے کرتے ہیں اور اپ کا ائی جی اگر 20 پاورز جاگ رہا ہے 22 اور جاگ رہا ہے تو ہاؤ کام کیا اپ جا کے سو سکتے ہیں یقینا یہ مشکل کام ہے لیکن الٹیمیٹلی ہمیں اس میں بہت سکون ملتا ہے اسکول سے ملتا ہے کہ ہم کچھ ہر روز حاصل کرتے ہیں میں کسی کو ریلیف دیتا ہوں میں کسی کا کام کرتا ہوں میں لوگوں کو انٹرٹین کرتا ہوں میں اپنی ویلفیئر کا کام لوں اس کا کرتا ہوں کانسٹیبل کی پروموشنز کرتا ہوں میں ان کے شہیدوں کو پلاٹ دیتا ہوں حاجی صاحب ان کے گھروں میں ہم جاتے ہیں ہمیں خوشی ہوتی ہے کام کرتے ہوئے لیکن یس فیملی بلکل کمپرومائز ہوتی ہے اس میں بھی میں کہوں گا ہمیشہ کوئی چاہتا ہے تمہاری فیملیز کے ساتھ بات کرے وہ بتائیں گے کہ وہ ہم رات تین بجے جاتے ہیں کمپرومائز لیکن ہم ملک کے لیے پبلک کے لیے یہ کرتے ہیں اور ہمیں بڑی خوشی تھینک یو سو مچ فار یور ٹائم اینڈ ون پولیس ڈیپارٹمنٹ ادارے ہیں تو ہم سکون سے بیٹھے ہوئے ہیں یہ نہ ہو تو ہمارا ملک اور ہم نہ چلیں تھینک یو سو مچ فور واچنگ,15,5,"[3, 16, 19, 30, 33, 34, 34, 46, 50, 56, 62, 63, 77, 90, 93]","[21, 37, 61, 82, 88]",2,95,8,47,35,"(2, 49.473684210526315)","[9, 0, 9, 0, 0, 0, 0, 0, 0, 9, 0, 0, 0, 0]","[0, 9, 0, 9, 0]"
96.55,@Women_Rights_NGNG.wav,اور معاشرے میں توازن تب پیدا ہوتا ہے کہ جب مرد کو برابری کے حقوق ملے اور عورت کو برابری کے حقوق ملیں لیکن ہمارے معاشرے میں ہمارے ملک میں بلکہ اوور ال دنیا کا اگر ہم جائزہ لیں تو یہ ایک روایت چلتی ا رہی ہے کہ ہر جگہ ہر موقع پر ہر سمت میں عورت کو دبانے کی کوشش کی جاتی ہے چاہے وہ گھر ہے چاہے وہ اسکول ہے چاہے وہ دفتر ہے اور چاہے وہ مطلب ایک شادی شدہ عورت ہے یا شادی کے بغیر عورت ہے اس کو کہیں نہ کہیں کسی نہ کسی مقام پے دبانے کی کوشش کی جاتی ہے اور ہر جگہ پے عورت کو یا تو اپنے حقوق کے لئے تگ و دو کرنا پڑتی ہے یا اس کو لڑائی کرنا پڑتی ہے یا پھر یہ ہے کہ وہ اپنی اواز کو دبا کے اپنے جو ہے جذبات کو دبا کر وقت گزارے اور پھر ہوتا کیا ہے کہ اہستہ اہستہ وہ عورت وہ بچی وہ خاتون جو ہے وہ بے شمار نفسیاتی مسائل کا شکار ہو جاتی ہے اور اگر ہم اسی طرح سے معاشرے میں جو ہے برابری کے حقوق کی بات کریں تو چاہے وہ دفاتر ہیں چاہے وہ تعلیمی ادارے ہیں چاہے وہ گھر ہے ہر جگہ پے عورت کو اپنے حقوق حاصل کرنے کے لئے جو ہے نا اپنی لڑائی اپ لڑنی پڑتی ہے اور جس طرح سے میں بات کر رہی ہوں عورت کے حقوق کی تو یہاں پر ہمارے معاشرے کا المیہ یہ ہے کہ ہمارے ملک میں اور بلکہ اوور ال دنیا کا جائزہ لیا جائے تو خواتین پر تشدد کے واقعات جو ہے وہ دن بدن بڑھتے جارہے ہیں اور خاص طور پر اگر ہم بات کریں کہ جو ہے ڈومیسٹک وائلنس کے علاوہ ہم بات کریں تو خواتین پر جو ہے ریپ کیسز میں بھی بہت زیادہ اضافہ ہوتا جا رہا ہے,19,1,"[6, 7, 18, 26, 28, 29, 30, 35, 44, 46, 50, 53, 54, 54, 66, 74, 77, 83, 95]",[95],1,96,13,26,57,"(0, 59.375)","[0, 0, 0, 0, 0, 0, 0, 0, 0, 0, 0, 0, 0, 0, 0, 0, 0, 0]",[0]
46.35,@Women_RightsNGNG.wav,اور المیہ یہ ہے کہ اب تو ایک میچیور یا بالغ خاتون کی بجائے کم سن بچیوں کے ساتھ اور بہت چھوٹی بچیوں کے ساتھ بھی ریپ کیسز میں اضافہ ہوتا جا رہا لمحہ فکریہ ہے کہ ہم لوگوں کو اس بات پر توجہ دینی چاہیے اور اس کے سدباب کے لئے اقدامات کرنے چاہیے چاہے وہ حکومت ہے چاہے وہ انسانی حقوق کی تنظیمیں ہیں ہم سب کو مل کر اس میں اپنا ہاتھ اپنا جو ہے حصہ ڈالنا چاہیے اور اس کے لئے اواز اٹھانی چاہیے تو اج خواتین کے حقوق کے لئے اور ریپ کیسز کے حوالے سے اور ڈومیسٹک وائلنس کے حوالے سے بات کرنے کے لئے میرے ساتھ موجود ہیں سمیرا حسین صاحبہ یہ ایڈوکیٹ ہیں ہائی کورٹ کی اور اس کے علاوہ یہ کافی زیادہ جو ہے انسانی حقوق کی تنظیموں کے ساتھ کام کرتی ہیں اور باقی یہ کیا ہے یہ,5,4,"[1, 5, 37, 41, 44]","[9, 19, 41, 42]",1,46,11,10,25,"(0, 54.347826086956516)","[0, 0, 0, 9, 0]","[0, 9, 0, 9]"
84.8,@Women_Rights_NG.wav,اور سب سے بڑی بات میں اس پروگرام کے ذریعے ایک بات اپنی سوسائٹی کو ماں باپ کو بہن بھائیوں کو یہ کہنا چاہتی ہوں کہ اس سوسائٹی میں ایک عورت بہت میں وہ ان عورتوں کو سلوٹ کرتی ہوں جو باہر نکلتی ہیں کام کرتی ہیں کیونکہ ویسے ہی گھر چھوڑ کے اس کے اوپر بہت سی رسپونس بھی ہوتی ہے گھر کی بچوں کی اور پھر جب وہ کام کرنے کے لئے باہر نکلتی ہے تو اس کے لیے اس پے ٹرسٹ کریں اگر وہ کچھ اکے بتاتی ہے تو اس کو یہ مت کہے کہ گھر بیٹھ جاؤ اس کو کہے ہم تمہارے ساتھ ہیں تاکہ وہ جگہ وہ نہ صرف اوس بچی کے لئے بلکہ انے والے انے والے بچیوں کے لئے بھی ایک ایک بہت اچھا اچھی اکزامپل بن جائے تاکہ اس جو سرانگ میں جس میں چاہے وہ اسکول ہے چاہے وہ افسرز ہیں چاہے وہ کوئی اور وقت جگا ہے جیسے میاں بیوی کا رشتے میں بھی ہراسمنٹ کا جو ہے ڈومیسٹک وینس کا تو اپ ان پر ٹرسٹ کریں ان کے ساتھ کریں کھڑے ہوں اور اس میں امبرس فیل نہ کریں ہمارا سب سے بڑا ڈراب ہے اج تک میں سمجھتی ہوں یہی ہے کہ ہم ان چیزوں میں شرمندگی محسوس کرتے ہیں ہمیں ان چیزوں میں شرمندگی محسوس کرنی چاہیے کہ ہمارے اس طرح پے ٹریکل مائنڈ سیٹ کی وجہ سے ہماری بیٹی ہوا کی بیٹی ہماری بچیاں بہت سفر کر رہی ہیں تو ان کا ساتھ دیں اخر میں اپ ہمارے دیکھنے والوں کو یہ بتائیے گا کہ خواتین کی اگاہی کے لئے خاص طور پر,8,5,"[10, 14, 23, 36, 36, 60, 66, 69]","[18, 42, 42, 50, 74]",1,84,56,16,11,"(1, 66.66666666666666)","[0, 0, 0, 0, 9, 0, 0]","[0, 0, 9, 0]"
62.16,@Women_Rights4_NG.wav,فون کرو بچوں کو بچیوں کی اگاہی کے لئے ہمیں کیا اقدامات کرنی چاہیے سب سے پہلے تو بچوں کی اگاہی کے لئے گھر کا ماحول بہت ہے ایجوکیشن بڑی امپورٹنٹ ہے سوسائٹی میں دیکھیں اج اتنے سال پہلے ہمارے لیڈر قائد اعظم محمد علی جناح ایک بات کہہ رہی ہیں تو مجھے ایک پڑھی لکھی مانو میں تمہیں ایک پڑھا لکھا ماشاءاللہ بیٹوں کی بھی ٹریننگ اتنی ضروری ہے ہمارے گھر میں جب اور اسپیشلی میں یہ کہنا چاہوں گی کہ پیرنٹس کس چیز کا خیال رکھنا چاہیے کہ وہ اپنے بچوں کے سامنے لڑیں گی اپنے بچوں کے سامنے اس طرح اس قسم کے ابیوز لینگویج یوز نہیں کریں کیونکہ اس ان چیزوں کا ایک بچے کی شخصیت پر اتنا برا اثر پڑتا ہے اور وہ خود بخود ہی اونچی اب پتا نہیں چل رہا ہوتا لیکن وہ اس قدر کا ایک کریکٹر سامنے اجاتا ہے کہ وہ بڑا ہو کے وہی جو اپنے باپ کو دیکھتا ہے جو اپنی ماں کے ساتھ دے سلوک دیکھتا ہے یا تو وہ ریوینج میں ائے گا اپنی بیوی کے ساتھ کیا کرے گا یا پھر وہ والا کرنا حق سمجھے گا,6,1,"[28, 36, 40, 40, 44, 45]",[34],1,62,44,6,12,"(1, 70.96774193548387)","[0, 0, 0, 0, 0]",[0]
74.56,@Adnan_NG.wav,سب سے پہلی بات یہ ہے کہ ائی ڈونٹ بیلانگ ٹو ا میوزیکل فیملی فیملی طرح وہ بات جو تھی وہ ایک بڑی انوکھی سی بات تھی میرے خاندان میں کیونکہ میرے والد صاحب جو تھے وہ ڈپلومیٹ تھے 14 کنٹریز اور میرے گرینڈ فادر اینڈ فادر اوریجنل فروم افغانستان تو ہی واز مائی فرینڈ فادرز گورنر ٹو فائیو افغانستان کی فیملی ہے جہاں پر پولیٹیشن ہے سول سرونٹس ہیں لائیرز ہیں ڈاکٹرز ہیں میں اچانک بیچ میں کیا کہتے ہیں ہاؤس دا بلیک شیپ سمجھ لو ہر کلاکار کا ہوتا ہے جہاں پے جو کلاکار کے اندر کی پرابلمز ہوتی ہے اسٹرگل ہوتی ہے انٹرنل اسٹرگل جو کبھی کبھی اپنی میوزک سے ظاہر کر دیتے ہیں اور وہ بات نہیں کر پاتے ایسا کچھ تھا جو اپ جس سے اپ جونجھ رہے تھے جس سے اپ بیٹل کر رہے تھے,3,0,"[28, 40, 64]",[],1,74,4,14,29,"(0, 39.189189189189186)","[0, 0, 0]",[]
75.35,@Adnan2_NG.wav,بہت بہت داستان سنانا شروع کروں گا کل صبح تک ویڈیو مکمل بھوک لکھیں گے میں یہ دعوے سے اپ کو کہہ دیتا ہوں کنوکشن کے ساتھ میں اپ کو یہ تسلی دے سکتا ہوں کہ جو کچھ بھی اب تک میڈیا میں ایا ہے یا جو کچھ بھی ایا جو میڈیا میں ایا ہے وہ میں سمجھتا ہوں کہ وہ 10 بھی نہیں ہے کیونکہ اس کے پیچھے بہت ساری اور ٹوئسٹ ہیں ٹرنز ہیں حقیقتیں ہیں جن کو میں نے بیان کرنا ضروری نہیں سمجھا اور میں نے سوچا کہ وہ اتنی کمپلیکیٹڈ ہے چیزیں کہ ایک پیراگراف میں یا ایک سینٹینس میں مکمل طور پے میں بیان نہیں کر سکوں گا جو لوگوں نے غلط سوچی ہوئی ہے جیسے میری سیٹیزن شپ ہے اس کے پیچھے ایک پاپولر کہانی ہے جو دونوں طرف لوگوں نے بنائی ہے اور ایک حقیقت ہے جو میرے جو لوگ ایکچولی انوس تھے اس کے اندر اس کی جو جو اندرونی کہانی ہے جو حقیقت ہے جس سے میں گزرا تھا,7,4,"[4, 29, 31, 38, 49, 53, 58]","[5, 47, 54, 55]",1,75,3,6,16,"(0, 21.333333333333336)","[0, 0, 0, 0, 0, 0, 0]","[0, 0, 0, 9]"
79.37,@Adnan_N.wav,صرف وہ لوگ جانتے ہیں جو ایکچولی انوالو تھے اس کی حقیقت میں اور وہ میں اگر ایک سینٹینس میں بولوں گا تو وہ مکمل نہیں ہوگا مجھے پھر پوری چیز بتانی ہوگی کہ وہ کیسی ہوئی تو اب کیا ہے کہ وہ ایک پاپولر جو ابھی اج جو حقیقت جو لوگ سمجھ رہے ہیں کہ وہ حقیقت ہے وہ اج ایک پاپولر طور پر مشہور ہوئی ہے کہانی لیکن وہ حقیقت نہیں ہے اصلی کہانی میری کے پیچھے کچھ اور ہے اور وہ جواب سنو گے وہ اتنی خوفناک ہے کہ اپ حیران ہو جاؤ گے دونوں طرف میں اس چیز کا مجھے ایک بات پوچھنی ہے پڑھا ہے کہیں کہیں اور سنا بھی ہے کہ اس دوران جب اپ کو سیٹیزن شپ نہیں ملی تھی پر اپ نے اپلائی کیا تھا دونوں طرف کو پتہ چل گیا تھا کہ اپ ادھر کسی چیز میں شپ کے لیے اپلائی کر چکے تھے تو اپ کو ایک مجھے مطلب مجھے اپ سچ بتانا یہ بات مجھے یہ سننے کو تھا کہ اپ کو بہت سارے ڈیتھ ریٹس بھی ملے اپ کے کنٹری سے مطلب اپ تو ابھی ہمارے تو پاکستان سے اپ کو بہت دلچسپ ملے اور انڈیا اور پاکستان کے بیچ کی جو پولیٹیکل ہستی لیٹی ہے اس کے تحت اپ کو یہاں پے بھی بہت سارا ججمنٹ فیس کرنا پڑا کیا یہ سچ ہے,11,4,"[0, 9, 11, 25, 26, 28, 32, 33, 36, 44, 51]","[9, 23, 27, 68]",1,79,0,10,32,"(0, 40.50632911392405)","[0, 0, 9, 0, 0, 0, 0, 0, 0, 0, 0]","[0, 0, 0, 0]"
63.95,@Adnan__N.wav,لیٹ می بی ریلیونٹ تھنگ سگنی لیکن اس کے علاوہ وہاں سے کچھ تھے تھریٹس لیکن اٹ واز دے یہ چیزیں جو ہیں یہ ایکسپیکٹڈ ہوتی ہے اپنے لیے اپنے فیملی کے لیے فیملی کے لئے تو مجھے میں اپنے لیے کبھی نہیں ڈرتا میں اگر میں اگر مجھے تھوڑا سا خوف ہوتا ہے اپنی فیملی کے لئے ہوتا ہے لیکن اس سے اس سے زیادہ اس طرح سے اس طرح کا بھی خوف نہیں ہوتا کیونکہ اپ کو کیوں دیا جاتا تو اپ کو کہیں کیس پہنچی جو اس کو اینگل دیا گیا ایک پورا کہ اپ کے پاپا,9,0,"[4, 10, 12, 27, 33, 39, 42, 47, 48]",[],1,63,0,4,43,"(0, 68.25396825396825)","[9, 0, 9, 0, 9, 0, 9, 0, 0]",[]
54.68,@Adnan_5_N.wav,کا جو اینگل نکالا گیا کہ اپ کے پاپا پاکستانی ایپ پائلٹ تھی اسی لئے وہ جو ان اینگل تھا کیا اپ کو اس سے کچھ مطلب کچھ بھی فیلنگ ہوئی اپ نے اگر اپ نے مدہ اٹھایا ہے تو مطلب یہ تھوڑی سی عقل والا اٹھاؤ اپ نے یہ کہے کہ جی ان کے باپ جو تھے وہ انہوں نے وہ ایک زمانے میں جنگ لڑی ایک لڑی تھی انہوں نے لڑی تھی ان کی اپنی زندگی ہے انہوں نے لڑکی تھی اس کا میرا کیا تعلق ہے یہاں تو بولو کہ میں نے لڑی ہے تو میں مان جاؤں میں نے تو صرف پیار دیا تمہیں اور کچھ اور میں نے تم سے کچھ نہیں مانگا صرف پیار ہی مانگے تو یہ مطلب یہ کہنا بیوقوفی تھی تو اور پھر دوسری بار جیسے میں نے کہا نہ کہ جیسے وہ گانا ہے کچھ تو لوگ کہیں گے لوگوں کا کام ہے کہنا,6,4,"[23, 37, 42, 42, 49, 54]","[38, 43, 48, 50]",1,54,0,4,33,"(0, 61.111111111111114)","[0, 9, 0, 0, 0]","[0, 0, 0, 1]"
78.0,@Best_Life1_N.wav,انہوں نے مجھے کہا ہے کہ وہ زندگی کے موضوع پر بات کرو اور زندگی ایک ایسا سوال ہے جس کا جواب بہت ہی مشکل ہے اور زندگی ایک ایسا سوال ہے کہ زندگی کیا ہے کہ جس کے جس کا اگر صحیح جواب سب کو پتہ ہوتا تو ہم یہ بات ڈسکشن نہ کر رہے ہوتے دنیا میں جتنے فلاسفر ائے ہیں اور جتنے بڑے لوگ ائے ہیں وہ اس زندگی کے مختلف ڈائمینشن کوئی ایکسپلین کرتے رہے ہیں اور اس کی مختلف تہوں کو کھولتے رہے ہیں تو میں اپنی ایک ہمبل سفر اف ایکسپلوریشن کے اندر سمجھا ہوں اور میرا جو زندگی کے سمجھنے کا ڈائمینشن ہے کیونکہ ہر شخص کا ایک لینز ہوتا ہے نا وہ جیسے جیسے میری عمر بڑھتی گئی تو میری زندگی کو سمجھنے کا جو لینس ہے وہ بہت زیادہ وہی ایک وحی کی جو تعلیمات ہے جو کہ قران کی شکل میں ہمارے پاس ائی ہے اور جو نبی کریم صلی اللہ علیہ و الہ و سلم کی زندگی جو ایک گزار کے یہاں گئے ہیں اور پھر اپنے اصحاب کو ایک تربیت دے کر یہاں سے گئے ہیں ایکچولی ائی ہیڈ مائی جرنی اف دی سائنٹیفک ایکسپلور یو نو ایکسپلوریشن ہے سو مائی ریسرچ,3,8,"[10, 21, 53]","[16, 28, 32, 46, 47, 47, 49, 54]",1,77,7,25,44,"(0, 57.14285714285714)","[0, 0, 0]","[1, 0, 9, 1, 0, 0, 1]"
83.64,@Best_Life_-N.wav,جوک ویدر دیس ریسرچ از ان کلینکل ٹاپکس اویے سوشل ریسرچز دی مین لینس تھرو وچ ائی ہیو کنڈکٹ دو اس پرنسپلز اف انکوائری ہیز بن وحی وہی وہی خدا کے بیس پر میں اپ کے سامنے اپنی ایک نچوڑ پیش کر دیتا ہوں جو میری کنڈر اسٹینڈنگ ہے وہ میں پیش کر دیتا ہوں باقی اپ سارے لوگ کامیاب لوگ ہیں تو جو بھی گریٹ اچیور ہوتا ہے وہ یہ سوچتا ہے کہ اگر میں صحیح نہ ہوتا تو میں پھر یہاں کیسے پہنچتا تو اس لیے میں کسی بھی چیز کو چیلنج نہیں کرتا میں اپنا ایک ایکسپیرینس اپ کے ساتھ شیئر کرتا ہوں میرے خیال میں زندگی کو مختلف لیولز پر گزارا جا سکتا ہے زندگی گزارنے کا جو سب سے نیچے کا لیول ہے وہ لسٹ کا لیول ہے جس میں اپ زندگی میں وہی کچھ کرتے ہیں وہی چیز اپ کے لئے گورننگ فورس ہوتی ہے جو اپ کو مزہ دیتی ہے جس چیز میں مزہ ہے وہ اپ نے کرنا ہے چاہے وہ مذاق کی انکھوں کا مزہ ہے جو اپ کی زبان کا مزا ہے چاہے اپ کے سونے کا مزہ ایا چاہے ٹچ کرنے کا مزا ہے چاہے اپ کی اور ڈیپ کھانے کا مزہ ہے یہ اپ کی ڈیپ بائیولوجیکل نیڈ کے اندر لاسٹ ہے جس قسم کی تو اس لسٹ کی بیس پر اگر اپنی زندگی کو دوسرا سوال کرتا ہے تو یہ ایکچولی میرے خیال میں سب سے لور لیول ہے زندگی گزارنے کا اور,9,14,"[14, 27, 31, 32, 49, 54, 58, 62, 66]","[9, 16, 20, 26, 38, 43, 45, 53, 55, 59, 64, 69, 73, 82]",1,83,3,21,57,"(0, 68.67469879518072)","[0, 0, 9, 0, 0, 0, 0, 9, 0]","[0, 0, 1, 0, 0, 0, 0, 1, 9, 0, 0, 0, 0, 0]"
100.15,@Best_Life3_N.wav,مجھے لگتا ہے کہ یہ نہ لیول جانوروں والا لیول ہے لیکن اگر ہم غور سے دیکھیں تو جانوروں والا بھی ہے لیول نہیں ہے جانور بھی جو ہے وہ لسٹ کی بیس پے زندگی نہیں گزارتا جانور نیڈ کی بیس پر زندگی گزارتا ہے اور جانور ڈیزائر کی بیس پر بھی زندگی نہیں گزارتا تو یہ ایکچولی جانوروں کے لیول سے دو سٹیپ نیچے والا لیول ہے اگر کوئی لسٹ کی بیس پہ زندگی گزارتا ہے لہذا ہمیں دیکھنا چاہیے کہ ہماری ٹیسٹ پر ہمارے کنٹرول کے اندر ہیں ہماری انکھیں ہماری کنٹرول میں ہیں ہماری اور خواہشات ہیں وہ کیا کسی پرنسپل کے تحت کے تابع ہو کر ہم ان کی ایگزیکیوشن کرتے ہیں اگر ایسا نہیں کرتے تو یہ بہت سیریس سچویشن ہے یہ پہلا لیول ہے دوسرا جو لیول ہے وہ ڈیزائر کلر جو میرا دل چاہتا ہے وہ میں نے کرنا ہے یہ اس سے اوپر کا لیول ہے لیکن یہ ہے کہ جو ڈیزائر کا لیول بھی ہے قران کی پوری تعلیمات اس سے بھری پڑی ہے اور ہمارے بڑوں کی زندگی کے پورے اقوال اس پر پڑے پڑے ہیں کہ اگر ہم نے خواہشات کی زندگی کو اپنی زندگی کا مقصد بنایا تو اس دنیا میں اتنی کپیسٹی نہیں ہے کہ کسی انسان کی ایک بھی خواہش کو پورا کر سکے اپ کہے کہ یہ کیا بات ہوئی کسی کی خواہش ہے کہ اس نے ایک بڑی سی مرسیڈیز لینی ہے مہنگی سی مرسیڈیز لینی ہے کوئی یار ولس لینی ہے یا بہت بڑی کسی جگہ پر بہت بڑا گھر لینا ہے تو وہ محنت کر کے لے لے گا لیکن اگر اپ ڈیزائر اور خواہش کا ترجمہ دیکھیں ڈکشنری کا تو اس کے حساب سے ڈیزائر ہوتی ہی وہ ہے جو پوری نہ ہوتی لہذا جوں ہی اپ نے 1 لاکھ روپیہ اچیو کیا اور اپ کی ایک لاکھ کی خواہش تھی تو اپ نے 99 ہزار 900 کیا تو اپ کی خواہش ایک دم دس لاکھ کی ہو جائے,21,13,"[2, 4, 7, 8, 11, 12, 14, 16, 33, 36, 47, 63, 65, 70, 73, 80, 82, 83, 89, 94, 98]","[2, 3, 7, 19, 20, 30, 39, 41, 43, 46, 47, 49, 58]",2,100,2,67,31,"(2, 67.0)","[0, 0, 0, 0, 0, 0, 9, 0, 9, 0, 9, 0, 0, 9, 0, 0, 9, 0, 0, 0, 9]","[0, 9, 0, 9, 9, 0, 0, 9, 0, 0, 0, 0, 0]"
80.55,@Best_Life_N.wav,یہ خواہش کے اندر تو ان بلڈ یہ والی بات ہے تو اس لئے یہ دوسرا لیول ہے اور قران میں یہ واقعات فریب ہے کہ جن لوگوں نے خواہشات کے پاس زندگی گزاری اپنی خواہشیں بھی پوری نہیں کر سکے اور زندگی کا مزہ بھی نہیں لے سکے جو کہ ہو اور اخرت میں کیا ہوگا وہ تمہیں معلوم نہیں اس کا اگلا جملہ نیڈ کل جتنی ضرورت یہ وہ لیول ہے جو کہ ایکچولی اینیمل ہے اور ہم میں سے بہت سارے لوگ ایسے ہیں وہ کہتے ہیں دیکھو جی ایک ادمی پیدا ہوا اس نے اچھی پڑھائی کی اچھی پڑھائی کر کے اس نے میڈیکل کالج فار اکزامپل میڈیکل کالج میں داخلہ لے لیا پھر وہ ڈاکٹر بن گیا پھر اس کے اچھی پریکٹس شروع کر دی پھر اس کے تین چار بچے ہوگئے اور جو پھر اس نے بچوں کو اچھا پڑھا لیا پھر وہ بچوں کو سیٹنگ کر دیا پھر وہ کچھ بیمار رہنے لگا پھر اس کے ہاتھ میں دو اسٹینڈ پڑے پھر اس کو ڈائبیٹیز میں لائٹس ہوگی پھر ایک دن اسٹروک ہوا پھر وہ ہوا لیکن سارے بچوں کو سیٹ کر کے اس دنیا سے چلا گیا دیکھیں تو یہ پورے اسپیکٹر میں کیا زبردست زندگی ہے کہ سارے اپنے پورے کر لیے لیکن میں اپ کو پوری ذمہ داری سے کہتا ہوں کہ یہ ایٹ دا موسٹ اینیمل لیول کیوں کہ یہی سارے کام جانور بھی کرتے جانور کھاتے ہیں پیتے ہیں گرو کرتے ہیں بچے پیدا کرتے ہیں بچوں کو پروٹیکٹ کرتے ہیں ان کی سروائول کے لیے سارے کام کرتے ہیں اور ایک دن اپنی طبعی موت دنیا سے چلے جاتے ہیں انسان,16,12,"[1, 7, 11, 14, 18, 45, 46, 51, 54, 60, 62, 68, 69, 70, 76, 79]","[5, 9, 13, 21, 28, 29, 30, 37, 43, 53, 54, 67]",2,80,2,43,31,"(2, 53.75)","[0, 0, 0, 9, 0, 0, 0, 0, 9, 0, 0, 0, 0, 0, 0, 9]","[0, 0, 0, 0, 0, 0, 0, 0, 0, 1, 0, 0]"
106.07,@Best_Life_5P.wav,توقع ہے وہ لسٹ ڈیزائر نیڈ سے اوپر اور جو ہیومن لیول ہے ہیومن لیول کی سب سے بڑی ریکوائرمنٹ یہ ہے کہ وہ جو کچھ کر رہا ہو اس کے کرنے سے جو ییل ہو رہا ہو جو حاصل ہو رہا ہو دی بینیفیشری اف دیٹ یوز مست بی ناٹ اونلی ہی ہم سیلف از ہاؤس اور ہر پاؤس اینڈ دیر سولنگ اینڈ دیر ہاسپیٹ اس کے بینیفیشری ایسے لوگ بھی ہونے چاہیے کہ جن کو وہ خود بھی نہیں جانتا اور وہ لوگ اس کو نہیں جانتے اگر کسی انسان کی زندگی کی ہیلڈ اور ایفرٹ کا بینیفیشری صرف وہ خود ہے تو یہ تو پھر ایک نیڈ کی گردی روالو کرنے والی لائف ہے اس کا مطلب ہے وہ شخص صرف اپنی فزیکل کے اندر ہی زندگی گزار رہا ہے اور جو چیز ہمیں باقی رکھے گی وہ ہماری صرف فیزیکل نہیں ہے کیونکہ ہماری فزیکل ہماری ہمیں جو چیز سروائی جو ہمیں بچا کے رکھے گی اس کو اقبال کی کتاب ہے ری کنسٹرکشن اف ریلیجس تھاٹس ان اسلام اب سب پڑھے لکھے لوگ ہیں اس کتاب کو گو تھرو کیجئے گا اپ کو ایسے لگے گا کہ اپ کے سامنے پورا پردہ ہٹ گیا ہے اپ کو اندازہ ہوا ہے کہ ایکچولی بینگ ا مسلم ہمیں کیا کرنا چاہیے تھا میں کیا کرنا چاہیے تھا کیونکہ جو اسلام کے جتنے اصول اور جتنی باتیں ہیں نا ان کو ہم کہتے ہیں نا اسلامی قوانین وہ ایکچولی اخلاقی قوانین ہے وہ بیسیکلی انسانی خواتین قوانین ہے اور وہ ایپلیکیشن ہے تمام انسانیت کے اوپر تو یہ والی جو زندگی ہے نہ جس زندگی کے اندر ہمارے بینیفیشری کوئی اور ہوتے ہیں یہ وہ زندگی ہے جو کہ نبی کریم صلی اللہ علیہ وسلم لے کر ائے اور یہ وہ زندگی ہے جو اللہ تعالی نے وحی کے ذریعے سے ہمارے تک پہنچائی,11,8,"[21, 23, 28, 31, 35, 43, 47, 50, 50, 53, 92]","[3, 4, 5, 68, 71, 86, 89, 104]",2,106,6,49,48,"(2, 46.22641509433962)","[0, 0, 9, 0, 0, 0, 0, 0, 0, 0]","[9, 0, 0, 0, 1, 9, 9, 0]"
76.63,@Intolerance_Society_NG.wav,السلام علیکم کیسے ہیں اپ میری اج کی ویڈیو پاکستانی سوسائٹی کے اندر جو ان ٹالرنس ہے جو عدم برداشت ہے اس کے متعلق ہے کہ ہم یہ جو الت کا شکار ہو گئے ہیں کہ ہم ایک دوسرے کی بات کو بالکل برداشت نہیں کرتے اور اوور ال سوشل بیہیویر سوسائٹی بیہیویر وہ اتنا پرتشدد ہو گیا ہے اتنا زیادہ اس میں ایک وائیلنٹ قسم کا بیہیویر اگیا ہے جو کہ بڑا نقصان دہ ہے ہماری قوم کے لیے اپ اگر نیوز پیپرز دیکھ لیں اپ کو نیوز ملیں گی قتل و غارت گری کی دہشت گردی کی ڈکیتی کی اور عجیب عجیب قسم کے جرائم کی ریپس کی اور بہت سارے بہت ہی ڈراؤنے قسم کے جرائم سے بھرا ہوا اپ کو نیوز پیپر ملے گا اپ پولیٹیکل ٹاک شوز دیکھ لیں پولیٹیشن جو ہیں ان کی اسپیچز دیکھ لیں ایک دوسرے کو وہ اس طرح سے ڈاؤن ریڈ کر رہے ہوتے ہیں اور ایسی غلط قسم کی زبان استعمال کی جاتی ہے ایک دوسرے کے بارے میں جو کہ بہت ہی زیادہ مطلب جتنا بھی اس کی مذمت کی جائے کم ہے اپ یوتھ کا بیہیویر دیکھ لیں کہ جو,17,6,"[13, 17, 18, 22, 24, 29, 37, 39, 41, 41, 42, 47, 60, 63, 69, 72, 73]","[2, 26, 42, 46, 48, 63]",1,76,1,0,75,"(0, 98.68421052631578)","[0, 0, 9, 0, 9, 9, 0, 0, 9, 0, 0, 0, 0, 0, 0, 0]","[0, 9, 0, 0, 0, 0]"
92.0,@Intolerance_Society-N.wav,جو ینگ جنریشن ہے ہماری وہ کس طریقے سے بیہیویر اسی طرح اپ یونیورسٹیز کالجز میں چلے جائیں وہاں پہ کس طرح سے جو ہمارے ینگ جنریشن ہے وہ کس طریقے سے گزاری ہے جیسے پچھلے دنوں ہمارے اسلام اباد میں بھی اپ دیکھ لیں کہ قدر یونیورسٹی کافی عرصے کے لیے بند رہی ہے وہ لڑائیوں کی وجہ سے اپس میں اسٹوڈنٹ چھوٹی چھوٹی باتوں پے جو ہے وہ اتنے بڑے بڑے جھگڑے کھڑے کر لیتے ہیں اسی طرح اپ گورنمنٹ کے افس میں جو پبلک ہولڈنگ افسرز ہیں ان میں اپ دیکھ لیں ان میں بہت زیادہ جو افیسرز ہیں وہ ایک دوسرے کی بات برداشت نہیں کرتے اور پبلک کی تو بالکل برداشت نہیں کرتے مطلب وہ کہتے ہیں کہ اپ کون ہوتے ہیں ہم سے جواب طلب کرنے والے اور کس طریقے سے اپ بات کر رہے ہو اور اس طرح کی بات ہے اپ کورس میں چلے جائیں اپ کو روزانہ کی بنیاد پر ایسے کیسز ملیں گے جو کہ اپ حیران رہ جائیں گے کہ یہ ہماری سوسائٹی میں ہو رہا ہے یہ ہمارے معاشرے میں ہو رہا ہے تو ان سب چیزوں کو دیکھتے ہوئے میں نے یہ سوچا تھا کہ میں ایک ویڈیو بناؤں جس میں میں ان فیکٹرز کو ان ریزنز کو ائیڈیا کر سکوں اپ کے سامنے لا سکوں جو جو اس کے پیچھے ہیں اس سوشل انٹریم کے جو پاکستانی سوسائٹی ہے جو عدم برداشت ہے ہماری سوسائٹی میں ہمارے معاشرے میں اس کی جو وجوہات ہیں وہ میں اپ کے سامنے ویسے تو بہت زیادہ وجوہات ہیں لیکن جو چی فیکٹرز ہیں جو کی ریزنز ہیں وہ میں اپ کے سامنے پیش کرنا چاہ رہا ہوں,10,2,"[18, 24, 33, 36, 38, 39, 55, 74, 85, 86]","[12, 16]",1,91,0,0,91,"(0, 100.0)","[9, 0, 0, 9, 0, 0, 9, 9, 0, 0]","[1, 0]"
94.37,@Intolerance_Society-2N.wav,میں جو جو میرا ٹارگٹ ہے بیسیکلی وہ نہ صرف ریسرچرز اور اسٹوڈنٹس اف سوشل سائنسز ہیں بلکہ وہ ایک عام لیمن کے لئے بھی میری کوشش ہے کہ اس کو بھی میری بات سمجھ ائے اور وہ انڈرسٹینڈ کرنے کی کوشش کرے گی واٹ ار دا کی فیکٹر واٹ ار دا ریزنز بھائی ان پاکستانی سوسائٹی تو یہ ایک قسم کا اپ کہہ لیں ریسرچ کوسچن ہے جو میں نے جو فیکٹرز یا ریزنز جو کی ریزنز ہیں وہ جو اڈا فائی کی ہیں وہ اس میں ون بائی ون میں اس پے چلتا ہوں جو سب سے پہلا ریزن ہے وہ ہے ہسٹوریکل جو ایونٹس ہے انہوں نے ہماری سوسائٹی پر بہت زیادہ اثر ڈالا ہے اس میں کشمیر ایشو ہے کشمیری ایشو اپ دیکھ لیں کہ جو انڈین اکوپمینٹ تو یہ جو یہ جو لڑائی جاری ہے یہ ہماری سوسائٹی کے ذہنوں پے بہت زیادہ اثر انداز ہوتی کیونکہ ہم روزانہ دیکھتے ہیں نیوز میں دیکھتے ہیں پڑھتے ہیں کہ کبھی شیلنگ ہو رہی ہے کبھی ناحق جو ہے وہ ان کو مارا جا رہا ہے کشمیریوں کو انوسنٹ کشمیری ہیں ان پہ روزانہ کی بنیاد پر مظالم ہو رہے ہیں اور جو,9,3,"[4, 5, 10, 55, 56, 71, 72, 85, 92]","[13, 16, 29]",1,94,0,0,94,"(0, 100.0)","[0, 0, 0, 0, 0, 9, 0, 0, 0]","[1, 0, 0]"
93.99,@Intolerance_Society-3N.wav,لیا ہے وہ اس کو پاکستان کے ساتھ جو ریلیشنز ہیں وہ اسے ایک کشمیر ایشو کی وجہ سے بہت زیادہ خراب ہے اور ائے دنوں جو ہے وہ ہماری جو جنگ ہے وہ جاری رہتی ہے اس میں ہم حالت جنگ میں رہتے ہیں ہم کبھی بھی حالت امن میں نہیں رہے اس کشمیری ایشو کی وجہ سے انڈیا کے ساتھ تو ایک قسم کا ہمارا ہر وقت کچھ نہ کچھ تنازعہ چلتا رہتا ہے دوسرا جو اسی سلسلے کا جو دوسرا حصہ ہے وہ افغان وار ہے کہ 1979 سے اوور اج تک جو ہے وہ ہم ہمارا یہ بارڈر جو ہے وہ بھی ان سے کیور ہو گیا بالکل اپ کہہ لیں کہ ایک قسم کی لڑائی کا ایک ایک وار والا سسٹم چل رہا ہے اس اس سائیڈ کو لے کے بھی مغرب والی سائیڈ کو بھی لے کے تو اگر اپ وہ دیکھ لیں مجھے یاد ہے بچپن میں کہ کوئی ہمارا شہر جو ہے وہ اس سے خالی نہیں تھا جس میں دھماکے نہ ہوئے ہوں جس میں کوئی پرابلم نہ ہوئی ہو جس میں دہشت گردی کا کوئی عنصر شامل نہ ہو تو وہ کوئی بھی علاقہ ہمارا روکا نہیں پھر اپ دیکھ لیں کہ ہماری جو ریلیجن کو لے کے جو سیکٹری ینس ہوا ہے اس میں اپ شیعہ سنی کا جو اپس میں جھگڑا کھڑا کر دیا گیا پراکسی وارز لڑی گئی دوسرے ملکوں نے ہمارے ملک کو جو ہے تختہ مشق بنایا اور اپنی جو لڑائیاں تھی ہماری سرزمین پر لڑی گئیں تو اس میں ریشل ایشوز کو ایتنی کے ایشوز کو لے کے بہت زیادہ قتل و غارت گری ہوئی تو اس کا بہت زیادہ ہماری سوسائٹی پہ ہو رہا ہے امپیکٹ پڑا ہے,23,4,"[7, 7, 11, 14, 14, 16, 17, 23, 24, 37, 54, 54, 56, 58, 58, 60, 62, 65, 74, 82, 88, 88, 91]","[16, 21, 39, 70]",1,93,0,0,93,"(0, 100.0)","[0, 0, 0, 0, 0, 0, 0, 9, 0, 0, 9, 0, 0, 0, 0, 9, 0, 9]","[1, 0, 9, 9]"
117.91,@Intolerance_Society-4N.wav,اچھا اس کے علاوہ جو سیکنڈ اپ کہہ لیں کہ سیکنڈ موسٹ امپورٹنٹ چیز ہے وہ پولیٹیکل انسٹی بلٹی ہے پاکستان تہتر سالوں میں پاکستان جو ہے پولیٹکلی کبھی بھی مستحکم نہیں ہوا وہ کبھی بھی اپنے اپ کو یہ کلیم نہیں کرسکتا کہ پولیٹیکل میچور ہو چکا ہے اور بالکل سکون میں کبھی بھی نہیں ہوا ایسا اور اج تک جاری ہے کہ پولیٹیکل انسٹی بلٹی جو ہے وہ ہماری بہت بڑی وجہ ہے ایک سوشل انٹیل کا جو سوسائٹی میں ایک گیسو بیہیویئر پایا جاتا ہے اچھا اس کے علاوہ ایک جو موسٹ امپورٹنٹ جو اس میں سب سے بڑا فیکٹر ہے جو اوپر سے لے کر نیچے تک ہر جگہ پے جس کا اثر ہے وہ ہے فائنینشل ایشوز فنانشل ایشوز اگر اپ دیکھیں تو اس میں جب بھی ہم نیوز دیکھتے ہیں اور بجٹ اتا ہے اس میں ہمیں اقامن جو ورڈز ہیں ان میں اپ بجٹ ڈیفیسٹ کا ورڈ ہے ہمارا جو خسارہ ہے بجٹ میں خسارہ یہ کامن ورڈ ہے ہمارے یہاں کے جی ہم جو ہے وہ بجٹ مائنس میں جارہا ہے ہمارے جو ایکسپرس ہیں گورنمنٹ کے یا جو امپورٹ بل ہے وہ ہماری کمائی سے زیادہ ہے اگر ہم کما رہے ہیں 5 رز تو ہمارا جو ایکسپرینس ہے وہ رز 10 یا اس طرح ہے یعنی الموسٹ ڈبل اس سے بھی کہیں زیادہ تو ہم جو ہے وہ بجٹ ڈیفیسٹ میں ہمارے جاتے ہیں اور اس فنانشل ایشو کی وجہ سے جو نچلا طبقہ ہے وہ بیچارہ پس جاتا ہے وہ اوپر سے نیچے تک مثلا بڑے تاجروں سے لے کے چھوٹے تاجروں تک اور ایون جو لیبر ہے اس کے اوپر بھی اس کا بہت جو ہے وہ بڑا اثر پڑتا ہے اور اس کا بہت گہرا تعلق ہے اوورال جو جو ذہنی ہر وقت بندہ جو ہے اسٹریس میں رہتا ہے اور ہر وقت جو ہے وہ اس کو یہی فکر پڑی رہتی ہے کہ میں جو ہے وہ کماؤں گا کیسے اگلے مہینے کا خرچ کیسے چلے گا اور ڈے ٹو ڈے میرے ایکسپریس کیسے میٹ ہوں گے,12,10,"[5, 11, 15, 18, 19, 40, 65, 67, 77, 84, 97, 113]","[0, 11, 11, 18, 20, 31, 37, 87, 94, 100]",1,117,0,1,116,"(0, 99.14529914529915)","[0, 0, 0, 0, 0, 0, 0, 0, 0, 0, 0, 0]","[0, 1, 0, 0, 0, 0, 9, 0, 0]"
127.32,@Intolerance_Society-5N.wav,اچھا اس کے علاوہ ایک اور جو جو میں نے جو کی ریزن جو ڈھونڈی ہے وہ ہے میڈیا ڈسکورس جو میڈیا کی لینگویج ہے میڈیا میں اپ جو ہے وہ پرنٹ میڈیا لے لیں کنوینشن میڈیا لے لیں جس میں ٹی وی بھی اتا ہے اس میں ریڈیو بھی اتا ہے اور اس میں ایک اور میڈیا شامل ہو گیا ہے وہ سوشل میڈیا لے لیں جس میں پرنٹ میڈیا اپ ٹی وی لے لیں ریڈیو لے لیں اور سوشل میڈیا لے لیں یہ چاروں اگر چیزیں شامل کریں تو ان کی جو لینگویج ہے وہ اتنی وائلنٹ قسم کی ہوتی ہے اور اتنی سنسنی خیز قسم کی زبان استعمال کرتے ہیں کہ ہمارا جو دماغ ہے وہ کبھی بھی اسکول کی حالت میں نہیں رہتا میرا جب بھی یونی بلڈ پریشر ہائی ہوتا ہے تو میں کچھ عرصے کے لیے جو ہے وہ نیوز دیکھنا بند کر دیتا ہوں اور میرا بلڈ پریشر نارمل ہو جاتا ہے اور اپ یقین کریں کہ بہت سارے جو میرے دوست ہیں باپ ہیں ان کو بھی میں نے یہ مشورہ دیا اور انہوں نے نیوز دیکھنی چھوڑ دیے اور بالکل بہت اچھے طریقے سے جو ہے انہوں نے قابو پا لیا ہم اپنے جو بلڈ پریشر ہے اس طرح کی ٹینشن سے تو میں نے تو ویسے بہت عرصہ ہوگیا نیوز جو ہے وہ اس طرح کی نہیں دیکھی ویسے کالم پڑھ لیتا ہوں چونکہ وہ میری ایک عادت بن گئی ہے کہ صبح صبح اٹھ کے تین چار جو نیوز پیپرز ہیں نیشنل انٹرنیشنل ان کے جو کالمز ہیں اوپینین ہیں وہ پیڈس ہیں ان کو میں لازمی پڑھتا ہوں تاکہ پتہ چلے کہ اس پاس ہو کیا رہا ہے تو یہ بہت ضروری ہے کہ اپ کو پتہ چلے تو اس کے علاوہ اگر اپ یہ تو میں نے کنوینشن میڈیا میں کچھ اپ کو نیوز کے بارے میں بات کریں اپ ڈرامہ انڈسٹری لے لیں اور جو موویز کی ہے فلم کی انڈسٹری لینے اس میں بھی یہی حال ہے اپ ڈرامہ دیکھ لیں اس میں ڈرامہ جو ہے وہ رونے دھونے والا ڈرامہ اس میں ٹینشن اس میں وہ ایک ہوتا ہے نہ فریل ہوتی ہے ایک وہ سسپینس ہوتا ہے اب وہ سسپینس اور تھری لو اس طرح کی چیزوں کے علاوہ جو ہمارا میڈیا دکھا رہا ہے جو چیزیں ہم دیکھ رہے ہیں ڈرامہ میں اور اس طرح میں وہ بہت وائلٹ قسم کی چیزیں دیکھ رہے ہیں اور اس کے علاوہ ایک اور بڑا خطرناک قسم کا جو ایلیمنٹ شامل ہوگئے وہ ولی کے شامل ہوگئے,10,9,"[37, 38, 45, 57, 68, 73, 74, 81, 107, 124]","[0, 30, 32, 33, 51, 58, 71, 120, 124]",1,127,2,0,125,"(0, 98.4251968503937)","[0, 0, 0, 0, 0, 0, 0, 0, 0, 0]","[0, 9, 1, 1, 1, 0, 0, 0, 0]"
84.36,@Intolerance_Society-7N.wav,ہمارے جو جو مقدس رشتے ہیں ان کے اوپر جو ہے وہ اسٹوریاں منائی جاتی ہیں ان کو پامال کیا جاتا ہے اور ان کے اوپر ایسی بیہودہ قسم کی سٹوریاں بنا کے ڈرامے چل رہے ہیں کہ اپ فیملی کے ساتھ بیٹھ کے اپ اپنے بچوں کے ساتھ یہ پیرینٹس کے ساتھ یا بہن بھائیوں کے ساتھ بیٹھ کے وہ ڈرامہ نہیں دیکھ سکتے جو کہ بہت ہی زیادہ ورکر قسم کے انہوں نے ٹاپکس اٹھائے ہوئے ہیں ریٹ ہماری کورٹس نے میرا خیال ہے ابھی ریسنٹ بہت قریب ہی انہوں نے ارڈر کیا ہے کہ کچھ رشتے ہیں ان کو انہوں نے ڈیفائن کیے کہ ان رشتوں کو اپ نے پامال نہیں کرنا اس کے بارے میں اپ نے نیگیٹیو جو ہے وہ اسٹوریز نہیں لکھنی تو مجھے امید ہے کہ وہ تھوڑی سی لسٹ انکریز ہوگی تھوڑی سی بڑھے گی تاکہ جو میڈیا کے جو جو اسپیشلی ہمارے رائٹرز ہیں اور بڑے مشہور رائٹرز ہیں جو اپ کو میں کیا ایگزیمپل دوں کہ بہت ہی مشہور قسم کے ڈرامہ نگار ہیں انہوں نے ڈرامہ سے لکھے ہیں اپ اگر پیچھے چلے جائیں پی ٹی وی ولڈ کلاسیکس میں تو ایسی کوئی چیز اپ کو وہاں نہیں ملتی تھی بڑی خوبصورت ڈرامے ہوا کرتے تھے بہت ہی مطلب ہنسی نہ معین بانو قدسیہ اشفاق احمد اس طرح کے جو لوگ تھے وہ لکھا کرتے تھے اور اصغر ندیم سید اس مطلب کے بہت اچھے قسم کے رائٹر سے جو کہ ایک خاندانی جو اقدار تھے ہماری سوشل نامز اینڈ ویلیوز کو لے کے اس کے ساتھ وہ چلتے تھے لیکن جو اجکل ڈرامہ ن,12,12,"[1, 9, 20, 22, 36, 39, 40, 58, 62, 63, 67, 83]","[3, 8, 9, 23, 42, 49, 54, 54, 64, 65, 75, 75]",1,84,0,0,84,"(0, 100.0)","[0, 0, 0, 9, 0, 0, 0, 0, 0, 0, 9, 0]","[0, 0, 9, 0, 0, 9, 0, 0, 0, 0]"
95.71,@PTA Phones_N.wav,السلام علیکم میں اپ کازب عبدالو لاہوری اور اج میں اپ سے بات کرنے والا ہوں ایک بہت امپورٹنٹ ٹاپک کے اوپر جو ہے نون کسٹم ائی فون یا پھر اینڈرائیڈ فون ایک سائیڈ پہ تو ہماری سمارٹ فون انڈسٹری جو حالات چل رہے ہیں ٹھنڈی پڑی ہوئی ہے اور دوسری سائیڈ پے نان کسٹمز مل رہے ہیں بھائی یہ سمارٹ فون بھی رہے ہیں تو مجھے بہت یوزر اڈینس ہے ڈیمانڈ کر رہی تھی کہ بھائی نون کسٹم جو فونز ہے ان کو کور کیا جائے اخر یہ اتنے سستے کیوں ہیں ان کو لینا چاہیے یہ ریئل ہوتے ہیں یا فیک ہوتے ہیں تو اج کی ویڈیو پوری دیکھ لینا میں ان نون کسٹمر فونز کی کمپلیٹ ڈیٹیلز اور ان کا خلاصہ کرنے والا ہوں اور اس ویڈیو کو زیادہ سے زیادہ شیئر کرنا اس میں اپ کا اور ہر دیکھنے والے کا فائدہ ہے دیکھو بھائی جب بھی کسی بندے کو کسی بھی فیلڈ میں انفارمیشن کی کمی ہوتی ہے نا اس کو چونا لگنے کے چانسز سب سے زیادہ رہتے ہیں اس فیلڈ میں اب موبائل فون کی فیلڈ میں اسی چیز کا جو فائدہ ہے یہ نون کسٹم فونز والے اٹھارہے ہیں دیکھو اپ نے نون کسٹم کارز کا سنا ہوگا کہ کروڑوں والی جو کارز ہیں نون کسٹم پیڈ میں چند ایک لاکھ میں مل جاتی ہیں لائک پاکستان میں چمن بارڈر والی سائیڈ پر اس طرح کے کام ہوتے ہیں اور کچھ ادر الیکٹرونکس ایٹم بھی ہے جو نان کسٹم پیڈ سمگل اوکے لائیک بارڈر سے اتی ہے افغانستان والی سائیڈ سے کسٹم ٹیکس نہیں ہوتا بٹ فونز کے کیس میں نان کسٹم فونز ایگزسٹ نہیں کرتے بھائی یہ جسٹ ایک فراڈ ٹرم ہے اس کا فائدہ جو فراڈ کرنے والے ہیں وہ اٹھاتے ہیں اور لوگوں کو بے وقوف بنا کے بس ان کا پیسہ لوٹا جاتا ہے تھوڑا میں اور ایکسپلین کر دیتا ہوں اس چیز کو دیکھو پاکستان میں جو فونز ہے ان کی دو ہی ٹائپ ہو سکتی ہیں یا تو وہ نون پی ٹی اے ہوگا یا وہ پی,12,5,"[26, 29, 33, 37, 38, 45, 49, 52, 66, 74, 77, 88]","[6, 20, 41, 53, 80]",1,95,13,2,65,"(0, 68.42105263157895)","[9, 0, 0, 0, 0, 0, 0, 0, 0, 9, 0, 0]","[0, 9, 1, 0, 0]"
96.04,@PTA Phones Mix_N.wav,یہ جو نون کسٹم فون والا رونگ نمبر انا یہ وہ فراڈی فٹ کرتے ہیں اس بندے کے مائنڈ میں جس کے پاس انفارمیشن نہیں ہے یا اس نے ابھی میری یہ والی ویڈیو نہیں دیکھی اب جو اگر فون باہر سے بھی لے کے ارہا ہے بندہ وہ نان پیتی ہے نون پی ٹی اے فون کو یوز کرنا پاکستان میں بالکل لیگل ہے 100 لیگل ہے بٹ وہ فون 60 دن چلے گے پی ٹی اے کو تو سیم اس کی بلاک ہو جائے گی یہ جو پی ٹی ائی کے ٹیکس کی اماؤنٹ ہے نا اس کے اندر ہر طرح کی کسٹم ڈیوٹی ہر طرح کی ریگولیٹری ڈیوٹی سیل ٹیکس ایڈیشنل سیل ٹیکسیز ہے نہ وہ سارے ڈال کے یہ اماؤنٹ بنتی ہے تو نون کسٹم فونز کیسے ہو گیا اور یہ جو فراڈی ہے نہ یہ کہتے ہیں جی ہم نے فون باہر سے الیگل منگوایا ہے یہ نون کسٹم پیڈ ہے اس لئے ہم سستا بیچ رہے ہیں بٹ یہ پی ٹی اے مطلب ان کی اپنی باتوں میں اس طرح ہے میں نے خود اس چیز کو ایکسپیرینس کیا ہوا ہے ان کے ساتھ چیٹ کر کے تب ہی میں اپ کو یہ ویڈیو دے رہا ہوں اب یہ جو کیٹ فون اج کل چل رہے ہیں مارکیٹ میں یہ گرے چینلز کے ذریعے اتے ہیں بٹ اپ نے دیکھا ہے کہ ایک فون سستا ہے 80 دیکھ لو ایل جی بی 60 دیکھ لو 60 65 ہزار چل رہا ہے وہ تو سستے نہیں مل رہے ابھی جو کیک فون ہوتے ہیں ان کا جو کیک فونز کا پی کے ٹیکس کم ہے ان کا اگر اپ ٹیکس پے کر دیتے ہو چاہے وہ الیگل طریقے سے پاکستان میں ایا ہے بٹ اپ نے جب اس کا پی ٹی اے ٹیکس افیشل پے کر دیا ہے تو وہ فون ہنڈریڈ پرسنٹ لیگل ہوگیا ہے اور جن فون کا ٹیکس زیادہ ہے پھر ان کو پیچ کیا جاتا ہے تو یہ کہانیاں یہاں پہ یہ جو نون کسٹم فونز ہے نا یہ جسٹ ایک رونگ نمبر ہے جو وہ فراڈی ہے فٹ کر دیتے ہیں ایسا کوئی چکر ہوتا ہی نہیں ہے فون کے اندر اب مین,11,6,"[7, 9, 17, 31, 37, 48, 66, 66, 71, 84, 94]","[8, 30, 30, 42, 49, 61]",1,96,17,0,68,"(0, 70.83333333333334)","[0, 0, 0, 0, 0, 0, 0, 0, 0, 0]","[0, 9, 0, 0, 0]"
98.59,@PTA Phones Mix3_N.wav,اشو ہے کہ یہ فراڈ اکے چلتا کہاں پے ہے یہ جو مطلب نیٹ ورک کہاں سے چل رہا ہے دیکھو یہ چل رہا ہے سوشل میڈیا سے فیزبک پر چل رہا ہے فیزبک پر پیجیز بنے ہیں گروپس بنے ہوئے ہیں پھر وہاں پے پکچرز دیکھتے ہو پھر ان کا واتساپ گروپ اپ جوائن کر لیتے ہو وہاں پے اپ کو یہ ڈیلی بیس کے اوپر پتا نہیں اپ ڈیٹس دے رہے ہوتے ہیں کہ یہ پکچرز کنڈیشن میں پڑا ہوا ہے نون کسٹم ہے اس کا اتنا ٹیکس کہہ رہا ہوں بڑا فراڈ چل رہا ہے بٹ او ایل ایکس پے نون کسٹم کا کام چل رہا ہے دوسری جو ٹائپ ہے وہ زیادہ چلتی ہے اس کو میں اگے ایکسپلین کر دیتا ہوں تھوڑا تاکہ وہاں سے بھی اپ کی بچت ہو جائے اپ ڈیلی بیس پر دیکھ رہے ہو ایک سائیڈ پے دیکھ رہے ہو کہ یار 464 والا جو بوکس پیک فون ہے پاکستان میں 70 ہزار روپے کا ہے دوسری سائیڈ پہ اپ کو مل رہا ہے 20 25 ہزار روپے کا تو یہ لے لینا چاہیے تو بڑے پروفیشنل طریقے سے یہ جو بندے ہیں نہ فراڈی کے یہ رونگ نمبر اپ کے مائنڈ میں فٹ کر دیتے ہیں اور اپ کو پکچر بھی سینڈ کریں گے ویڈیوز بھی سینڈ کریں گے فونز کی اپ کو شیشے میں اتارنے کی کوشش کرتے ہیں کسٹمر کے ریویو دکھاتے ہیں اپ کو اپ کو پیمنٹ کی رسیدیں دکھا دیتے ہیں کہ یار یہ فلاں مطلب بندے نے ہمیں پیمنٹ بھی کی ہے یہ بھی اپ دیکھ لو یہ ساری چیزیں دیکھنے کے بعد نا بندے میں لالچ ائی جاتا ہے بھائی اور لالچ بری بلا ہے جہاں پے بندہ پھر لالچ کرتا ہے وہاں پر جاتا ہے تھوڑی سی کامن سینس یوز کرنی چاہیے بندے کو اور یہ ٹوٹل فراڈ ہے نا ان کے ساتھ جب اپ واتساپ پے ڈیل کر رہے ہوتے ہو اپ ان کو کہتے ہو کہ میں نے فیس ٹو فیس ڈیل کرنی ہے یہ اس کا بھی کہہ دیتے ہیں ٹھیک ہے بھائی فیس ٹو فیس ڈیل بھی ہوجائے گی مطلب اپ کو اعتماد میں لینے کے لئے,10,5,"[10, 11, 19, 29, 32, 53, 75, 77, 77, 79]","[18, 23, 37, 94, 97]",1,98,15,3,74,"(0, 75.51020408163265)","[0, 0, 0, 0, 0, 0, 0, 0, 0]","[1, 0, 0, 0, 0]"
63.48,@PTA Phones Mix4_P.wav,فیزبک ڈیل ہے اس کو پرافل کیا کرو ایڈوانس پیمنٹ والے چکر میں الیکس کے اوپر نہ پڑھا کرو اس کے علاوہ اور بہت سارے فراڈ چل رہے ہیں گو اوے چل رہے ہیں میرے چینل کے اوپر وہ میرا ہی لوگو لگاکے نہ کچھ ہیکرز ہیں وہ گو اوے کر رہے ہیں جی اپ کا گیوے نکل ایا ہے وہ جو بندہ ہے مجھے سینڈ کر دو میں ہیکرز کو بلاک کرتا رہتا ہوں اور بھی مطلب بہت سارے اسکینز ہیں ان کو پھر کسی ویڈیو میں کور کریں گے بیسیکلی جو میں اویرنس کریٹ کرنا چاہ رہا تھا کہ یہ جو نان کسٹم فونز کے نام پے اسکیم ہو رہا ہے اج کل بہت زیادہ ہو رہا ہے تو اس سے اپ کو بچ کے رہنا چاہیے تو یہ تھی ساری کہانی ائی ہوپ کہ چیزیں اپ کو کلیئر ہوئی ہوں گی اگر اپ کے ساتھ اس طرح کا جو اسکیم ہے نون کسٹم فونز والا وہ ہو چکا ہے تو نیچے کمنٹس میں اپنا فیڈبیک ضرور چھوڑ دینا تاکہ اس کمینٹ کو پڑھ کے اگلے کسی بندے کا بھلا ہو سکے ویڈیو کو زیادہ سے زیادہ شیئر کرو تاکہ جو بندے ہے نا جو سٹیل ابھی سوچتے ہیں میں ان کسٹم فونز کو بائے کرنے کا وہ اس فراڈ کی زد میں نہ ائیں وہ بچ سکیں اس ویڈیو سے تو یہ ویڈیو یہیں تک تھی ملتے ہیں نقش کچھ ویڈیو میں تھینکس فار واچنگ اللہ حافظ,6,2,"[4, 12, 31, 49, 50, 57]","[4, 10]",1,63,14,1,41,"(0, 65.07936507936508)","[0, 0, 0, 0, 0, 0]","[0, 0]"
98.71,@M_Nawaz_NG.wav,چیف ارگنائزر ہونا اپ نے اج تک زندگی میں کبھی کوئی الیکشن نہیں لگا گلگت بلتستان کے اندر الیکشن کیمپین اپ نے لیٹ کی موسم میں ایک نون ہار گئی ازاد جموں کشمیر میں الیکشن کیمپین لیڈ کی ہار گئی اپ لوگوں کے اپنے ٹینیور کے اندر چیئرمین نیب کو توہین عدالت نہیں ائے تو سب سے پہلے جنرل باجوہ جنرل فیض کا کورٹ مارشل ہم کر کے دکھائیں گے السلام علیکم ناظرین میں ہوں منصور علی خان اپنے اس خصوصی پروگرام میں اپ کو خوش امدید کہوں گا اج اس خصوصی پروگرام میں بڑی خصوصی مہمان کو اج اپنے پروگرام میں ہم نے دعوت دی ہے اج ہمارے ساتھ موجود ہیں اس میں ایک نون کی سیدھے نائب صدر اور چیف ارگنائزر مریم نواز صاحبہ السلام علیکم بھائی کیسی ہیں اپ خیریت سے میں بالکل ٹھیک ٹھاک چیف ارگنائزر کا لفظ استعمال ہوا کل پرائم منسٹر شہباز شریف صاحب نے حامد میر صاحب کے ساتھ جو انٹرویو کیا اس میں جو انہوں نے بات کی میرے متعلق میرے لئے وہ بہت بڑا میڈل ہے اکنالجمنٹ ہے میری جو پارٹی کے لئے میں نے دن رات ایک کیا پچھلے 5 6 سال بڑے پیشن اٹلی میں نے کام کیا اور سب سے بڑھ کر ائی تھنک کہ اس چیز کی ایک نالج ہے جو عوام کے ساتھ میرا ایک رشتہ بنا اور پارٹی کی زندگی کے ٹف ٹائم,8,7,"[6, 22, 23, 37, 52, 59, 86, 90]","[23, 27, 58, 59, 62, 65, 77]",1,98,43,1,52,"(0, 53.06122448979592)","[0, 0, 0, 0, 0, 9, 0, 0]","[0, 0, 0, 0, 0, 0, 9]"
100.64,@M_Nawaz-2_N.wav,فیض اور جنرل ندیم بیٹھے ہوئے تھے وہاں پے شہباز شریف صاحب تشریف لے کر ائے تو انہوں نے ان سے پوچھا اکارڈنگ ٹو شہباز شریف صاحب جنہوں نے کہا کہ جی ہم اپ کو وزیراعظم بنا دیتے ہیں اپ اپنے بھائی کو چھوڑ دیں تو میں نے کہا نہیں میں نہیں چھوڑوں گا اور پھر الٹیمیٹلی اس کی وجہ سے دا ہول گیم بین ٹو عمران خان صاحب اپ نے سنا ہوگا یہ شعبہ شیخ صاحب مجھے اس میں شہباز شریف صاحب کے اس بیان سے پہلی بات تو چار لوگ وہاں پہ بیٹھے ہوئے تھے تو وی کینٹ ویریفائی دیس اور میں نے جب جنرل باجوہ سے ایگزیکٹلی اس بارے میں پوچھا تو انہوں نے کہا نہیں اس طرح نہیں ہوا تھا بات کچھ اور طریقے سے ہوئی تھی خیر اب شہباز شریف صاحب کہتے ہیں کہ اس طرح ہوا تھا سو بیسیکلی اگر میں اس کانسیپٹ سے جاؤں تو وہ یہ کہہ رہے تھے کہ ایک ان ڈیموکریٹک طریقے سے شہباز شریف صاحب کو وزیراعظم بنا دیا جائے گا اگر وہ نواز شریف صاحب کو چھوڑ دیں ووٹ کو عزت دو کانسیپٹ نہیں بنتا ہے یہ غلط بات ہے عوام کا جو ووٹ ہے وہ بندہ وزیراعظم بنے بٹ دین جب جنرل بادشاہوں کو ایکسٹینشن دینے کی بات اتی ہے تو اپ کی پوری پارٹی جو ہے وہ ایکسٹینشن دینے کے لئے لائن میں کھڑی ہو جاتی ہے جہاں تک اپ نے شہباز صاحب کی اسٹیٹمنٹ کی بات کی تو شہباز صاحب نے وہ افریق سیٹ نہیں کی اس نے کر لی اس نے ان کانسٹیٹیوشنل کام کیا اور اسی لئے اج اس کا یہ حال ہے اور جہاں تک اپ نے ایکسٹینشن کی بات کی اس وقت بھی میرا کیا موقف ہے اج بھی میرا کیا موقف ہے وہ میں نے رپیٹ کر دیا میں بالکل اپنے اس پارٹی کے فیصلے سے خوش نہیں تھی ناظم مریم نواز صاحبہ کے ساتھ گفتگو کا سلسلہ ہمارا جاری ہے یہ اس پروگرام کا پہلا پارٹ تھا ان شاء اللہ کل اپ دوسرا پارٹ بھی دیکھ سکیں گے اس کے اندر بھی کچھ بڑے انٹرسٹنگ سوالات ہیں کل انشاء اللہ اپ سے دوبارہ ملاقات ہوگی اللہ حافظ,14,11,"[14, 15, 18, 33, 34, 52, 53, 57, 64, 70, 73, 84, 86, 87]","[0, 3, 7, 23, 35, 37, 38, 40, 46, 49, 51]",1,100,19,3,78,"(0, 78.0)","[0, 9, 0, 9, 0, 9, 0, 0, 0, 0, 0, 9, 9, 0]","[0, 0, 9, 0, 1, 0, 0, 0, 0, 1, 0]"
88.96,@M_Saad_RAfiq_NG.wav,مشرف دور میں میں بہت سختی کاٹی ہے میں فزیکل ٹارچر کیا گیا بہت مارا جائے ایک صاحب ہوتے تھے میں ان کا نام ضرور لینا چاہتا ہوں تاکہ ان کی فیملی کو پتہ کہ وہ کتنے گھٹیا ادمی تھے ان کا نام تھا میجر جنرل ندیم اعجاز یہ وہی صاحب ہیں جنہوں نے اکبر بکٹی کو قتل کرانے میں اور مشرف سے لڑانے میں اپنا رول پلے کیا لال مسجد کے جو گھناؤنا کام ہوا ہے اس کا بھی شخص ذمہ دار ہے مجھے نہیں پتا ہے دنیا میں بے حیات ہے یا نہیں یہ تھا یا ہے مجھے نہیں پتا اور یہ ایسے افسران کا لنگ کا ٹیکا ہوتا ہے اور ان کو یہ اسباب مسلسل جانا چاہیے کیونکہ انہوں نے مسلم لیگ نون کے کارکنوں کو فزیکل ٹارچر کروایا میں اکیلا نہیں ہوں بلال یاسر حاجی امداد ملک ریاض ہمارے جو ایم این اے ہیں ایم پی اے ہیں اس وقت جاوید ہاشمی صاحب خواجہ احمد حسان افتاب اصغر ڈار عبیداللہ شیخ ہمارے ایم پی ہوتے تھے منان شیخ صاحب کے بھائی منان شیخ منان صاحب چیک کرواتے تھے ہمیں ماڈل ٹاؤن تھانے میں انہوں نے ہاتھ پاؤں باندھ کے مروایا تھا پرویز رشید صاحب کو بھی اسی نے ٹارچر کروایا یہ جگہ مشرف کا رشتہ دار تھا پرویز بھائی کو دو بار ٹارچر کیا گیا وائس,9,2,"[2, 6, 23, 30, 35, 38, 41, 48, 55]","[31, 57]",1,88,62,9,17,"(1, 70.45454545454545)","[0, 0, 0, 0, 9, 0, 0, 0, 0]","[0, 0]"
96.36,@M_Saad_RAfiq_2_N.wav,تو میں کوئی نام بھول نہ جاؤ خراب کرنے والا تو وہ پھر انہوں نے ہمیں ٹارچر کیا بڑا پہلے تو توڑنے کی کوشش کی بات پھر انہوں نے ٹارچر کیا ثناء اللہ صاحب کے ساتھ رانا ثناء اللہ خان صاحب کی شادی اسی نے کروایا تھا یہ بڑا غلیظ ادمی تھا یا ہے مجھے نہیں پتا لیکن سلام اس کو برابر جانا چاہیے کور کمانڈر تھے انہوں نے بطور کور کمانڈر اور شاید گورنر بھی تھے وہ تھے انہوں نے پوسٹ کیا لیکن انہوں نے پتہ ہے بعد میں لگا لاہور پولیس نے بہت افسوس کیا لیکن یہ شخص اپنا کام کر گیا تھا بڑا مارا جنہوں نے مار مار کے سارا جسم کالا کردیا بات کر رہے ہیں جسے مطلب کے بغیر کہا جاتا ہے مجھے نہیں پتا تھا ہاشمی صاحب کو بتاتا تھا کہ میں جب کہتا تھا میری والدہ ڈیتھ بیڈ پے تھی تو وہ میرا انتظار کر رہی تھی 6 لمبی تھی ان کا وہ اپنے کڈنی ٹرانسپلانٹ کرایا ہوا تھا وہ میرا انتظار کرتی رہ گئی تو میں جیل میں ہی تھا وہ ایک ضمانت ختم ہوتی تھی ایک زبان میں ہوتی تھی دوسرا کیس دوسرا تھا تیسرا 10 12 بار ہو گیا تھا بیٹے کا انتظار کرتے کرتے کرتے کرتے,14,4,"[3, 4, 26, 27, 39, 45, 46, 47, 50, 51, 52, 60, 81, 85]","[27, 66, 77, 84]",1,96,42,22,32,"(1, 43.75)","[9, 0, 9, 0, 0, 9, 0, 0, 0, 0, 9, 0, 0, 0]","[0, 0, 0, 0]"
94.44,@M_Saad_RAfiq_3N.wav,مجھے رات کو ڈپریشن جیل میں ائے یہ بتانا ضروری ہے اس لئے میں اس کا ذکر کر رہا ہوں انہوں نے کہا گورنمنٹ نے فیصلہ کیا کہ اپ رول پے چلے جائیں رات کے 10:30 مےنے کا کیوں انہوں نے کہا اپ کی والدہ جو ہے وہ بیمار ہے تو میں جب والدہ کے بارے میں سلمان سے چیک کراتا تھا باہر سے تو وہ کہتا تھا ٹھیک ہے وہ بھی جدوجہد کا ایک بہت بڑا کریکٹر ہے اس دور میں وہ کہتی تھی کہ سلمان کے نہیں تمینہ اپا کو نہیں پتہ میں سارے پاس ہوتا ہوں تابینہ پر ٹھیک کرنی سلمان غلط کہہ رہا تھا خیر اس نے مجھے کہا تو میں نے اسے کہا کہ اس نے کہا ابھی جا سکتے ہیں میں نے کہا میں نہیں جا سکتا اس کا طریقہ کیا اپروول کا اس نے کیا وہ لکھ کے اپلیکیشن دینی پڑتی ہے تو میں نے کہا میں نے تو نہیں ریکویسٹ کرنی وہ چلا گیا وہ میری زندگی کی جیلوں میں سب سے سخت رات تھی مجھے اندازہ ہو گیا تھا کہ اتنا کام سیریس ہے کہ گورنمنٹ مجھے چھوڑنے پر ا گئی ہے میں نے لکھ کے نہیں دینا میں نے نماز فجر کے بعد وہ دروازہ کھلتا تھا تھوڑی دیر کے لئے تو وہ کھلا وہ سولڈ کی کنسائنمنٹ میں تھے تو وہ میں نے پش کیا دروازے کو کھولا اس کو زبردستی یعنی وہ انہوں نے کھولا تھا تھوڑی دیر کے لئے صفائی کے لئے نکل گیا باہر تو میں ہاشمی صاحب دوسرے اینڈ پہ تھے تو میں ان کے پاس گیا وہ سینئر موسٹ وہی تھی انہوں نے مجھے کہا انہوں نے کہا بالکل فورا جاب رول پے ماں تو واپس نہیں ائے گی تو میں نے کہا ہاشمی صاحب میں نے ڈائریکشن لینی تھی میں تو خود فیصلہ نہیں کر سکتی تھی,19,5,"[2, 8, 15, 23, 28, 29, 33, 41, 49, 53, 56, 61, 65, 72, 75, 85, 88, 93, 94]","[21, 32, 34, 51, 75]",1,94,38,19,37,"(1, 40.42553191489361)","[0, 0, 0, 0, 0, 0, 9, 9, 0, 0, 0, 0, 0, 0, 0, 9, 9, 0, 0]","[1, 0, 0, 1, 0]"
62.76,@Mobile_P.wav,تیرے ساتھ بہت ہی امپورٹنٹ قسم کا ایونٹ ہے تو اب ذرا تیاری پکڑ لے جو بھی تیاری شادی کرنی ہے ہم نے اچھی ریکارڈنگ اج کرکے انی ہے کوئی چیز مس نہ ہو جائے ٹھیک ہے جلدی کرنا ہے جلدی کرنا ہے بھائی عبداللہ کدھر ہے بھائی کیسا ہو کیا کریں کیسا موبائل فون اجائے جس کا کیمرہ اتنا پاور فل ہو کہ اپ کو پورا کیمرہ ایکوپمنٹ کیری کرنے کی ضرورت ہی نہ پڑے ویل ویوو نے یہ سوچا کہ بھائی ہمیں کیمرہ ایکوپمنٹ کو بیٹ کرنا ہے اور یہی وجہ ہے کہ ویوو نے اپنا لیٹیسٹ ویوو s200 پرو جو ہے یہ مارکیٹ کے اندر لانچ کیا ہے اب یہ جو موبائل فون ہے یہ 2024 کے ان کچھ موبائل فون میں سے ہے جو کہ اؤٹ اف نو ویئر ائے ہیں اور ایک بہت بڑا سرپرائز ایا ہے اس کی ریزن یہ ہے کہ ویوو کی ایک سیریز ہمیشہ سے اتی ہے ہمیشہ سے کیمرہ فوکس کرتی ہے لیکن,7,4,"[12, 12, 13, 15, 16, 29, 63]","[2, 9, 14, 23]",2,62,3,16,10,"(2, 25.806451612903224)","[0, 0, 0, 0, 0, 0]","[0, 0, 9, 0]"
86.08,@Mobile_2P.wav,یہ جو موبائل فون ہے اس کو اتنے زیادہ اوارڈ ملے ہیں اور اس کی اتنی زیادہ ہائپ بنی ہے کہ میں مجبور ہو گیا کہ میں اپ کو یہ موبائل فون دکھاؤ اور مرزا بات یہ ہے کہ یہ یو اے ای کی مارکیٹ کے اندر اب پچھلی لانچ بھی ہو چکا ہے میں یہاں پر اپنا کوٹ ڈال دوں گا جو لوگ اس کو ارڈر کرنا چاہتے ہیں یہ کوڈ یوز کر کے وہ ایکچول میں ڈسکاؤنٹ بھی حاصل کر سکتے ہیں یہ 16 جی بی ریم اور 512 جی بی انٹرنل اسٹوریج ہے اور جو کلر ہمارے پاس ایا ہے یہ موبائل فون ایلومینیم بنا ہوا ہے لیکن اس کا جو کلر ہے وہ ٹائٹینیم ہے ہم اس موبائل میں ان کو کافی زیادہ ٹیسٹ اوٹ کرتے رہے ہیں بیکوز اس رینج کے جو موبائل فونز ہوتے ہیں یہ کچھ نہ کچھ نیا لے کر اتے ہیں اینڈ ہماری بھی کوشش ہوتی ہے کہ ان کی اسی طرح سے ٹیسٹنگ کی جائے باکس کے اندر سب سے پہلے اپ کو اپ کی ڈیوائس دیکھنے کو مل جاتی ہے جس کو میں سائیڈ پے کر دوں گا اس کے علاوہ اور کچھ پیپر ورک ہے یہ جو کیس ہے ایک ہائی اینڈ کیس ہے زیادہ کوئی برانڈنگ مجھے اس کے اوپر دیکھنے کو نہیں مل رہی سیلنگ کیس ہے اس کے علاوہ اپ کو کچھ اسٹارٹ گائیڈ اور وارنٹی مینول جو ہے وہ دیکھنے کو مل جاتے ہیں جو باقی ایکسیسریز کا پیک ہے وہ ہے جس کے اندر اج کل وائر اور چارجر ایا کرتے ہیں یہ موبائل فون 90 واٹ کی ویوو فلیش چارج سپورٹ کرتا ہے جو کہ اگین ہائیر اینڈ موبائل فون کے اندر کافی حد تک ایکسپیکٹڈ ہے بٹ جو چیز ایکسپیکٹڈ نہیں ہے وہ اس موبائل فون کی باقی ساری سپیسیفیکیشن ہے مگر اپ کو دکھاتا ہوں,13,5,"[3, 5, 5, 6, 31, 36, 41, 41, 58, 61, 80, 81, 82]","[31, 36, 60, 76, 79]",2,86,6,36,5,"(2, 41.86046511627907)","[9, 0, 0, 0, 9, 0, 0, 9, 0, 0, 0]","[0, 0, 0, 0, 0]"
102.45,@Mobile_3P.wav,اوکے اگر اپ ڈیزائن کی بات کرتے ہیں تو دیس لوکس مور لائک ا کیمرہ اینڈ لیس لائیک ا فون اور اس کے پیچھے ریزن یہ ہے کہ بھائی اس موبائل فون کو بنایا بھی کیمرے کے لئے گیا ہے بیک پر اپ کو جائز کی برانڈنگ دیکھنے کو مل جاتی ہے اس کی ریزن یہ ہے کہ یہ رائس کا جو ٹی اسٹار لینزز ہیں ان کے ساتھ اتا ہے بیسیکلی اس کے اوپر ایک خاص کوٹنگ کی گئی ہے کہ جب اپ کسی ایسی جگہ پر ریکارڈنگ کر رہے ہیں تو یہ ایک عجیب سی روشنی اتی ہے کیمرہ کا ڈیزائن یہاں پر دیا گیا ہے اوپر والی سائیڈ پر اپ کو اپ کی اسپیکر گرل دیکھنے کو مل جاتی ہے جو اس کی گئی ہے نیچے والی جاتی ہے تو اس کے اندر اپ ایٹا سنگل ٹائم دو سم کارڈ لگا سکتے ہیں یہاں پر جو اسٹوریج ہے اس کی بھائی کوئی اپشن موجود نہیں ہے یہ والی سائیڈ خالی ہے سب سے پہلے ڈسپلے کو ڈسکس کر لیتے ہیں یہاں پر 2800 سمتھنگ کی اپ کو ریزولیوشن دینے کو مل جاتی ہے تو ڈسپلے کافی زیادہ ریزولوشن کے ساتھ اتا ہے بٹ اس سے بھی بڑی بات یہ ہے کہ دس از دا کورڈ کو ڈسپلے تو جہاں پر نارمل موبائل فون سائیڈ پر ہوتے ہیں یہ موبائل فون ہے اور اپ کو جب اپ سامنے سے دیکھتا ہے تو ایسے لگتا ہے کہ موبائل فون کا جو ڈسپلے ہے وہ ہوا میں فلوٹ کر رہا ہے اس کے علاوہ یہاں ٹیکنالوجی بھی دیکھنے کو مل جاتی ہے پر یہ ایل ٹی پی اور ٹیکنالوجی کا بھی سب سے لیٹسٹ ورژن ہے جس کا فائدہ یہ ہے کہ 0.1 ہٹ سے لے کر 120 ہرٹز تک جا سکتا ہے جس کا مطلب یہ ہے کہ جب اپ اس کو استعمال نہیں کر رہے تو یہ اتنے کم ریفریش ریٹ کے اوپر چلا جاتا ہے کہ یہ نارمل 60 والے موبائل فون سے بھی کم بیٹری کنزیوم کرتا ہے جو اپ کو ضرورت پڑتی ہے تو یہ پراپر 120 ہرٹز کا ریفریش ریٹ بھی اپ کو پروائڈ کر دیتا ہے جو ڈسپلے ہے وہ بہت زیادہ برائٹ بھی ہے کیونکہ یہاں پر 4500 جو پیک برائٹنیس ہے وہ یہ موبائل فون کر دیتا ہے تو,10,11,"[7, 26, 27, 43, 44, 51, 83, 84, 89, 97]","[12, 20, 30, 51, 67, 76, 85, 85, 89, 94, 98]",2,102,5,37,9,"(2, 36.27450980392157)","[0, 0, 0, 0, 0, 0, 0, 0, 0, 0]","[9, 0, 0, 0, 1, 0, 9, 0, 0, 0]"
70.31,@Mobile_4P.wav,گانا سن رہے ہیں تو بھائی اس ٹائم میں کام میں اجائے گا اور اس کے علاوہ یہاں پر ہائی ریزولوشن سلو موشن یہ سب کچھ اپ کو دیکھنے کو مل جاتا ہے اور ہم نے سلو موشن ٹیسٹ اوٹ کیا ہے بھائی یہ موبائل فون اگر اپ اس کو 10 80 پر رکھتے ہیں تو 240 فرینس پر سیکنڈ تک کی سلو موشن ریکارڈ کر سکتا ہے اور یہ فور کے 120 ایف پی ایس لومو بھی ریکارڈ کر لیتا ہے اور مزید ہائی ریزولیوشن لگائے گئے ہیں تو فور کے 120 ایف پی ایس اپ مین کیمرہ سے بھی کر سکتے ہیں اور اپ زوم کیمرہ سے بھی کر سکتے ہیں یہی نہیں بھائی اگر اپ باقی موڈ کی بھی بات کرتے ہیں تو ویڈیو کے اندر اب اپ کو ڈول بھی ویژن کی ویڈیو ریکارڈنگ کے اپشن بھی مل جاتی ہے اور ہم نے یہاں پر ایک ہی ایریا میں دو ویڈیوز ریکارڈ بھی کی تھی اگر اپ اس ویڈیو کو دیکھیں تو موبائل فون کی برائٹنیس موو نہیں کرے گی لیکن اگر میں اس کو ڈھول بھی ویژن والی ویڈیو پے جاتا ہوں تو اپ دیکھیں گے وہ ویڈیو ائی ہے تو اس کے بعد موبائل فون کی سکرین باقاعدہ اڈجسٹ ہوگی اس کے حساب سے نہ یہ دیکھیے گا یہ یہاں پر جو ایریا برائٹ کیا ہے اس نے یہی کام ڈولپ ویژن کا ہے کہ جو زیادہ روشنی والے ایریاز ہیں ان کو زیادہ دکھایا جائے اور جہاں پر ڈارک ایریا ہے یہاں پے شیڈو بن رہا ہوتا ہے اس کو زیادہ ڈارک بھی دکھایا جائے تو یہی وجہ ہے کہ ڈول بھیجن مہنگے فونز اور مہنگی سکرین پر ہی اتا ہے ہم نے اس کے کیمراز کو باقی,12,1,"[2, 28, 42, 43, 52, 56, 57, 58, 59, 64, 67, 67]",[54],2,70,4,14,7,"(2, 20.0)","[0, 0, 0, 9, 0, 0, 0, 0, 0, 0, 0]",[0]
55.08,@Makeup_N.wav,ہیلو اینڈ ویلکم بیک ٹو مائی چینل بلاسی دا فرسٹ ویڈیو گیم کانفیڈنس تو دس ویڈیو از لائک ا سیکنڈ پارٹ ٹو ڈیٹ ویڈیو لیکن اس میں وی ائی وانٹ ٹو وی ٹاکنگ اباؤٹ ون اف دی مین اسٹیپس دیٹ ایکچولی میک یو گین کانفیڈنس وچ از ٹو اسمیل نائس وہ کافی سال پہلے بھی میں نے اس ٹاپک کے اوپر ویڈیو بنائی تھی لیکن ائی تھنک ڈیٹ وی ریلی نیو اپڈیٹڈ ورژن اف دیس ویڈیو جب بھی ہم کبھی اسپیلنگ نائس کے بارے میں سوچتے ہیں ہمارے دماغ میں یہ ساری چیزیں اتی ہیں لیکن یہ اسٹیپ ٹو ہے اسٹیپ ون یہ ہے اف یور سیلف انٹرنیٹ یعنی اگر اپ کے اگر,4,2,"[12, 32, 34, 47]","[25, 30]",1,55,35,0,20,"(1, 63.63636363636363)","[0, 0, 0, 9]","[1, 0]"
57.07,@Makeup_P.wav,نیٹ ویل میں کیوں اسمیل بیڈ کیونکہ اپ اس کے اوپر کوئی بھی چیز لگا لیں جیسے ہم اپنی اسکن پے کرتے ہیں کہ اگر ہم ہماری سکن پہ اگر فار ایگزامپل دیر از ہے تو میک اپ اور اسکین کیئر ڈیپلی پینٹر نہیں کرتا تاکہ وہ میک اپ اور اسکین کر دیں پلیز کریں اپنا کام کریں اگر اپ نے اپنے عام فیٹس کو پراپرلی سیو نہیں کیا ہوا ہے پراپرلی اپنا ہیئر ریموول نہیں کیا ہوا تو یہ جو ساری چیزیں ہیں یہ صرف اوپر ایک تہہ پہ بیٹھیں گے اچھا ایک اور چیز ہے کہ یہ ساری چیزیں ہم بہت دفعہ غلط استعمال کر رہے ہوتے ہیں ہم بہت دفعہ اس طرح کی پرفیوم سینڈ اپنے اپریٹس پے لگاتے ہیں شروع شروع میں تو میں بھی 10 والا,12,6,"[6, 14, 19, 25, 27, 30, 33, 37, 42, 45, 46, 49]","[5, 7, 30, 34, 38, 41]",1,57,32,3,22,"(1, 56.14035087719298)","[9, 0, 0, 9, 0, 9, 0, 0, 0, 0, 0, 0]","[0, 0, 1, 0, 9, 0]"
46.83,@Makeup_3_N.wav,واٹ از نوٹ ہندی سنگھ ورک سو ائی ول جس گو اینڈ ڈیپر انٹو ایکسپلین کہ یہ ساری چیزیں ایکچولی صحیح سے کام کس طریقے سے کرتی ہیں کلین سرفس کا مطلب یو شڈ ہیو فریشلی واش باڈی بیفور اپلائی اینی اف دس ورنہ جو ہماری ایک اپنی باڈی اسمیل ہوتی ہے وہ ڈر ہوتا ہے وہ ان کی سینس کے ساتھ مکس اوکے ایک ان پلیجی سینٹ بن جاتی ہے جو اپ کو صحیح لگتا ہے اس کے بعد جو اپ کا پہلا اسٹیپ انا چاہیے وہ انا چاہیے اپ کا ڈیوڈرنٹ یا اپ کا اینٹی پرس پرنٹ,2,3,"[11, 46]","[10, 32, 35]",1,46,26,1,19,"(1, 56.52173913043478)","[0, 0]","[1, 0, 0]"
56.12,205 (106).wav,یہ سب سے پہلا مسئلہ ہے وہ میرا خیال ہے جن لوگوں کے پاس سلیس والا ہر ایک بندے نے اس مسئلے کو فیس کیا ہے اور یہ جو ایشو یہ میرے ساتھ بھی ہوا ہے اور باقی بڑا ویل ناؤن ایشو ہے اس گاڑی کے اندر اور وہ والا جوشی ہے وہ ہے اس گاڑی کی بیٹری کا گاڑی کی جو بیٹری اس میں اتی ہے اوریجنل چنگان کی وہ الموسٹ اپ کی ایک سال بھی بڑی مشکل سے چلتی ہے بہت سے کیسز تو میں نے ایسے بھی سنے ہیں کہ گاڑی جو ہے ابھی کچھ 100 کلومیٹر چلی اور گاڑی کی جو بیٹری ہے وہ فارغ ہو گئی ہے تو خیر میری گاڑی کی جو بیٹری تھی وہ تقریبا 21 ہزار کلومیٹر پر فارغ ہو گئی تھی اور اس کی جو کمپلیٹ ویڈیو وہ میرے چینل پر موجود ہے میں نے اس کو کیسے ریپلیس کیا ہے اپ ادھر سائیڈ پر لگے لنک پر کلک کر کے بھی وہ ویڈیو دیکھ سکتے ہیں تو سب سے جو پہلا ایشو ائے گا اپ کی گاڑی میں وہ اپ کی گاڑی کی جو بیٹری ہے وہ فارغ ہو جائے گی ایک سال سے پہلے یہ میں اپ کو بڑی گارنٹی کے ساتھ یہ بات بتا سکتا ہوں اور اس کے بعد جو کمپلیٹ گائیڈنس ہے گاڑی کے اس بیٹری کے ایشو کو رزول کرنے کی وہ میرے چینل پر موجود ہے اس ویڈیو کو جا کے,4,3,"[1, 19, 32, 51]","[8, 27, 27]",1,56,2,0,5,"(0, 8.928571428571429)","[0, 0, 0, 0]","[0, 0]"
52.59,205 (115).wav,"سکتے ہیں اور گاڑی کی جو بیٹری ہے وہ اپ کو تقریبا کوئی پچیس ہزار کے قریب کاسٹ کرے گی اور جو گاڑی کی جو پرانی بیٹری ہے وہ اپ کی تقریبا اب کہہ سکتے ہیں کہ 4 5000 کی نکل جائے گی اور یہ گاڑی کی بیٹری اپ کو نئی ایکٹرا 20000 میں کاسٹ کرے گی تو 20000 تو اپ کا سیدھا سیدھا یہ بیٹری ایشو کی بات کر لی جائے تو وہ اس گاڑی کا ٹائر ہیں ان میں بھی ایک ایشو ا رہا ہے ان میں ببلز بن جاتے ہیں اور اگر تو اپ کی وارنٹی میں گاڑی ہے تو پھر تو یہ ریپلیس ہوجائینگے فری اف کاسٹ ادر وائز اپ کو ان گاڑی کے جو چاروں ٹائرز ہیں وہ چینج کروانے ہی پڑیں گے میں نے تو خیر اس گاڑی کے ٹائر اور دونوں چینج کیے ہوئے ہیں اور جو ٹائرز کی جو کاسٹ ہے وہ بھی اپ کو پتہ ہے ٹائرز اج کل کتنے کا مل رہا ہے تو یہ بھی اپ کو تقریبا تقریبا کوئی 40,000 کے پرانے بھی دیں گے کوئی اچھا ٹیگ ڈلوائیں گے اپ کو 30 40,000 کے لئے ٹائر ایزیلی پڑیں گے",0,3,[],"[36, 49, 52]",2,52,0,3,0,"(2, 5.769230769230769)",[],"[0, 0, 0]"
64.78,205 (117).wav,گاڑی کے فیچر اور اس کے ہڈن فیچرز اور اس گاڑی کی جو اچھی اچھی چیزیں تھی ایوریج اچھی تھی میں نے بڑی ویڈیوز بنائی ہے تو کچھ لوگ یہ سوچتے ہوں گے کہ پتا نہیں میں نے یہ گاڑی لے لی ہے تو شاید اس لئے مجھے اچھی لگتی ہے تو اسی لئے میں نے سوچا کہ اج ایک ایسی ویڈیو بنائی جائے کہ جس میں اس گاڑی کے جتنے بھی مسئلے ہیں مسائل ہیں وہ سارے اپ لوگوں کے ساتھ ڈسکس کیے جائیں کیونکہ اگر کوئی اس گاڑی کو لینے کا سوچ رہا ہے تو اس کو اس چیزوں کا ائیڈیا اچھی طرح سے ہونا چاہیے کہ اگر اپ نے یہ گاڑی لی تو اپ کو کن کن مسائل کا سامنا کرنا پڑے گا اوکے تیسرا جو اس گاڑی کا سب سے ایک جو مجھے لگا ہے مسئلہ ہے وہ اس کی پینٹ کوالٹی کا ہے گاڑی کی جو پینٹ کی کوالٹی ہے وہ اتنی کوئی ایکٹیوٹی مارک نہیں ہے گاڑی کی پینٹ کے اوپر چھوٹے چھوٹے ببلز بھی ہیں ابھی گاڑی گندی ہے وہ نظر نہیں ارہے بعد میں گاڑی کو واش کرواؤں گا تو اس کا میں کلپ ضرور کسی ویڈیو میں لگاؤں گا کہ اپ اس کو تاکہ کلیئر دیکھ سکیں تو اس کے لیے اپ کو اس گاڑی کی میں بھی کوٹنگ بھی کروانی پڑی اور کوٹنگ بھی اپ کو پتہ ہے اگر اپ سرامک کوٹنگ کروائیں یا گلاس کوٹنگ کرائیں وہ بھی اپ کو کم سے کم بھی کوئی 20 پچیس تیس ہزار میں اجکل پڑ رہی ہے یاد رکھیے گا میں ایکس,10,6,"[4, 9, 19, 30, 35, 40, 44, 45, 60, 61]","[3, 4, 5, 12, 26, 42]",1,64,2,0,2,"(1, 3.125)","[0, 0, 0, 0, 0, 0, 0, 0, 0, 0]","[9, 0, 0, 9, 0, 0]"
69.27,205 (141).wav,کی بلڈ کوالٹی کی بات کر رہا ہوں وہ کوئی اتنی کوئی اچھی نہیں ہے اس گاڑی کی پینٹ کی جو کوالٹی کی میں بات کر رہا ہوں اکثر میں نو ڈاؤٹ گاڑی کا جو انٹیریئر ہے وہ بڑا ہی زبردست ہے گاڑی کے جو انٹیرئر کی کوالٹی ہے وہ بالکل ایکسپیرینس سے اپوزیٹ ہے انٹیریئر سے اپ کو کسی قسم کی کوئی چیف فیل نہیں اتی بڑا ہی سولڈ قسم کا انٹیرئیر لگتا ہے لیکن یس گاڑی کی جو ہے بلڈ کی جو کوالٹی ہے وہ تھوڑی سی ڈاؤن ہے اس میں 1 چیزیں ہیں جو میں اپ کو ذرا دکھاؤں اور گاڑی تھوڑی گندی ہے لیکن میں بھی اپ کو نظر اجائے یہ اپ دیکھ سکتے ہیں یہاں سے اور اس کے علاوہ یہ گاڑی کی جو بیک لائٹ ہے اس کو بھی اپ یہاں سے دیکھ سکتے ہیں یہاں پے بھی کافی زیادہ گیپ موجود ہے اور ادھر والی جو لائٹ ہے یہ بالکل ٹھیک ہے اس کے ساتھ پرفیکٹ فٹنگ میں ہے لیکن اس کا اپ دیکھ سکتے ہیں کہ یہاں پے کافی زیادہ گیپ موجود ہے کوئی یہاں پہ کوالٹی کا ہے ایشو باقی اگر اپ کو میں یہاں سے بھی قریب سے دکھاؤں تو یہ اپ دیکھ سکتے ہیں یہاں پے گاڑی کا جو پینٹ ہے یہ کوئی یہاں پہ کسی قسم کا یہ کوئی نشان نہیں ہے یہ گاڑی کا پینٹ اس طرح کا ہے تو اس طرح کی گاڑی کی پینٹ میں ایشوز ہیں اور نو ڈاؤٹ جو گاڑی میں فیچرز ہیں ویلیو فور منی,15,9,"[4, 11, 14, 18, 21, 25, 29, 30, 40, 40, 43, 46, 49, 49, 61]","[4, 17, 19, 40, 43, 45, 48, 60, 69]",1,69,0,0,9,"(0, 13.043478260869565)","[0, 0, 0, 0, 9, 0, 0, 0, 0, 0, 0, 0, 0]","[0, 0, 0, 0, 0, 0, 0, 0, 0]"
69.71,205 (142).wav,ہر چیز اچھی ہے گاڑی کی میں نے اپنی ویڈیوز میں بتایا ہے کافی کچھ اور ساری ویڈیو چینل پر موجود ہے اپ دیکھ سکتے ہیں لیکن یس یہ کچھ چیزیں ہیں جو کہ گاڑی کو گاڑی میں یہ تھوڑے سے ڈرا بیکس ہیں باقی ہے کہ یہ اگر میں اپ کو گاڑی کا انٹیرئر کی کوالٹی دکھاؤں تو نو ڈاؤٹ بہت زبردست ہے اپ گاڑی کا ڈورز کی سائیڈ پے جو اسٹیچنگ دیکھ لیں یہ بڑی زبردست ہے اور سیٹ کی جو سٹیچنگ ہے وہ بڑی زبردست ہے اور جو انجینئر کی فیل ہے وہ بڑی زبردست ہے یہ اگر اپ میں اپ کو یہاں سے دکھا سکوں تو اپ دیکھ سکتے ہیں کہ اگر اس کو ون ورڈ میں ڈسکرائب کیا جائے تو اٹس پرفیکٹ مطلب بڑا ہی زبردست قسم کا انٹیرئر ہے کہیں پہ اپ کو کسی قسم کے سائیڈ پے کوئی گیپس کسی قسم کی کوئی چیز اپ کو نظر نہیں ائے گی اپ دیکھ سکتے ہیں گاڑی کی جو انٹیرئیر کی جو کوالٹی ہے فنشنگ کوالٹی ہے وہ میں اس کو 10/10 ریٹ کروں گا بہت اپ ٹودی مارک ہے یس جو ایکسٹر ہے اس میں بہت سارے فالٹ ہیں وہ میں نے اپ کو ویڈیو میں دکھا دی ہیں لیکن اہستہ اہستہ اس کو بھی امید ہے چنگان امپروو کر رہی ہے اور جو نہیں انے والی گاڑی ہے ان میں بہت کم شکایات مل رہی ہیں کہ گاڑی کا جو پینٹ ہے اس میں جو بھی مسائل ہیں وہ ختم کیے جارہے ہیں,15,8,"[1, 8, 18, 22, 25, 27, 37, 42, 43, 57, 62, 64, 64, 68, 69]","[1, 4, 35, 37, 39, 41, 59, 60]",1,69,5,0,27,"(0, 39.130434782608695)","[0, 0, 0, 0, 0, 0, 9, 0, 0, 0, 0, 0, 9, 0]","[0, 0, 0, 0, 9, 9, 0, 0]"
58.42,200 (1) (1).wav,رز 10 میں مل جاتا ہے سب سے پہلے کون سا ٹرائی کریں نارمل ہی تو ہے اس میں الگ کیا ہے ٹھیک ہے چاکلیٹ بھی ہے,0,2,[],"[26, 50]",1,58,13,6,21,"(0, 36.206896551724135)",[],"[0, 0]"
42.31,202 (1) (1).wav,اوکے نہ دیکھے میں اتنا زیادہ کول ہے بٹ اسے ٹیلی اسکیپ اوکے گلاس میں گرے تھے وچ میکس ایٹ کمپلیٹ پوائنٹس انادر کیجئے جو دکھنے میں بہت انٹرسٹنگ ہے اس کو میں نے بیکنگ سوڈا سے فل کر کے ایک دو دنوں کے لیے فریج میں کوئی فرق نہیں پڑا تو مشین سب سے زیادہ ایپیک فل تھی اس میں میں نے فروزن بنانا ڈالے اور یہ پہلے چل رہی تھی اور کچھ دیر بعد اسے میلٹ ہو کر ایسے بنا جس میں 20 منٹ بعد بھی میری کریم پراپرلی ویٹ نہیں ہوئی تو اس سے بہتر ہے,7,2,"[1, 3, 9, 21, 24, 32, 40]","[38, 42]",1,0,0,0,0,"(0, 0.0)","[0, 0, 9, 0, 0, 0, 0]","[9, 1]"
64.6,205 (143).wav,تو تین چیزیں ہیں میرے مائنڈ میں جو میں نے اپ کو بتائی ہیں بیٹری ٹائرز اور یہ تھوڑی سی ایکسیڈنٹ کی جو بلڈ کوالٹی کا جو تھوڑا سا ایشو ہے پینٹ کا وہ والا لیکن ایک جو اس میں مجھے تو خیر کوئی اتنا زیادہ نہیں کوئی ایشو ا رہا لیکن اس چیز کی بھی بہت کمپلین کر رہے ہیں لیکن مجھے یس مجھے رات کو تھوڑا سا فیل ہوتا ہے کہ گاڑی کی جو فرنٹ کی جو ہیڈ لائٹس ہیں ان کی جو لائٹس ہیں وہ تھوڑی سی ڈم ہے اوکے ایز کمپیر ٹو ادر کارڈ باقی گاڑیوں کی جو ہیڈ لائٹس کی لائٹس ہے وہ کافی تیز ہوتی ہے لیکن اس کی تھوڑی سی ڈیم ہے تو مجھے بھی یس یس چیز تھوڑی سی فیل ہوتی ہے اور کافی لوگوں کو اس کے بارے میں بھی کمپلین ہے تو اس کو لے کے بھی کچھ لوگوں نے یہ کیا ہے کہ اس میں جو ایل ای ڈی ہیں وہ انہوں نے جو ہے ایچ ائی ڈیز وہ چینج ریپلیس کی ہوئی ہیں لائٹ کو بہتر کرنے کے لئے تو خیر مجھے تو ابھی اتنا زیادہ کوئی نئی ایشو ا رہا کہ رات کے ٹائم مجھے کوئی بہت زیادہ نہیں فیل ہوتا کہ مجھے کچھ نہیں نظر ارہا جی بہت زیادہ ڈیم ہے میرا گزارا چل رہا ہے تو میں نے ان کو چینج نہیں کروایا باقی میں نے اپ کو بتا دیا اب بیٹری ٹائرز اور ابھی میرا ارادہ ہے کہ اس کو جو گلاس کوٹنگ ہے وہ بھی اس گاڑی,15,5,"[9, 12, 12, 13, 14, 16, 28, 29, 32, 48, 51, 51, 53, 54, 58]","[11, 28, 34, 45, 47]",1,64,0,0,1,"(0, 1.5625)","[0, 0, 0, 0, 9, 0, 0, 0, 0, 0, 0, 0, 0]","[0, 0, 0, 9, 1]"
59.52,203 (1).wav,اپنا 200 میگا پکسل والا یہ موبائل فون لانچ کیا اور اپ لوگ کہہ رہے تھے کہ بھائی اس کا یہ 200 میگا پکسل کا کیمرہ ریئل ہے یا فیک ہے میرے پاس یہ سامسنگ گیلیکسی نوٹ 9 ہے جس کے اندر 12 میگا پکسل کا کیمرہ ہے اور یہ 200 میگا پکسل والا فون ہے لیکن یہاں پر ہم زیادہ تصویریں اتاریں گے اور یہاں پر ہم صرف فائنل رزلٹ بتائیں یہ 200 میگا پکسل ہے اور یہ بھی 200 میگا پکسل ہے اسی لیے اچھا لگ رہا ہے کہ اس میں جان تھوڑی زیادہ ہے لائٹس کی وجہ سے کام کرتا ہے بلکہ اگر اپ کسی دوسرے کیمرہ کے تھرو کوئی پکچر لیتے ہیں نا تو اپ کو موبائل فون ہے یہ اپ کو ریزولیوشن میں اتنی ہی ریزولوشن دے رہا ہے جتنا کوئی بھی اور کمپنی اگر اپ کا 200 میگا پکسل دیتی ہے ریڈمی کی جو نوٹ سیریز ہے وہ 200 میگا پکسل کے طور پر کام کر,8,1,"[11, 21, 22, 25, 35, 35, 37, 59]",[32],2,59,10,16,13,"(2, 27.11864406779661)","[0, 0, 0, 0, 0, 0, 0]",[1]
35.04,205 (107).wav,میں کل رات میں دو کے گھر کے باہر گیا اور میں نے گاڑی اسٹارٹ کرکے نہ ای سی چلایا ہوا تھا اور میں کراچی میں سائیکلوجیکل میرا جو پچھلے شیشے کے لیے کوئی ائے گا تو میں گاڑی میرا نام ہے سہیل وائس اور میں پاگل یوزر ریویو کے ایک اور ایپیسوڈ کے ساتھ اپ کے خدمت میں حاضر ہوں میرے ساتھ اسد صاحب موجود ہیں تو ان کے چینل کو سبسکرائب کریں,3,2,"[8, 22, 27]","[10, 35]",1,35,3,3,13,"(0, 37.142857142857146)","[0, 0, 0]","[0, 0]"
33.0,205 (108).wav,اپی گاڑی کا میک ماڈل ویرین کیا ہے 2021 جنوری میں یہ سمجھے گاڑی نکلی ہے باہر نہیں ہے وہ ایک تو مجھے اویلیبل نہیں تھی ریڈی لیوز دیکھنے کے بعد کافی ساری ویڈیوز دیکھی اس کے بعد مجھے ایسا لگا کہ اول ویل ایک تو فیول بھی زیادہ کنزیوم کرے گی اس میں اتنا پاور تھا کہ یار,3,4,"[10, 14, 27]","[13, 18, 28, 31]",1,32,1,6,10,"(0, 31.25)","[0, 0, 9]","[0, 1, 0, 0]"
21.87,205 (109).wav,سو سے منہ ہوا جب اپ پیسوں سے موو کرتے اور اپ کے ذہن میں ایک بجٹ تھا ایک خاص گاڑی تھی کہ اپ نے کہا نہیں میں نے دوسرا ہی لینی ہے یا اپ نے کنسیڈر کیا ایم جی,1,1,[15],[2],1,21,3,1,11,"(0, 52.38095238095239)",[0],[0]
51.8,205 (110).wav,ہوا تھا ویزل سے ویزل سے میں شروع ہوا تھا میں چاہ رہا تھا کہ میری گاڑی لگے نا جہاں پہ بھی میں جاتا ہوں میرا حیدراباد کا کافی ٹریول ہے اور حیدراباد کے رستے ایسے ہیں کہ ہر جگہ پے گاڑی لگتی ہے اور وہ تنگ کرتی ہے انڈین بیکاز فیملی کے ساتھ جا رہے ہیں سو یو نیڈ سمیل سوکن کا مطلب یہ پرائمری گاڑی ہے صرف فیملی کے لیے میں نرملی یوز کر رہا ہوں تو ویسے بچوں کے لئے سیٹی دیس میں نے ریزل کا دیکھا ویزل بس ان مائی رینج مگر ادھر ایوز یوزڈ کافی زیادہ یوز کر رہی تھی اور کوئی اچھی مجھے گاڑی نہیں ملی ایک چیز مجھے ابھی بھی ہوتا ہے کہ مالیج فیول ایفیشنسی ریزل کی بہت زیادہ ہے,6,6,"[19, 28, 41, 45, 46, 51]","[0, 4, 6, 12, 40, 44]",1,51,1,9,21,"(0, 41.17647058823529)","[9, 0, 0, 0, 0, 0]","[0, 0, 0, 0, 0, 1]"
42.52,205 (111).wav,میں نے اس فوٹیج بھی دیکھی اسٹیج بھی جاکے میں نے وزٹ کیا ان کا شوروم اور فوٹیج میں اویلیبل فور بکنگ وہ میں کروا سکتا تھا بہت اسانی سے بٹ مجھے ہندہ ہی نہیں مل رہی تھی سو میں 5 منٹس پے گیا نیچرلی ائی لوک ڈیڈ سو لکلی فاؤنڈ مائی کلر سلور مجھے کلر چاہیے تھا مجھے کلر مل گیا کہ بھائی یہ کلر اویلیبل ہے ائی میڈ ا کال وہ میرے نیبر میں بات کری بھی تھی تو میں افس سے واپسی میں چلا گیا میرے ساتھ تھی مائی وائف میرے ساتھ تھی ہم نے وہیں پر ڈسکشن کیا 50 کے,2,3,"[14, 22]","[8, 27, 35]",1,42,2,11,13,"(0, 30.952380952380953)","[9, 0]","[0, 0, 0]"
76.32,205 (112).wav,50 کی میری میرا بجٹ تھا بٹ یہ 56 بتا رہا تھا 56 پے پہنچ گئے یار یہ کریں ڈیسیژن نہیں ہے کال میں بولا اوکے یہ اپ کا بہانہ بیانا میں نے دے دیا میں نے کنڈیشنل پہ انا دیا میں نے بولا کہ بھئی یہ پاک ویلز کا سروے ہوگا وہ اوکے کریں گے میں اپ سے لے رہا ہوں یہ انسپیکشن کر لیں گے وہ اوکے کریں گے کوئی میجر ایشو نہیں ملے گا تو میں اپ سے گاڑی لے لوں گا تو میں نے یہ کیا اور وہ اس میں کافی ساری چیزیں ایسی ہے سامنے ائی جو کہ ان کو بھی نہیں پتا تھا کہ بھائی یہ چاہیے کب لگا تھا یہ اسکریچ کہاں سے ایا چھوٹا چھوٹا اسکریچ بھی جو ہے نا وہ نظر ہی نہیں ارہا ہے نیکٹ ائی سے نظر نہیں ارہا بہت قریب جا کے دیکھو تو اپ کو پتہ چلتا ہے جب میں نے پاسو بھی خریدی تھی شوروم سے خریدی تھی تو میں نے میں نے یہ رول بنا دیا کہ بھائی انسپیکشن کرو پاک ویل سے وہ بتائیں گے تھرڈ پارٹی ہے کسی کا کوئی وہ نہیں ہے نہ شوروم والے ہے نہ ہمارے سائیڈ سے وہ ایک نیوٹرل اپ کو ویو دیتے ہیں اس میں سب چیز سامنے اجاتی ہے پتہ چل جاتا ہے کہ جی واٹ ار یو پینگ فور,11,2,"[7, 26, 36, 42, 42, 45, 47, 64, 65, 66, 72]","[1, 32]",2,76,3,33,31,"(2, 43.42105263157895)","[0, 0, 0, 0, 0, 0, 9, 0, 9, 0]","[1, 0]"
46.6,205 (113).wav,"سو یہ چیز ہے اپ نے گاڑی لے لی ہے اب تقریبا چار پانچ ہزار کلو میٹر چلا چکے ہیں کلومیٹر تو نہیں ہے 6000 کلومیٹر 600 کلومیٹر میں نے خریدنے کے بعد میں 4,000 4,000 چاہیے زیادہ لے گی تو اپ کو ان ہائی وے از گیٹنگ اراؤنڈ 11.5 ٹو 12 اباد سے ایا ہوں ابھی حیدراباد سے میں ایا ہوں میں وہاں سے فل کرایا تھا ٹول پلازہ سے فل کرایا تھا 622 کلومیٹر رینج بتا رہی تھی میں یہاں پے پہنچ گیا ہوں میں نے ریسیو نہیں کرائی ہے 523 کلومیٹر مجھے رینج بتا رہی ہے نہیں کہ 100 کلومیٹر صرف چلیے بیچ میں میں بچوں کو",7,0,"[1, 10, 16, 29, 38, 42, 44]",[],1,46,0,14,17,"(0, 36.95652173913043)","[0, 0, 0, 9, 0, 0, 0]",[]
48.6,205 (114).wav,اسکول چھوڑنے گیا تھا ایک دن 12 اگیا شہر کے اندر 9.5 10 میں اتنا یوز ہے نہیں شہر کے اندر بھی میں بہت کم ڈسٹینس پہ ٹریول کرتا ہوں جیسے ابھی افس کا اپ نے ڈسٹینس دیکھیں کہ میں واکنگ ڈے گھر سے افس سو اس پہ اتنی ایفیشنسی نہیں اتی ہے 9.5 110 مشکل سے ٹچ کرتی کرنا چاہتا ہوں تو پھر ٹچ کرتے ہیں کوشش کرتا ہوں کہ اس کو جو ہے نا یہ کلو میٹر پر رکھ دو تاکہ میں یہ جو ہے نہ وہ نو بار بار ٹینشن نہ اجائے ٹھیک ہے,6,2,"[9, 13, 26, 28, 44, 47]","[16, 48]",1,48,2,15,21,"(0, 43.75)","[0, 0, 0, 9, 0, 0]","[1, 0]"
50.99,204 (1).wav,السلام علیکم کیا حال چال ہیں اپ سب کا امید ہے اپ لوگ خوش ہوں گے خیریت سے ہوں گے ہنس رہے ہوں گے اور مسکرا رہے ہوں گے بھئی میں تو بہت خوش ہوں سوچو کیوں میں بتاتی ہوں میں بتاتی ہوں بھائی اج نہ اج تو میں اپنے اور اپ کے میرا تو کام ہو گیا ویسے اپ کے کام کے لئے ایک چیز لائی ہوں لیکن اس کام کو کرنے کے لئے اپ لوگوں کے پاس صرف اور صرف پانچ دن ہیں اج کے بعد کیسے اب وہ کام کیا ہے اور اتنا میں خوش کیوں ہوں خوشی کے لیے کوئی بہانہ تو ضروری نہیں ہوتا لیکن ہم لڑکیوں کے لئے بہت ضروری ہوتا ہے ہمیں صرف خوشی ملتی ہے میکپ میں کپڑوں میں اور پیسوں میں مارو مجھے مارو مجھے مارو جب میں مل جائے تب تو خوشی کی انتہائی اور ہوتی تو کیا میرے منہ پر دیکھ رہی,18,5,"[2, 5, 9, 11, 15, 19, 21, 22, 23, 24, 27, 27, 31, 33, 36, 37, 40, 48]","[3, 6, 34, 40, 47]",1,50,15,13,19,"(0, 38.0)","[9, 0, 0, 0, 0, 0, 0, 0, 0, 0, 0, 0, 0, 0, 0, 0, 0]","[0, 9, 0, 0, 9]"
47.11,204 (2).wav,بیوٹی فائی بائی امنہ پر لگی ہے اس پے مطلب اپ سوچیں صرف اور صرف 6000 میں صرف اور صرف 6000 میں اپ کوئی سی بھی پانچ چیزیں لے سکتے ہیں اور وہ بھی بیوٹی فائیو ارام نہ کی مطلب ہو سکتے ہیں اپ لوگ مطلب کوئی سی بھی ان کی پروڈکٹس میں سے کوئی سی بھی لے سکتے ہیں اور یہ سیل سیل 14 اگست تک کی ہے اس کے بعد بائے بائے ٹاٹا گڈ بائے میرے پاس دو دن ہو گئے ہیں میں تھوڑا سا دماغ کی تھی میں نے بلاگ کی چیز نہیں کیا تو کھولتے ہیں میں سنا تھا بچپن میں کینچی چلانے سے گھر میں لڑائی ہو جاتی ہے ہمارے تو ضرورت بھی نہیں چلانے کی ویسی ہوتی رہتی ہے,8,2,"[5, 6, 7, 8, 14, 36, 36, 45]","[24, 24]",1,47,9,10,27,"(0, 57.446808510638306)","[0, 0, 0, 0, 0, 0, 9]",[0]
66.97,204 (3).wav,اب ہم تمیز طریقے سے اسے کھول دیئے میں نے نکال دی ہے اچھا جی میں چیزیں نکال لوں پھر میں اپ لوگوں کو بتاتی ہوں میں نے کون کون سی 5 پروڈکٹس ان کی مین منگوائی ہیں سب سے پہلے میں نے ان کی منگوائی ہے یہ ریڈینٹ فاؤنڈیشن یہ اپ لوگ دیکھ سکتے ہیں ٹھیک ہے اس کی اصل میں جو پرائز ہے وہ 4000 ہے لیکن مجھے یہ ملی ہے 1299 میں اچھا جی اس کو میں اپ کو کھول کے دکھاتی ہوں اچھا جی اس کی جو فنش ہے نا وہ گلوئی لک میں نہیں ہے وہ میٹ میں ہے مجھے تو بہت پسند ہے میں یوز بھی کرتی ہوں تو مجھے تو بڑی بہت پسند ہے جو جو میری ویڈیوز دیکھ رہا ہوگا جو جو یہ یوز بھی کرتے ہیں وہ لوگ بھی میری بات ہے مجھ سے کہو گے کہ یہ کمال فنش دیتی ہے بڑے مزے کی جن کو میٹ فنش پسند ہے ہر کسی کا ایک اپنا بولتا ہے تو میں نے دبئی یہ,2,11,"[27, 39]","[5, 22, 30, 34, 42, 47, 48, 54, 58, 60, 62]",1,66,2,4,54,"(0, 81.81818181818183)","[0, 9]","[0, 0, 9, 9, 0, 0, 0, 9, 0, 0, 0]"
58.4,204 (4).wav,اچھا جی اب ان کی دوسری چیز ریڈینٹ کنسیڈر اس کی اصل میں جو پرائز ہے وہ 3200 ہے لیکن یہ مجھے ملا ہے 999 کا یہ دیکھ سکتے ہیں اپ لوگ اس کی ہم بات کرتے چلیں اس کو میں اپ لوگوں کو کھول کے دکھاتی ہوں یا یہ چیز میں پتا ہے کب یوز کرتی ہوں جب مجھے نہ ذرا مطلب ہیوی لک نہیں چاہیے ہوتی ہے جو فاؤنڈیشن کہہ رہا ہے وہ تو میں فارمل یوز کرتی ہوں وہ بھی جب میں یوز کرتی ہوں میں بہت کم مقدار میں اسے استعمال کرتی ہوں مجھے کہیں جانا پڑ جائے مطلب عام ٹیم میں تو میں صرف یہ یوز کرتی ہوں اچھی طرح سے پرائم منسٹر لگاکے تو میں اس کی کچھ ڈراپس لگا لیتی ہوں اور بڑا کمال ہے یقین کریں جس طرح کی اس کی شیپ ہے یار یہ اتنی کمال کی لک دیتا ہے نہ ایسے اپنے اسٹو جاتا ہے اپ کا مطلب ایسے,10,4,"[3, 7, 19, 22, 24, 33, 38, 40, 46, 55]","[0, 42, 48, 53]",1,58,1,3,54,"(0, 93.10344827586206)","[9, 9, 0, 0, 0, 0, 0, 0, 0, 0]","[0, 9, 0, 0]"
42.19,204 (5).wav,اچھا جی اب یہ ان کی یہ فلورنس ائی شیڈو کے یہ بھی میں بہت زیادہ فملی یوز کرتی ہوں بہت زیادہ لیکن مہندی کا اتنی اچھی سیل لگی ہوئی ہے اس کی اصل میں کیا پرائز تھی میں مینشن کر دوں گی یہ بھی مجھے بہت زیادہ اف میں ملی ہے تو میں نے کہا یار لے لو اگے شادی بیاہ کے سیزن ا رہا ہے تو کریں گے استعمال اس میں مطلب میٹ میں بھی ہے ایک لیٹری لک بھی ہے میں اپ کو دکھاتی ہوں میں کلرز بھی ہیں ایک لیٹری بھی ہیں اور اپ کلر صرف چیک کریں اس پے,5,3,"[6, 9, 9, 19, 41]","[0, 11, 11]",1,42,3,5,29,"(0, 69.04761904761905)","[0, 0, 0, 9]","[0, 0]"
51.27,204 (6).wav,اس کے بعد ان سب یہ سب پروڈکٹس تو میری بہت فیورٹ ہیں مطلب میں نے ظاہری بات ہے اپنی مرضی سے منگوائی ہے لیکن ان سب میں اگر اپ لوگ کہنا کہ میری سب سے زیادہ فیورٹ کو فیورٹ کیا ہے تو یہ اپ لوگ کہیں گے یہ کیا ہے میں اپ لوگوں کو بتاتی ہوں صبر کریں ذرا اپ لوگ اتنی مزے کی چیز منگوائی ہے نہ میں اس کی کوالٹی پہلے تو اپ لوگ اس کی کوانٹیٹی چیک کریں اور پھر اس کی کوالٹی میں اپ لوگوں کو بتاؤں صرف ایک دفعہ اپ لوگ اس کے کلر چیک کریں میں میں کیا بتاؤں اپ لوگوں کو یار اس میں تین بلشون ہیں اور 3 ہائی لائٹرز ہیں ٹھیک ہے اس کی پرائز بھی میں یہ سائیڈ پے منشن کر دوں گی میرے ذہن سے نکل گئی اصل پرائز بھی اور اف پے کتنے کا ہے وہ بھی میں مینشن کر دوں,6,5,"[8, 12, 22, 23, 31, 32]","[3, 11, 19, 21, 40]",1,51,8,3,35,"(0, 68.62745098039215)","[0, 0, 0, 0, 0, 0]","[9, 0, 0, 0, 0]"
58.44,204 (7).wav,ان سب چیزوں کے بعد جو ہماری اخری چیز بچی ہے سوری کیا کہوں میں کیا کہوں کیا میں مطلب یار مجھے تو پہلے اس چیز میں سے نہیں میں نکل پا رہی کہ اتنے کم پیسوں میں بیوٹی فائیور امنہ کی اتنی اچھی چیزیں کیسے ا سکتی یعنی میرا فیورٹ لیپ ٹاس ہے میں ہمیشہ یہیں سے منگواتی ہوں ریموو کلر میں ہے مجھے کالر یار اتنا مزے کا کلر ہے ابھی یہ تھوڑا یہ بھی میک میں اپنی جب یہ ڈرائیو کرنا اتنی اچھی لک دے گا نا یہ اس سے پہلے یہ بہت اچھی لوگ دے رہے تھے یہ اتنا کمال کا کیا مطلب ہے جس کا کلر اور اس کی اس کی کوالٹی بھی بہت اچھی ہے کتنا پیارا,4,7,"[4, 12, 14, 17]","[21, 33, 41, 46, 49, 57, 58]",0,58,9,8,39,"(0, 67.24137931034483)","[0, 0, 0, 9]","[9, 9, 0, 0, 0, 0, 0]"
55.75,204 (8).wav,اچھا جی سب سے پہلے میں اپ لوگوں کو ایک اہم چیز بتا دو اسپانسر ویڈیو میں نے خود پے کرکے یہ سب کچھ لیا ہے لیکن اس کے باوجود میں چاہتی ہوں کہ اپ لوگوں کا بھلا ہو جائے اس لئے اپ لوگ جلدی سے جائیں بیوٹی فائی امنہ کے پیج پر ان کے لنک میں الٹیمیٹ بجٹ بوس اور اس میں جون جون سی چیز ہے اپ لوگوں نے سلیکٹ کرنی ہے وہ کریں اور دوسرا ایک دوستانہ مشورہ دوں گی اپ لوگوں کو کہ وہاں پر موئسچرائزر سیٹنگ سے پرے وغیرہ ایسی چیزیں بھی ہیں لیکن وہ چیزیں لینے سے بہتر ہے کہ اپ ان کی عام طور پر بہت مہنگی ہوتی ہے جیسے ان کی فاؤنڈیشن وغیرہ میں نے اس لیے نہیں منگوایا کیوں کہ وہ چیزیں میرے پاس پہلے سے تھی تو میں نے یہ ساری چیزیں منگوا لیں مسکارا بھی بڑا کمال کا ہے وہ اپ لوگ کے اگے مرضی اپ لوگ یہ کیا کیا لینا ہے تو,9,6,"[4, 9, 15, 23, 31, 34, 37, 39, 43]","[0, 4, 27, 35, 40, 50]",0,55,6,7,42,"(0, 76.36363636363637)","[0, 0, 0, 9, 0, 0, 0, 0, 0]","[0, 0, 0, 0, 0, 0]"
31.0,205 (144).wav,اچھا جی گاڑی کی جو تعریف ہے نا اس پہ تو بڑی بہت ساری میں نے ویڈیوز بنا دی ہیں لیکن اج کی ویڈیو میں نہ ہم بات کریں گے گاڑی کے مسئلے مسائل پے تو اگر اپ لوگوں نے الفن لے لی ہے تو میں اپ کو ایک بات بتا دوں اور اگر اپ اس کو لینے کا سوچ بھی رہے ہیں تو کم سے کم اپ نے ایک لاکھ روپیہ اپنے پاس رکھنا ہے اس کا جو مسئلے مسائل ہیں نا یہ گاڑی اپ سے 1 لاکھ روپے مانگے گی اور یہ میں رجسٹریشن کی بات نہیں کر رہا گاڑی میں جو جو ایشوز ہیں اج میں اس کو ڈسکس کروں گا اور میں اپ لوگوں کو بتاؤں گا کہ اپ کا 1 لاکھ روپے کہاں لگنے والا ہے,8,2,"[5, 6, 8, 15, 16, 19, 23, 23]","[0, 1]",1,30,0,0,0,"(1, 0.0)","[0, 0, 0, 0, 0, 0, 0]","[0, 0]"
31.76,205 (1).wav,تو چلے ویڈیو کو شروع کرتے ہیں اور ایک ایک کرکے میں اپ کو گاڑی میں مسئلے بتاتا ہوں اور گاڑی میں جو میجر ایشوز ہیں وہ تین ہی ہیں تو چلیں اس ویڈیو کو شروع کرتے ہیں یہ جو سب سے پہلا مسئلہ ہے وہ میرا خیال ہے جن لوگوں کے پاس سیل فون ہے ہر ایک بندے نے اس مسئلے کو فیس کیا ہے اور یہ جو ایشو ہے میرے ساتھ بھی ہوا ہے اور باقی بڑا ویل ناؤن ایشو ہے اس گاڑی کے اندر اور وہ والا جوشی ہے وہ ہے اس گاڑی کی بیٹری کا گاڑی کی جو بیٹری اس میں اتی ہے اوریجنل چنگان کی وہ الموسٹ اپ کی ایک سال بھی بڑی مشکل سے چلتی ہے,2,2,"[11, 31]","[14, 20]",1,31,0,0,0,"(1, 0.0)","[0, 0]","[0, 9]"
52.55,205 (2).wav,"بوسے کیسیز تو میں نے ایسے بھی سنے ہیں کہ گاڑی جو ہے ابھی کچھ 100 کلومیٹر چلی ہے اور گاڑی کی جو بیٹری ہے وہ فارغ ہو گئی ہے تو خیر میری گاڑی کی جو بیٹری تھی وہ تقریبا 21,000 کلومیٹر پر فارغ ہو گئی تھی اور اس کی جو کمپلیٹ ویڈیو وہ میرے چینل پر موجود ہے میں نے اس کو کیسے ریپلیس کیا ہے اپ ادھر سائیڈ پر لگے لنک پر کلک کر کے بھی وہ ویڈیو دیکھ سکتے ہیں تو سب سے پہلے یا میں اپ کو بڑی گارنٹی کے ساتھ یہ بات بتا سکتا ہوں اور اس کے بعد جو کمپلیٹ گائیڈنس ہے گاڑی کے اس بیٹری کا ایشو کو رزول کرنے کی وہ میرے چینل پر موجود ہے اس ویڈیو کو جا کے دیکھ سکتے ہیں اور گاڑی کی جو بیٹری ہے وہ اپ کو تقریبا کوئی پچیس ہزار کے قریب کاسٹ کرے گی اور جو گاڑی کی جو پرانی بیٹری ہے وہ اپ کی تقریبا اب کہہ سکتے ہیں کہ چار پانچ ہزار کی نکل جائے گی اور یہ گاڑی کی بیٹری اپ کو نئی 20000 میں کاسٹ کرے گی تو 20000 تو اپ کا سیدھا سیدھا یہ بیٹری کا ہو جائے گا",2,2,"[14, 28]","[8, 9]",0,52,2,1,3,"(0, 5.769230769230769)","[0, 9]","[0, 0]"
33.34,205 (3).wav,"اب اگر دوسرے ایشو کی بات کرلی جائے تو وہ اس گاڑی کا ٹائرس گاڑی کے جو ٹائرز ہیں ان میں بھی ایک ایشو ارہا ہے ان میں ببلز بن جاتے ہیں اور اگر تو اپ کی وارنٹی میں گاڑی ہے تو پھر تو یہ ریپلیس ہو جاینگے فری اف کاسٹ ادر وائز اپ کو ان گاڑی کے جو چاروں ٹائرز ہیں وہ چینج کروانے ہی پڑیں گے میں نے تو خیر اس گاڑی کے ٹائر کو مل رہا ہے تو یہ بھی اپ کو تقریبا تقریبا کوئی 40,000 پرانے بھی دیں گے کوئی اچھا ٹیل ڈلوائیں گے اپ کو 30 40,000 ایزیلی پڑیں گے",0,3,[],"[23, 30, 33]",0,33,0,0,1,"(0, 3.0303030303030303)",[],"[9, 0, 0]"
30.23,205 (4).wav,گاڑی کے فیچر اور اس کے ہڈن فیچرز اور اس گاڑی کی جو اچھی اچھی چیزیں تھی ایوریج اچھی تھی میں نے بڑی ویڈیوز بنائی ہے تو کچھ لوگ یہ سوچتے ہوں گے کہ پتا نہیں میں نے یہ گاڑی لے لی ہے تو شاید اس لئے مجھے اچھی لگتی ہے تو اسی لئے میں نے سوچا کہ اج ایک ایسی ویڈیو بنائی جائے کہ جس میں اس گاڑی کے جتنے بھی مسئلے ہیں مسائل ہیں وہ سارے اپ لوگوں کے ساتھ ڈسکس کیے جائیں کیونکہ اگر کوئی اس گاڑی کو لینے کا سوچ رہا ہے تو اس کو اس چیزوں کا ائیڈیا اچھی طرح سے ہونا چاہیے کہ اگر اپ نے یہ گاڑی لی تو اپ کو کن کن مسائل کا سامنا کرنا پڑے گا,4,5,"[4, 9, 18, 29]","[3, 4, 5, 12, 25]",0,30,0,0,2,"(0, 6.666666666666667)","[0, 0, 0, 0]","[9, 0, 0, 0, 1]"
41.4,205 (5).wav,اب یہ تیسرا جوس گاڑی کا سب سے ایک جو مجھے لگا ہے مسئلہ وہ اس کی پینٹ کوالٹی کا ہے گاڑی کی جو پینٹ کی کوالٹی ہے وہ اتنی کوئی ایکٹیوٹی مارک نہیں ہے گاڑی کی پینٹ کے اوپر چھوٹے چھوٹے ببلز بھی ابھی گاڑی گندی ہے وہ نظر نہیں ارہے بعد میں گاڑی کو جب واش کرواؤں گا تو اس کا میں کلپ ضرور کسی ویڈیو میں لگاؤں گا کہ اپ اس کوٹنگ بھی کروانی پڑے اور کوٹنگ بھی اپ کو پتہ ہے اگر اپ سرامک کوٹنگ کروائیں یا گلاس کوٹنگ کرائیں وہ بھی اپ کو کم سے کم بھی کوئی 20 25 30 ہزار میں اجکل پڑ رہی ہے یاد رکھیے گا میں ایکسچینجر کی بلڈ کوالٹی کی بات کر رہا ہوں وہ کوئی اتنی بھی اچھی نہیں ہے اس گاڑی کی پینٹ کی جو کوالٹی کی میں بات کر رہا ہوں ایکسیڈ,7,2,"[4, 10, 13, 14, 28, 29, 37]","[11, 37]",1,41,2,0,2,"(1, 4.878048780487805)","[0, 0, 0, 0, 9, 0, 0]","[0, 0]"
59.12,205 (6).wav,نو ڈاؤٹ گاڑی کا جو انٹیرئیر ہے وہ بڑا ہی زبردست ہے گاڑی کے جو انٹیرئیر کی کوالٹی ہے وہ بالکل ایکسپیرینس سے اپوزیٹ ہے انٹیریئر سے اپ کو کسی قسم کی کوئی چیف فیل نہیں اتی بڑا ہی سولڈ قسم کا انٹیرئر لگتا ہے لیکن یس گاڑی کی جو ایکسٹر کی جو ہے بلڈ کی جو کوالٹی ہے وہ تھوڑی سی ڈاؤن ہے اس میں گندی ہے لیکن میں بھی اپ کو نظر ا جائے یہ اپ دیکھ سکتے ہیں یہاں سے اور اس کے علاوہ یہ گاڑی کی جو بیک لائٹ ہے اس کو بھی اپ یہاں سے دیکھ سکتے ہیں یہاں پے بھی کافی زیادہ گیپ موجود ہے اور ادھر والی جو لائٹ ہے یہ بالکل ٹھیک ہے اس کے ساتھ پرفیکٹ فٹنگ میں لیکن اس کا اپ دیکھ سکتے ہیں کہ یہاں پے کافی زیادہ گیپ موجود ہے کوئی یہاں پہ کوالٹی کا ہے ایشو باقی اگر اپ کو میں یہاں سے بھی قریب سے دکھاؤں تو یہ اپ دیکھ سکتے ہیں یہاں پے گاڑی کا جو پینٹ ہے یہ کوئی یہاں پہ کسی قسم کا یہ کوئی نشان نہیں ہے یہ گاڑی کا پینٹ ہی اس طرح کا ہے تو اس طرح کی گاڑی کی پینٹ میں ایشوز ہیں,14,7,"[3, 6, 10, 13, 18, 19, 20, 31, 32, 34, 37, 40, 41, 53]","[9, 12, 31, 35, 36, 40, 52]",0,59,1,0,7,"(0, 11.864406779661017)","[0, 0, 9, 0, 0, 0, 9, 0, 0, 0, 0, 0, 0, 0]","[0, 0, 0, 0, 0, 0, 0]"
56.75,205 (7).wav,اور نوٹ اؤٹ جو گاڑی میں فیچرز ہیں ویلیو فور منی گاڑی ہے ہر چیز اچھی ہے گاڑی کی میں نے اپنی ویڈیوز میں بتایا ہے کافی کچھ اور ساری ویڈیو چینل پر موجود ہے اپ دیکھ سکتے ہیں لیکن یس یے کچھ چیزیں ہیں جو کہ گاڑی کو گاڑی میں یہ تھوڑے سے ڈراب ہے باقی اگر میں اپ کو انٹیریر کی کوالٹی دکھاؤں تو نو ڈاؤٹ بہت زبردست ہے اپ گاڑی کا ڈورس کی سائیڈ پے جو اسٹیچنگ دیکھ لیں یہ بڑی زبردست ہے اور سیٹ کی جو ٹیچنگ ہے وہ بڑی زبردست ہے اور جو انجینئر کی فیل ہے وہ بڑی زبردست ہے یہ اگر اپ میں اپ کو یہاں سے دکھا سکوں تو اپ دیکھ سکتے ہیں کہ اگر اس کو ون ورڈ میں ڈسکرائب کیا جائے تو اٹس پرفیکٹ مطلب بڑا ہی زبردست قسم کا انٹیریئر ہے کہیں پہ اپ کو کسی قسم کے سائیڈ پے کوئی گیپس کسی قسم کی کوئی چیز اپ کو نظر نہیں ائے گی اپ دیکھ سکتے ہیں گاڑی کی جو انٹیرئیر کی جو کوالٹی ہے فنشنگ کوالٹی ہے وہ میں اس کو 10/10 ریٹ کروں گا بہت اپ ٹودی مارک ہے,9,7,"[4, 12, 21, 25, 28, 31, 41, 47, 48]","[3, 5, 8, 40, 41, 44, 46]",0,56,4,0,11,"(0, 19.642857142857142)","[0, 9, 0, 9, 0, 0, 0, 0, 0]","[9, 0, 0, 9, 0, 1, 0]"
16.23,205 (8).wav,یس جو ایکس ٹیریر ہے اس میں بہت سارے فالٹ ہیں وہ میں نے اپ کو ویڈیو میں دکھا دی ہیں لیکن اہستہ اہستہ اس کو بھی امید ہے چنگان امپروو کر رہی ہے اور جو نئی انے والی گاڑیاں ہیں ان میں بہت کم شکایات مل رہی ہیں کہ گاڑی کا جو پینٹ ہے اس میں جو بھی مسائل ہیں وہ ختم کیا جارہے ہیں,5,2,"[5, 11, 11, 15, 15]","[7, 8]",0,16,1,0,15,"(0, 93.75)","[0, 0, 0]","[0, 0]"
8.36,205 (9).wav,دو تین چیزیں ہیں میرے مائنڈ میں جو میں نے اپ کو بتائی ہیں بیٹری ٹائرز اور یہ تھوڑی سی ایکسچینجر کی جو بلڈ کوالٹی کا جو تھوڑا سا ایشو ہے پینٹ کا وہ والا,0,0,[],[],0,8,0,0,2,"(0, 25.0)",[],[]
61.51,205 (10).wav,لیکن ایک جو اس میں مجھے تو خیر کوئی اتنا زیادہ نہیں کوئی ایشو ا رہا لیکن اس چیز کی بھی بہت کمپلین کر رہے ہیں لیکن مجھے یس مجھے رات کو تھوڑا سا فیل ہوتا ہے کہ گاڑی کی جو فرنٹ کی جو ہیڈ لائٹس ہیں ان کی جو لائٹس ہیں وہ تھوڑی سی ڈم ہے وہ کافی تیز ہوتی ہے لیکن اس کی تھوڑی سی ڈیم ہے تو مجھے بھی ہوتی ہے اور کافی لوگوں کو اس کے بارے میں بھی کمپلین ہے تو اس کو لے کے بھی کچھ لوگوں نے یہ کیا ہے کہ اس میں جو ایل ای ڈی ہیں وہ انہوں نے جو ہے ایچ ڈی وہ چینج ریپلیس کی ہوئی ہیں لائٹ کو بہتر کرنے کے لئے تو خیر مجھے تو ابھی اتنا زیادہ کوئی نئی ایشو ا رہا کہ رات کے ٹائم مجھے کوئی بہت زیادہ نہیں فیل ہوتا کہ مجھے کچھ نہیں نظر ارہا جی بہت زیادہ ڈیم ہے میرا گزارا چل رہا ہے تو میں نے ان کو چینج نہیں کروایا باقی میں نے اپ کو بتا دیا بیٹری ٹائرز اور ابھی میرا ارادہ ہے کہ اس کو جو گلاس کوٹنگ ہے وہ بھی اس گاڑی کی کروائی جائے تاکہ اس کی جو پینٹ کے تھوڑے بہت جو ببلز اور اس طرح کی چیزیں تھوڑی کور ہو جائیں گی,14,5,"[0, 3, 3, 5, 5, 8, 17, 18, 37, 40, 41, 42, 44, 48]","[2, 17, 21, 34, 35]",0,61,0,0,1,"(0, 1.639344262295082)","[0, 9, 0, 0, 0, 0, 9, 9, 0, 0, 0, 0]","[0, 0, 0, 0, 0]"
18.92,205 (11).wav,تم ہی تو ویڈیو اپ کو پسند ہوگی کہ چینل پر نئے ہے تو چینل کو لازمی سبسکرائب کیجیے بلیکن پر لازمی کلک کیجئے تاکہ میرے ہر نئی نئی ویڈیو کا نوٹیفکیشن اپ کو ملتا رہے اور میرے چینل پہ الفاظ اور بھی بہت ساری ویڈیوز ہیں اپ میرے چینل کو وزٹ کر کے وہ ساری ویڈیوز دیکھ سکتے ہیں دعاؤں میں یاد رکھیے گا اپنا خیال رکھیے گا یہ ویڈیو کے ساتھ اپ کی خدمت میں,3,2,"[4, 5, 19]","[2, 4]",0,18,0,0,2,"(0, 11.11111111111111)","[0, 0, 0]","[0, 0]"
41.84,205 (12).wav,بسم اللہ الرحمن الرحیم السلام علیکم میرا نام ہے خواجہ محمد عمر اور اپ دیکھ رہے ہیں کار میں پی کے ویلکم بیک کی ہے اور اج کی جو ویڈیو ہے بہت امپورٹنٹ ہے اینڈ تک ضرور دیکھیے گا کیونکہ وہ لوگ جو کہہ رہے تھے کہ یار تم ایلسن 1.3 مینول 2 سال چلانے کے بعد سیل کرنے کے بعد دوبارہ سن کیوں خرید لی اور بھی سیم ایئر کا ماڈل لیکن 1500 سی سی تو یہ چیز یہ بتاتی ہے کہ ہاؤ مچ ائی ٹرسٹ اونٹ میں اپ کو اج کی ویڈیو میں ٹروز این کونس سب بتاؤں گا اور ساتھ ہی بتاؤں گا کیوں اپ کو بھی لینی چاہیے ایل فون 1.5,2,1,"[27, 29]",[21],0,41,16,3,21,"(0, 51.21951219512195)","[0, 0]",[0]
55.98,205 (13).wav,سورج سب سے پہلے شروع کرتے ہیں اپنے ایکسپیرینس کے بارے میں دو سال میں نے چلائی گاڑی بہت اچھی لگی بہت اسٹرانگ بہت اسٹڈی ایچ ڈی ایوری تھنگ واسکیٹ انٹل وی کین کراس اسپین کوالٹی ابی نو نو ٹو دا پینٹ کوالٹی ڈسکس اینڈ بکواس کائنڈ اف پین کوالٹی اپ کو اس میں ملتی ہے پہلے کون سے شروع کرتے ہیں نہ تو پینٹ کے معاملے میں پیتک ان کی سروسز ہے یا پروڈکشن ویلیو ہے بالکل زیرو ہے پینٹ بالکل بھی کام کرنی ہے اس پہ ہم نے وہ رین کونسا لگایا اتارا تو یہ لیٹر پیپر یا اتریں پینٹ سمیت کے اکھڑ گیا یہاں سے یہاں پہ وہ اگیا نشان وغرہ اگیا اس کے تو,7,1,"[16, 22, 23, 30, 37, 39, 40]",[9],1,55,22,0,19,"(1, 40.0)","[0, 9, 0, 0, 0, 0, 0]",[0]
13.58,205 (14).wav,ایک اور مزے کی بات یہ ہوئی کہ اس دن ہم ایک ریل دیکھ رہے تھے حذیفہ ہی بتا رہے تھے کسی نے لیگ چنگان کاروان اور اس میں سے وہ جو کمپنی اس کے کرنی ہوتی ہے وہ اتارے تو پینٹ ہی اتر گیا اس کے ساتھ تو یہ حال ہے ان کی پینٹ کوالٹی کا,1,1,[3],[1],1,13,9,0,3,"(1, 69.23076923076923)",[9],[0]
62.35,205 (15).wav,اپارٹ فروم ڈیٹ انجن وائس ون اف دی روبس وہیکل اپ اسے یہی کہہ سکتے ہیں کہ ٹویوٹا کے برابر کا انجن یے یا اس سے اوپر بنا رہے یورو فائیو انجن ٹیکنالوجی ہے اور بلو کور انجن ٹیکنالوجی اس میں یوز کر رہے ہیں فینٹاسٹک ایک اور مزے کی بات بتاؤں کہ وہ جو تھی 1.3 منیر وہ مجھے دیتی تھی اراؤنڈ لاہور سے اتے ہوئے شروع شروع میں وہ مجھے دیتی تھی تقریبا 18 ساڑھے اٹھارہ کی ایوریج جیسے ہی میں نے ٹائر چینج کیے بائی دا وے ٹائر ایک اور بکواس چیز ہے اس کی ٹھیک ہے ٹائر چینج کرنے کے بعد کیونکہ وہ بڑے سائز کے ٹائر لگ گئے تو وہ 750 17 کے درمیان مجھے ایوریج دیتی تھی اپان اے سی این ہیٹر ٹھیک ہو گیا ٹائر اس کے چینج کر دیے تھے اس کے بھی چینج کروں گا انشاءاللہ لیکن ابھی نہیں تھوڑا سا چلا کے اس کے بعد ان ٹائیس کو بھی چینج کر دوں گا ٹائر چینج اپ لوگ پوچھتے نہیں ہوتے کہ یار ٹائر کیوں چینج کرتے ہو ٹائر چینج کرنے کی وجہ یہ ہے کہ یہ بہت ہی ہارٹ ٹائر ہے اور باقاعدہ اپ کو روڈ نائس بھی سنائی دیتا ہے اور سسپینشن پہ اس کا جو اثرات ہیں وہ بھی اپ کو نظر اتے ہیں,8,5,"[23, 27, 27, 35, 37, 42, 43, 49]","[8, 14, 23, 29, 37]",1,62,29,3,9,"(1, 46.774193548387096)","[0, 0, 9, 0, 0, 0, 0]","[0, 0, 9, 0, 0]"
50.67,205 (16).wav,یہاں میں مزے کی بات بتاتا چلوں کہ ٹائر پریشر کو لے کے بڑی باتیں ہوتی ہیں جب ہم نے ایلسن 1.3 لی تھی 40 بار اس نے ہوا تھی کھڑی نہیں ہوتی تھی گاڑی روڈ پہ ہلکا سا کوئی پتھر بھی اتا تھا نہ تو فیل ہوتا تھا پھر میں سمجھا کہ ٹائر کی ہوا کا میں چیک کروانے گیا تو 40 تھی 30 کی تو گاڑی ممبر ہوگی سموتھ ہوگی لیکن یہاں پے میں اپ کو بتاتا چلوں کہ 40 40 کوئی بھی نہیں ہے 30 بھی نہیں ہے اس کا ٹائر پریشر ریکمنڈڈ کمپنی کی جانب سے یہاں پہ اگر اپ اتے ہیں تو یہاں پہ اپ کو بتایا جاتا ہے کہ 32 32 اپ نے ٹائروں میں ہوا رکھنی ہے فرنٹ ریئل ٹھیک ہے سب 32 32 ہوا ہے تو کوئی کسی کی نہ سنے اپ گاڑی کے اوپر لکھا ہوا ہوتا ہے کہ کتنا ٹائر پریشر ہونا چاہیے یہ ہوگیا,7,9,"[10, 10, 15, 24, 28, 29, 45]","[1, 9, 12, 18, 40, 42, 43, 47, 47]",0,50,2,3,22,"(0, 44.0)","[0, 0, 0, 0, 0, 0]","[0, 0, 0, 9, 0, 0, 9, 0]"
60.6,205 (17).wav,اب دوبارہ کیوں لیلن اگر اتنی شکایت تھی تو اچھا لائٹیں بھی دنیا کی گھٹیا ترین لائٹیں یہ ہیں جو ایلسن میں اپ کو دی جاتی ہیں کئی دفعہ کہا ہم نے ویڈیوز میں بھی اور افیشیل بھی بتایا انہوں نے کہ اپ کی لائٹس جو ہیں بالکل بیکار ہیں کائنڈلی لائٹس کو چینج کریں اور یہ اس طرح ان کی کچھ الگ رہے تھے میں اس طرح کا لینگویج ٹیڑھی ہے کی لائٹ ایسے اکے ایسے ہو رہی ہے روڈ کے اندر یعنی کہ اگے اگے اتنے سے فاصلے پے اتنی دوری پے یہ اکے لائٹیں یہاں درمیان میں کنورجنسیا اگر اپ کو لگتا ہے اپ نے تو اپ بھی رکھ سکتے ہیں,5,1,"[4, 15, 26, 26, 38]",[5],0,60,11,2,23,"(0, 38.333333333333336)","[0, 0, 0, 0]",[0]
74.3,205 (18).wav,"خدشہ ان تمام باتوں کے باوجود پھر السن کیوں لی اب اتے ہیں اچھی باتوں کی طرف انجن ٹاپ ناچ اس کے بعد مالیج اپ کو پتا ہے اس نے لاہور سے ہمیں کتنی دی میں اپ کو پہلے بھی بتایا تھا کہ میں فون نہیں کرواتا ہوتا میں ٹاپ اپ کرواتا ہوتا ہوں اوپر تک ٹھیک ہے 9 لیٹر ایکسٹرا پڑتا ہے میں ٹاپ اپ کروا کے وہاں سے نکلا لاہور سے اور اسلام اباد اکے میں نے دوبارہ ٹاپ اپ کرایا میں نے یہ سوچا کہ اب ہمیں اندازہ ہوجانا چاہیے کہ کتنے لیٹر پیٹرول پے گی یا کتنے روپے کا پیے گی میں ڈلواتا ہوں ہائی اکٹین اس میں بھی ہائی اوکٹین ڈلواتا تھا اس میں بھی ہائی اکٹین لاتا ہوں گاڑی میں 5 بندے اندر سے اور جو بوٹ ہے اس کا ڈگی ہے کھچا کھچ بھری ہوئی تھی اتنا وزن کو لے کے اوپر کی جانب بھی ا رہی تھی تو اس نے کھایا 8,000 70 رز کا فیول ہائی اوکٹین کی میں بات کر رہا ہوں تم میرے خیال سے جو اس نے ایوریج دی ہم نے نوٹ کی ہے ایوریج انیس اعشاریہ پانچ کی ایوریج اس نے دی پھر اپ سمجھ سکتے ہیں کہ یہ اتنی بڑی گاڑی 1.5 اچھا 120 پے کروز لگاکے میں ایا تھا اسلام اباد تک روس پہ ایا ہوں تو پھر اپ دیکھ لیں 120 پہ اگر یہ 19.5 کی ایوریج دے رہی ہے فل کھچا کھچ بھری ہوئی گاڑی واٹس یو ایس",7,5,"[0, 14, 44, 55, 57, 58, 71]","[4, 17, 17, 45, 63]",1,74,23,3,18,"(1, 31.08108108108108)","[0, 0, 0, 9, 0, 0, 0]","[0, 0, 0, 0]"
15.44,205 (19).wav,اب مجھے یقین ہے کہ کچھ سیٹی والے کہیں گے ہمیں 20 بھی دی 21 بھی دی تو اپ کہہ سکتے ہو یار میرے نوٹس میں تو نہیں ہے میرے نوٹس میں جو ہے 16 17 کی ایوریج ہے جو سمجھ میں انے والی بات ہے لیکن اس نے ہمیں دی ساری انیس کی ایوریج ایک چیز,5,0,"[8, 10, 13, 15, 15]",[],0,15,2,2,10,"(0, 66.66666666666666)","[0, 0, 0, 0]",[]
40.75,205 (20).wav,یہ دوسرا نو ڈاؤٹ پین کوالٹی تھیٹا سے اس کی لیکن باڈی بہت اس کی مضبوط ہے بہت مضبوط باڈی ہے اس کی اور پتہ چلتا ہے کہ اپ کسی سولڈ گاڑی میں بیٹھے ہو 80 اور 90 کے دور کی اپ کو یاد اتی ہے اتنی سولیڈ اس میں چادر یوز کی گئی ہے بلڈ کوالٹی بہت اچھی ہے یہاں سے ایک گاڑی کا ایکسیڈنٹ ہوا تھا ٹھیک ہے یہ اندر کیا ہوا تھا تو شاہد بھائی ہمارے ایک بہت اچھے وینٹر ہے مانسہرہ کے ٹاپ نے اینٹر ہیں وہ ان کے پاس وہ گاڑی ائی ہوئی تھی تو وہ کہتے ہیں سیٹی یا کرولا اتا ہے تو ہم پلاس سے پکڑ کے بھی سیدھا کر کے دو اوپر سے مارتے ہیں صحیح ہو جاتا ہے اس میں ہتھوڑے برسا رہے تھے وہ چادر صحیح نہیں ہو رہی تھی تو اتنی سولڈ کوالٹی,3,10,"[1, 3, 39]","[5, 5, 17, 19, 20, 21, 23, 34, 35, 38]",0,40,7,6,18,"(0, 45.0)","[0, 9, 9]","[0, 0, 0, 1, 0, 0, 0, 0, 0]"
49.55,205 (21).wav,پھر اس میں اپ کو الائی ویلس مل جاتے ہیں ٹھیک ہے لومیر کی بات کر رہا ہوں جو کہ بائی ڈیفالٹ اپ کو کمپنی لگا کے دیتی ہے سن روف مل جاتا ہے ٹھیک ہے یہ میرے جو ہیں یہاں پہ اگر اپ ا کے نشان دیکھیں یہ نشان اپ کو نظر ارہا ہوگا ہیٹڈ میرٹس ہیں یہ ٹھیک ہے ان کے اوپر بارش نہیں جمتی وہ ویپر ویپ رائس ہو کے اڑ جاتی ہے اور بوٹ سپیس تو امیزنگ جوائنٹ قسم کی بوٹس پے ایسا مجبور سپیس بھی اپ کو دکھا دیتا ہوں جسٹ ہیو لوگ اس میں ہم نے انس کو بٹھایا بھی تھا وہ پورا سما گیا تھا بچہ ٹھیک ہے بچہ تو نہیں ہے بڑا سارا ایڈلٹ ہے وہ پورے کا پورا اس میں سما گیا تھا پھر اس کے بعد کیمرہ نظر اجاتا ہے یہاں پے اور ساتھ ہی پارکنگ سینسرز بھی اپ کو دیے ہوئے ہیں,4,6,"[21, 21, 28, 38]","[4, 11, 19, 21, 27, 37]",0,49,4,2,10,"(0, 20.408163265306122)","[0, 0, 0]","[0, 0, 0, 0, 0, 0]"
33.99,205 (22).wav,تو یہ کچھ باتیں جن کی وجہ سے اج بھی اپ پریفر کریں گے سیٹی کے اوپر پھر اس میں انفوٹینمنٹ سکرین بھی لگی ہوئی اتی ہے کروز کنٹرول اتا ہے اس کا سیلنگ ویل اگر اپ دیکھیں بہت خوبصورت ہے ڈیش ہے سٹیرنگ ویل ہے اس کا ٹھیک ہے پھر کروز بھی اس کے اندر دے دیا ہے پھر ایکو ائیڈیل اپ کو اس میں کون سی گاڑی میں اپ کو ملتی ہیں اٹومیٹک گیر باغ کے ساتھ اتا ہے جس میں مینول کا اپشن بھی موجود ہے لیکن اسپورٹس موڈ کے طور پر اس سے متعارف کرایا ہوا ہے بٹ سیل فینٹاسٹک اپشن ٹو ہی,1,5,[29],"[5, 13, 16, 32, 33]",0,33,0,0,7,"(0, 21.21212121212121)",[0],"[1, 9, 0, 0, 1]"
37.27,205 (23).wav,اب اپ مجھے بتائیں جب میں یہ لینے گیا تھا میں سوچ رہا تھا کہ میں پلیز لے لوں یا میں گرینڈی کی طرف چلا جاؤں یا سیوک کوئی 16 17 ماڈل لے لوں لیکن پھر کافی ساری چیزیں اس میں ایسی ہیں کہ یہ چونکہ ابھی چلی بھی کم تھی اب یہ تین چار سال تک انشاءاللہ اس نے مجھے تنگ نہیں کرنا ان گاڑیوں میں ہم بیٹھے تھے تو میں حذیفہ کی زبانی اپ کو سنانا چاہوں گا کہ حذیفہ اور میں نے میں تو چلو تعریف ہی کروں گا نا حذیفہ کی حذیفہ کی تعریف نہیں کرے گا حذیفہ انکھوں نے کا حال بتائے گا تو چلیے پوچھتے ہیں ہمارا یہ گاڑی لینے میں سب سے زیادہ محرکات کس چیز کے تھے,7,3,"[10, 15, 18, 19, 30, 36, 37]","[11, 27, 29]",0,37,3,8,24,"(0, 64.86486486486487)","[0, 0, 0, 0, 0, 0, 0]","[0, 0, 0]"
88.19,205 (24).wav,السلام علیکم حذیفہ جی ٹھیک ٹھاک الحمدللہ اپ سنائیں سب کے سفر میں اپ میرے ساتھ ساتھ ہیں تو اپ نے کیا نوٹ کیا جب ہم نے جتنی بھی گاڑیاں دیکھی تو اپ بھی ساتھ ہی تھے تو پہلے تو یہ بتائیں اپ کو سب سے اچھی کون سی لگی تھی اور زیادہ کیا وجہ ہوئی کہ ہم نے اسے گاڑی میں چوز کیا ہم نے کافی ساری گاڑیاں دیکھی ہیں ہم نے گارنٹی دیکھی ہے سبک دیکھی پریس دیکھی ایکوا دیکھی لو ماڈل بھی دیکھیں ہائی ماڈل بھی دیکھے ہم نے ساری گاڑیاں دیکھی جو پانچ پانچ سال چلی ہوئی گاڑیاں تھی ایون ان کے بھی جو ہے بہت زیادہ مائی لسٹ تھی بہت زیادہ مطلب دو دو تین تین لاکھ چلی ہوئی تھی وہ اور وہ قیمت جو بتا رہے تھے جو ڈیمانڈ کر رہے تھے وہ جسٹی فائی کرے ہی نہیں دیتی تھی گاڑی کی کنڈیشن کو دیکھتے ہوئے وہ بتاتے تھے کہ ٹوٹل جینون ہے سارا کچھ ہے لیکن سامنے جو ہے ٹچنگ ہوئی ہوئی نظر ارہی ہوئی تھی پینٹڈ ہوا وہ نظر ا رہا ہوتا تھا اور پھر باقی سیوک وغیرہ کی جو بات ہے تو وہ تو پھر تھوڑی دیر اور اس کی قیمت ہی اتنی زیادہ بتاتے ہیں وہ جسٹیفائی کرتی ہی نہیں ہے اس کو اتنا پرانا ماڈل ہونے کے باوجود سال پرانے گاڑی والے اثرات جو ہیں وہ پورے نظر ارہے ہوتے ہیں کہ ہاں چلی ہوئی ہے کافی زیادہ چلی ہوئی ہے پرانی گاڑی ہے اسی لئے پھر ہم نے کافی ساری گاڑیاں دیکھنے کے بعد پھر یہی چوز کیا کہ ہم کوئی برانڈ نیو گاڑی دیکھ لیں تو زیادہ بہتر ہو جائے گا پھر اس لئے ہم نے جو ہے ایلفین چوز کی کے ایلفین ہی لے لیتے ہیں کیونکہ ایلفین کے ساتھ جو ہے پچھلا تجربہ ہمارا جو ہے وہ بہت اچھا تھا,10,10,"[15, 32, 34, 42, 47, 57, 59, 61, 69, 78]","[1, 2, 14, 19, 39, 51, 69, 73, 78, 88]",1,88,44,0,44,"(1, 50.0)","[0, 0, 0, 9, 0, 9, 0, 0, 0, 0]","[0, 0, 0, 9, 0, 9, 0, 0, 1, 9]"
50.64,205 (25).wav,"سر اپ سے ایک سوال ہے میرا پوچھیں گے تو لوگ 40,000 چلنے کے بعد جو ہے اسے فورا بیچ کیوں دیتے ہیں بہت اچھا کوئسچن کیا اپ نے حذیفہ میں خود بھی اس کا جواب دینا چاہ رہا تھا اصل میں سینگ ہے کہ ڈی سی ٹی جو ٹیکنالوجی ہے نو ڈاوٹ بہت زبردست ہے ڈول کلیش ٹرانسلیشن ہے اپ کو جرک نہیں لگتے غیر چینج ہوتے وقت لیکن اس کا جو ائل ہے اگر اپ کمپنی سے چینج کرواتے ہیں تو 48 49 ہزار روپے کا ائل اور مزدوری ہے مطلب پچاس ہزار روپے کی پھکی اپ کو پڑتی ہے 40,000 کلومیٹر کے بعد ریکمنڈڈ یہ ہے 40 کے بعد کرلیں ورنہ پچاس پے تو لازمی اپ نے کرنا ہے تو 1,000 پر کلومیٹر اپ یہ اندازہ لگا لیں کہ اپ کو اس کے ڈی سی ٹی ائل کا پڑتا ہے",4,1,"[19, 23, 25, 42]",[9],0,50,20,2,28,"(0, 56.00000000000001)","[0, 9, 0, 0]",[0]
50.04,205 (26).wav,"اس میں ستم بالائے ستم یہ ہے کہ لوگ کہتے ہیں کہ یار ہم ایسا کرتے ہیں مارکیٹ سے 20 25 30,000 والا ائل ڈلوا لیتے ہیں کام تو وہ بھی کرتا ہے اور ہیں ایسے ہی کافی سارے چلتے بھی ہیں لوگ کرتے بھی ہیں لیکن مسئلہ یہ ہو جاتا ہے کہ چونکہ یہ 5 سال کی وارنٹی ہے اس کی گئیر بوکس کی کم و بیش تو اگر وہ سیمپل لیتے ہیں غیر باکس اس کا ہوجاتا ہے خراب اور وہ سیمپل لیتے ہیں ائل کا وہ باہر کا ائل ہوا تو وہ کلیم اپ کا منظور نہیں کریں گے وہ کلیم کلیم نہیں ہوگا وہ کہے گا اپ کو کس نے مشورہ دیا تھا اپ باہر کا ائل ڈالیں یہ میری پراپر بات ہوئی تھی والوں سے جو فرنچائز تھی انہوں نے ہمیں یہ ریزن بتایا وہ کہتا ہے ہم کر کے دیتے ہیں لوگوں کو باہر کا ائل بھی ان کی ڈیمانڈ پر ڈال کے دیتے ہیں ساتھ یہ بتاتے ہیں کہ خدانخواستہ اگر کوئی غیر باسکو کچھ ہوگیا تو ہم ذمہ دار نہیں ہوں گے",8,4,"[8, 13, 13, 18, 23, 28, 29, 49]","[11, 26, 34, 43]",0,50,7,5,38,"(0, 76.0)","[0, 0, 0, 0, 0, 0, 0]","[0, 0, 0, 0]"
42.24,205 (27).wav,"اس خوف سے کہ بھائی 50,000 رز نہ لگ جائے وہ جلدی جلدی بیچ دیتے ہیں 40,000 کلومیٹر کے بعد یا 40,000 تک یا 40,000 کے بعد اکثر ابھی بھی اپ اول ایکس پاک ویلز پر دیکھیں نہ 40,000 سے 60,000 کلومیٹر کے درمیان چلی ہوئی گاڑیاں چھے چھے سات سات 8 8 8 لاکھ روپے سستی بیچ رہے ہوتے ہیں لوگ عقل کو خرچہ ہے کرلو ایک بار اس کے بعد پھر اپ 40,000 کوئی دو دنوں میں تو ہوتا نہیں ہے ایک دو سال تو لگتے ہی ہیں اس سے تو ایک دو سال ریلیکس ہو کے چلاؤ اپ اس کے بعد اپ یہ بھیج کے دو ڈھائی لاکھ روپے تین لاکھ روپے ڈال کے دوسری گاڑی لو گے تو اس سے پچاس ہزار روپے ڈالو باقی سیونگ کرو بہت اچھی ہے صرف اس کے ڈی سی ٹی کی ائل کی وجہ سے لوگ اسے سیل کر دیتے ہیں",8,2,"[1, 2, 3, 4, 11, 16, 23, 38]","[37, 41]",0,42,4,5,33,"(0, 78.57142857142857)","[0, 0, 9, 0, 0, 0, 0, 0]","[9, 0]"
59.95,205 (28).wav,"ائی ایم این اے تھوڑی بہت گاڑی کے ساتھ ایڈ انس بھی کیے ہیں وہ بھی دکھا دیتا ہوں یہاں پہ اگئے ایئرپورٹ دیز ار گفٹڈ بائے زین العابدین فروم زین العابدین یوتوب چینل جنہوں نے مجھ سے گاڑی لی تھی تو ایلسن کے انہوں نے بہت اچھی کوالٹی کی جس بندے سے میں نے لگوائے ہیں اس نے بھی پوچھا تھا اور یہ ایئر پریس کلاس نہیں ہے بہت اؤٹ کلاس ہے اس کی قیمت وہ 5,000 کے قریب بتا رہے تھے تقریبا زین کو دوستی کی وجہ سے پانچ ہزار ورنہ 750 میں بکتے ہیں اس کوالٹی کے ورنہ 3000 والے بھی ہیں 4000 والے بھی ہیں جو بکتے ہیں ٹھیک ہے پھر اس کے بعد زین نے ہی ہمیں گفٹ کیا 10 دی میٹس لیکن یہاں پہ اپ یلسن کے اسپیلنگ دیکھیں گے تو وی کے بجائے ڈبلیو لکھا ہوا انہوں نے جو کہ افٹر مارکیٹ ہونے کی سب سے بڑی نشانی ہے بہرحال نو ڈاوٹ یہ بہت ہی زبردست قسم کے میٹس ہیں اور انہوں نے اپ کو میٹنگ کی ضرورت نہیں پڑتی یہاں تک پیچھے ا رہے ہیں ٹھیک ہے کچرا نیچے نہیں جانے والا کسی بھی طرح",6,6,"[21, 40, 51, 55, 56, 58]","[15, 27, 35, 44, 51, 57]",0,59,2,9,11,"(0, 18.64406779661017)","[0, 0, 0, 0, 0, 0]","[0, 1, 1, 1, 0, 0]"
57.47,205 (29).wav,100 سیٹس اگر اپ دیکھیں تو اس کے ساتھ ہم نے وہی کام کیا جو پرانی ایلسن کے ساتھ کیا تھا ہم نے سیٹ کورس اور سٹیرنگ ویل کور چینج کر دیا اس کا پہلے یہ اسکالر میں اتے تھے جن کو مینٹین رکھنا بہت مشکل ہو جاتا ہے اس کلر کو تو اس یہ جو ڈیزائن ہے اسے کہا جاتا ہے ایگزیکٹو سیٹ کا بس یہاں پہ اپ فیڈنگ دیکھیں اس کی بکٹ سیٹ بن جاتی ہے بالکل تو فینٹاسٹک تھنگ جو ہے پچھلی سیٹ بھی ملاحظہ کریں پیچھے بھی ظاہر ہے ٹینڈی میٹس ہیں وہ سیٹ کے نیچے تک جارہے ہیں اوپر ہم نے ایلسن کی اپنی ہی کارپیٹ جو اتی ہے وہی ڈال رکھی ہے باقی یہ ہے کہ سیٹ کورس پیچھے بھی بہت زبردست لگ رہا ہے اور بھی بہت اچھا لگ رہا ہے اور درمیان میں اگر دیکھیں بیک کے تو یہ کرافٹ کے ساتھ اتا ہے جس کی وجہ سے وہ گاڑی میں اتنی زیادہ اسمیل والا پسینے والا سین ان مین نہیں ہوتا بس اس کو اور فٹنگ بڑی اؤٹ کلاس ائی,10,2,"[4, 15, 25, 29, 38, 40, 41, 52, 53, 54]","[33, 43]",1,57,1,0,1,"(1, 1.7543859649122806)","[0, 0, 0, 9, 0, 0, 0, 0, 0, 0]","[9, 0]"
74.72,205 (30).wav,اب اگر اپ یہ پوچھیں گے کہ یہ کہاں سے کروایا تو کار فارمرز اپ فیزبک پر لکھیں گے تو لاہور میں ہے یہ پچھلی دفعہ بھی میں نے ان سے یہ کام کروایا تھا اور اس دفعہ بھی انہیں ہی چوز کیا انہوں نے لگا کے فٹ کر کے ریلیکس کرکے بھیج دیا کتنے پیسے لگے تقریبا ساڑھے اٹھارہ ہزار روپے کے یہ سیٹ کورس وغیرہ بن گئے جس میں گفٹ انہوں نے یہ کیا کہ سٹیرنگ ویل کے چارجز نے ہی لیے اور وہ کنسول اگر اپ دیکھیں تو کنسول کے اوپر بھی لگا ہوا ہے اس کے چارجز نہیں لیے باقی فیچرز کی بات اگے بڑھاتے ہیں تو اوپر دیکھیں اگر اپ تو ایلسن 1.3 سے ڈفرنٹ لائٹ دی ہوئی ہے دو لائٹس ہیں یہاں پے دو بلوٹوتھ مائیکس اپ کو مل رہے ہیں بیٹر اڈیو کوالٹی کے لئے اس میں ایک ہی مائیک ملتا تھا ایلسن 1.3 میں اس میں دو مائیکس ہیں ایلسن 1.3 سے ڈفرنٹ اس کا اسٹیرنگ ویل اجاتا ہے یہاں پے یہ ٹوگل اجاتی ہیں دو اور یہ سلور میں ٹرم اجاتا ہے اس کا ادر وائز اس کا پیور بلیک میں ہوتا ہے کال پک اینڈ ڈراپ یہاں سے ہوگا کروز کنٹرول یہاں سے لگ جائے گا اگر اپ انٹرسٹڈ ہیں کروز کنٹرول دیکھنے کے لئے کہ اس پے اپریٹ کیسے کرتے ہیں وہ بھی ہم اپ کے لئے ویڈیو بنا لیں گے پھر یہاں پہ اپ کو ایکو ائیڈیل کا اپشن مل جاتا ہے لائٹ ایڈجسٹ یہاں پے مل جائے گا میرے ساتھ جو سائیڈ میلس ہیں یہاں سے اپ اپریٹ کر سکیں گے,5,3,"[7, 9, 11, 29, 50]","[27, 27, 32]",0,74,4,2,10,"(0, 13.513513513513514)","[0, 0, 0, 0, 0]","[1, 0]"
52.2,205 (31).wav,سو گائز یہ تھی کچھ وجوہات بڑی وجہ تو یہ اوپر ہے سن روف ہمیں مل جاتا ہے اور اب اپ مجھے بتائیں 2022 23 ماڈل میں سنوف کے ساتھ انصاری ایڈ فیچرز کے ساتھ ایڈیٹ فیچرز کے ساتھ کونسی اپ کو گاڑی ملتی ہے ضرور بتائیے گا ویسے تو گرینڈی بہت مجھے بہت پسند ہے گارنٹی اور اس سے بھی زیادہ پریمیم مجھے پسند ہے پریمیو ہوتی تو کیا بات ہوتی لیکن اپ یقین کریں اپ بازار جائینگے مارکیٹ جائینگے اپ پریشان ہو جائیں گے لوگوں نے گاڑیوں کے ساتھ سوتیلی ماں والا سلوک کیا ہوا ہوتا ہے ایسی کوئی بینڈ بجائے بھی ہوتی ہے اسپیشلی گلا ہے لاہور والوں سے اور اسلام اباد والوں سے پنڈی والوں سے ان لوگوں نے گاڑی کی ستیاناس پھیلی ہوئی ہوتی ہے یار اپنی گاڑی ہے اپ ذرا پیار سے چلاؤ دھیان رکھو گاڑی کا گاڑی کی واٹ لگی ہوئی ہوتی ہے اور توجہ نہیں دیتے تو,4,5,"[21, 25, 28, 52]","[4, 19, 22, 33, 46]",0,52,9,4,36,"(0, 69.23076923076923)","[0, 0, 0, 0]","[9, 0, 0, 0, 0]"
70.08,205 (32).wav,یہ پریمیوں کا اچھی کنڈیشن میں مل جانا گرینڈی کراچی کنڈیشن میں مل جانا سیوک اچھی کنڈیشن میں مل جانا بہت لکی بندہ ہوتا ہے جیسے مل جاتا ہے ویور ناٹ دو لکی پیپل اسپیشلی جاپانی گاڑیوں کے ساتھ جو بلات کار ہوتا ہے یہ ایگزیکٹ ورڈ یوز ہوگا اس کے لئے اپ کی سوچ ہے جو وٹس کے حل ہوئے جو ایکوا کے ہالوے اور جو پریس کے ساتھ سلوک ہوا ہوا دیکھ کے بندہ پریشان ہو جاتا ہے پرای گاڑی اللہ کے ہم نے تو نہیں خریدی ہوتی لیکن دیکھے سوس ہوتا ہے ان لوگوں نے کیا کیا ہوا ہے گاڑی کے ساتھ تو یہ وجہ تھی کہ ہم نے پھر دوبارہ اپنی ٹائم ٹیسٹ اینڈ 2 سال کے ایکسپیرینس کو بروئے خاطر رکھتے ہوئے پیش نظر رکھتے ہوئے ہم نے پھر اسی کو چوز کیا تھینک یو سو مچ فار واچنگ دس ویڈیو ہاں اگر اپ کے سوچ رہے ہوں گے کوئی ریمور کسی قسم کا ریگریٹ یہ گاڑی لانے کا تو ایپس ناٹ ائی ایم ویری ویری ہیپی ویت دیس اسپیکر اور اگر یہ 50 ہزار کلومیٹر کر جاتی ہے تو ڈیفینٹلی میں اس کا ڈی سی ٹی ائل چینج کروں گا میں نے سیل کروں گا اس وجہ سے کہ اس میں اور ڈرتا ہے تھینک یو سو ویری مچ اپنا خیال رکھیے گا,3,8,"[25, 28, 29]","[1, 5, 8, 23, 23, 32, 51, 64]",0,70,7,2,60,"(0, 85.71428571428571)","[0, 0, 0]","[1, 0, 0, 0, 0, 1, 0]"
16.79,205 (33).wav,کار میں پی کے کو اگر ابھی تک اپ نے سبسکرایب نہیں کیا تو میں تو یہ ڈیوائس تاکہ کسی قسم کی انٹرسٹنگ اور انفارمیٹو ویڈیوز اپ کو دیکھنے کو ملتی رہے اللہ حافظ السلام علیکم,1,1,[6],[10],0,16,0,0,10,"(0, 62.5)",[0],[0]
65.92,205 (34).wav,السلام علیکم میرا نام ہے سنیل میں جو میں پاک ویز ایکسپریس سیریز کے ایک اور ایپیسوڈ سات اپ کی خدمت میں حاضر ہوں اج ہم جس گاڑی کا ریویو کرنے جا رہے ہیں وہ یونائیٹڈ ڈراو ہے اگر ہم پاکستان کے اندر 800 سی سی گاڑی کی بات کریں تو کافی عرصے تک اس کیٹیگری کے اندر سنگل پلیئر کیس کو مہران کہا جا سکتا ہے جو کہ سوزوکی کی ایک پروڈکٹ تھی بیچ میں گائے بگائے کمپٹیشن کی ایک دو پروڈکٹس ائیں بٹ وہ اتنی کوئی کامیاب نہیں ہو سکیں 2018 میں گاڑی مارکیٹ میں ائی انیشیل اس کے اندر کافی بگز موجود تھے ہم لوگوں نے اپنی ویڈیوز میں ریویوز میں بھی اپ کو بتایا کہ اس کے اندر جو جو فالٹ ہمیں نظر اتے تھے پروڈکشن کوالٹی سے لے کے فنش تک ہم نے اپ کو اس کے بارے میں بتایا تھا اج یہ پروڈکٹ پاکستان میں 2 سال کے اندر انہوں نے کافی اس کو ریفائن کیا ہے اور ہم کوشش کریں گے کہ اج کے دن وہ میں اپ کو بتائیں کہ اس میں کیا کیا چینجز ائی ہیں کیا کیا نام لسٹ ہیں جو درست کی گئی ہیں اور ویسے جنرلی گاڑی کے بارے میں میرا کیا خیال,2,4,"[7, 29]","[17, 29, 33, 51]",0,65,2,6,7,"(0, 10.76923076923077)","[0, 0]","[0, 1, 0, 9]"
54.87,205 (35).wav,گاڑی کی فرنٹ میں سب سے پہلی چیز جو اپ نوٹس کریں گے وہ یونائیٹڈ کا بہت بڑا مونوگرام ہے اور اسکے ساتھ بڑی سلیگ سے اپ کو گرل دی گئی ہے اس کے علاوہ گاڑی کی جو کرسٹل ہیں اور ساتھ ہی اپ کو نظر ائیں گے اگین اس کیٹگری کی گاڑی میں یہ جو میرے خیال ہے جو پہلے میں نے پاکستان میں انے والی یونٹ میں جو پچھلا دروازہ ہے اس کے اندر بھی کافی فولڈ تھے گاڑی کا دروازہ بڑی زور سے بند ہوتا تھا یا کبھی بند نہیں ہوتا تھا یا جس کے پلاسٹک پارٹس ہیں ان میں اب جو ہے میرا خیال ہے کافی امپروو کر لیا گیا ہے کہیں کی جگہ پے اپ کو ابھی بھی پلاسٹک پارٹ میں تھوڑی بہت انیبل چیزیں محسوس ہوتی ہیں,5,3,"[3, 10, 36, 38, 38]","[32, 45, 46]",2,54,1,6,6,"(2, 11.11111111111111)","[0, 9, 0, 0]","[1, 0, 0]"
53.64,205 (36).wav,اس کے علاوہ ایک سیزن میں پاکستان کل مشہور شاخین انٹینا جو ہے وہ بھی دیا گیا گاڑی کا جو ریر ہے وہ بہت خوبصورت ہے خاص طور پر اگر گاڑی کی اپ رئیل لائٹس کو دیکھیں گے تو اس کے اندر اپ کو رننگ ایل ای ڈیز موجود ہیں جو کہ ایک بہت اچھی لک دیتی ہیں رات کے ٹائم اس کے علاوہ بمپر کے پچھلے بمپر کی ہے وہ بھی بہت خوبصورت ہے اور اس کے اندر یہ بلیک ڈیزائننگ جو ڈفیوز اسٹائل بمپر ہے وہ دیا گیا تھا کئی دفعہ 2 سال ہو چکے ہیں گاڑی کو کھول سکتے ہیں,1,4,[48],"[5, 13, 29, 39]",0,53,3,0,4,"(0, 7.547169811320755)",[0],"[0, 0, 0, 9]"
38.03,205 (37).wav,2018 میں جب یہ یونایتد ائی تھی تو اس کے اندر کوئی بھی جو ہے نا اس پے ریٹائر نہیں ہوتا تو ہم لوگوں نے کافی اس کے بارے میں کرکٹر سائز بھی کیا تھا تو کمپنی نے اب اسپئر ٹائر تو دینا شروع کر دیا پھر اس کی لوکیشن ہے وہ بڑی تھوڑی کٹ ہے وہ اس کے ساتھ اس طرح ڈگی میں موجود ہے,1,1,[12],[15],1,38,0,0,0,"(1, 0.0)",[0],[1]
61.6,205 (38).wav,گاڑی کے انٹیرئر کی طرف چلتے ہیں گاڑی کے اندر کیلے سینٹری ویک جیک لائف کی موجود ہے گاڑی کی جو فرنٹ سیٹ ہے اس میں اینٹری اور ایگزٹ کوئی پرابلم نہیں ہے اسی طرح اگر لیگ روم اور ہیڈ روم دیکھیں دونوں کنسیڈر کافی اچھے ہیں فرنٹ کی سیٹ کی جو کچھ نہیں ہے وہ بھی اچھی ہے ابھی کئی کئی جگہ پہ مجھے بینک میں محسوس ہوتا ہے وہ اس سے بہتر ہو سکتی تھی پچھلی سیٹ پر جو اینٹری ہے وہ ذرا کمپرومائز ہے اپ کے ساتھ لگ سکتا ہے اینٹر ہونے کے بعد کنسیڈر موجود ہے لیکن جو پچھلی سیٹ کی جو اسپیس ہے یہ بہت زیادہ اگر ابھی میں نے پچھلی سیٹ اگلی سیٹ جو ہے اپنی رائٹ کے مطابق ایڈجسٹ کی ہوئی تھی تو پیچھے میں بڑی مشکل سے پورا ایا ہوں اتنا پوسیبل نہیں ہے باقی اگر پچھلی سیٹ کی کچھ نہیں کی بات کی جائے اور اس کے فیبرک کی بات کی جائے وہ کافی سافٹ ہے تو میرے خیال سے تو دو بچوں کے لئے تو یہ گاڑی کی جو بیک سیٹ ہے بالکل ٹھیک ہے بٹ ایڈلٹ کے لیے لنگر جرنی تو بالکل بھی ریکمنڈڈ نہیں ہے لیکن شہر کے اندر دو ایڈلٹ اس کے اوپر ارام سے بیٹھ سکتے ہیں,13,7,"[9, 9, 16, 29, 32, 38, 39, 41, 43, 53, 56, 57, 58]","[13, 13, 17, 22, 48, 54, 60]",2,61,0,10,8,"(2, 16.39344262295082)","[0, 0, 9, 0, 9, 0, 0, 0, 0, 0, 0, 0]","[0, 0, 0, 0, 0, 0]"
64.04,205 (39).wav,گاڑی کی اگر انٹیرئر کی ڈیش بورڈ کی بات کریں تو اس کی اوورال لوک جو ہے وہ انسپائرڈ ہے تو ایگزیکٹ وہی لوگ جو ہیں ان کو استعمال کیا گیا ہے اس کے ساتھ ساتھ ہو جاتی ہے لیکن جو اس کی ولیم یا ساؤنڈ کوالٹی ہے وہ اتنی خاص نہیں ہے جو اسپیکر ہے وہ کتنی اچھی کوالٹی کے نہیں ہے اور اگر اپ اس کو چینج کرکے بہتر سننا چاہتے ہیں تو اپ کو تھوڑی بہت انویسٹمنٹ کر کے اس کی اسپیکر چینج کرانے پڑیں گے اس کے علاوہ گاڑی کا جو ریورس کیمرہ ہے اس کی کوالٹی بہت اچھی ہے پلس اس کے اندر اپ کو پارکنگ سینسر دیے گئے ہیں جو کہ اپ کو گاڑی پارکنگ میں بہت ہیلپ کرتا ہے اور میرے خیال سے ہیش بیک اور اسٹارٹنگ جو کیٹگری ہے گاڑیوں کی ہے اینٹری لیول کی گاڑی متعارف کرائی گئی,3,6,"[17, 23, 27]","[26, 31, 45, 46, 54, 62]",0,64,12,4,17,"(0, 26.5625)","[0, 0, 0]","[0, 0, 0, 0, 9, 0]"
35.2,205 (40).wav,گاڑی کی اگر میٹر کی بات کرے تو میں یاد پڑتا ہے میں نے اپ لوگوں کو بتایا تھا پرنسپل کے ریویو میں کہ اس کا جو میٹر تھا وہ اس کے اندر اور چائنیز کوالٹی تھی اس کا میٹر اس سے بہت بہتر ہے اس کے اندر بیسک ساری انفارمیشن اپ کو مل رہی ہیں اس میں دیکھیں اپ کا انلاک سپیڈ میٹر ہے اسی طرح,0,1,[],[23],1,35,5,3,4,"(1, 14.285714285714285)",[],[0]
90.0,205 (41).wav,اسٹیرنگ ویل کی اگر بات کرے اسٹیرنگ ویل کی شیپ بھی بہت خوبصورت ہے اس طرح میں نے اپ کو بتایا کہ ڈیش بورڈ میں ڈیفرنٹ جگہ پہ یہ گرے رنگ کا استعمال کیا گیا تو سٹیرنگ میں بھی جو ہے اس میں گرے رنگ کا استعمال اس پورے پینل میں کوئی لائٹ نہیں ہے تو اگر اپ گاڑی رات کو چلا رہے ہیں تو اے سی چلانا ہے یا ہیٹر چلانا ہے تو یہ اپ کو بلانا پڑتا ہے اس کے اندر کوئی لائٹ موجود نہیں ہے اس کے علاوہ ڈیش بورڈ میں اگر اپ نیچے اجائیں تو اپ کو سینٹرل پینل پینل ہے اس کے اندر دو تین بٹن ملیں گے ایک تو سگریٹ لائٹر کا ہے اس کے علاوہ اب اس کی جو پلیسمنٹ ہے وہ بڑے عجیب سی جگہ پہ کئی دفعہ ایسا ہوتا ہے کہ یہاں پے اپنا والٹ رکھتے ہیں کوئی چیز رکھ دیتے ہیں تو چلتی ہے وہ کھل جاتی ہے اور یہ ڈیش بورڈ پورا علیحدہ یونٹ میں اتا تھا یہ پورا ایک ہولڈرز ہیں ہینڈ بریک ہے ساتھ ہی اپ کے اندر اسٹوری اسپیس بھی دی گئی ہے اس کے علاوہ گاڑی کے ڈیش بورڈ کے اندر اور گاڑی کے دروازوں میں فرنٹ اور پیچھے دروازوں میں اپ کے لوکیشن موجود ہے جس میں اپ اپنی مرضی کا سامان رکھ سکتے ہیں,7,2,"[22, 29, 35, 53, 55, 60, 83]","[5, 67]",0,89,1,5,8,"(0, 8.98876404494382)","[0, 0, 0, 0, 0, 0, 0]","[0, 0]"
23.27,205 (42).wav,ڈیش بورڈ اور انٹیرئر کی اگر کوالٹی کی بات کریں تو کوئی بہت ہائی اینڈ نہیں اگین اینٹری لیول گاڑی کے لئے جہاں جس طرح کے ڈیش بورڈ یعنی اپ کو باقی کمپٹیشن میں ملے گا ویسا ہی ہے ہارٹ پلاسٹک کا استعمال کیا گیا ہے اور کوئی بہت زیادہ پلاسٹک کا استعمال نہیں کیا گیا اس کے علاوہ,3,1,"[6, 20, 21]",[7],0,23,0,0,2,"(0, 8.695652173913043)","[0, 0, 0]",[0]
36.8,205 (43).wav,گاڑی کی اگر ہم ڈرائیو کی بات کریں تو بیسیکلی یہ جو اینٹری سیگمنٹ کی گاڑی ہوتی ہے اکانمی سیکٹری گاڑیاں ان کی جو پرفارمنس ہے وہ زیادہ فیول اکانومی جو ہے اس پر میٹر کرتی ہے اور یہ نہیں ہوتا کہ گاڑی کی پک کتنی زیادہ ہے لیکن پھر بھی جو ہے ایک جنرل ہوتا ہے کہ انسان ایکسپیکٹ کرتا ہے اور اپ کو لگتا ہے کہ گاڑی بہت جان لے رہی ہے اگر اپ اس کو ایک نارمل گاڑی,5,0,"[13, 18, 21, 22, 32]",[],0,36,1,1,2,"(0, 5.555555555555555)","[0, 0, 0, 0, 0]",[]
46.18,205 (44).wav,اے سی کی اپنی پرفارمنس کی اگر بات کریں تو کافی اچھا ہے سی یے گاڑی کا اور میں نے اس کو دھوپ میں گرمی میں ہر لحاظ سے استعمال کر کے دیکھا ہے اسی کی تھرو اے سی کی فیکٹو بہت اچھی ہے ایک اور چیز جو ہے کہ اس سیگمنٹ کی گاڑی میں پہلے دیکھا جاتا تھا کہ گاڑی کا جب اپ اے سی چلاتے ہیں تو گاڑی کی جو اوورال ہیٹ ہے انجن کی ٹمپریچر کے اندر جو ہے 800 سی سی انجن ہے اور بیسیکلی میں اپ لوگوں کو بتاتا چلوں اکثر لوگوں کو یہ پریشانی ہوتی ہے کہ گاڑی کے انجن پارٹس ملیں گے یا نہیں ملیں گے تو اس کے اندر ایک اچھی بات یہ ہے کہ جو اس کے اندر انجن ہے سمجھ لیں کہ وہ سیم وہی انجن ہے جو مہران میں اتا تھا اور اپ کے اندر جو انجن پارٹس ہیں وہ ریپلی مہران کے پارٹس میں لگ سکتے ہیں چار اسپیڈ گیئر باکس ہے,3,4,"[13, 28, 31]","[3, 3, 12, 34]",0,46,4,2,5,"(0, 10.869565217391305)","[0, 0, 0]","[0, 9, 0]"
76.63,205 (45).wav,گاڑی کی کرم فیول ایوریج کی بات کریں جو کہ میرے خیال سے سب سے امپورٹنٹ لوگوں کا خیال جو ہوتا ہے کنڈیشن ہوتی ہے اکانومی سیٹر کی گاڑی لیتے ہوئے تو اس گاڑی کی جو کمپنی فیول ایوریج کلیم کرتی ہے وہ شہر کے اندر 18 کلو میٹر پر لیٹر کلیم کرتی ہے میں نے اس گاڑی کو اے سی چلا رہی ہے باقی ڈرائیو کے اندر اپ کو جو کھڈوں میں اندر گاڑی کا رسپانس ہے یا گاڑی کے لحاظ سے گاڑی کا سائز ایسا کہ شہر میں چلانے کے لیے بہت موضوع ہے اپ نے کسی بھی جگہ جانا ہے تو پارکنگ کا کوئی ایشو نہیں ہے اپ کو لین بدلنی ہے تو اس لحاظ سے بھی گاڑی کا سائز جو ہے اور گاڑی کی جو گرپ ہے وہ بھی اپنے سائز کے لحاظ سے بڑی انٹرویو ہے کیونکہ میں نے کئی دفعہ دیکھا ہے کہ اگر اپ اس کو ٹرنز پر جا رہے ہیں اور اپ تھوڑا اس نارمل اسپیڈ سے تھوڑی زیادہ پے بھی ہوتے ہیں تو گاڑی کہیں سے بھی نہ سڑک کو چھوڑتی نہیں ہے جو کہ میرے خیال سے اچھی بات ہے اچھا سیم ٹائم گاڑی کے اندر جو سٹیبلٹی ہائی وے کے لئے ہے مجھے لگتا ہے گاڑی کے سائز کی وجہ سے گاڑی میں باڈی رول بھی ائے گا اور کوئی باس یا کوئی بڑی ابجیکٹ قریب سے گزرے گی تو یہ جو گاڑی ہے یہ اس کے جو پریشر سے تھوڑا ہلے کی بھی یہ ریزن ہے مجھے لگتا ہے کہ یہ گاڑی جو ہے وہ شہر میں چلانے کے لیے زیادہ موضوع ہے,8,2,"[1, 11, 32, 42, 48, 51, 52, 76]","[54, 55]",2,76,0,5,0,"(2, 6.578947368421052)","[0, 0, 9, 0, 0, 0, 0, 0]","[0, 0]"
27.91,205 (46).wav,ایک اور چیز کی ہیڈ لائٹ کے بارے میں میں نے فیل کیا کہ جو ہیڈ لائٹ کی تھرو ہے وہ بہت کم ہے اور خاص طور پر اپ اس کو ہائی اور لو کرتے ہیں تو اپ کو نارمل گاڑی میں اگر اپ گاڑی کو کبھی کہیں موڑتے ہیں کسی گول چکر پے یا سٹیرنگ کو کہیں ایک طرف کرتے ہیں تو وہ اٹومیٹک خود ہی واپس اپنی گاڑی ہے ویلز بھی پتلے ہیں تو اس کی پرفارمنس ہے وہ بڑی اچھی ہے,2,1,"[1, 8]",[28],0,27,1,0,2,"(0, 7.4074074074074066)","[0, 0]",[1]
30.44,205 (47).wav,جہاں تک گاڑی کی گراؤنڈ لے رہے ہیں اس کا سوال ہے تو 4 بندوں کو بٹھا کے میں نے اس گاڑی کو اسپیڈ بریکر سے گزارا ہے اور یہ گاڑی کہیں بھی اپ کو جو ایسے نہیں لگتا کہ اس کی گراؤنڈ کلیئرنس جو ہے وہ کہیں کمپرومائز ہے اور ہر اسپیڈ بریکر سے بڑے ارام سے گزر جاتی ہے اگر گاڑی کی پارٹس کو کنسیڈر کریں تو اس سے مہنگا ہے تو پارٹس کی پرائسز جو ہے کہ وہ تھوڑی زیادہ ہے,3,0,"[14, 26, 30]",[],1,30,4,1,1,"(1, 13.333333333333334)","[0, 9, 0]",[]
31.95,205 (48).wav,ہم گاڑی کا زیرو ٹونر چیک کرتے ہیں,0,0,[],[],1,31,2,1,0,"(1, 6.451612903225806)",[],[]
16.51,205 (49).wav,گاڑی کے یہاں تک بریک کا تعلق ہے گاڑی میں فرنٹ ڈسک ہے اور پیچھے ڈرمپ رینج دی گئی ہیں بریک کی پرفارمنس کے بہت زیادہ اچھی بھی نہیں ہے اور بری بھی نہیں ہے نارمل ہے,5,1,"[7, 12, 13, 14, 15]",[12],0,16,1,1,2,"(0, 12.5)","[0, 0, 0, 9, 0]",[0]
41.31,205 (50).wav,تو یہ گاڑی جب 2018 میں یونائیٹڈ میں لانچ کی تھی پاکستان میں اس کے اندر کافی گلچی تھی اور ہم نے اپنے کافی ریویوز کے اندر جو ہے کافی اس بات کو مینشن بھی کیا ہے گاڑی میں کافی غلطیاں ہیں ویٹ ٹائم 2 سال کے حصے میں انہوں نے اپنی خامیوں کو کافی دور کیا ہے ابھی بھی گاڑی میں ہم نے اپ کو ریویو میں بتایا کئی امپروومنٹ نے جو کہ ہم نے کمپنی کو اینٹری لیول کی گاڑی سٹیرنگ پاور ونڈوز گاڑی کے اندر لوہے ویلز پارکنگ سینسر ریورس کیمرہ دیر ہوسٹ اف اپشن جو کہ اینٹری لیول گاڑی میں نہیں تھی اور کنزیومر کے لیے ایک نئی چوائس جو ہے مارکیٹ میں ضرور دی گئی ہے,4,8,"[14, 18, 32, 36]","[6, 8, 10, 14, 19, 27, 29, 35]",0,41,1,1,2,"(0, 4.878048780487805)","[0, 0, 0, 9]","[0, 0, 0, 0, 9, 0, 0, 0]"
39.4,205 (51).wav,شوہر والا اگر میں اس کیٹیگری کی بات کریں کیونکہ مہران ڈسک کنٹینیو ہو چکی ہے یونائیٹڈ براوو پرنسپل اور سوزوکی کی جو التو بیس ویرین وی ایکس ہے ان تینوں کو کمپیریزن ہوتا ہے 2018 میں یونائیٹڈ پاکستان میں برابر کے متعارف کرایا تھا تو اس کی پرائس تقریبا جو اس کی پرائس ہے اس میں زیرو میٹر گاڑیوں میں اس ٹائم پے سب سے سستی گاڑی,1,1,[39],[10],1,39,0,0,0,"(1, 0.0)",[9],[0]
44.3,205 (52).wav,اپنے شہر میں اس گاڑی کی پرائز جاننے کے لئے اس لنک پر کلک کریں جو کہ اپ کو اون روڈ پرائز کیلکولیٹر کے ساتھ لے جائے گی اور اپ کو بتائے گی کہ اپ اپنے پر یہ گاڑی سمیت رجسٹریشن کے کتنے کی حاصل کر سکتے ہیں لائک کریں کمینٹ سیکشن میں اپنی ویڈیو کا خیال رکھیے گا شکریہ,1,1,[30],[44],1,44,3,1,2,"(1, 6.8181818181818175)",[0],[1]
22.92,205 (53).wav,ٹویوٹا کرولا گرینڈی سی وی ٹی ایکس ٹویوٹا گرولا گرینڈی 2014 میں پاکستان میں جو اس کی لینگویج جنریشن ہے بہت ویٹ کے بعد لانچ کی گئی تھی اور اس کی فرسٹ لٹریچر جو چینج کیا گیا تھا وہ 2017 میں تھا 17 کے بعد 220 کے اندر ا کے اس کو ایکس کے فارم دی گئی اس کے,0,0,[],[],0,22,1,0,2,"(0, 9.090909090909092)",[],[]
15.88,205 (54).wav,پہلے دن سے گاڑی کے اندر اتے ہیں ڈی ار ایلز اتے ہیں سائیڈ پر اگر اپ اجائے تو گاڑی کے ویز 2015 سے لے کے 14 سے لے کے 17 تک ایک 70 کے بعد یہ ویلز اگئے تھے جن کے اوپر اپ کے امپورٹڈ ٹائر ملتا ہے سائٹس کارڈ اگینسٹ,0,1,[],[13],0,15,2,1,4,"(0, 26.666666666666668)",[],[0]
13.47,205 (55).wav,2017 کے اندر جو لائٹ چینج کی گئی تھی ابھی تک وہی چل رہی ہیں اپ کی جو یہ ڈگی کی جو کروم کارنش ہے یہ چینج ہوئی تھی پچھلا بمپر چینج ہوا تھا بلیک ڈفیوز جو ہے وہ ایڈ کر دیا گیا تھا اور گاڑی کی جو اوورال شیپ ہے وہ,0,1,[],[9],2,13,1,2,1,"(2, 15.384615384615385)",[],[0]
36.43,205 (56).wav,2020 کے اندر کلورا گارنٹی کے اندر دو قسم کے انٹیرئر افر کیے گئے تھے جو پہلے دن سے ا رہا تھا جب گاڑی لانچ کی گئی تھی میں 2020 کے اندر ا کے جو ہے نا بلیک انٹیریئر دے دیا تھا ابھی ایک ہیومن سائیکی ہے پہلے پرانے زمانے میں اہستہ اہستہ بیچ کی طرف گئے اور لوگوں کو کھلا کھلا رکھتا ہے بلیک تھوڑا,0,1,[],[5],1,36,5,4,4,"(1, 13.88888888888889)",[],[0]
15.77,205 (57).wav,ڈول زون کلائمٹ کنٹرول دے دیا ہے جو کہ پہلے دن نہیں تھا سب سے پہلے گرینڈی جب ائی تھی تو اس میں مینول کلائمیٹ کنٹرول تھا مینولی سی نارمل تھا پھر ڈیجیٹل ائی ہے سنگل زون 2016 میں 2017 میں اس کے اندر مزید چینج کیے گئے اور اب فائنلی جو ہے اس میں ڈول زون ڈیجیٹل کلائمیٹ کنٹرول ہے,1,0,[3],[],1,15,1,0,0,"(1, 6.666666666666667)",[9],[]
43.89,205 (58).wav,جو ہے وہ پہلے دن جو ہے بہت ہی لگی تھا اور اس کے اندر بڑے اعتراضات تھے لوگوں کو 2017 میں اس کو بہتر کیا گیا 2020 میں جب کرولا ایکس لائے گی تو اس کو اور بہتر کر دیا گیا اسی طرح جو اس کا میٹر ہے وہ چینج کیا گیا تھا 2014 کے بعد 17 میں 17 کے بعد 19 20 کے اندر ٹویوٹا گرینڈ کی پرائز جاننے کے لیے ادھر کلک,1,2,[10],"[15, 23]",1,43,6,0,2,"(1, 13.953488372093023)",[0],"[0, 1]"
36.48,205 (59).wav,ٹاک ویز ڈاٹ کام پاکستان نمبر ون مارکیٹ پلیس فرم اینڈ سیلنگ اف کارس بائکس اینڈ اٹو پارٹس ہے میں اپ لوگوں کے لیے اج فرسٹ لک ریویو لے کے ایا ہوں پرنسپل گاڑی کا جو کہ کافی اینٹی گاڑی تھی 800 سی سی گاڑی ہے اس کو لانچ کیا لاسٹ ویک اور میں نے صرف اپ کے لئے کہا کہ بجائے اس کے کہ ڈیٹیل میں کیوں کہ تھوڑا ٹائم لگے گا میں نے اپ کو بتایا کہ ہماری ذمہ داری ہے کہ ہم اپ کو انڈیپنڈنٹ اوپینین جو دیں بٹ اس کے لئے گاڑی کو چلا کے تین چار ہزار کلومیٹر اس میں ٹائم لگتا ہے بٹ لوگ کافی زیادہ میں دیر تک ڈیمانڈ کرتے کہ ہم ایٹ لیسٹ فرسٹ لک جو ہے اس کا ریویو دے دیں تو اس کے لئے میری رویو بنا رہے ہیں,5,4,"[1, 10, 15, 29, 30]","[10, 29, 30, 35]",0,36,2,1,5,"(0, 13.88888888888889)","[0, 0, 0, 0, 0]","[0, 0, 0, 0]"
73.47,205 (60).wav,ابھی میں گاڑی کے انٹیرئر میں بیٹھا ہوں تو انٹیرئر کے اندر مجھے کئی چیزیں جو بڑی امپریس لگی ہیں خاص طور پر جس میں ووٹن ٹیک کا استعمال کیا ہے کیونکہ میرے سمیت میرا خیال ہے کوئی بھی بندہ جو کہ 800 سی سی گاڑی اکانومی سیکٹری کی گاڑی لے رہا ہوتا ہے وہ اس طرح اگر ہم دیکھیں تو سوزوکی کی گاڑی میں نے پہلے ایک اور گاڑی کے ریویو میں بھی بتایا کہ تھوڑی پیک اسٹائل ہے نیا اسٹائل ہے ڈفرنٹ ہے باقی جو انٹیریئر کی جو کوالٹی ہے پلاسٹک پارٹس کی وہ بھی جو میری ایکسپیکٹ تھی اس سے بہتر ہے کہ چائنیز جو پروڈکٹ ہیں ان میں شاید بہت زیادہ استعمال کیا جائے گا بٹ میرے خیال سے جو اس کا فرسٹ امپریشن ہے جو بیٹھ کے ساتھ ہی اتا ہے وہ ایک دم اتنا چیپ نہیں ہے جتنا میں اسپیک کرتا ہے کہ چائنیز پروڈکٹ ہے تو شاید اس میں بہت ہلکا سامان لگا ہوگا تو اس لحاظ سے بہتر ہے گاڑی اسپیڈو میٹر جو ہے اس کے اندر بھی اگین لٹل بیٹ اف ایلیمنٹس جو ہے وہ جو اس سے اس کی ہیٹ کی سوئی ہے یا فیول کی سوئی ہے وہ مجھے تھوڑی بہت زیادہ کہہ سکتے ہیں کہ ان فیر لگی ہے باقی جو ہیڈ یونٹ ہے وہ اگین اس لیک کی گاڑیوں کے لحاظ سے میرے خیال سے بہتر ہے,5,5,"[26, 37, 45, 65, 70]","[32, 33, 50, 53, 73]",1,73,10,3,7,"(1, 13.698630136986301)","[0, 0, 9, 0, 0]","[1, 9, 0, 0, 0]"
45.56,205 (61).wav,اے سی کی پرفارمنس کے بارے میں لوگ سوال پوچھتے ہیں سو 11 ڈگری جو ہے اج کل چل رہا ہے لاہور میں میکسیمم اور مینیمم 3 ڈگری تو اس میں اسی کی پرفارمنس کے بارے میں کوئی بیان جاری نہیں کر سکتا جو کروں گا غلط ہوگا سیٹنگ کی اگر بات کریں تو سیٹ کی جو میری سیٹنگ پوزیشن ہے سیٹنگ پوسٹر جو ہے وہ بھی ٹھیک ہے اور اس کے بیسیکلی پلیسمنٹ ہے وہ ڈیش بورڈ کے اندر لگا ہوتا ہے اور وہ کرتا ہے اس لحاظ سے بڑا جو گیر کی پلیسمنٹ اچھی ہے سگریٹ لائٹر موجود ہے انٹرٹینمنٹ سسٹم ہے تو میٹر جس کے اندر میں نے اپ کو بتایا کہ مجھے جو ہے تھوڑی بہت چیزیں جو ہے وہ بہتر ہو سکتی ہیں,5,4,"[15, 17, 17, 21, 22]","[21, 24, 34, 44]",0,45,2,0,4,"(0, 8.88888888888889)","[0, 0, 0, 0]","[0, 0, 1, 0]"
15.63,205 (62).wav,اس کے علاوہ کیبن کے اندر جو گاڑی کے نوائز ہے انجن کی وہ بھی تھوڑی سی زیادہ ہے جو کہ میرے خیال سے مجھے لگ رہا ہے زیادہ ہے فرحان صاحب کہتے ہیں کہ یہ اپ مہران کو چلا کے دیکھے ہیں کوئی اور 800 چلائیں تو شاید اپ کا یہ جو ابزرویشن ہے چینج ہو جائے گی,2,0,"[5, 8]",[],0,15,1,0,2,"(0, 13.333333333333334)","[0, 0]",[]
19.88,205 (63).wav,اگر ہم ایک سیریل لوگ کی بات کریں تو ہم پہلے بھی واک کرنے اور اپ کے لے کے ا چکے ہیں میرے خیال سے گاڑی کی لک جو ہے اچھی ہے اگین اتنی چھوٹی گاڑی ہیش پیک ہوتی ہے اس میں ڈیزائن فیچر کو اتنی زیادہ لوگ توجہ نہیں دیتے پھر بھی اس گاڑی کے اندر الائے ویل بھی دیے گئے ہیں اور فوک لیم بھی دیے گئے ہیں اس طرح کی چھوٹی چھوٹی ہے جو کہ خوش ائند بات,3,1,"[12, 12, 19]",[8],2,19,0,1,0,"(2, 5.263157894736842)","[0, 0]",[0]
58.56,205 (64).wav,تو پرنسپل جو گاڑی ہے جو ریگل اٹو موبائل میں لانچ کی ہے 10 لاکھ 49 ہزار روپے میں لانچ کیا اور اگر اپ اس کی ان روڈ پرائس اپنے ڈفرنٹ شہروں میں دیکھنا چاہتے ہیں یا پھر رجسٹریشن پرائز دیکھنا چاہتے ہیں تو پاک ویل کے نیو کا سلیکٹ کر کے اپ گاڑی کی مزید انفارمیشن حاصل کر سکتے ہیں اور میں کوشش کروں گا کہ اپ کے لئے اس کا ڈیٹیل ریویو کرے تاکہ اپ کو ہر انے والی ویڈیو کے بارے میں نوٹیفیکیشن ملتا رہے اپ کے لیے ڈیٹیل ریویو بھی لے کے ائیں گے تب تک اپنا اور,1,0,[22],[],0,58,0,1,10,"(0, 17.24137931034483)",[0],[]
19.88,205 (65).wav,السلام علیکم میں حاضر ہو گئی پہلی نیوز ہمیشہ کی طرح پیٹرول پرائس اس کو لے کر ائے میں نے کہا تھا یہاں اوپر جائیں گی یا برابر رہے گا تو اللہ کا شکر ہے گورنمنٹ نے ڈیسائیڈ ہی کیا کہ پیٹرول کی پرائسز جو ہیں وہ اگلے 15 دن کے لیے سیم رہیں گی اگے انے والے دنوں میں کیا,0,1,[],[8],0,19,2,0,11,"(0, 57.89473684210527)",[],[0]
55.08,205 (66).wav,اٹینڈ انڈسٹری کی نیوز کی طرف چلتے ہیں اٹو انڈسٹری کے اندر جو ابھی بھی صورتحال یہ ہے کہ کئی گاڑیوں کے اوپر اپ کو ڈیلز مل رہی ہیں کوئی ایسی گاڑیوں کی شازو نادر جو کہ شاید اپ کو بکنگ لمبا ٹائم ملے گا باقی تمام گاڑیاں اپ کو یہاں تو فورا حاضر مل جاتی ہیں یا کوئی نہ کوئی ڈیل لگی ہوتی ہے تو اس دفعہ کر سکتے ہیں کب تک یہ افر چلے گی اس کے بارے میں ٹویوٹا نے نہیں بتایا سو اگر اپ نے گاڑی لینی ہے اور اس پرائس میں اپ انٹرسٹڈ ہیں تو وہ پہلے ائے اور پہلے پائیے کی بنیاد کے اوپر انہوں نے کہا ہے کہ یہ بات ہے,4,2,"[20, 28, 32, 39]","[11, 51]",0,55,1,3,26,"(0, 47.27272727272727)","[0, 0, 0, 9]","[1, 0]"
53.96,205 (67).wav,اگلی نیوز پے ٹویوٹا کی طرف سے ہے اور ٹویوٹا نے جو بکواس اسے پبلک لسٹڈ کمپنی انہوں نے اسٹاک ایکسچینج میں ایک جو ہے لیٹر وہ دیا ہے اس کے مطابق چودہ سے لے کر 20 نومبر تک ان کی پروڈکشن بند رہے گی اور اس کی ریزن جو انہوں نے بتایا کہ وہ اسٹاکس کی انیبل بلیم ہوتا ہے تو ہم بلیم دیتے ہیں جب بلیم نہیں ہوتا تو میں اپ کو صحیح طریقے سے بٹ دیس ٹائم یہ ٹویوٹا کے ساتھ میرا خیال ہے پچھلے دو مہینوں میں سیکنڈ دفعہ ہو رہا ہے اور جو ہے نا اس سے پہلے بھی جو ہے یہ ستمبر 26 سے بھی تقریبا قریب بند رہی تھی تھوڑی دیر فیکٹری ان کی اور اس میں میرے خیال سے کوئی رول گورنمنٹ کا نہیں ہے یہ کمپنی کی جو ہے نہ اپنی پرسنل وہ یہ کہہ کر وہ اپنی فورکاسٹنگ کیسے کرتے ہیں یا ان کی گلوبل سپلائی چینج کی کوئی ایشو ہے کہ جہاں بھی کوئی چیز نیگیٹیو اتی ہے وہ گورنمنٹ کو,10,1,"[4, 13, 22, 29, 36, 37, 41, 44, 52, 52]",[24],0,53,0,2,29,"(0, 54.71698113207547)","[0, 0, 0, 9, 0, 0, 0, 0, 0]",[0]
13.19,205 (68).wav,ٹویوٹا صحیح اور نیوز ہے ٹویوٹا کی بڑی نیوز ارہی ہے ٹویوٹا نے اپنی فنانسنگ کے لئے نہ ٹویوٹا کارڈ کے لیے اٹو فنانسنگ کی اسکول افر نکالی ہے ڈفرنٹ بینک کے ساتھ انہوں نے ڈیل کی ہے اس میں دو تین افر ہیں تو اس کا لنک بھی میں لگا دوں گا,1,1,[4],[0],1,13,0,0,0,"(1, 0.0)",[0],[0]
52.96,205 (69).wav,اگلی نیوز ہے ایم جی کی طرف سے ایم جی جی وہ اپنے 100 یا سیلیبریشن کر رہا ہے اور اس میں انہوں نے ڈسکاؤنٹ افر کیا ہے جیسے میں اپ کو شروع بتایا تھا کہ کوئی 100 ائیر کے ڈسکاؤنٹ دے رہے ہیں کوئی انورسٹی ڈسکاؤنٹ دے رہا ہے کوئی ویسٹ ڈسکاؤنٹ دے رہا ہے اس کا مطلب یہ ہے کہ کنزیومر کی نیوز کے مطابق کھڑی ہے اور اسی طرح اگر ہم ایسنس کی بات کریں تو وہ 80 لاکھ 99 ہزار سے 4 لاکھ ڈیریز ہوئی ہے اور اب 76 لاکھ 99 کھڑی ہے اگر اس کے بارے میں بھی اپ پڑھنا چاہتے ہیں تو لگے وہ لنک پر کلک کر کے اپ پڑھ سکتے ہیں,2,1,"[30, 43]",[13],0,52,2,1,12,"(0, 23.076923076923077)","[0, 0]",[0]
36.55,205 (70).wav,علی دو نیوز گورنمنٹ سے لے کے ائیں گورنمنٹ جو ہے موٹر ویز کی ایکسٹینشن پلان کر رہی ہے کہیں 4 سے 6 رز جا رہے ہیں اس کے علاوہ موٹروے کے اوپر جو ٹول ہے ان کو الیکٹرونک کیا جا رہا ہے تاکہ وہ وہاں پے لوگ بڑی جلدی سے نکل سکیں اس کے اندر ایم ٹیگ لگانے کی بہت ضرورت ہے ہم اس پہ ہمیشہ زور دیتے ہیں کہ گورنمنٹ انکریج کر رہی ہے لوگوں کو,2,1,"[16, 23]",[15],0,36,0,1,10,"(0, 27.77777777777778)","[0, 0]",[1]
34.78,205 (71).wav,اسی کے ساتھ ساتھ پچھلے ہفتے جو ہے نا ایک اور اعلان جو ہے بڑے عرصے سے ہم سنتے ا رہے تھے کہ این اے بی پالیسی ا رہی ہے این اے بی پالیسی ا رہی ہے سو نیو ایوی پالیسی ہے جس کو این بی پالیسی کہا جا رہا ہے اس کے اندر ڈفرنٹ گورنمنٹ نے مراد دی ہیں اگر اپ ٹو ویلر بناتے ہیں تھریلر بناتے ہیں یا فور ویلر بناتے ہیں اور اگر اپ پاکستان میں بناتے ہیں تو اس کو ایک اچھا اسٹیپ ہے گورنمنٹ کی طرف سے اب یہ دیکھنا ہے کہ یہ صرف خالی الا نہیں رہے گا کہ اصل میں اس کو عملی جامہ بھی پہنایا جائے گا تو اس ویری گڈ ارٹیکل,3,1,"[29, 29, 30]",[25],0,34,0,1,14,"(0, 41.17647058823529)","[0, 0]",[1]
14.56,205 (72).wav,کوئی شو کرو ایگزیبیشن کے بارے میں بتاتے رہتے ہیں تو اسلام اباد کا ہوٹل شروع ہے جو 24 تاریخ کو پلان کیا گیا تھا بٹ اپ کو پتہ ہے کہ وہاں پہ دفعہ 144 کا نفاذ ہوا ہوا ہے اور کوئی پروٹیسٹ اناؤنس ہوا ہے جس کی وجہ سے جو ہے اس شو کو ابھی پوسٹ پون کیا گیا کینسل نہیں کیا گیا ہم اپ کو بتائیں گے,2,3,"[7, 13]","[8, 8, 9]",0,14,0,0,9,"(0, 64.28571428571429)","[0, 0]","[0, 0]"
30.33,205 (73).wav,اسی دوران پاکستان میں ایک اور بڑا امپورٹنٹ جو ہے نا ایگزیبیشن ہو رہا ہے جس کو ائیڈیاز 2024 کہتے ہیں اور یہاں پر ڈیفنس اور سکیورٹی وہیکل ڈفرنٹ ڈسپلے کیے گئے ہیں ہم کوشش کر رہے ہیں کہ اپ لوگوں کے لئے اس کی ویڈیوز بھی لے کے اتے رہیں اور پاکستان کے اندر کیا کیا عسکری جو ہے چیزیں بن رہی ہیں کیا اٹومیٹک فیلڈ میں ہو رہا ہے ڈیفنس کو لے کے اگر اپ دیکھ سکتے ہیں,0,0,[],[],0,30,3,0,11,"(0, 36.666666666666664)",[],[]
48.2,205 (74).wav,اگلی نیوز جو ہے وہ بی وائی ڈی کو لے کے ہے بی وائی ڈی کو لے کے دو تین نیوز ہے جن کے بارے میں لوگ بڑا پریشان ہیں اور میرے پچھلے دنوں کئی لوگ ملے انہوں نے کہا جی میں نے پاک بیچ پارٹیکل پڑا ہے کہ بی وائی ڈی نے 55 لاکھ گاڑیاں جو ہے وہ بیچ دیے ہیں میں نے کہا بھائی وہ پاکستان میں نہیں ہے وہ گلوبل ہے پاکستان کی جو ٹوٹل مارکیٹ سائز ہے 15 لاکھ گاڑیوں کا ہے اور اس میں 10 ملین یونٹ جو ہے وہ پورے کر لی ہیں اور بہت تھوڑے ٹائم میں اس کمپنی نے جو ہے بہت سی کمپنی کو ٹیک اوور کر لیا ہے تو کافی ملکوں میں اس کی سیلفی لوگ ہم سے سوال,2,1,"[11, 26]",[45],0,48,2,7,30,"(0, 62.5)","[0, 0]",[0]
48.65,205 (75).wav,اخر میں پبلک سروس میچ کی طرف چلتے ہیں اسموک جو ہے وہ ہم لوگوں کے سب کے لئے ایک بڑا ایک ایشو ہے اج کل اور ہم لوگ دیکھ رہے ہوتے ہیں کہ ہمارے یہاں پے ایک ری ایکٹو اپروچ ہے جب کوئی چیز اتی ہے تو ہم اس ٹائم پے فورا ری ایکٹ کرتے ہیں پاکستان میں لوگ پڑھائی کے اوپر بیلیو نہیں کرتے لوگ ڈیٹا پے بلیو نہیں کرتے جب کوئی بات کرے اس سے اپ کو اتنا ایشو نہیں ہے جتنا پیٹرول گاڑی ہے اس سے نکلنے والا سفید اور نیلا دوں گا جس میں موٹر سائیکل اور گاڑیاں شامل ہے میرے بچے اور اپ کے بچے سانس لے رہے ہیں وہ ہمارے,5,1,"[19, 27, 30, 35, 39]",[26],0,48,3,5,24,"(0, 50.0)","[0, 9, 0, 0, 0]",[0]
57.72,205 (76).wav,اس کے علاوہ دوسرا کال جو ہے فصلوں کا جلانا ہے تو میں گورنمنٹ کے اداروں سے کہوں گا کہ لوگوں کے کاروبار بند کرنے پر دکانیں بند کرنے پہ اسکولوں بند کرنے پر تو ہم نے بہت زور دے دی ہے کوشش کریں کہ تھوڑا سا بڑے شہروں کے اؤٹ کٹ میں دیکھ لیں دوسروں کی ذمہ داری مدد اپ کے تحت میں اور اپ اپنی موٹر سائیکل گاڑیوں کو اور اپنی جو ہے نا کمیوٹ کو کم کر سکتے ہیں ہم یہ کر سکتے ہیں کہ ہم جو ہے رائٹ پول کر لیں اگر ایک گاڑی جارہی ہے ایک جگہ تو 10 گاڑیاں جانے کے بجائے اسی کو مل کے استعمال کر لیں سو میں اور اپ اپنا حصہ ڈالیں گورنمنٹ جو ہے اپنا حصہ ڈالیں اللہ کا شکر ہے اللہ کا بڑا احسان ہے کہ موسم اگر اپ پیچھے دیکھیں تو اب کافی بہتر ہو چکا ہے پہلے سے گورنمنٹ اپنے طور پر یہ بھی پالیسی لے کے ا رہی ہے دیکھتے ہیں وہ کتنا بہتر ہے اس کو امپلیمنٹ کر سکتے ہیں کہ ہم فیول والی گاڑیوں کا استعمال کو کم کریں,6,5,"[7, 9, 10, 25, 44, 57]","[19, 42, 45, 46, 52]",0,57,0,5,43,"(0, 75.43859649122807)","[0, 0, 0, 0, 0, 0]","[9, 0, 0, 0, 0]"
17.62,205 (77).wav,یہ تھا اج کا ویکلی امید کرتے ہیں اپ کو پسند ایا ہوگا اگر ابھی تک اپ لوگوں نے ہماری چینل کو سبسکرائب نہیں کیا وہ سبسکرایب کر لیں تاکہ اپ کو تمام انے والی ویڈیو کے بارے میں اپ سے اگلے ہفتے پھر ملاقات ہوگی تب تک اپنا اور اپنے خیال رکھیے گا شکریہ,1,4,[8],"[2, 4, 7, 18]",0,17,0,1,12,"(0, 70.58823529411765)",[0],"[0, 0, 0, 0]"
36.59,205 (78).wav,السلام علیکم میرا نام سلیم منج اور پاپولر ویکلی کے ایک اور ایپیسوڈ کے ساتھ اپ کی خدمت میں حاضر ہوں لاسٹ ویکلی اپ کو یاد ہوگی ٹیکس نامہ تھی اور میں نے اپ کو بتایا تھا کہ جب بھی بجٹ اتا ہے تو اٹو انڈسٹری جو ہے نہ اس کے ایک مہینہ انے سے پہلے اور تقریبا ایک مہینے بعد اس کے افٹر شوق جس طرح زلزلے کے ہوتے ہیں نہ وہ اتے رہتے ہیں جب بجٹ انے والا ہوتا ہے تو مارکیٹ بالکل اسٹک ہو جاتی ہے جس میں امپورٹڈ گاڑیوں سے ریلیٹڈ لوکل گاڑی سے ریلیٹڈ کیا کیا ایشوز ہوں گے وہ ہوتا ہے پھر پتہ لگتا ہے کہ یہ پرمیشن بجٹ ائے گا تو اس میں پتا لگے گا کہ بکواس ٹوکن جو ہے گورنمنٹ کا سبجیکٹ ہے تو ان کے اندر کیا چینج ہو,5,1,"[5, 13, 19, 22, 33]",[17],0,36,0,2,34,"(0, 94.44444444444444)","[9, 0, 0, 0, 0]",[0]
39.15,205 (79).wav,"میں نے اپ کو لاسٹ ویکلی میں بتایا تھا کہ ٹوکن ٹیکس جو ہے وہ بڑھ گیا ہے وہ پنجاب کا ایکسرسائز اسی طرح ڈفرنٹ جو ہے نہ صوبوں کے اپنے اپنے ٹیکسز بڑھتے رہتے ہیں بٹ کئی ٹیکسیز ایسے ہیں جو کہ وفاق کے اندر اتے ہیں جیسے کہ ود ہولڈنگ ٹیکس ہے جب اپ گاڑی لیتے ہیں اس کی انوائس کے ساتھ سو سی سی تک کی گاڑی اگر فائلر لیتا تو 10000 نان فائلر کے لیے 30,000 تھا اب انہوں نے لگے گا بلکہ ویلیو اف دی کار لگے گا",1,1,[12],[21],0,39,2,1,32,"(0, 82.05128205128204)",[0],[0]
51.76,205 (80).wav,"چو 750 تک کی جو گاڑی ہے اس کے اندر اگر اپ فائلر ہیں تو پوائنٹ زیرو فائیو پرسینٹ اف دا ویلیو اف دا کار جو ہے وہ اپ نے اس کا بھی ہولڈنگ ٹیکس دینا ہے جو کہ اپ بعد میں ایڈجسٹمنٹ لے سکتے ہیں اور ڈیٹ پرسینٹ بنے گا اگر اپ نان فائلر ہیں اور نان فائلر ایڈجسٹمنٹ بھی نہیں لے سکتا ہے وہ 20000 تھا اب وہ بن جائے گا تقریبا 8% اسی طرح اگر اپ 1,000 سی سی سے لے کے 1500 تک کی گاڑی کی بات کریں تو وہ پچیس ہزار تھا وہ بن جائے گا 1% تو ویلیو جو کہ اب کافی جو ہے نا اگر اپ دیکھیں تو پھر رولنگ ٹیکس کے اماؤنٹ جو ہے وہ بڑھ جائے گی بٹ اس کے لئے گورنمنٹ کی لوجک یہ ہے کہ جی اپ اس کی ایڈجسٹمنٹ لے سکتے ہیں اس کا اطلاق ریکارڈ لیس اف دا برانڈ تمام گاڑیوں پے ہوگا",2,1,"[17, 21]",[36],0,51,2,3,26,"(0, 50.98039215686274)","[0, 0]",[0]
63.11,205 (81).wav,سو پہلی جولائی کے بعد اگر اپ سمجھے تو سب گاڑیوں کی جو اون روڈ پرائس ہے وہ بڑھ جائیگی میں پھر بعد میں بات بتاتا چلوں کہ جو ان کی ایکس فیکٹری پرائس ہے وہ نہیں بڑھے گی گاڑی کی انوائس میں ایکس فیکٹری پرائز پلس سی بی ٹی + ہولڈنگ ٹیکس ہے وہ بڑھ جائے گا پہلے مہنگی ہے اس کا زیادہ ہوگا جو گاڑی سستی ہے اس کا بھی ٹیکس کم ہوگا اور اس میں لوڈنگ ٹیکس کو اپ ایڈجسٹمنٹ لے سکتے ہیں تو ہم لوگوں نے ایک چارٹ بنا دیا ہے جو اپ اپنی پتا لگ جائے میرا اس کے اوپر اٹیک یہ ہے کہ اگر وہ اپ سے زیادہ بھی لے رہے ہیں تو اپ اس میں ایڈجسٹمنٹ لے سکتے ہیں بٹ گورنمنٹ جو ہے کہیں بھی چھوڑتی نہیں ہے اپ کو ود اولڈنگ ٹیگ بڑھانا ہو ایڈجسٹمنٹ بڑھانی ہو نون کی تو ابھی کوئی نیوز نہیں ائی لیکن ہو سکتا ہے کہ انے والے دنوں میں وہ بھی اتا رہے تو افٹر شوق جو ہے نا وہ چل رہے ہیں,9,3,"[13, 22, 23, 24, 27, 41, 48, 55, 55]","[17, 38, 61]",0,63,7,7,48,"(0, 76.19047619047619)","[9, 0, 0, 0, 0, 0, 0, 0]","[0, 0, 1]"
43.84,205 (82).wav,اسی طرح ایک امپورٹڈ گاڑیوں کے اوپر بجٹ میں ٹیکس لگایا گیا جس کو ار ڈی ریگولیٹری ڈیوٹی بولتے ہیں اور ارڈی کو لگانے کا مقصد یہ ہوتا ہے کہ ڈسکس کیا جائے امپورٹس کو اور ریگولیٹری ڈیوٹی جو لگائی گئی ہے وہ بھی چارٹ میں اپ کے سامنے لگا دوں گا تو ریوائز ریگولیٹڈ یوز اور اگر اباؤٹ 1800 سی سی ہے تو وہ 70 سے 90 ار ڈی لگی ہے نون ہیبٹ کے اوپر ہائبرڈ کے اوپر 15 ٹیکس,0,3,[],"[4, 41, 43]",0,43,0,1,25,"(0, 58.139534883720934)",[],"[9, 0, 0]"
64.39,205 (83).wav,"ان شارٹ ار ڈی جو ہے وہ بڑھا دی گئی ہے جو 1800 سی سی 1,300 سے 1800 سی سی گاڑی کے اوپر اور 1800 ڈیفرینٹ بریکٹ کے لحاظ سے اب اس لحاظ سے تو یہ بات ٹھیک لگتی ہے کہ جی ٹھیک ہے اپ نے امپورٹڈ گاڑی اور مہنگی ہو جائے گی لیکن لوکل انڈسٹری سے خوش نہیں ہیں وہ کیوں خوش نہیں ہے وہ یہ کہہ رہے ہیں کہ جو سمال گاڑیاں ہیں جو چھوٹی گاڑیاں 1300 تک ان پے بھی اپ کو ائی ڈی لگانی چاہیے تھی اپ نے ان کو ریلیف کیوں دیا ان پے ا ڈی لگنے کا مطلب یہ تھا کہ زیرو سے لے کے تیرا اس چیز تک کی جو امپورٹڈ گاڑیاں ہیں وہ اور مہنگی ہو جاتی ہے جس کا مطلب یہ ہے کہ لوکل گاڑی جو ہے وہ کنزیومر کے لیے زیادہ اٹریکٹیو پرائس میں مل جاتی ہیں ایز اے پوسٹ امپورٹڈ کار تو لوکل انڈسٹری کا یہ کہنا ہے کہ اپ کو ار ڈی لگانی چاہیے تھی 1300 سی سی تک گاڑی کے بھی اوپر اپ کا اس بارے میں کیا پوائنٹ اف ویو ہے وہ اپ نیچے کمنٹ سیکشن میں بتا دیجئے گا میں صرف اپ کو یہ بتا رہا ہوں کہ مقصد یہ ہو سکتا ہے کہ اگر 1300 تک کے اوپر اڈی لگ جائے گی تو امپورٹنٹ لوکل گاڑی اپ کو اور مہنگی لگے گی اور لوکل گاڑی کی سیل بڑھے گی اور امپورٹڈ کی سیل ڈاؤن",12,7,"[13, 14, 16, 16, 17, 17, 31, 33, 38, 53, 61, 64]","[6, 10, 12, 47, 57, 63, 64]",0,64,0,3,57,"(0, 89.0625)","[0, 9, 0, 0, 9, 0, 0, 0, 0, 0]","[0, 0, 0, 0, 9, 0, 0]"
69.47,205 (84).wav,یہ تو نیوز ہوگئی ٹیکس نامے کی ٹیکس نامے سے اگے چلتے ہیں گورنمنٹ کی ڈیپارٹمنٹ کے بارے میں بات کر لیتے ہیں تو ایک نیوز ہے کہ جی محسن نقوی صاحب بھینس پرچیز اور پیٹرول بائیک ان اسلام اباد اچھا یہ نیوز دیکھ کے میں بڑا پریشان ہوا تھا میں نے کہا یہ کیسے ہو سکتا ہے یہ تو مطلب ایک کسی کا بھی ایک پرسنل رائٹ خرید کے ساتھ ایک بریفنگ کر رہے تھے اور انہوں نے کہا جو گورنمنٹ کے لئے پرچیز ہوگی نا جس طرح سی ڈی اے گورنمنٹ کا ڈیپارٹمنٹ ہے اس میں وہ غزلین بائیک نہیں لیں گے صرف الیکٹرک بائیک لیں گے یاد رہے تو اس سے پہلے جب تو انہوں نے پنجاب میں بھی مجھے یاد ہے لاہور میں فنکشن ہوا تھا الیکٹرک بائیک سی ڈسٹریبیوشن کا جس نے اسٹوڈنٹس کو باہر دینے تھے رکشہ دینے تھے اور پنجاب کے اندر پہلا الیکٹرک جو رکشہ ہے اس کا لائسنس بھی دیا تھا سازگار انجینئرنگ کو ادھر بھی انہوں نے یہ اعلان کیا تھا کہ پنجاب گورنمنٹ کے لئے اگر ہم کوئی بھی اگر اگے بائیک لیں گے تو وہ الیکٹرک ہوگی ہم گیسولین بائیک نہیں لیں گے تو یہ ایک اس طرح کی چیز ہے اس کے بارے میں یہ نہ پریشان ہوں گے کہ عام بچہ اگر اسکول جا رہا ہے یا کالج جاتا ہے یا کسی نے بھی اپنی بائیک لینی ہے تو انہوں نے اس پے کوئی سرکاری پرچیز اس کے لیے کہ سرکاری جو کمپنی ہے,9,4,"[13, 29, 29, 44, 54, 57, 59, 59, 60]","[11, 14, 36, 45]",0,69,0,5,59,"(0, 85.5072463768116)","[0, 0, 0, 0, 0, 0, 0]","[0, 0, 0, 9]"
55.15,205 (85).wav,اچھا جی اگلا ارٹیکل میں پڑھا تھا یہ ایک بڑا دور کا خواب مجھے لگتا ہے اور یہ کیسے ہوتا ہے کہ جو کہتا ہے نا کہ کئی چیزیں ہم کرتے ہیں کہ ہم بہت اچھا لگنا چاہتے ہیں اس کے لئے کرتے ہیں سو موٹر وے کا جو سالٹ رینج کا ایریا ہے یہ تقریبا 10 کلو میٹر کا اسٹیچ ہے اور اس کے اوپر ٹریول کر رہا ہوں 27 سال میں وہاں پے بہت سے مولک جو ہے نا حادثات ہوئے ہیں اکثر جب ہم وہاں جاتے ہیں تو پتہ لگتا ہے کہ اسٹوڈنٹس کی بس الٹ گئی کوئی ٹریک لگ گیا لاسٹ مجھے یاد ہے ایک بار الٹی تھی ایگزیکٹ میرے سامنے تھی ہم نے وہ ایک بلاک بنایا تھا ای ٹرون کا لاہور ٹو اسلام اباد اس میں ہمارے سامنے یہ واقعہ ہوا تھا لاسٹ جو میرا خیال ہے بڑا ایکسیڈنٹ ہوا ہے اس کے بعد سے موٹروے پولیس جو ہے اسکاٹ کرتی ہے بس اس کے اگے گاڑی لگتی ہے پیچھے لگتی ہے اور اس کو تھوڑا اسپیڈ کنٹرول کرتے ہیں گاہے بگاہے جب یہ واقعات ہوتے ہیں تو تھوڑے عرصے کے لیے جو ہے نا پولیسنگ بڑھ جاتی ہے اور لوگوں کو کنٹرول کرایا جاتا ہے,3,6,"[27, 30, 45]","[0, 10, 18, 37, 37, 40]",0,55,0,3,47,"(0, 85.45454545454545)","[0, 0, 0]","[0, 0, 0, 0, 0]"
43.51,205 (86).wav,میم یہ نہیں کہہ رہا کہ میرے کو بہت بڑا ڈرائیور ہوں یا میں بہت بڑا ایکسپرٹ ہوں میں پورے پاکستان میں گاڑی چلاتا رہوں اور بہت خطرناک علاقوں میں بھی گاڑی چلائی ہے میرے خیال سے شارٹ رینج کو نہ لوگ بہت زیادہ ایزی لے لیتے ہیں چیسٹ بیکاز اف دا سائز اف دا روڈ لوگوں کو لگتا ہے کہ یار ادھر ہم جس طرح مرضی گاڑی انٹرنیشنل اس کو کمپئیر کریں گے تو کافی فولڈ سے روڈ کے اندر ڈیزائن سے زیادہ میرے خیال سے انجینئرنگ پوائنٹ اف ویو سے اس کی کنسٹرکشن اور یہ جو ہے نہ ری کنسٹرکشن میں کافی زیادہ مسئلے مسائل ہیں اس میں تو اس کو کنٹرول کیا جا سکتا ہے,8,2,"[1, 10, 15, 16, 31, 37, 39, 39]","[28, 38]",0,43,1,8,34,"(0, 79.06976744186046)","[0, 0, 9, 0, 0, 0, 0]","[1, 1]"
74.72,205 (87).wav,اگین ہمارے یہاں جنگلی ہمارے یہاں کیا دنیا میں یہ ہوتا ہے اور اگر میں خود بھی یوز کر رہا ہوں تو جتنی پولیسنگ زیادہ ہوگی جتنی وہاں پر سختی زیادہ ہوگی اتنے ایکسیڈنٹ کے چانسز کم ہوں گے تو میرے خیال سے ریئل الائنمنٹ مجھے لگتا ہے پوسیبل نہیں ہوگی ایک بہت بڑا ٹاسک ہوگی اس کے لئے ایک جو ہے نا اسٹڈی بنا دی گئی ہے اور میں ہمیشہ کہتا ہے یہ کمیشن اور کمیٹی والا کام ہے تو بجائے اس کے کہ ہم ایسی چیز کے ہونے میں بڑا ٹائم لگنا ہے سب سے امپورٹنٹ یہ ہے کہ میں بھی اپ بھی جو بھی وہاں پر ٹریول کر رہے ہیں اپنی جان کو 10 کلومیٹر کے پیج جو اگر ہم بڑے ارام سے گزار لیں گے تو وہ ہماری زندگی جو ہے وہ سیف رہے گی اس پے میں اپ موٹروے پولیس مل کے لوگوں کی ایجوکیشن بڑھا سکتی ہے پولیسنگ بہتر کی جاسکتی ہے وہاں کے اوپر جو ہے اس کو امپوز کرنے کے لئے اور طریقے بھی استعمال کیے جا سکتے ہیں روڈ کو بہتر کیا جا سکتا ہے اس کی جو کنسٹرکشن ہے اس میں جو کھڈے ہیں ان کو بہتر کیا جا سکتا ہے تو یہ ساری چیزیں مل کے میرا خیال ہے اس کو کافی نیچے لے کے ا سکتے ہیں سب سے امپورٹنٹ چیز پبلک اویرنس ہے اور جو وہاں پے کمرشل گاڑیاں جو چلتی ہیں کیونکہ زیادہ تر جو وہاں پہ حادثات ہیں وہ کمرشل گاڑیوں کے ہیں تو ان کے لئے جو رولز کو اور سیٹ کیا جا سکتا ہے اگین فیزیبلٹی اسٹڈی میں کوئی برائی نہیں ہے لیکن میں ایک اپنا پوائنٹ بھی دے رہا ہوں مجھے یہ لگتا ہے,13,5,"[1, 7, 8, 8, 10, 13, 21, 23, 30, 59, 63, 71, 72]","[41, 43, 48, 52, 56]",0,74,3,4,66,"(0, 89.1891891891892)","[0, 0, 0, 0, 0, 0, 0, 0, 0, 0, 0, 0]","[9, 0, 0, 0, 0]"
63.55,205 (88).wav,اگلا جو ارٹیکل ہے وہ سمجھ لے پبلک سروس میسج بھی ہے کہ مون سون ارہا ہے اور بڑکے ا چکا ہے کئی جگہ پر بارشیں ہوتی ہیں تو ہم لوگوں نے ایک بتایا کہ کونسی گاڑیاں جو ہیں وہ زیادہ پرون ٹو فالٹ ہیں جن کی ائیر انٹیک جو زیادہ نیچے ہوتا ہے تو وہ گاڑی اب سڑک پر اگر اپ کی گاڑی کا پانی اتنا زیادہ ہے کہ اپ کو لگ رہا ہے کہ اپ کی گاڑی کا ہے تو وہ اپ کے انجن میں جائے گا اور اپ کی گاڑی کا انجن جو ہے وہ ختم ہو جائے گا اور اپ کو بہت بڑا نقصان برداشت کرنا پڑے گا تو میک شور یو نو اڈیو کار اس میں جو موسٹ جو ہے نہ ان کے بارے میں ارٹیکل میں لکھ دیا گیا ہے اگر اپ پڑھنا چاہتے ہیں تو لنک پر کلک کر کے پڑھ سکتے ہیں,7,0,"[17, 22, 29, 42, 46, 49, 53]",[],0,63,3,0,55,"(0, 87.3015873015873)","[9, 0, 0, 0, 0, 0, 0]",[]
39.96,205 (89).wav,اچھا جی ریجنل نیوز پے جانے سے پہلے ہم بات کر لیتے ہیں اٹو انڈسٹری کے اٹو انڈسٹری میں دو تین نیوز اس میں جو ویکلی میں میرا خیال ہے بڑی امپورٹینٹ ہے دو نیوز چنگان کی طرف سے ہیں دو گاڑیوں کے اندر انہوں نے اسپیشل ایڈیشن نکالے ہیں ایک تو فیس لفٹ ہے اوشان ایک سیون کا اس کی تصویریں ہمارے ولاگ پر لگ گئی ہوئی ہیں اس میں کیا ڈیٹیلز کے بارے میں تھوڑا بہت چینج کرکے اس کو فیس لیٹ کا نام دیا جا رہا ہے سرخی پاؤڈر لگا کے چینج کرکے گاڑیاں بک نہیں رہی تو یہ ٹائم بتائے گا بٹ اگر اپ پڑھنا چاہتے ہیں تو اس ارٹیکل کو پڑھ سکتے ہیں,1,2,[34],"[0, 16]",0,39,1,2,31,"(0, 79.48717948717949)",[0],"[0, 1]"
41.24,205 (90).wav,اب اجاتے ہیں وہ گاڑی جس کا فیس لیفٹ رویل کردیا گیا ہے وہ چنگان ایلسن کا بلیک ایڈیشن ہے بلیک ایڈیشن پاکستان میں انا شروع ہوا تھا میرا خیال ہے ائی ایم ناٹ رونگ ٹو اسپورٹس نے سب سے پہلے بلیک ایڈیشن نکالا تھا میں غلط ہو سکتا لیکن جہاں تک میری میموری میں بتا رہی ہے اس میں کیا کیا چینج ہے میرے خیال سے چینجز اتنی زیادہ نہیں ہے بلیک سائیڈ مرر ہیں بلیک لائیو ویلز ہیں بلیک انٹیریئر اس کا پورا بلیک کر دیا گیا ہے بلیک روف ہے بلیک ڈور ہینڈلز ہیں اور بلیک انٹیریئر ہے اور اس کی جو پرائس ہے اس میں میرا خیال ہے تقریبا پچیس ہزار روپے کا اضافہ کیا گیا ہے اگین وہ جسٹیفائی کرتا ہے نہیں کرتا اگر اپ اس کو ڈیٹیل دیکھنا چاہتے ہیں تو,5,3,"[14, 15, 21, 21, 38]","[8, 16, 36]",0,41,3,0,21,"(0, 51.21951219512195)","[0, 0, 9, 0]","[0, 1, 0]"
110.23,205 (91).wav,بڑی امپورٹنٹ ریکویسٹ کہ نہیں تمام لوگوں سے وہ لوگ جو اپنی فیملیز کے ساتھ نارتھ میں ٹریول کرتے ہیں وہ نارتھ کچھ بھی ہو سکتا ہے بے شک وہ مری جا رہے ہیں نتھیا گلی جا رہے ہیں گب میں جا رہے ہیں خاص طور پر گلگت بلتستان جو ہے پاکستان کا خوبصورت ترین علاقہ ہے لیکن سب سے الارمنگ چیز یہ ہے کہ ٹورازم بڑھنے کے ساتھ ساتھ وہاں پر ہونے والے جو حادثات ہیں وہ بھی بڑھ گئے ہیں اور اس حادثے کی سب سے بڑی وجہ یہ ہوتی ہے کہ وہ گاڑی چلانے کے بڑے ماہر ہیں اپنے شہر کے اندر بہت سی گاڑی چلائی ہوئی ہے اپ کو یہ سمجھ نہیں کی ضرورت ہے کہ ہائی وے کی ڈرائیونگ وہ شہر کی ڈرائیونگ سے فرق ہے اور پہاڑوں کی ڈرائیونگ ہائی وے کی ڈرائیونگ سے بھی فرق ہے تو اپ کو بہت ذمہ داری کا ثبوت دینے کی ضرورت ہے کیونکہ اپ کی اپ کے گھر والوں کی زندگی جو ہے وہ اپ کی ڈرائیونگ کے اوپر اس کا بہت زیادہ انحصار ہوتا ہے اور اس طرح بڑھتے ہوئے حادثات میں بہت سے لوگ اپنی جان جو ہے وہ کھو بیٹھ رہے ہیں تو جب بھی اپ نارتھ میں جا رہے ہوں کسی بھی علاقے میں جارہا ہوں تو کوشش یہ کریں ڈرائیونگ کے لئے بہت محتاط رہیں نیند میں ڈرائیونگ مت کریں اپنی ڈرائیونگ کو اوور ایسٹیمیٹ مت کریں اسپیڈ کو اوائڈ کریں سامنے سے انے والی ٹریفک کو جو ہے وہ راستہ ہم دیکھتے ہیں جو جیم ہوئی ہے ٹریفک کے وہ گھنٹوں گھنٹوں اس میں کسی کا قصور نہیں ہوتا سوائے ہماری ڈرائیونگ کے اپنی ٹرن کو چھوڑ کے جو وہ تنگ کر رہے ہوتے ہیں اور خاص طور پر کئی لوگوں کو بہت زیادہ شوق ہے کہ جی ہم ہلی ایریا میں بہت ماہر ہیں تم بہت اسپیڈ میں گاڑی چلائیں گے کوئی بھی چیز اپ کی زندگی سے زیادہ قیمتی نہیں ہے اپنی جان کو قیمتی سمجھیں اپنے گھر والوں کو اور دوسروں کی جان کو قیمتی سمجھنے کے لئے سب سے امپورٹنٹ چیز یہ ہے کہ اپ ذمہ داری کا ثبوت دیں اپنی گاڑی کو چیک کر لیں جب اپ نارتھ میں جا رہے ہو اپنی گاڑی کی بریکس کو چیک کر لیں اپنی گاڑی کے ریڈیٹر کولنگ سسٹم کو چیک کر لیں بیکاز گاڑی کے خراب ہونے سے حادثے کا بہت زیادہ تعلق ہے نمبر ون نمبر ٹو اگر اپ اٹومیٹک گاڑی چلا رہے ہیں تو اپ کو اس کے اوپر مکمل عبور ہونا چاہیے خاص طور پر جب اپ ڈاؤن ہل جا رہے ہوتے ہیں تو بریک کا بہت زیادہ استعمال کرنے سے بریک فیل ہو جاتی ہے تو اس کے اوپر ہم لوگوں نے ایک ویڈیو بھی بنائی تھی ہم کوشش کریں گے مزید ویڈیوز بھی بنا,24,8,"[1, 7, 14, 15, 28, 42, 46, 57, 64, 67, 70, 75, 76, 77, 77, 77, 78, 80, 81, 82, 93, 94, 101, 104]","[13, 41, 53, 70, 99, 99, 99, 106]",0,110,12,8,90,"(0, 81.81818181818183)","[0, 0, 9, 0, 0, 9, 0, 0, 0, 0, 9, 0, 0, 0, 0, 0, 0, 9, 0, 0, 0, 9]","[0, 9, 9, 9, 0, 0]"
56.12,205 (92).wav,اج کی ویکلی میں میں اپ لوگوں کو یہ جو ہے نا ایک ریکویسٹ کرنا چاہتا ہوں کہ جب بھی اپ نارتھ میں جارہے ہوں کوشش یہ کریں کہ اپ میک شور کرلیں جتنا ہم اپنا پلاننگ کر رہے ہوتے ہیں کہ ہم نے فلانی دے کے جانا ہے فلانی جگہ جانا ہے جو اپ کا ڈرائیور ہے اگر تو وہ اناڑی ہے تو اپ کی واپس انے کی کوئی گارنٹی نہیں ہے گارنٹی تو اگر اپ کے پاس ایکسپیرینس بھی ہے تو گارنٹی کوئی نہیں اللہ میاں ہر چیز کا مالک ہے اور مجھے لگتا ہے کہ اگر اپ ایک اناڑی ڈرائیور کے ساتھ جا رہے ہیں تو یہ اپنے ساتھ اپ خود زیادتی کریں کوشش کریں اچھے ڈرائیورز جو ہیں ان کے ساتھ جائیں یا اگر اپ خود ڈرائیو کریں تو اپنی ڈرائیونگ کو ایک ہائی وے کا ڈرائیور کوالیفائی نہیں کراتے ہیں تو اس کا یہ مطلب نہیں ہے کہ اپ پہاڑوں پہ بھی بہت ایکسپائر ڈرائیور ہیں احتیاط سے گاڑی چلائیں اپنے اور دوسروں کی زندگی کا خیال کریں,9,1,"[10, 20, 23, 28, 29, 33, 37, 46, 49]",[39],0,56,6,2,45,"(0, 80.35714285714286)","[9, 0, 0, 0, 0, 0, 0, 0, 0]",[9]
46.88,205 (93).wav,السلام علیکم میرا نام ہے سریل مائی جو پارکنگ دیکھ لیجئے اپ کی خدمت میں حاضر ہوں ہمیشہ کی طرح ویکلی پہلی نیوز پیٹرول کی پرائسز کو لے کے ہوتی ہے پچھلے ویکلی میں میں نے اپ لوگوں کو خوشخبری دی تھی کہ پیٹرول اور ڈیزل کی پرائسس جو ہے وہ نیچے جانے کے لیے جس طرح ہمیشہ ہوتا ہے تو بہت زیادہ اس دفعہ جو پیٹرول کی پرائس ہے وہ دو کا ریٹ ہے وہ قریب قریبی اگیا 246 اور 249 کا جو ہے وہ ریٹ ہے پیٹرول اور ڈیزل کا اور اب جو ہے وہ اس مہینے کی پندرہ تاریخ کو ہوگی تو اس سے پہلے ہم اپ لوگوں کو ضرور بتا دیں گے کہ ہماری,3,0,"[6, 25, 26]",[],0,46,6,2,29,"(0, 63.04347826086957)","[0, 0, 0]",[]
47.88,205 (94).wav,پاکستان اٹو انڈسٹری کی نیوز کی طرف چلتے ہیں تو کافی زیادہ الیکٹرک گاڑیاں ا رہی ہیں پہلے بی وائی ڈی برانڈ کا لانچ ہوا اس کے اس سے پہلے جو چنگان نے اپنی پروڈکٹ دیپال جو ہے وہ ڈسپلے کے لیے جو ہے وہ پریزینٹ کی تھی ہم لوگ بھی گئے ہم لوگوں نے اس کا ایک فرسٹ لک ریویو بھی بنایا تھا اجکل بلکہ میں اس کا 139 کی ہے بلکہ اپ سمجھ لیں کہ اس کی جو پرائس ہے وہ 14 ملین کے قریب ہے اور جو ایس او سیون ایس سی وی ہے وہ 15 ملین کے قریب,1,2,[6],"[5, 12]",0,47,0,2,18,"(0, 38.297872340425535)",[0],"[0, 0]"
45.67,205 (95).wav,اچھا جی الیکٹرک گاڑیوں کی بات ہو رہی ہے جیسے میں نے اپ کو بتایا کہ بی وائی ڈی کا برانڈ لانچ ہوا چنگان ائی اسی طرح پھر ہم نے دیکھا کہ سازگار انجینئرنگ جو ہے وہ اور ایس سیون لے کے ائی اور اب ہم لوگوں نے پاک ویلز پہ اپ کو بتایا تھا کہ کراچی پورٹ کے اوپر ایک جو ہے گاڑی شومی کی گاڑی ائی تھی جس کے بارے میں بڑی دنیا میں دھومیں مچی ہوئی تھی کہ ایک دن میں اس گاڑی کی پتا نہیں مارکیٹ ہے وہ الیکٹرک مارکیٹ میں دیکھ رہا ہوں کہ پاکستانی لوگ ہیں نہ وہ کسی سے پیچھے لاہور ا چکی ہے اور ہم لوگ کوشش کریں گے کہ اپ لوگوں کے لئے اس کا ایک فرسٹ لک ریویو بھی بنا کے لے کے ائیں اس پروڈکٹ کی کیا کیا عنقریب اپ لوگوں کے لئے جو ہے اس کا ایک فرسٹ لک ریویو بھی ہم اپ لوگوں کے لئے لے کر ائیں گے,3,5,"[25, 29, 30]","[0, 3, 6, 9, 17]",0,45,3,4,21,"(0, 46.666666666666664)","[0, 0, 0]","[0, 9, 0, 0, 0]"
37.8,205 (96).wav,اس کے بعد اگر اگلی نیوز کی بات چلیں اٹو انڈسٹری میں کافی عرصے سے لانچ چیز کے بارے میں بات ہوتی رہتی ہے تو میں ہر وقت لوگوں کو بتاتا رہتا تو اج میں اپ لوگوں کو بتا دوں کہ 27 28 اکتوبر کو پامہ جو ہے پاکستان اٹو پارٹ مینوفیکچر اسسٹنٹ جو ہے وہ ایک اٹو شو کرنے جا رہی ہے لاہور کے اندر 27 اکتوبر کو جس کے اندر کافی زیادہ اس کا لانچ ایکسپیکٹڈ ہے اور اس کے بارے میں بلاک پڑھ رہا تھا اگر اپ پڑھنا چاہتے ہیں تو لنک پر کلک کرکے پڑھ سکتے ہیں جو 27 اکتوبر جو ہے اس پے اپ لوگ جو ہے,2,2,"[6, 25]","[4, 25]",0,37,1,9,15,"(0, 40.54054054054054)","[0, 0]","[1, 0]"
58.84,205 (97).wav,اس کے علاوہ لاہور کا لوٹو شو جو ہے وہ ٹیکس وائیل پریزینٹ پاک ویزا ارڈر لاہور جو ہے دیٹ اس کمینگ ان 20 اکتوبر سو لاہور ایکسپو سینٹر کے اندر پاک ویلز کا لاہور ہوٹو شو ہونے جا رہا ہے 20 اکتوبر کو اگر اپ اپنی گاڑیاں اٹو شو کے لیے رجسٹر کرانا چاہتے ہیں تو میں نیچے لنک لگا دوں گا ویٹ کریں یا یا ایپلیکیشن جمع کرادی ڈیزائن مینیو میں پارک ہونے کے لیے رجسٹر ہو گئی جب اپ کی گاڑی رجسٹر ہو جائے گی تو اپ کو تیار کرلیں اور پہلے ائیے پہلے بنائی ہے کہ بنیاد کے اوپر یہ جو لنک دیا ہوا ہے اس پر کلک کر لیں یہ نہ ہو کیا 20 اکتوبر کو لاہور ہوٹل شاپ پہ ملاقات بھی,1,3,[54],"[43, 48, 50]",0,58,0,4,30,"(0, 51.724137931034484)",[0],"[0, 0, 0]"
67.2,205 (98).wav,انے چینی جو ہے ٹول جو ہے ریوائز کر دیا ہے ٹول ٹیکس ہے وہ ہر سال روائز ہوتا ہے یہ کوئی نئی نیوز نہیں ہے یا ایکسپیکٹڈ نہیں ہے ایک اسکیجول دیا گیا ہوتا ہے جو ہر سال اس میں انکریز ہونا چاہتا ہے تو اس کے جو ڈفرنٹ روٹس ہیں ڈفرنٹ روٹس ہیں ان کے اوپر جو لیٹ انے کی بات کریں انہوں نے سب سے پہلے کی دنیا میں ہوتی ہے اور اس کا جو پیسہ ہے وہ چیریٹی میں جا رہا ہے اس میں جا رہا ہے تو اس کا جو پہلا راؤنڈ ہے وہ پہلے ہو چکا ہے اب جو سیکنڈ راؤنڈ ہے وہ ان لائن نمبر پلیٹس کی اوکشن ہے اور تین اکتوبر سے اس کا اغاز نیچے میں لنک دے دوں گا اپ ایپ کو ڈاؤن لوڈ کرلیں اس ایپ پے جا کے اپ اپنے پسند کا نمبر جو ہے یہ تین دن کی ونڈو دی گئی ہے اس کے اندر جا کے اس نمبر پلیٹ کو خرید سکتے ہیں لیکن جو پیسہ ائے گا وہ سندھ میں جو سیلاب کے تباہ کاری ہوئی تھی اس سے جو گھر دوبارہ بنائے جا رہے ہیں اس میں جائے گا سو اس کا لنک بھی میں نیچے لگا دوں گا,7,2,"[2, 4, 8, 10, 44, 55, 58]","[19, 47]",0,67,2,2,34,"(0, 50.74626865671642)","[0, 0, 0, 0, 0, 0, 0]","[0, 9]"
12.52,205 (99).wav,اس کے علاوہ سندھ کے اندر ان لائن ڈرائیونگ لائسنس جو ہے وہ بھی لانچ کر دیا گیا اگین دیر ائے درست ہے کافی عرصے سے ہم یہ کہہ رہے تھے کہ کافی صوبوں میں ہمارے یہاں جو الریڈی ہو چکا ہے کئی صوبے جو پیچھے ہیں ان کو بھی کرنا چاہیے سو اچھی نیوز ہے,3,3,"[2, 4, 10]","[5, 7, 12]",1,12,0,0,0,"(1, 0.0)","[0, 0, 0]","[0, 0, 0]"
19.99,205 (100).wav,اگے چلتے ہیں ابھی بہت سی الیکٹرک گاڑیوں کی بات ہو رہی تھی تو اٹک پٹرولیم جو ہے جی انہوں نے کہا ہے کہ جی وہ پلان کر رہے ہیں سیٹ اپ کریں کہ لاسٹ ویک میں اسلام اباد میں تھا اور میں نے اپ کو بتایا اس میں دیپال کو ایکسپریس کر رہا ہوں تو میں نے گاڑی کو چارج کرایا دیٹ واز ان اٹک پیٹرولیم کا ایک اسٹیشن,1,0,[18],[],0,19,0,3,9,"(0, 47.368421052631575)",[0],[]
18.67,205 (101).wav,ہنڈا سوناٹا اور ہونڈا کی جو دو گاڑیاں بیسیکلی سائنٹیفک ہے اور سناٹا ان کے اوپر کمپنی نے ایک افر لگائی ہے جو کہ ابیل انٹرسٹڈ انہوں نے افر دی ہے کہ اپ 60 پیمنٹ ابھی کر لیں اور باقی جو انٹرسٹ فری پیمنٹ پلان ہے اگر اپ اس میں انٹرسٹ رکھتے ہیں تو اپ اس لنک پر کلک کر کے دیکھ سکتے ہیں کہ اپ کو کتنی پیمنٹ ڈاؤن کرنی پڑے گی اور کیا اپ کو اس کی کس دینی پڑے گی,1,1,[16],[4],0,18,0,0,10,"(0, 55.55555555555556)",[0],[0]
16.95,205 (102).wav,ایک اور بڑا انٹرسٹنگ ارٹیکل میں پچھلے دنوں دیکھ رہا تھا سڑک پر میں نے ایک ویڈیو بھی بنائی تھی کہ جتنی بھی گاڑیاں تھی میرے ارد گرد جو میں دیکھ سکتا تھا وہ ساری وائٹ گاڑیاں تھیں تو پاکستان میں ہم نے پھر اس پہ ایک ریسرچ کیا کہ لوگ وائٹ گاڑی کیوں لیتے ہیں اس کی کیا ریزن ہے کیا محرکات ہے اگر اپ اس میں بھی انٹرسٹ رکھتے ہیں تو یہ,0,0,[],[],0,16,1,3,6,"(0, 37.5)",[],[]
45.88,205 (103).wav,اخر میں پبلک سروس میسج کی طرف چلتے ہیں میرے خیال سے موسم کی تبدیلی جو ہے بڑی تیزی سے ارہی ہے اکثر جب سردیوں کا موسم اتا ہے تو ہماری گاڑیوں کے اندر ڈفرنٹ ریکوائرمنٹ ہوتی ہیں جو کہ ہم بھول جاتے ہیں سو گاڑی کی جو بیٹری ہے وہ سب سے زیادہ امپورٹنٹ ہے سردیوں کے اندر اپ لوگوں کے جو فوگ لیمپس ہیں ان کو چیک کر لیں اپ لوگوں کے جو ہے ان چیزوں کی جو ہے وہ بڑھ جاتا ہے اگر اپ کی بیٹری خراب ہوگئی ہے تو وہ سردیوں میں نہیں چلے گی اسی طرح فوک کے مہینے انا شروع ہو جائیں گے تو اگر اپ کیمپس کام نہیں کرے تو وہ بھی خطرے کا باعث بن سکتے ہیں,5,0,"[20, 33, 36, 42, 42]",[],0,45,3,3,23,"(0, 51.11111111111111)","[9, 9, 0, 0]",[]
23.2,205 (104).wav,اس کے علاوہ اج کل پاکستان میں ہائی وے میں جب بھی اپ ٹریول کرے تو پہلے ٹریول پلان ضرور چیک کرلیں ڈفرنٹ ایپس کے تھرو گورنمنٹ کی ڈفرنٹ ویب سائٹ کے تھرو بیکوز کہیں نہ کہیں کبھی نہ کبھی کوئی نہ کوئی مظاہرہ ضرور ہوتا ہے اور بجائے اس کے کہ اپ پریشان ہوں اور اپ کو کنٹینرز کا سامنا ہو تو پہلے ٹریول پلان ویسے تو ہمارے یہاں پتا نہیں لگتا کہ کسی دن صبح تک کچھ نہیں ہوتا,7,0,"[10, 11, 12, 15, 21, 22, 23]",[],0,23,2,2,12,"(0, 52.17391304347826)","[0, 0, 0, 0, 0, 0, 0]",[]
18.0,205 (105).wav,سو یہ تھا اج کا ویکلی امید کرتے ہیں اپ کو پسند ایا ہوگا اگر ابھی تک اپ لوگوں نے ہمارے یوتوب چینل کو سبسکرایب نہیں کیا وہ سبسکرایب کرلیں بیل ائیکون پر کلک کر لیں تاکہ اپ کو تمام انے والی ویڈیو کے بارے میں نوٹس پھر ملاقات ہوگی تب تک اپنا اور اپنے خیال رکھیے گا,1,2,[8],"[2, 4]",0,17,0,0,13,"(0, 76.47058823529412)",[0],"[0, 0]"
32.28,205 (116).wav,میں کل رات میں دو کے گھر کے باہر گیا اور میں نے گاڑی اسٹارٹ کرکے نہ ای سی چلایا ہوا تھا اور میں کراچی میں سائیکلوجیکل میرا جو پچھلے شیشے کے لیے کوئی ائے گا تو میں گاڑی میرا نام ہے سہیل وائس اور میں پاک ویل یو سے ریویو کے ایک اور ایپیسوڈ کے ساتھ اپ کی خدمت میں حاضر ہوں میرے ساتھ اسد صاحب موجود ہیں تو ان کے چینل کو سبسکرائب کریں,2,2,"[7, 25]","[9, 32]",0,32,3,2,12,"(0, 37.5)","[0, 0]","[1, 0]"
40.36,205 (118).wav,اسد بھائی بہت شکریہ ٹائم نکالنے کا مجھے بتائیے گا کہ اپ کی گاڑی کا میک ماڈل ویرین کیا ہے 2021 جنوری میں یہ سمجھے گاڑی نکلی ہے باہر نہیں ہے وہ ایک تو مجھے اویلیبل نہیں تھی ریڈی لیوز دیکھنے کے بعد کافی ساری ویڈیوز دیکھی اس کے بعد مجھے ایسا لگا کہ اول ویل ایک تو فیول بھی زیادہ کنزیوم کرے گی اس میں اتنا پاور تھا کہ جب میں پاسورڈ سے موو ہوا ہوں,3,6,"[16, 19, 32]","[2, 19, 23, 32, 36, 40]",2,40,1,11,9,"(2, 27.500000000000004)","[0, 0, 0]","[1, 0, 0, 0, 0, 0]"
45.16,205 (119).wav,اور اپ کے ذہن میں ایک بجٹ تھا ایک خاص گاڑی تھی کہ اپ نے کہا نہیں میں نے دوسرا ہی لینی ہے یا اپ نے کنسیڈر کیا ایم جی سپورٹ اے شروع ہوا تھا ویزل سے ٹھیک ہے ویزل سے میں شروع ہوا تھا میں چاہ رہا تھا کہ میری گاڑی لگے نہ پے بھی میں جاتا ہوں میرا حیدراباد کا کافی ٹریول ہے اور حیدراباد کے راستے ایسے ہیں کہ ہر جگہ پے گاڑی لگتی ہے اور وہ تنگ کرتی ہے ایندھن بیکاز فیملی کے ساتھ جا رہے ہیں سو نیٹ سم کا مطلب یہ پرائمری گاڑی ہے صرف فیملی کے لیے میں نارملی یوز کر رہا ہوں,4,6,"[7, 22, 33, 41]","[13, 14, 16, 18, 21, 26]",0,45,2,5,19,"(0, 42.22222222222222)","[9, 9, 0, 0]","[0, 9, 1, 0, 0, 0]"
41.42,205 (120).wav,ویسے ہمارے بچوں کے لئے سیٹی دیس میں نے ویزے کا دیکھا ویزے بس ان مائی رینج مگر ادھر عوض یوزڈ کافی زیادہ یوز گاڑی تھی اور کوئی اچھی مجھے گاڑی نہیں ملی ایک چیز مجھے ابھی بھی ہوتا ہے کہ مالیج فیول ایفیشنسی ویزل کی بہت زیادہ ہے جا کے میں نے وزٹ کیا ان کا شوروم اور فوٹیج میں اویلیبل فور بکنگ وہ میں کروا سکتا تھا بہت اسانی سے بٹ مجھے ہندہ ہی نہیں مل رہی تھی سو میں,5,3,"[12, 16, 18, 24, 39]","[11, 15, 31]",2,41,0,15,11,"(2, 36.58536585365854)","[9, 0, 0, 0, 0]","[0, 0, 1]"
33.92,205 (121).wav,نیچرلی ائی لوک ڈیڈ سو لکلی فاؤنڈ مائی کلر سلور مجھے کلر چاہیے تھا مجھے کلر مل گیا کہ بھائی یہ کلر اویلیبل ہے ائی میڈ ا کال وہ میرے نیبر میں بات قریبی تھے تو میں افس سے واپسی میں چلا گیا اینڈ ائی لائک اٹ سو صائمہ میرے ساتھ تھی مائی وائف میرے ساتھ ہم نے وہیں پہ ڈسکشن کیا 50 کے 50 کی میری میرا بجٹ تھا بٹ یہ 56 بتا رہا تھا,1,3,[4],"[10, 18, 30]",0,33,1,7,10,"(0, 30.303030303030305)",[0],"[0, 0, 0]"
68.92,205 (122).wav,میڈ دا کال میں بولا اوکے یہ اپ کا بیان ہے بیانہ میں نے دے دیا میں نے کنڈیشنل بیانا دیا میں نے بولا کہ بھائی یہ پاک ویلز کا سروے ہوگا وہ اوکے کریں گے میں اپ سے کریں انسپیکشن کر لیں گے وہ اوکے کریں گے کوئی میجر ایشو نہیں ملے گا تو میں اپ سے گاڑی لے لوں گا ادر وائز ریٹرن دا منی بیک تو میں نے یہ کیا اور وہ اس میں کافی ساری چیزیں سامنے ائی جو کہ ان کو بھی نہیں پتا تھا کہ بھائی یہ اچھا یہ کب لگا تھا یہ اسکریچ کہاں سے ایا اسکریچ بھی جو ہے نا وہ نظر ہی نہیں ارہا ہے نیٹ اڈے سے نظر نہیں ارہا بہت قریب جا کے دیکھو تو اپ کو پتہ چلتا ہے جب میں نے 500 بھی خریدی تھی شو روم سے خریدی تھی تو میں نے میں نے یہ رول بنا دیا کہ بھائی انسپیکشن کراؤ 5 بل سے وہ بتائیں گے تھرڈ پارٹی ہے کسی کا کوئی وہ نہیں ہے نہ شوروم والے ہے نہ ہمارے سائیڈ سے وہ ایک نیوٹرل اپ کو ویو دیتے ہیں اس میں سب چیز سامنے اجاتی ہے پتہ چل جاتا ہے کہ جی واٹ ار یو پینگ فور,8,3,"[17, 30, 38, 40, 57, 58, 59, 64]","[23, 26, 32]",0,68,1,30,35,"(0, 51.470588235294116)","[0, 0, 0, 0, 0, 0, 0, 0]","[1, 0, 0]"
78.07,205 (123).wav,"سب نے گاڑی لے لی بھی اب تقریبا چار پانچ ہزار کلو میٹر چلا چکے ہیں کلومیٹر تو نہیں ہے 6000 کلو میٹر 600 کلومیٹر میں نے خریدنے کے بعد میں 4,000 4,000 چاہیے زیادہ لے گی تو اپ کو ان ہائی وے از گیٹنگ اراؤنڈ 11.5 ٹو 12 سے ایا ہوں تو ابھی حیدراباد سے میں ایا ہوں اور میں وہاں سے فل کرایا تھا ٹول پلازہ سے فل کرایا تھا 622 کلو میٹر رینج بتا رہی تھی گاڑی میں یہاں پے پہنچ گیا ہوں میں نے ریسیو نہیں کرائی ہے 523 کلومیٹر مجھے رینج بتا رہی ہے یعنی کہ 100 کلومیٹر صرف چلیے بیچ میں بچوں کو اسکول چھوڑنے گیا تھا شہر کے اندر 9.5 10 میں اتنا یوز ہے نہیں شہر کے اندر بھی میں بہت کم ڈسٹینس پے ٹریول کرتا ہوں جیسے ابھی افس کا اپ نے ڈسٹینس دیکھیں کہ میں واکنگ ڈسٹینس ہی ہے گھر سے افس سو اس پہ اتنی ایفیشنسی نہیں اتی ہے 9.5 مشکل سے ٹچ کرتی کرنا چاہتا ہوں تو پھر ٹچ",9,1,"[9, 16, 31, 41, 47, 56, 59, 72, 74]",[62],0,78,1,26,33,"(0, 42.30769230769231)","[0, 0, 9, 0, 9, 0, 0, 0, 0]",[9]
13.17,205 (124).wav,میں کوشش کرتا ہوں کہ اس کو جو ہے نا یہ کلومیٹر اس پر رکھ دیں تاکہ میں یہ جو ہے نہ وہ بار بار ٹینشن نہ جائے,2,0,"[10, 13]",[],2,13,2,3,2,"(2, 23.076923076923077)","[0, 0]",[]
24.4,205 (125).wav,اچھا گاڑی کی اگر چیزیں اپشنز کی بات کریں کیونکہ اپ نے یہ بھی دیکھی ہے اسپیچ بھی دیکھی ہے دونوں میں تھوڑی بہت اپشنز کا فرق ہے وائرلیس چارجر ہے شہر میں رہتے ہو تو اپ کو اتنا ایشو نہیں اتا مگر وہ فیور گوئنگ سمیر جہاں پے اندھیرا ہے یا کہیں پہ تو ادھر اپ کو یہ پرابلم کرتی ہے کیونکہ میں کراچی میں رہتا ہوں,4,1,"[10, 15, 17, 22]",[0],2,24,1,8,6,"(2, 33.33333333333333)","[0, 0, 0, 0]",[0]
70.26,205 (126).wav,میری تو گاڑی چھن چکی ہے مجھے سٹی تھی وہ چھینکے واپس مل چکی ہے واپس مل گئی میرے افس کے نیچے سے اچھی نہیں تھی گاڑی مل گئی ہے بہت بڑا گروہ پکڑا گیا ہے بینک ڈکیتیوں میں اور اپ کی گاڑی مل گئی ہے واپس ان ملیشیا بینک دے ایف ائی ار نہیں کروائی تھی رپورٹ کروائی تھی ابھی کاز لاسٹ ٹائم ائی گاڈن ایف ائی ار میں ابھی تک اس کے لئے پیسہ دے رہا ہوں کہ وہ ملزم کو پکڑ کے مجھے بولتے ہیں کہ اس کو اڈٹی فائی کرے تو میں نے حالانکہ کلیئر ہے کہ بھائی میرا یہ جو نیویگیشن سسٹم ہے اس کو نکالنے کی کوشش کی تھی اور میں سو رہا تھا اس کو تو میں کروں اور وہ مجھے ابھی تک وہ بیچارہ پتہ نہیں جو بھی ہے کسی نہ کسی کو تو پکڑا ہے انہوں نے 2012 کی بات کر رہا ہوں کیونکہ میں نے ایف ائی ار کروائیں کیونکہ میری انشورنس کمپنی کی ریکوائرمنٹ تھی ایف ائی ار کروائیں گے تبھی اپ کو مجھے نہیں پتا تھا,6,3,"[10, 13, 22, 53, 55, 69]","[0, 9, 64]",2,70,17,29,20,"(2, 41.42857142857143)","[0, 0, 0, 0, 0, 0]","[0, 0, 0]"
32.48,205 (127).wav,ٹھیک ہے اینٹی ٹیررازم کورٹ وہاں پے جا کے اگین اپ ریٹنگ نائس کریں کہ کون ہے میرا بولا میں نہیں تھا میرے ڈرائیور سے چھینی ہے اور انہوں نے کچھ پہنا ہوا تھا کہ لوگوں کا خیال ہوتا ہے کہ نہیں خالی ایکسیڈنٹ کے لیے کرانی ہے لیونگ ان سچویشن لائک ہمارے پاکستان میں جس طرح کبھی شیشے چوری ہوتے ہیں اکثر گاڑیوں کے ہیڈ یونٹ چوری ہوتے ہیں یہ پوری گاڑی بھی تو بڑی امپورٹنٹ کرانی چاہیے,6,2,"[1, 9, 17, 18, 25, 28]","[0, 14]",2,32,1,12,9,"(2, 37.5)","[0, 0, 0, 0, 0, 0]","[0, 9]"
51.92,205 (128).wav,اچھا اس کا یہ جو انفوٹینمنٹ سسٹم ہے اس کی اپ کو ایفیشنسی کیسے لگی مجھے بالکل انفینس کرتا ہے میں بھی ڈرائیو کر رہا ہوں کچھ یہاں پے چل رہا ہے مجھے ڈسٹرب کرتا ہے وہ چیز ڈیسیجن تھا بٹ میں اور اس کو بند کروں واپس گاڑی ہو جاتا ہے دوسری چیز یہ ہے کہ یہ رسپونس نہیں ہے ایٹ اول سمجھے کہ یہ سب سے سستا سا کوئی اینڈرائیڈ ٹیبلیٹ اپ خریدو نہ کہ اس سے بھی برائے ہے دس ہزار سے لے کے اپ کو 20000 ہے کیونکہ اس میں تو میں کوئی دوسرا لگائی بھی نہیں سکتا نا کیونکہ یہ پورا فلوٹنگ ہے,7,2,"[8, 18, 22, 26, 29, 37, 49]","[0, 33]",0,51,0,17,19,"(0, 37.254901960784316)","[0, 0, 0, 0, 0, 0, 0]","[0, 9]"
33.76,205 (129).wav,میں نے چارجر جو ہے وہ کیسا ہے فون ہے اینڈ میں نے ایپل کے اسٹور سے اس کا کیس بھی خریدا تھا اوریجنل کیس میں رکھتا ہوں چارج ہوتا ہے ان ہوتا ہے اف ہوتا ہے ان ہوتا ہے اف ہوتا ہے پورا ٹرپ یہی کرتا ہے تو میں نے تار لگائی ہوئی ہے جو دیسی طریقہ ہے میرا خیال ہے اس کا فرنٹ ویل اور میں اتا ہے ول کال کیوں کہ میں تو یوز نہیں کرتا اج یہ کھلی ہے افٹر منتھ میں یوز نہیں کرتا,2,0,"[30, 33]",[],0,33,2,10,16,"(0, 48.484848484848484)","[9, 0]",[]
46.16,205 (130).wav,پاکستان میں ایک مارکیٹنگ گیم ہے جس میں پاکستان کے اندر جتنی پوزیشن ہے کھولتے ایسا نہیں ہے نہ اپ زیادہ سے زیادہ اگر سردیوں میں کھولو گے وہ بھی سردیوں میں کیوں کھولو گے لیٹر چلانا پڑتا ہے تو اس کی شام کو یا رات کو تھوڑا سا پریزینٹ ہوگیا مجھے یہ نظر ارہا ہے اور کچھ چیز گزر رہی ہے تو اسے ڈسٹرکشن ہے ائی ڈونٹ میں تھا کہ یار یہ ایک اچھی چیز ہے لے لوں تو سمجھ میں یہ بھی ہے ویزل میں نہیں تھا بٹ دین ائے ڈسکور کیجئے پہلی دفعہ یہ بٹن کے ساتھ کھیلتے تھے ہمیں ایک مہینے پھر اس کے بعد,8,1,"[7, 8, 9, 10, 25, 32, 37, 41]",[32],2,46,3,25,18,"(2, 54.347826086956516)","[0, 0, 0, 0, 0, 0, 9, 0]",[1]
15.95,205 (131).wav,یہ اس کی سیٹ الیکٹرک ہوتی ہے اور علامہ سپورٹ بھی ہوتا ہے بالکل لمبا یہ ڈرائیور سائیڈ پے ہے یہ کافی کمفرٹیبل رائیڈ ہے اور مجھے اس میں سے سپیڈ وغیرہ اس کا نہیں پتہ چلتا تو سیٹ جو لمبا اسپورٹ,4,2,"[5, 6, 13, 16]","[4, 8]",0,15,0,4,5,"(0, 33.33333333333333)","[0, 0, 0, 0]","[0, 0]"
84.71,205 (132).wav,اچھا گاڑی کی مینٹینس وغیرہ ڈیلرشپ سے کراتے ہیں کہ باہر سے کراتے میں ڈیلر شپ سے کراتا ہوں اینڈ وہاں پہ بھی تھوڑی سی مجھے ڈس اپوائنٹمنٹ ہے اب یہ میں ابھی اپ کو دکھاتا ہوں یہ گاڑی میں چلا رہا ہوں ائی ایم ان گوئنگ ٹو گو ڈیلی بریٹلی ان دا رائٹ سائیڈ اور میں گاڑی کو چھوڑ دیتا ہوں یہ اسٹیرنگ چھوڑتا ہوں ٹیل می کہ یہ صحیح ہے کہ نہیں لیفٹ جا رہی ہے ایشو لے کے گاڑی خریدنے کے بعد ہی ایشو لے کے میں گیا تھا ڈلیشن تو انہوں نے مجھے کچھ پیسے چارج کیے اور میں نے ٹھیک کروا لیں ٹھیک کر کے دیں ٹیسٹ کیا میں نے میں نے بولا مجھے ابھی بھی یہ لگ رہا ہے کہ نہیں پاکستان میں ہوتا ہے اپ کو ایسا لگ رہا ہے یہ روڈ ایسا ہے اور یہ ہے پھر میں ہائی وے کیوں کہ میں حیدراباد جا رہا تھا وارنٹی میں تھی اور میں نے ان کو پیسے بھی دیے اس چیز کے سو حیدراباد لے کے گیا وہاں پے ہائی وے پے بھی یہی کر رہی ہے ٹھیک ہے اینڈ ائی میڈ ا ویڈیو اف اٹ تو بھائی یہ ہے کیا میرے پاس پروف بھی ہے کیا دیکھو روڈ بھی سیدھا ہے پھر بھی اس طرف جا رہی ہے میں ویڈیو بنا کے وہ میں نے بھیجی ہوگا تو میں نے کافی دفعہ میں نے بتایا کہ مجھے میرا وہم ہے وہ نہ اس نے اتنی دفعہ مجھے بولا ہے کہ بھائی مجھے بھی وہم ہو گیا ہے کہ میرا وہم تو نہیں ہے,8,6,"[9, 24, 41, 55, 75, 78, 79, 84]","[0, 23, 34, 35, 60, 74]",2,84,8,36,32,"(2, 42.857142857142854)","[0, 9, 0, 0, 0, 0, 0, 0]","[0, 0, 0, 0, 0, 0]"
48.65,205 (133).wav,بدن ائی دوبارہ میں نے بھیجیں یہ دوبارہ بھیجیں دوبارہ بھیجی تو انہوں نے چارج نہیں کیا مجھے بولا اب ہم نے یہ ٹھیک کرلیے ٹھیک ہے اب میں سارے شوٹ چھوڑ کے سب کچھ چھوڑ کے گاڑی رسیو کرنے گیا میں نے ریسیو کرلی اس مرتبہ میں نے ٹیسٹ نہیں کی سٹیرنگ سے ہاتھ نہیں اٹھتا ہے پھر میں حیدراباد گیا دوسرے دن ٹھیک ہے میں پیرنٹس لکھ دیا تو میں وہاں پے وزٹ کرتا رہتا ہوں ابھی تک وہی پروبلم ہے مجھے ٹائم نہیں مل رہا ہے دوبارہ جاؤ میں نے اس کو سروس کے لیے بھیجا تھا ڈرائیور کے ہاتھ بھیج دیا میں نے بولا وہ والا کام سمجھانا بھی مشکل ہے ان کو کہ بھائی یہ اس طرف جا رہی ہے اب یہ ٹھیک کریں گے نہیں کریں گے مجھے نہیں پتا,8,4,"[6, 18, 20, 31, 40, 41, 47, 48]","[9, 9, 23, 46]",0,48,3,5,12,"(0, 25.0)","[0, 0, 9, 9, 0, 0, 0, 0]","[0, 0, 0]"
41.59,205 (134).wav,5 سے میں تو اکثر جب گاڑی لے رہا ہوں میں دیکھتا ہوں اگر گاڑی کی اگر لگ گیا تو پارٹس ملیں گے ڈیلر شپ کیسی ہے پارٹس کی پرائز کیسی ہے تو وہ بھی نوٹس کی ہے ایک چیز میں نے فیصلہ کیا ہے وہ بھی پارٹس جو ہیں اس کے لئے تو تب بندے کو ہوتا ہے کہ یار انشورڈ نہیں ہے گاڑی انشورڈ کرالی انشورنس ہے خرچہ ہوگا جب یہ ڈپریشن بڑھنے لگے تو نہیں چینج دا کار ٹھیک ہے میرا طوطا کہ میں الٹیمیٹ گول یہی ہے کہ بندے کے پاس پراپر سولر سسٹم ہو اور وہ چارجنگ کے لئے تو بندہ الیکٹرک گاڑی,4,1,"[15, 17, 24, 30]",[32],0,41,1,14,26,"(0, 63.41463414634146)","[0, 0, 0, 0]",[1]
77.67,205 (135).wav,کیا ای کارڈ فوڈ لیڈر ان وہ بہت بہت مہنگی گاڑی ہے تھوڑی سی یہ فوٹوفلمی 66 بٹ وہ ادھر جو ہے نہ وہ رینج اینگزائٹی ہوتی ہے نہ وہ مجھے میں نے بہت دفعہ اس کے بارے میں سوچا کہ جب ہمیں یہ بھی خرید رہا تھا رینج انزائٹی جو ہے نہ حیدراباد جارہا ہوں بیس روڈ پہ میں فیملی کے ساتھ کھڑا ہوا ہوں تو وہ تو مسئلہ مجھے لگتا ہے کہ ٹرانسفارمیشن میں بھی ہمیں ٹائم لگے گا جب تک ماڈلز لائک دس ول ڈیفینیٹلی پلے ا بگ رول کراچی میں رہتا ہوں نہ میں تو مجھے لگتا ہے میں کبھی بھی ایک روپیہ کی پیٹرول نہیں استعمال کروں گا 55 کلو میٹر سے زیادہ میں نہیں ٹریول کرتا ہوں اس کی طرف ائیں گے,11,1,"[6, 14, 18, 21, 32, 42, 55, 59, 67, 72, 73]",[39],0,77,4,9,32,"(0, 41.55844155844156)","[0, 0, 0, 0, 0, 9, 9, 0, 0, 0, 0]",[9]
23.82,205 (136).wav,رجسٹریشن اپ نے خود کرائی تھی کہ پہلے سوئی تھی رجسٹریشن تو پہلے سے ہوئی ہوئی تھی رجسٹرڈ گاڑی مجھے ملی تھی میں نے ٹرانسفر کرائی ہے اپنے نام پے بھیج دیئے میں نے دوسری گاڑی میرے پاس سٹی ہے وہ بیچ بھی نہیں سکتا,3,0,"[1, 6, 23]",[],0,23,4,3,13,"(0, 56.52173913043478)","[0, 0, 0]",[]
92.67,205 (137).wav,اچھا ہر گاڑی کے اندر میں انسان جب لیتا ہے تو انسان اپوزیٹ چیزیں بھی ہوتی ہیں کہیں وش لسٹ ہوتی ہے اب ہم نے بولا کہ انفوٹینمنٹ کا مسئلہ ہی وہ اپ کی کوئی وش لسٹ کیا اپ کہتے ہیں میں اس میں مس کرتا ہوں اس گاڑی میں یہ بھی ہونا چاہیے ایک فیچر ہے میں چاہتا ہوں کہ اس کو بند کرنے میں ڈراپ کیا اور میں پارکنگ میں گاڑی لگا کے کھڑا ہوا ہوں اور میسج چلا کے بیٹھا ہوں اس کے ڈی ار ایل بند نہیں ہوتے مینس بندا گاڑی میں کوئی بیٹھا ہے اور اب کراچی میں رہتے شٹ ڈاؤن دا ڈی ار ایل اگر اپ کو پتا ہے مجھے بتا دیں کہ میں نے بھی دیکھا ہے مجھے کوئی ایسی چیز نہیں ہوتی میں پارکنگ میں کھڑا کرکے میں بند اے سی چلا کے بیٹھنا چاہ رہا ہوں ٹھیک ہے اور میں نے گاڑی سٹارٹ کر کے اور میں کراچی میں سائیکلوجیکل میرا کوئی ائے گا تو میں تو اب گاڑی بند کر کے اندر گرمی میں بیٹھو یا گاڑی بند کر کے گاڑی سے اتر کے بیٹھو تب جا کے اپ کو یہ تھوڑا سا سیکورٹی ورنہ کیا ہوگا برابر میں سے کوئی ایا گن لے کر ایا اپنی میری امانت تھی اپ کے پاس کراچی سے سٹی ائی لو دا سٹی بٹ ائی لوس مائی برادر ٹو ڈیٹ مائی برادر موبائل فون تھنگ یہ چیز ہے,12,5,"[12, 18, 25, 35, 36, 42, 50, 51, 54, 67, 70, 92]","[0, 30, 58, 82, 82]",0,92,12,27,36,"(0, 39.130434782608695)","[0, 0, 0, 9, 9, 0, 0, 0, 0, 0, 0, 0]","[0, 0, 9, 0]"
28.72,205 (138).wav,ایک تو ایو کے ڈیرل والا دوسری کوئی چیز مس کرتے ہوئے کہ یار یہ بھی دے دیتے اتنے پیسے دیے تھے یہاں یہ تھوڑے سے اور لے کے یہ بہتر ہوتا جو اس کا میں گانے گانے سنتا نہیں ہے مجھے اگر ایسے میں گوگل میپس بھی چلانا چاہوں تو میں اس پہ نہیں چلانا چاہوں گا حالانکہ اتنی بڑی اسکرین ہے میں اپنے فون پر چلاتا ہوں ٹھیک ہے اور کیا میں نے اپگریڈ ہی اچھی چیز سے کیا ہے کہ میرے پاس کوئی کمپیریزن میٹرکس نہیں ہے,6,3,"[3, 3, 13, 18, 25, 28]","[10, 22, 25]",0,28,0,7,12,"(0, 42.857142857142854)","[9, 0, 0, 0, 0]","[1, 0, 0]"
74.63,205 (139).wav,انسان کی جو خواہشات ہوتی ہے لا متناہی ہوتی ہیں یار یہ مل جائے اب یہ مل جائے یہ مل جائے تو اس لحاظ سے کوئی چیز مانیٹرنگ ٹھیک ہے جو ٹائرس کی مانیٹرنگ ہے وہ اس گاڑی میں نہیں ہے اور وہ میں مس کرتا ہے پمپ پہ کھڑا ہونا پڑتا ہے 20 رز دو ٹائر پریشر چیک کراؤ اور پھر اپ نکلو ٹائر چیک کریں وہ مار کے کہیں گے ساری یہ تو اپ کا ٹائر خراب ہے اس میں ہم اپ کو نہ وہ ڈال دیتے ہیں ٹیوب ڈال دیتے ہیں اپ اگلے اسٹیشن پر پہنچے تو وہ ہر ایک کے لئے ان لوگوں کے لیے میسج جتنے بھی لوگ ہائی وے پے ٹریول کرتے ہیں میں لاہور کراچی دو تین دفعہ کیا ہے بٹ میں کوشش کرتا ہوں کہ ہائی وے سے اوپر سے نہ اپنی گاڑی کے ٹائر کے پیسے چیک میرا تو یہ رول ہے کہ میں جب بھی چڑھتا ہوں ہائی وے پے میک شور کے ٹائپ پریشر صحیح ہے ائل صحیح ہے پانی گاڑی میں صحیح ہے سارا چیک اپ جو ہے وہ ہوتا ہے سیٹنگ سے باہر جب ہم جا رہے ہو اسپیشلی وہ فیملی وید یو ڈونٹ تو,10,6,"[10, 15, 17, 26, 30, 32, 47, 52, 61, 69]","[2, 11, 52, 63, 64, 66]",0,74,4,27,43,"(0, 58.108108108108105)","[0, 0, 0, 0, 9, 0, 0, 0, 0, 0]","[0, 0, 0, 0, 0, 0]"
43.72,205 (140).wav,بتایا اسد بھائی نے کہ نہیں تو شوروم سے ملتی نہیں ہے نہ اس کی بکنگ ہو رہی ہے اج کل تو اگر اپ یوز کیسا خریدنا چاہ رہے ہیں تو پاس,3,0,"[8, 15, 18]",[],0,43,6,12,15,"(0, 34.883720930232556)","[0, 0, 0]",[]
50.22,202 (2).wav,ہائے گائز مائی نیم از ضلع اینڈ ویلکم بیک ٹو ہیلپ فوبی اج کی ویڈیو بہت ہی انٹرسٹنگ ہونے والی ہے کیونکہ اج ہم بات کریں گے کچن کے 8 بیسک ائٹمز کے بارے میں ان کیا فیکٹرز اپ کو ضرور کنسیڈر کرنی چاہیے جب اپ ان کو مارکیٹ سے پرچیز کرتے ہیں بیون رائٹر رونگ اٹس اباؤٹ میکنگ ا بیٹر چوائس اسمارٹ چوائس او سو اس ویڈیو کا فرسٹ پارٹ میں نے اراؤنڈ 100 کیا تھا کہ یہ پارٹ بھی اپ کو ایکوی ہیلپ فون لگے سناؤ لیٹس دا اسٹار ویڈیو اور انسٹاگرام مائی انسٹاگرام,0,2,[],"[6, 44]",2,50,9,10,9,"(2, 20.0)",[],"[1, 0]"
42.84,202 (3).wav,فرسٹ فور لیس ٹاک اباؤٹ پوٹیٹو مسٹر پوٹیٹو میشن ہم سبھی کے گھر میں یوز ہوتا ہے اینڈ اس کے اتنے ویدس اتے ہیں کہ کون سے والا ہمارے لئے بیسٹ ہے تو چلیے اب دیکھتے ہیں کہ ان میں سے بیسٹ پوٹیٹو نیشنل کیسے سلیکٹ کریں اپ کبھی بھی سمال یا پھر شارٹ ہینڈل کا پوٹو میشا مت لیجئے ورنہ کسی ڈی پی ٹینشن میں ویجیٹیبل اس میچ کے ٹائم اپ کے ہینڈز برن ہو سکتے ہیں ہمیشہ بڑا لانگ پوٹیٹو ہمیشہ ہی چوز کریے اس طرح سے اپ کسی ڈیپ یو ٹینسل میں فری فری اپنی ویجیٹیبل کو میش کر پائیں گے دیکھیے اس کو یوز کرکے میرے ہینڈ میں اور ککر میں کتنا گیپ ہے,2,2,"[29, 42]","[11, 15]",0,42,0,0,1,"(0, 2.380952380952381)","[9, 0]","[0, 1]"
20.48,202 (4).wav,سکر امپورٹنٹ فیکٹر ہے گرپ کبھی بھی ایسا میشا مت لیجئے جس میں اپ کو پروپر گرپ ہی نہ ملے اور اپ کے ہینڈس لائٹ ہوتے رہیں یہ والا معیشہ اور اکنامک ڈیزائن ہے اور اس پے اپ کو ایک بہت فم گرپ ملتی ہے جب اپ کو ایک فرم گرپ ملے گی تبھی اپ ویجیٹیبل کو پراپرلی اینڈ کوکلی میش کر پائیں گے,1,0,[6],[],1,20,1,0,0,"(1, 5.0)",[0],[]
13.47,202 (5).wav,دین یہ جو اسپرنگ والا پٹیٹو می شر ہے یہ بھی بہت کامن ہے بٹ میں نے ایکسپیرینس کیا ہے کہ اس کو یوز کرکے ویجیٹیبل اس میش کرنے میں بہت سٹرینتھ لگتی ہے اسی لئے ایل ناٹ ریکمنڈ دیس ایس بیل,0,1,[],[13],1,13,0,0,0,"(1, 0.0)",[],[0]
55.12,202 (6).wav,سب میں سے یہ والا معیشہ مجھے بیسٹ لگا فو مینی ریزن فرسٹ اول یہاں جوائن پر ایک سکرو لگا ہوا ہے جس سے ماشا کے ہینڈل کو ایکس ٹینتھ ملتی ہے موسٹلی باقی سبھی نیشنلز میں یہ اسکرو نہیں ہوتا جس سے وہ جلدی ٹوٹ جاتے ہیں یہ میشا لانگ ہیئر اسٹڈی ہے اور اس پے اپ کو ایک اچھی گرپ بھی ملتی ہے وچ میکس یا جوب ویری ایزی اینڈ اس کا بیسٹ فیچر ہے کہ اپ دونوں سائیڈ سے پریس کر کے اس کے ہیڈ کو ایسے فولڈ کر سکتے ہیں یہ اس کا اسپیس سیونگ موڈ ہے اینڈ واپس پریس کر کے ان فولڈ کر سکتے ہیں اس طرح سے باقی میچز کے کمپیریزن میں یہ اپ کی کچن میں بھی کم اسپیس لے گا,5,4,"[17, 19, 20, 22, 54]","[3, 9, 26, 32]",1,55,0,0,0,"(1, 0.0)","[0, 0, 0, 0, 0]","[1, 0, 0, 9]"
62.0,202 (7).wav,ناؤ لیٹس ٹاک اباؤٹ منی ویجیٹیبل چوپر ان کی تو مارکیٹ میں ہیوج ورائٹی ہے بٹ ان کو اپ براڈلی دو کیٹگریز میں ڈیوائڈ کر سکتے ہیں فرسٹ ہے یہ ریچارج ایبل چوپر اس کے ساتھ میں اپ کو ایک چارجنگ کیبل بھی ملتی ہے جس کو اپ یہاں پلگ ان کرتے ہیں کلیئر پلاسٹک کنٹینر ہے ان دونوں کا ہی بیس اینٹی اسکڈ ہے تو چلیے اب دونوں کی پرفارمنس کو کمپیر کر کے دیکھتے ہیں کہ ان میں سے کونسا چوپر بہتر ہے دونوں میں ہے غالب کلوز ان ایچ,1,2,[42],"[3, 57]",0,61,1,0,2,"(0, 3.278688524590164)",[9],"[0, 9]"
43.51,202 (8).wav,دونوں چاکلز کی ٹیسٹنگ ہوگئی ہے تو چلیے اب ان شاپنگ کو کلوز دیکھتے ہیں فرسٹ لیس سیدھا رزلٹ اف دس مینول اسٹرینگ چوپر ایس وکن سی اس میں ساری ویجیٹیبل اونلی اینڈ فائنلی چوپ ہوئی ہیں ایون کیرٹ بھی اچھے سے چوپ ہوئی ہے اکسپٹ فور اف فیول اس میں بھی ویجیٹیبل فائنلی جاب ہوئی ہیں لیکن ایون لی نہیں ہوئی ہے اس میں اپ کو کافی لاسٹ پیسز مل جائیں گے کو یہ چوپ کیا کر بھی نہیں کر پایا,3,2,"[31, 32, 42]","[22, 36]",1,43,2,1,2,"(1, 4.651162790697675)","[0, 9, 0]","[0, 0]"
50.67,202 (9).wav,اور اس ریچارج کے بارے میں تو ہم یہی کہہ سکتے ہیں اور اگر پرائز کے بات کرے تو مانوس اسکرین شاپر کا پرائز ہے اونلی روپیز 249 اینڈ اس ریچارج پر چاپر کا ہے رپیس 99 سیو کرتے ہیں از دا اٹومیٹک بٹ ان کو بار بار چارج کرنا بھی یاد رکھنا پڑے گا دیکھو ان مائی پینین پرائز وائس پرفارمنس وائس منسٹری اپشن میں نے پیپل فیل کہ اس کا اسٹرین بار بار ٹوٹ جاتا ہے میں یہ چاہتا ہوں میں نے اج تک اس میں ایسا کوئی ایشو فیس نہیں کیا ائندہ کتنا اسٹڈی ہے یہ تو ہم دیکھے چکے ہیں,2,0,"[37, 45]",[],0,50,3,11,18,"(0, 36.0)","[0, 0]",[]
30.63,202 (10).wav,نیکسٹ پروڈکٹ از یو ٹینسل ڈرائنگ رینک ہم سبھی لوگ اپنے گھر میں یہ ٹینسر کو واش کرنے کے بعد ان کو ڈرائے کرنے کے لئے یہ ریکٹ یوز کرتے ہیں بٹ لیٹ می اسکور کوسچن کہ جب اپ ان کو مارکیٹ سے پرچیز کرتے ہیں تو اپ کیا چیک کرتے ہیں سائنس اینڈ ہاٹ ڈیپری ضرور ہو تاکہ سارا ایکسٹرا واٹر اس میں کلیکٹ ہو جائے جیسے یہ دو ریکٹس ان میں دیکھنے سے ہم کو صرف دو ہی ڈفرینس نظر ارہے ہیں کلر اینڈ سائز یہ سائز میں بڑا ہے اور یہ چھوٹا,2,2,"[25, 31]","[0, 22]",0,30,0,3,6,"(0, 20.0)","[0, 0]","[0, 0]"
71.59,202 (11).wav,بٹ سائز کلر کے علاوہ بھی ان میں ایک شوز ڈفرینس ہے جو اکثر ہم لوگ اگنور کر دیتے ہیں اینڈ میں خود بھی یہ غلطی کر چکی ہوں اور وہ ڈفرینس ہے ان کے ڈپ ٹریکر ڈیزائن جیسے ہی یہ والی جو ڈپٹی ہے اس کے اندر سمال ڈرین ہے تو اپ اس رات کو ہی یوز کر سکتے ہیں تاکہ یہ ٹینسز واش کرنے کے بعد سارا ایکسٹرا واٹر ڈائریکٹلی سنک میں ہی ڈرین ہو جائے اگر یہ راک ہم نے سلیب پر ہی رکھ دیا تو سارا ایکسٹرا واٹر سلیب پہ ہی ٹرین ہو جائے گا اگر اپ اپنا ریڈ سلیب پر ہی رکھنا چاہتے ہیں تو ایسا ریٹ لیجئے جس کی ڈپ ٹرے میں کوئی بھی ڈرین نہ ہو اس طرح سے یہ ٹینسز کرنے کے بعد سارا ایکسٹرا واٹر اسی میں کلیکٹ ہو جائے گا اینڈ کوئی مس کرئیٹ نہیں ہوگا تو ہم نے دیکھا کہ یہ دونوں اتا ہے کہ اپ یو کینسل واش کرنے کے بعد ان کو ڈرائے کہا کرتے ہیں سندھ کے پاس یا پھر سلیپر دونوں ہی ریٹس میں نے ایمیزون سے لیے ہیں تو ہو سکتا ہے یہ اف لائن مارکیٹ میں اپ کو کم پرائس میں مل جائے,5,1,"[9, 44, 51, 52, 70]",[14],0,71,1,8,15,"(0, 21.12676056338028)","[9, 0, 0, 0, 0]",[9]
48.11,202 (12).wav,ناؤ لیٹس ٹاک اباؤٹ بوتل کلیننگ فریش ان میں سے کونسا بیسٹ ہے نائیلون بریسلز فریش سیلیکون برش اور دس فوم فریش تو چلئے ان کا بھی کوکلی ایک ڈیمو کر کے دیکھ لیتے ہیں یہ ایک کلاس پورٹل ہے اینڈ اس یو کین سی یہ کافی ڈرٹی ہے تو چلیے اس کو کلین کر کے دیکھ لیتے ہیں سب سے پہلے ہم یہ موسٹ کامن لی یوز نائلن بلیس یوز کر کے دیکھیں گے اس کی کلیننگ کچھ خاص نہیں ہے نیکسٹ ہم یوز کریں گے دس ویری پاپولر سلیکون برش اینڈ اس کے رزلٹس بھی ایکوی بیڈ ہیں اب ہم فائنلی یوز کریں گے یہ فون برش اس نے سارے ڈیڈ کو کلیکٹ کر لیا ہے,1,3,[33],"[5, 19, 34]",1,48,0,0,0,"(1, 0.0)",[9],"[0, 0, 0]"
37.24,202 (13).wav,بوتل میں سے ساری ڈیٹ ریموو ہو چکی ہے تو اب بس ہم اس میں واٹر اور لیکوڈ ڈش واش ایڈ کرکے اس کو واش کرلیں گے ٹوٹلی کلین ناؤ انادر گریٹ فیچر از کی اپ اس برش میں یہ بٹن پریس کرکے اس کو ایکسپینڈ بھی کر سکتے ہیں اس طرح سے جو بھی اپ کے گھر میں لانگ جیکس ہیں یا بوتل ہیں ان کی کلیننگ بھی اپ ایزیلی کر پائیں گے,1,1,[30],[36],0,37,0,0,2,"(0, 5.405405405405405)",[0],[0]
35.5,202 (14).wav,ناؤ لیٹس ٹاک اباؤٹ سروینگ پلیز سیون فیس لیتے ہیں ٹائم ہم جنرلی صرف ان کا کلر سائز ڈیزائن یہ سب ہی دیکھتے ہیں بٹ کچھ اور بھی امپورٹنٹ فیکٹرز ہیں جو اپ کو ضرور کنسیڈر کرنے چاہیے فار اکزامپل دی ال لو وڈن ٹریس بیکاز دی لوک سو کلاسی بٹ کچھ ٹائم بعد ہی وہ اولڈ اینڈ 30 لگنے لگتی ہیں اور ان پر مارکس بھی ا جاتے ہیں سب وڈن ٹریس کو کلینر مینٹین کرنے کا نوٹس ہیک میں نے اپ کے ساتھ اس ویڈیو میں شیئر کیا تھا بٹ اگر اپ مینٹیننس فری ووٹ انٹریس یوز کرنا چاہتے ہیں,2,0,"[5, 28]",[],2,35,1,11,5,"(2, 31.428571428571427)","[0, 0]",[]
76.18,202 (15).wav,جیسے کہ یہ ایک انامہ کوٹیٹ ایم ڈی ایف ٹرے ہے سملر یہ پرنٹڈ ٹریز ہے اینڈ دی لوک لائک دیر وڈنو دی لوک سو ایلیگنٹ ناؤ لیٹس ٹاک اباؤٹ اندر فیکٹر یہ جو اینیمل کوڈو ٹریس ہوتی ہیں بٹ اگر ان کی سائیڈ پہ ہنڈرڈ نہیں ہے تو ان کو مت پرچیز کریئے ضرور چیک کریے کی ان کی سائٹس میں ہینڈلز ضرور ہوں تاکہ ان کو ہولڈ کرنے کے لئے اپ کو پروپر گرپ ملے ٹریس پرچیز کا ٹائم بھی اس فیکٹر کو ضرور مائنڈ میں رکھیے گا اپنی ایکسپینشن کرکٹ کو وری فری کیری کر سکتے ہیں تو ہمیشہ انہی ٹریس کو پریفر کر رہی ہے جن پر اپ کو پروپر گریپ ملے,2,1,"[14, 31]",[1],1,76,1,0,1,"(1, 1.3157894736842104)","[9, 0]",[0]
29.91,202 (16).wav,ناؤ ویل ٹاک اباؤٹ ساٹن پیپر شیکر ان کو بائے کرتے ٹائم سب سے پہلے ان کا مٹیریل چیک کریے واٹ ار دے میڈ اف پلاسٹک سرمک سٹیل اور کلاس وی ال نوکی سالٹ کی کرو اسی لئے پلاسٹک شیکل ایونٹ سیوکی سالٹ کی وجہ سے ان پے بھی اوورس ڈیولپ ہو جاتا ہے جس سے الٹیمیٹلی ہمارا فوڈ کنٹینٹ ہوگا,0,0,[],[],1,29,0,0,0,"(1, 0.0)",[],[]
77.6,202 (17).wav,تو سورٹ اینڈ پیپر شکست کے لئے سیف مٹیریل ہے سیرم اینڈ کلاس اپ ان دونوں میں سے کوئی بھی مٹیریل چوز کر سکتے ہیں بٹ میک شو کہ ان پر کیپ ضرور ہو اٹس ویری امپورٹنٹ ویسے میں نے نوٹس کیا ہے کہ مارکیٹ میں سیریس ہوٹل پیپر ڈسپنسرز کی ہیوج ورائٹی ہے ان ویری بیوٹیفل پیٹلس بٹ شاید ہی کوئی ایسا ماڈل ہو کوئی ایسا پیس ہو جس کے ساتھ یوز کر رہی تھی اینڈ اوور دا ٹائم یہ بالکل بھی خراب نہیں ہوئے بٹ یس کیونکہ ان پے لڈ نہیں تھی اس لیے اس میں بہت سچ کرنے کے بعد مجھے فائنلی پرفیکٹ سورٹ پیپر شکلز ملے فرسٹ اولی کلاس چانس ہے جس کے ساتھ اپ کو ملٹی پول اپشن والی پلاسٹک لیٹ ملتی ہے جس کی وجہ سے اپ ان کو ایزیلی ریفل کر سکتے ہیں ار ا نیو ایڈیشن ٹو ا ڈائننگ ٹیبل,4,3,"[43, 44, 45, 49]","[3, 56, 71]",0,77,6,7,12,"(0, 15.584415584415584)","[0, 0, 0, 0]","[0, 9, 1]"
46.56,202 (18).wav,ناؤ لیٹس ٹاک اباؤٹ کلاس جوکس ہم سبھی لوگ اپنی کچن میں ایک گلاس رکھ کر رکھنا چاہتے ہیں بیکوز اف کورس دے لوٹ کلاس چگس کو کے فلی پرچیز کریے جیسے دیکھنے میں یہ دونوں جیک سیم لگ رہے ہیں ان دونوں ہی جیکس میں اپ ہاٹ واٹر بھی ڈال سکتے ہیں دونوں ہی جگس میں اپ کو فون گرپ ملتی ہے تو کیا ڈفرینس بس ان کی شیپ کا ہے یہ سلینڈر ہے اور,1,1,[15],[20],2,46,0,1,0,"(2, 2.1739130434782608)",[0],[0]
39.92,202 (19).wav,سب سے پہلے اپ اس جیک کا بیس دیکھئے اس میں کوئی بھی پروٹیکٹڈ لیئر نہیں ہے تو کچن میں کام کرکے ٹائم اپ کو ہمیشہ اس کو بہت کیف ولی ہینڈل کرنا پڑے گا ان دی ادر ہینڈ جو یہ والا جگ ہے اس کے بیس پر یہ سیلیکون کیپ ہے جو کہ اپ کی گلاس جیک کو پروٹیکٹڈ رکھتی ہے واش کرکے واپس جگ میں اٹیچ کر سکتے ہیں,2,0,"[9, 12]",[],0,39,0,0,1,"(0, 2.564102564102564)","[0, 0]",[]
21.87,202 (20).wav,ہم سبھی لوگ اپنے گھر میں کچن میں بیوٹیفل چیزیں ہی رکھنا چاہتے ہیں بٹ الائی سے اس سے بیوٹی کے چکر میں ان کی فنکشنل کمپرومائز مت کیجئے ٹرائی ٹو لک فار پروڈکٹس جن کو اپ بری فری یوز کر پائیں اور وہ بھی اپ کے ٹائم سیو کریں,1,1,[17],[13],1,21,0,0,0,"(1, 0.0)",[0],[0]
52.08,202 (21).wav,این فائنلی ویل ٹاک اباؤٹ بیلن دیٹ از ار رولنگ پین فور ایئرز ہم اپنے کچن میں یہ وڈن بیلن یوز کرتے ائے ہیں بٹ افٹر سم ٹائم اس پر اس طرح سے ڈینس اینڈ سکریچز پر جاتے ہیں اینڈ اپ نے کوکنگ کرنے کے بعد نوٹس کیا ہوگا کہ اس کی یہ جو سمال سپیسز ہیں اس کے اندر اٹا فرسٹ جاتا ہے اگر ہم اس کو ہر بار تھوڑے لکی نہ کریں تو سوچیے اس میں کتنا بیکٹیریا بلڈ اپ ہو جائے گا سو اٹس بیٹر ٹو یوز سٹینلیس سٹیل رولنگ پن یہ الگ الگ شیپس میں اتے ہیں یہ ہمارے وڈن بیلن کا ایک مجموعہ جینک الٹرنیٹ ہے کوکنگ کرنے,2,1,"[5, 34]",[42],2,52,0,1,1,"(2, 1.9230769230769231)","[0, 0]",[9]
42.63,202 (22).wav,کے بعد نیچرلی اس پہ بھی اٹا لگ جاتا ہے تو بس اپ اس کو ٹائپ کے نیچے واش کر لیجئے تھوڑا سا رد کیجئے اینڈ سی اس ٹوٹلی کلین پھر بس اس کو وائپ کر دیجئے اینڈ سی اٹس ٹوٹلی ڈرائی تو چلیے ایک بار ان کا ویٹ بھی چیک کر لیتے ہیں اس وڈن بیلن کا ویٹ ہے 193 گرام ون گرام اینڈ دس ون ٹو 209 گرام تو ایس کمپیر ٹو وڈن بیلن ان دونوں چیل بیلنس کا ویٹ بھی سمیلر ہی ہے تو اپ کو ان کو یوز کرنے میں کوئی بھی پرابلم نہیں ائے گی,2,1,"[41, 42]",[34],1,42,0,0,0,"(1, 0.0)","[9, 9]",[0]
36.92,202 (23).wav,سو گائز دس ہاؤ ٹو ڈے اج کی ویڈیو میں اپ نے جو بھی پروڈکٹس دیکھے اون سب کے لنکس اپ کو ڈسکرپشن باکس میں مل جائیں گے سو ائی ہوپ یو انجوائے واچنگ دیس ویڈیو اج کی ویڈیو میں اپ کو سب سے انٹرسٹنگ سب سے یوز فل ٹپ یا پروڈکٹ کونسا لگا مجھے کمنٹ کرکے ضرور بتائیے گا سو اگر یہ ویڈیو اپ کو اچھی لگی تو ضرور اس کو لائک کریے اور ایسے بہت سارے انٹرسٹنگ ویڈیوز,0,3,[],"[15, 23, 31]",0,36,4,9,13,"(0, 36.11111111111111)",[],"[0, 0, 1]"
28.4,202 (24).wav,کڈی شورشر خریدنا ورتھ ہے یہ کتنا پریکٹیکل ہے تیل مثالوں کی ضدی داغ برتنوں سے نکلتے بھی ہیں یا نہیں یہ کس طرح سے کام کرتا ہے اور موسٹ امپورٹنٹ بجلی اور پانی کتنا لگتا ہے ان سبھی سوالوں کے جواب اپ کو اج اس ویڈیو میں دیکھنے کو ملیں گے ہیلو ایوری ون میں ہوں سواتی اور اج اس ویڈیو میں ڈش واشر کو یوز کرنے کا میں اپنا پرسنل ایکسپیرینس اپ سبھی کے ساتھ شیئر کروں گی اسی لئے اس ویڈیو کو اینڈ تک ضرور دیکھیے,3,0,"[4, 7, 8]",[],0,28,1,1,5,"(0, 17.857142857142858)","[0, 0, 0]",[]
18.55,202 (25).wav,میری کچن میں نیا ایڈیشن ہے یہ کومٹن وائلٹ ڈش واشر جسے میں لاسٹ ون منتھ سے کنٹینیو یوز کر رہی ہوں پلیز سیٹنگ اور کئی ایسے اسپیشل فیچرز ہیں اس میں جو انڈین کوکنگ اور بڑے برتنوں کو واش کرنے کے لئے پرفیکٹ ہیں,2,3,"[2, 10]","[0, 12, 18]",1,18,0,0,0,"(1, 0.0)","[0, 0]","[0, 0, 0]"
34.06,202 (26).wav,جنرلی ڈش واشر میں دو ہی ہوتے ہیں پر کروم ٹن کی اس ڈش واشر میں تین رینک ہیں نیچے والی باسکٹ میں بڑی پلیٹس اور بڑے برتن اسانی سے رکھ سکتے ہیں ساتھ ہی میں کٹلری بسکٹ بھی اتی ہے اپر باسکٹ میں چھوٹی پلیٹس کپس اینڈ گلاسز رکھ سکتے ہیں اور اس کی ہائٹ کو ایڈجسٹ بھی کیا جا سکتا ہے اور سب سے اوپر بھی ایک کٹلری ریک ہے جس میں کٹلری کے ساتھ ساتھ چھوٹے موٹے برتن بھی رکھے جا سکتے ہیں,1,1,[32],[27],2,34,0,1,1,"(2, 2.941176470588235)",[0],[0]
56.4,202 (27).wav,سب سے خاص بات جو ہے کہ اس کا انر ٹپ ہائی گریڈ سٹینلیس اسٹیل سے بنا ہوا ہے جو رسٹ اور کورین فری ہونے کے ساتھ ساتھ ہائی ٹمپریچر اسٹرلائزنگ واشل کے لئے پرفیکٹ ہے اور ڈیوریل بھی ہے کنونشنل ڈش واشر سے ڈش واشر میں برتن دھونے کے لیے ہمیں ہمارے نارمل ڈش واشنگ سوپ سے تھوڑا الگ ڈیٹرجنٹ یوز کرنا ہوتا ہے سالٹ اور انسرٹ کی بھی ضرورت پڑتی ہے ڈیٹ ہر سائیکل میں فل کرنا رہتا ہے اور ساتھ ہی یہاں پر رینجر جو ہمارے برتنوں میں شائن دیتا ہے پیچھے کی طرف سالٹ جو ہمارے واٹرز اپلائی کی ہارڈنس کو ایڈجسٹ کرتا ہے سالٹ اور رے ایک ہی بار فل کرنا ہوتے ہیں ڈش فشر اپنے اکارڈنگ اسے لیتا ہے اور کم پڑنے پر انڈیکیٹ بھی کرتا ہے تاکہ ہم اسے ریفل کر سکیں,3,4,"[9, 39, 52]","[4, 6, 7, 14]",0,56,0,0,3,"(0, 5.357142857142857)","[0, 0, 9]","[0, 9, 0, 0]"
76.95,202 (28).wav,چلیے اب دیکھتے ہیں کہ ڈیش واشر کیسے کام کرتا ہے ڈش پورشن میں سارے برتنوں کو رکھنے کی ایک پرٹیکل جگہ ہوتی ہے اور ہمیں ہمیشہ برتنوں کو الٹا کر کے ہی رکھنا ہوتا ہے جیسے اپر ریک میں میں نے سارے کربس جس میں سائیڈ میں ملائی لگی ہوئی ہے انہیں رکھ دیا ہے گلاس کنٹینرز اور ان کے لیٹس کو چھوٹی پلیٹس والے اس پائپس میں فٹ کر دیا ہے چائے کی چھنی دیکھیئے کتنی گندی ہے لیٹس سی یہ صاف ہوتی ہے یا نہیں اس کے اوپر کٹلری باسکٹ میں میں نے بڑے چمچوں کو رکھ دیا ہے اب نیچے والی ریک میں کڑھائی جو کافی ائلی ہے چائے کا برتن ہانڈی اور باقی کے برتن بھی رکھ دیں گے ایک اور ضروری بات اس ڈش واشر میں ہمیں برتنوں کو رینج کرکے نہیں رکھنا ہے مینس پہلے سے پانی سے دھو کر پھر ڈش واشر میں رکھنے کی ضرورت نہیں ہے ڈش واشنگ اسٹارٹ کرنے سے پہلے اپر اینڈ لوڈز پر عام کو چیک کرنا ہوتا ہے یا نہیں یہ چیک کرنا ہے کہ کوئی برتن اٹک تو نہیں رہا ہے بیچ میں,9,4,"[4, 12, 32, 36, 56, 63, 68, 71, 75]","[15, 34, 37, 45]",0,76,0,5,7,"(0, 9.210526315789473)","[0, 0, 0, 0, 0, 0, 0, 0, 0]","[0, 0, 0, 1]"
99.99,202 (29).wav,پاور بٹن ان کرتے ہی اس میں ہمیں 8 الگ الگ پروگرام ملتے ہیں سب سے چھوٹی سائیکل 14 منٹ سے لے کر ایکو سائیکل جو 4:30 کی نارملی سائیل ڈشز کے لئے ہے ویت ریڈیو اینرجی اینڈ پاور کنزمشن یہ سبھی انڈیکیٹرز ہیں جو واشنگ رینز ڈرائنگ اور اینڈ سٹیپ کو انڈیکیٹ کرتے ہیں سائیکل اینڈ ہوتے ہی میں نے اسے اوپن کیا اور یہ دیکھیے اس میں سے کیسے سٹیم نکل رہی ہے اور برتن بھی ایکدم اس پارکنگ کلین دکھ رہے ہیں سب سے پہلے کڑھائی دیکھتے ہیں بیفور اور افٹر اب اسکرین پر دیکھ ہی رہے ہوں گے اب چائے کا برتن اور ہانڈی بھی ایک دم کلین ہوگئی ہے جس میں ہم نے کپس رکھے تھے جس میں ملائی جم کر سوکھ گئی تھی وہ بھی ایک دم کلین ہوگئے ہیں اور چائے کی چھنی تو ایک دم نئی جیسی لگ رہی ہے گلاس کنٹینرز اور ان کے لڈ بھی ایک دم صاف ہو گئے ہیں اس مشین کی انٹیلیجنٹ ٹربو ڈرائنگ ہمارے برتنوں کو پوری طرح سے سکھا دیتی ہے تھوڑا بھی پانی نہیں رہتا اور نہ ہی پانی کے نشان برتن سارے صاف ہو گئے ہیں وہ ہائیسٹ لیول اف ہائیجین کیوں کی اس کا فائنل رنز واٹر ٹمپریچر کو 70 ڈگری سینٹی گریڈ تک انکریز کر دیتا ہے جو 99.99 تک بیکٹیریا کو ایلیمینٹ کرتا ہے,3,5,"[37, 80, 82]","[0, 17, 71, 85, 87]",1,99,2,0,1,"(1, 2.0202020202020203)","[0, 9, 0]","[0, 1, 0, 9, 9]"
61.88,202 (30).wav,چلیے اب ایک اور سائیکل دیکھتے ہیں جس میں ہم کچھ دوسرے برتن رکھتے ہیں سائیکل میں میں نے کافی جمی ہوئی گندگی اور ایکدم ڈرائے برتنوں کو رکھا ہے جسٹ ٹو چیک کیے صاف ہوتے ہیں یا نہیں اور ساتھ ہی میں کچھ کراکری بھی ہے یہاں پر میں نے سٹیم واچ سائیکل سیلیکٹ کر رہی ہوں جو زیادہ گندے برتنوں کے لئے ہے سائیکل پوری ہوگئی ہے چلیے اب چیک کرتے ہیں کہ برتن صاف ہوئے ہیں یا نہیں سٹیل پلیٹ اور گلاس پلیٹس دونوں ایک دم نئی جیسی چمک گئی ہیں یہ گلاس بال سرامک بالز اینڈ کوکر بھی ایکدم صاف ہو گیا ہے ڈش واشر میں ملٹی ڈائریکشنل ٹارگٹ کلیننگ اور ویری ایبل پمپ پریشر ہے جس سے برتنوں کے کونے کونے سے گندگی انگریز ایک دم صاف ہو جاتی ہے سائلنٹ انورٹر موٹر ایڈیشنل سپریم اس ڈش واشر کو اور بھی اسمارٹ بنا دیتے ہیں,6,6,"[9, 16, 25, 25, 33, 53]","[8, 14, 32, 38, 43, 54]",0,61,0,0,3,"(0, 4.918032786885246)","[9, 0, 0, 0, 0]","[1, 1, 0, 0, 9, 0]"
82.64,202 (31).wav,سب سے بڑا مس کنسپٹ یہ ہے ڈش واشر کے لئے کہ اس میں الیکٹرسٹی اور واٹر کنزمشن زیادہ ہوتا ہے جبکہ کروم ٹین وائلٹ ڈش واشر اپ کے واٹر کو 85 تک سیو کرتا ہے اور اس کی ایکو واچ سائیکل میں صرف نائن لیٹر اف واٹر کنزیوم ہوتا ہے پر سائیکل جبکہ اگر سیم لوڈ کے برتنوں کو اگر ہم ہاتھ سے دھوتے ہیں تو ہمارا جو پانی ہے وہ ڈبل یا ٹرپل کنزیوم ہوتا ہے اس میں الیکٹرسٹی کا کنزمشن بھی بہت کم ہے ون یونٹ پر سائیکل اسی لئے یہ ڈش واشر انرجی اور واٹر ایفیشنٹ ہے اپ میں سے بہت سے لوگوں نے سنا ہوگا کہ ڈش واشر بہت زیادہ اسپیس اوکے بائے کرتے ہیں جبکہ ایسا بالکل بھی نہیں ہے یہ اتنی اسپیس لیتے ہیں جتنی کی ہماری ایک فلی اٹومیٹک واشنگ مشین اور اٹومیٹک واشنگ مشین کی طرح ہی اس کا انسٹالیشن بھی بالکل سیمپل ہے ایک انگلینڈ اور ایک اوٹ لیٹ پائپ اور ون پاور سافٹ ڈش واشر کی الیکٹرسٹی پر ہے اور اگر لائٹ چلی جائے تو کیا کریں تو اب چندہ کی کوئی بات نہیں ہے اگر پاور کٹ ہوتا بھی ہے تو کروم ٹن کے اس وائلڈ ڈیش واشر میں اپ ٹو تھری اج تک میموری بیک اپ ہے رننگ سائیکل میں جہاں پر بھی پاور کٹ ہوگا پاور اتے ہی مشین کی سائیکل وہیں سے ریزیومے جو برتن ہے وہ ایک دم صاف نکلیں گے,9,8,"[1, 7, 15, 30, 40, 43, 44, 53, 65]","[17, 27, 34, 57, 66, 76, 77, 82]",0,82,15,16,28,"(0, 34.146341463414636)","[0, 0, 0, 0, 0, 0, 0, 0, 0]","[0, 0, 0, 0, 0, 9, 0, 0]"
71.75,202 (32).wav,لاسٹ بٹ نوٹ دا لیسٹ کروم ٹن گیس ڈس شر کے ساتھ میرا ایکسپیرینس کیسا رہا جیسے کہ میں نے اپ کو پہلے بھی بتایا کہ کروم ٹن وائلر ڈش واشر انرجی اور واٹر ایفیشنٹ ہے اسی لئے یہ جندہ کرنے کی تو بالکل بھی ضرورت نہیں ہے کہ الیکٹرسٹی کنزمشن زیادہ ہوگا یا پانی زیادہ لگے گا وہ ختم ہو جاتی ہے فیملی اور فور کے لئے ہم ٹو سائیکلز ڈیلی لگاتے ہیں ایک رات میں لگا لیتے ہیں اور دوسرا لنچ کے بعد اب چائے گھر میں گیسٹ اجائے پارٹی ہو یا پھر ایکسٹرا کراکری ہو کوئی ٹینشن کی بات ہی نہیں ہے برتن چائے کتنے بھی گندے کیوں نہ ہو ان میں ہم نے پانی ڈال کے رکھا ہو یا پھر نہیں پر اگر کروم ٹن کی اس ڈش واشر میں ہم برتن دھوتے ہیں نہ تو وہ ایک دم کلین ہو کے نکلتے ہیں اور ان میں نہ ایک الگ ہی شائن رہتی ہے اتنا تو اگر ہم برتنوں کو ہاتھ سے بھی گھستے رہنا تو وہ شاہین نہیں اتی جو اس ڈش واشر سے دلائی کے بعد اتی ہے اسی لئے ہم دس مشین اس ڈش کا انسٹالیشن اور ڈیمو برانڈ کی طرف سے تھا اور ان کا سروس سپورٹ بھی کافی اچھا ہے,13,5,"[3, 15, 16, 18, 19, 21, 36, 38, 38, 43, 48, 52, 59]","[6, 11, 70, 71, 71]",0,71,13,22,24,"(0, 33.80281690140845)","[9, 0, 0, 0, 0, 0, 0, 0, 0, 0, 0, 0]","[9, 0, 0, 1]"
18.76,202 (33).wav,تو فرینڈز یہ تو میرا اج کا ویڈیو امید کرتی ہوں کہ اپ کو میرا یہ ویڈیو پسند ایا ہوگا اور اگر اپ کو یہ ویڈیو تھوڑا سا بھی اچھا لگا ہے تو اسے لائک شیئر کرنے کے ساتھ چینل کو سبسکرائب کریں اور ساتھ ہی میں گھنٹی کو ضرور بجائیے اگے انے والی ویڈیوز کے نوٹیفیکیشن کے لئے میں خواتین ملتی ہوں اپ سے اگلے ویڈیو میں تب تک کے لئے بائے بائے,0,4,[],"[2, 5, 8, 11]",0,18,6,5,7,"(0, 38.88888888888889)",[],"[0, 0, 0, 0]"
61.49,202 (34).wav,کیا صحیح میں نان ٹیک کو کور کا استعمال کبھی نہیں کرنا چاہیے کیا ایلومنیم کا استعمال کر سکتے ہیں اگر نہیں تو کون سے سب سے بیسٹ الٹرنیٹو ہے جو ایزیلی وزیبل ہو اور سسٹین ایبل بھی ہو واز ٹو بیسٹ کوکوئی کونسا ہے اس سبھی کے اوپر اس پوڈکاسٹ میں ہم بات کرنے والے ہیں کیونکہ ہم بہت زیادہ فوکس تو کرتے ہیں کون سا کھانا کھائے اورگینک فوڈ اور گڈ کوالٹی فوڈ حملے بٹ ہم شاید ہی فوکس کرتے ہیں کہ جو کھانا ہم جس ویسل میں کوک کر رہے ہیں وہ برابر ہے کہ نہیں ہے یہ پورا پوڈر سننے کے بعد اپ کو پتہ چل جائے گا کہ اگر اپ کے کچن میں کوئی برتن ہے اس میں سے کون سے اپ کو یوز اپ سے نہیں کرنے ہیں اور کون سے ایسے برتن ہیں جو زیادہ تر اپ استعمال کر سکتے ہیں اس پوڈکاسٹ کو اپ کے اس پاس سبھی کے ساتھ شیئر کرنا نہ بھولیے گا اگر اپ نے سیٹ بھارت مشن کو اب تک سبسکرائب نہ کیا ہو بیل بٹن کو کلک نہ کیا ہو بھی کر دیجئے گا اسے اپ ایپل پاڈ کاسٹ اور سپوٹیفائی کے اوپر بھی سن سکتے ہیں ویلکم ٹو,12,7,"[3, 7, 12, 19, 23, 28, 30, 40, 43, 49, 53, 55]","[1, 9, 10, 13, 15, 53, 60]",1,61,49,5,5,"(1, 80.32786885245902)","[9, 0, 0, 0, 0, 0, 0, 0, 0, 0, 0, 0]","[0, 0, 0, 0, 1, 0, 0]"
72.84,202 (35).wav,نان سٹک کو لے کر بہت زیادہ ڈیبیٹ ہے کچھ لوگ کہتے ہیں کہ نان اسٹک اتنا زیادہ ٹاکسک نہیں ہے بٹ میری ایکسپیرینس اور میرے ریڈنگز اف اسٹڈیز کے مطابق ہو سکے اتنا اپ اس کا استعمال اوائڈ کر سکتے ہیں کیوں کیونکہ اس کا جو لیئر ہوتا ہے وہ بنا ہوا ہوتا ہے تفلان سے ٹی ای ایف ای جسے کہا جاتا ہے اور وہ کوٹنگ جو ہے وہ جب کوئی بھی کھانا جب اپ گرم کرتے ہو پین گرم ہو گا اور وہ جو ٹیفلون ہے وہ ٹاکسک فیولز ریلیز کرتا ہے جس کی وجہ سے اپ کو ڈیمج ہوتا ہے اسپیشلی اگر اپ ایسا نون انسٹیٹیو کر رہے ہو جس کا کوٹنگ نکلا ہوا ہے تو وہ اپ کو پی ایف او اے نام کا جو کیمیکل ہے وہ پروڈیوس کرنے کی وجہ سے اتنے سارے الگ الگ قسم کے ہیلتھ ڈیمج کرسکتا ہے انکلوڈ تھائی رائیڈ سیز ہو سکتا ہے یا ہارمونل ڈسٹربنس لنگ ایشوز کڈنی ایشوز ایون سروے تو کینسر تک بھی ہیلتھ ایشوز کرئیٹ ہو سکتے ہیں ایسا بتاتے ہیں بٹ اگر میں اپ کو,9,6,"[3, 7, 8, 16, 32, 41, 52, 58, 66]","[9, 21, 31, 33, 47, 57]",1,72,38,8,18,"(1, 52.77777777777778)","[0, 0, 9, 0, 0, 9, 0, 0, 0]","[9, 0, 9, 0, 0, 0]"
62.6,202 (36).wav,ڈرانا نہیں چاہتی ہوں اور میں کہیں پر بھی اپ کو کچھ ایسا نہیں بتانا چاہتی کہ یہ کرو گے تو کینسل ہو جائے گا نہیں میں اپ کو ایجوکیٹ کرنا چاہتی ہوں کہ یہ سب بتایا گیا ہے نان سٹک کے ساتھ ریلیٹڈ ہے اب کرنا کیا تو نون اسٹک میں پہلی چیز دھیان رکھنی ہے کہ اگر اس کا کوٹنگ نکلا ہے تو اس کا بگ نو کبھی بھی یوز نہ کیجئے دوسرا ہمیں پتا ہے کہ وہ ہے کہ کچھ بھی چیز اپ جو بھی بناتے ہو کچھ بھی چپکتا نہیں ہے اسی لئے ہمیں کنوینٹ لگتا ہے ہمیں لگتا ہے کہ بس یہی یوز کریں بٹ پہلا اپشن ہے یا بالکل یوز نہ کرے بٹ اگر اپ کو لگتا ہے کہ کوئی سمبھاونا ہی نہیں ہے تو پھر سیکنڈ اپشن ہے کہ اپ ہو سکے اتنا اس کو کم کر دی جاؤ وائٹ کیجئے یا ایٹ لیسٹ ایسا کھانا جیسے دال ہے سبزی ہے چاول ہے وغیرہ وغیرہ کوئی دوسرے کوکوئی میں بنا سکتے ہو اور جو ایسا لگے کہ جو چپکنے والی چیزیں ہیں وہی اپ نونک میں بنائیں تو وہ سیکنڈ اپشن ہے اسٹینڈ اگر اپ مجھے پوچھیں گے ائی ویل ریکمنڈ پلیز ڈو ناٹ یو سیٹ,12,2,"[1, 4, 8, 17, 21, 23, 26, 29, 35, 36, 40, 44]","[47, 61]",1,62,31,4,27,"(1, 50.0)","[0, 0, 0, 0, 0, 0, 0, 0, 0, 0, 0, 0]","[0, 9]"
70.4,202 (37).wav,تیسرا ہے کاسٹر جو کافی بہتر اوپشن ہوتا ہے ان لوگوں کے لیے بہت ہی اچھا ہے جو اینی میک ہے جن کا ہیموگلوبن لو رہتا ہے وغیرہ وغیرہ ان لوگوں کے لئے این ڈیفینیشن سے دور کرنے کے لیے کاسٹ این کا استعمال کرنا کافی ہیلپ فل ہوگا دو قسم کے لنک دیتا ہے تھوڑا ٹریڈیشنل فیلنگ دیتا ہے وہ پیور این ہوتا ہے شاید دیکھنے میں اتنا اچھا نہ لگے تو ایک اور اپشن کاسٹ این ہے وہ پیور ائے نہیں ہوتا ہے کچھ اسکے اندر مکس ہوتے ہیں اور وہ تھوڑا ماڈرن لوگ دیتا ہے کاسٹ ٹین تھوڑا ہیوی ہوتا ہے یوز کرنا اسی لئے لوگوں کو وہ اتنا زیادہ کنوینٹ نہیں لگتا ہے کاسٹ این کو ریگولر سیزننگ کی بھی ضرورت پڑتی ہے بٹ دو نوٹ اینڈ کاسٹ این دونوں سیف ہے یوز کرنے کے لئے صرف اس میں تو کھٹا ایسڈک کھانا کک نہ کیجئے گا تو ایسا نہیں ہے کہ اپ کے سارے برتن سبھی چیزیں کوک کرنے کے لیے اپ صرف کاسٹ این کا استعمال کر رہے ہیں اس کو اگے موڈریشن میں یوز کیجئے گا یا ضرورت نہیں ہے کہ ہر روز اس کا استعمال کریں کبھی کبھی کریں گے تو بھی چلے,10,7,"[25, 29, 40, 40, 49, 52, 54, 57, 59, 65]","[2, 2, 6, 16, 16, 18, 25]",1,70,43,7,15,"(1, 61.42857142857143)","[0, 0, 0, 0, 0, 0, 0, 0, 0]","[0, 0, 1, 0, 1]"
56.19,202 (38).wav,چوتھا ہے اینیمل کا اسٹائل اب اس کے دو ایڈوانٹیج ہیں پہلا اس میں اپ کھٹا ٹمیٹو ایسڈک ٹائپ کا کھانا جو ہے وہ کوک کر سکتے ہو اینیمل میں کیوں کہ وہ کاسٹ این کے اوپر ایک اینیمل کا لیئر ہوتا ہے جس کی وجہ سے وہ ری ایکٹ نہیں کرتا ہے کوئی بھی ایسٹک فوڈ کے ساتھ دوسرا لو مینٹیننس ہوتا ہے جیسے میں نے بتایا اور وہ الگ الگ کلر میں جو اپ زیادہ تر برتن دیکھتے ہو جو ریڈ کلر پرپل کلر گرین کلر وائٹ کلر الگ الگ کلر میں اتا ہے لک میں بہت اچھا لگے گا می بی مہمان اتے ہیں گھر میں تو وہ اچھا دکھے گا اور وہ باہر جو کاسٹ این اتا ہے اس کے کمپیریزن میں یہ نان ری ایکٹو ہوگا تو اپ کے لئے شائد وہ زیادہ کنوینٹ بھی ہوگا ایون اینیمل کاسٹ ٹائم کو صاف کرنا بھی کمپلی اسان ہوتا ہے کیونکہ وہ رسٹ نہیں کرتا ہے اور اسی لئے وہ زیادہ پاپولر ہے,7,5,"[8, 17, 26, 47, 53, 53, 56]","[13, 22, 34, 38, 50]",1,56,35,3,10,"(1, 62.5)","[0, 9, 0, 0, 0, 0]","[0, 1, 0, 0, 0]"
26.73,202 (39).wav,پانچواں ہے سرامک کوکوی سراک جو ہے وہ نیچرل چیز ہوتی ہے کہ جو کلیمے سے الٹیمیٹلی بنتا ہے بٹ ہنڈریڈ پرسینٹ سیرامک کوکوئی فائنڈ اوٹ کرنا بہت مشکل ہوتا ہے اور وہ بہت مہنگا بھی ہوتا ہے اپ کو جو مارکیٹ میں سرامک کوکوئی مل جاتے ہیں اس میں سے میکسیمم کوکوئی ہوتا ہے اس کے بیج میں ایلومینیم ہی ہوتا ہے اور اس کا کوٹنگس رامت کا ہوتا ہے,3,0,"[4, 11, 13]",[],1,26,12,1,9,"(1, 46.15384615384615)","[0, 0, 0]",[]
60.4,202 (40).wav,تو اگین وہ جو کوٹنگ ہوتا ہے اس میں لیڈیا کیڈمیم بیسٹ کچھ بیلیز ہوتا ہے جو کچھ حد تک ٹوک ہوتے ہیں اور اسی لئے ہو سکے تو ہنڈریڈ پرسینٹ اگر سرامک کوکوئی مل جاتا ہے نہ تھینگ لائک ایٹ وہ سب سے بیسٹ ہے بٹ شاید وہ مہنگے ہوں گے اور شاید وہ ملیں گے نہیں اسی لئے جو سرامک کوٹیڈ ہوتا ہے صرف دھیان ہی رکھنا ہے کہ وہ اگر اپ یوز کرتے ہیں تو اس کا سرفس اسکریچ نہ ہو تب تک یوز کریں جب بھی اسکریچ اس میں پڑ جائے اور وہ جو اوپر کا لیئر ہے وہ جب نکلنا شروع کر دیتا ہے تب اپ اس کا استعمال بند کر سکتے ہیں اگین بہت سارے لوگ ایکسپورٹس تو یہ بھی کہتے ہیں کہ ہو سکے تو ایون اسے بھی اوائڈ کیجئے گا بٹ میں اپ کا کام اسان کرنے کے لئے یہ کہہ رہی ہوں کہ اگر ہو سکے تو بہت زیادہ اپ کو کچھ مہنگا خرچ کرنے کی ضرورت نہیں ہے اوپر کا اس کا جو لیر ہے وہ نکل نہ جائے اچھا اسی کے ساتھ ساتھ اب اتا ہے,14,5,"[6, 12, 16, 19, 21, 27, 37, 44, 46, 51, 52, 53, 54, 57]","[4, 15, 32, 55, 58]",1,60,34,4,22,"(1, 56.666666666666664)","[0, 0, 0, 0, 0, 0, 0, 0, 0, 0, 0, 0, 0, 0]","[1, 0, 1, 0, 0]"
29.35,202 (41).wav,میرا یہ سب سے فیورٹ اپشن ہے اور یہ اپشن اپ میں سے میکسیمم لوگ یوز کر پائیں گے یہ سب سے ایزی ٹو یوز ہے اور ہیلدی بھی ہے اسٹین لیس اسٹیل جو ہے وہ 70% جتنے نیوٹرینٹس ریٹرن کرتا ہے وچ از گڈ اور اس کا سب سے بڑا فائدہ یہ ہے کہ اس میں کوئی رولز نہیں ہے کہ اپ یہ کھانا مت پکائیے وہ کھانا مت پکائیے اپ کوئی بھی قسم کا ایوان ایسے دیکھے یا سار فوڈ بھی اس میں کوک کر سکتے ہو,2,2,"[20, 28]","[17, 25]",1,29,16,2,8,"(1, 55.172413793103445)","[0, 0]","[0, 1]"
76.83,202 (42).wav,اب 100% شاید یوز کرنا مشکل ہو کیونکہ وہ تھوڑا سا لش شائنی اور رسٹ ہو جاتا ہے وغیرہ وغیرہ ایشوز اتے ہیں اسی لئے جو بھی اپ کو مارکیٹ میں ملتے ہیں اسٹین لسٹ وہ اس کے اندر کرومیم اور نکل جیسی چیزیں بھی ہوتی ہے جو اگین اس کو رسٹ پروف بنانے کے لئے تھوڑا شائنی بنانے کے لئے ایڈ کرتے ہیں اور کچھ لوگ کہتے ہیں کہ بالکل یوز نہیں کرنا چاہیے بٹ ایل ٹیل یو اور مڈ وے سب سے پہلا جب اپ اسٹین لیس اسٹیل چوز کرتے ہیں برتن تو اس میں پہلا رول ہے یہ اس میں کرومیم نکل کا ریشو جو ہے وہ ہونا چاہیے 80 یا 80 8 اس کا مطلب یہ ہوا کہ اسٹین لیس اسٹیل میں 18% کرومیم ہوگا 10 نکل ہوگا دوسرا وہ برتن اپ کا تھری فلائی ٹیکنالوجی سے بننا چاہیے واٹ از تھری فلائی ٹیکنالوجی وہ اسٹین لیس اسٹیل برتن کے تین لےرس ہوں گے جو اینر لیئر ہے وہ اسٹین لیس اسٹیل کا ہے افکورس کیونکہ وہ فوڈ کے کانٹیکٹ میں ائے گا اور ہم چاہتے ہیں کہ وہ اسی کا رہے پھر اسی کے نیچے کا یعنی بیچ کا جو لیئر ہوگا وہ ہوگا ایلومینیم کا کیوں کیونکہ وہ ہیٹ کو ایون نے ڈسٹری بیوٹ کرنے میں ہیلپ کرتا ہے اور جو اخری نیچے کا لیئر ہوتا ہے اور وہ انڈکشن پرپس سے اور ڈیور بلٹی کے پرپس سے,5,2,"[2, 5, 17, 23, 24]","[40, 70]",1,76,42,3,16,"(1, 55.26315789473685)","[0, 0, 0, 0, 0]","[0, 9]"
21.36,202 (43).wav,کافی وصول ہوتا ہے مارکیٹ میں کچھ اینفیلڈ سٹیل مل جاتے ہیں اور اگر اپ چیک کرنا چاہتے ہیں تو ایک میگنیٹ ٹیسٹ بھی کر سکتے ہیں اگر اپ کے برتن کے ساتھ اسٹین لیس اسٹیل کا برتن اس کے ساتھ اگر میگنیٹ چمکتا ہے اس کا مطلب ہے کہ وہ اچھی کوالٹی کا ہے اگر چپکتا نہیں ہے اس کا مطلب ہے کہ وہ اپ استعمال نہ کریں,2,2,"[18, 21]","[0, 16]",1,21,6,4,4,"(1, 28.57142857142857)","[0, 0]","[0, 1]"
46.44,202 (44).wav,ساتواں اور سب سے بیسٹ جسے مانا جاتا ہے کوکوئی میں وہ ہے مٹی کے برتن کلے پورٹس کیوں پہلی وجہ وہ نان ٹاکسک ہے قدرت سے ہی ایا ہے اور اسی لئے وہ سب سے سیف ویسٹ ہے سب سے ہیلدی ایسٹ ہے دوسرا ریزن وہ اپ کے 95 پرسنٹ جیتنے نیوٹرینٹس ریٹرن کرتا ہے تیسرا وہ اپ کے فلیورز کو دیتا ہے اپ دیکھے گا کہ جب اپ مٹی کے برتن میں کھانا پکائیں گے اپ کو تھوڑا سا تو ٹیسٹ بہتر لگے گا ہی یا تھوڑا میٹھا لگے گا اور اس لئے جب اپ گاؤں میں جاتے ہیں جہاں پر زیادہ تر مٹی کے برتن بھی یوز ہوتے ہیں وہاں دیکھو گی کہ بہت میٹھا لگے گا کھانا جو ہم کہتے ہیں گاؤں کا کھانا بہت ہی ٹیسٹی ہوتا ہے بیکاز وہ سلو کوکنگ ہوتا ہے اس میں اور مٹی کے برتن یوز ہوتا ہے,2,4,"[33, 41]","[2, 26, 28, 37]",1,46,36,3,4,"(1, 78.26086956521739)","[9, 9]","[0, 0, 1, 0]"
73.96,202 (45).wav,کچھ لوگ یہ کہتے ہیں کہ اس کا استعمال کرنا بہت زیادہ مشکل ہوتا ہے مٹی کے برتن میں کھانا پکانا بہت مشکل ہوتا ہے ایکچولی مشکل نہیں ہے بٹ ہم نے بہت ایزی والے اپشن ٹرائی کرلیے نان اسٹیک وغیرہ یوز کرلینا تو پھر ہمارا کمپیریزن اس کے ساتھ ہوتا ہے اور پھر ہمیں مشکل لگتا ہے پہلے کے زمانے میں ہم کافی کلے کا استعمال کرتے تھے تھوڑا زیادہ وقت لگے گا سلو کوکنگ ہوتا ہے اس میں بٹ اسی لئے تو وہ ہیلدی ہے اور اسی لئے تو وہ ٹیسٹی لگتا ہے اب مٹی کے برتن میں کون سا کھانا ایزیلی پکا سکتے ہیں دال سبزی رائس وغیرہ وغیرہ جیسی چیزیں اپ ضرور پکا سکتے ہو اور لیٹس سے اپ کو لگتا ہے کہ سمبی نہیں ہے کہ اس کا استعمال کریں تو ہفتے میں کبھی ایک دوبارا اس میں کھانا پکا لیجئے اگر اس میں سے کچھ بھی سنبھل نہیں ہے تو اپ ضرور جب گرمی کا سیزن ہے اسپیشلی تو مٹکے میں جواب پانی رکھتے ہیں اور وہ پانی پیتے ہیں اس بہانے اس کا استعمال میں ٹک کا استعمال ہو جائے گا اور لیٹس سے اپ ریگولر ویزا پے دہی جماعتیں ہیں تو وہ اپ اگر مٹی کے برتن میں جما سکتے ہیں اس بہانے مٹی کی کچھ پراپرٹیز اپ کو مل جائے نیٹل,10,3,"[4, 4, 8, 9, 9, 19, 24, 31, 43, 52]","[12, 22, 35]",1,73,49,8,16,"(1, 67.12328767123287)","[0, 0, 0, 0, 0, 0, 0, 0]","[0, 0, 0]"
66.83,202 (46).wav,ال رائٹ چلو اب میں اپ کو ایک سمری دے دیتی ہوں بہت ساری ڈیٹیل میں ہم نے دیکھ لیا کیا یوز کرنا کیا نہیں یوز کرنا سمری میں سب سے پہلی چیز اگر اپ کے گھر میں ایلومینیم کے برتن یوز ہوتا ہے تو پلیز یوز نہ کیجئے اج سے بہت سارے لوگ اس میں ہی گھی بناتے ہیں اوکے تو کتنا لمبے سمے تک کا کوکنگ ہوا ڈھونڈو سیکنڈ نون اسٹک اگر اپ یوز کرتے ہیں میں ریکمنڈ کروں گی ہو سکے تو اوائڈ ہی کیجئے اور اگر اوائڈ نہیں کرسکتے ہیں تو ایٹ لیسٹ اتنا دھیان رکھیے کہ وہ اوپر کا جو لیئر ہے وہ جب تک اسکریچ ہو جاتا ہے جب ہو جاتا ہے اس کے بعد یوز کرنا بند کر دیجئے گا اور نون اسٹک جب اپ چھوڑتے ہو تو کونسا میٹرول سب سے کنوینٹ ہوتا ہے تو اس کیس مے اسٹین لیس اسٹیل از دا بیسٹ اپشن اگر اپ مجھے بتائیں گے کہ کون سا برتن مے چوز کروں گی جو سبھی کیٹیگری میں ٹک مارک کرتا ہو ایزی بھی ہو افورڈ بھی ہو اپ یوس کر سکو کلینک کے لیے بھی یوز کر سکو اور نیوٹرینٹس بھی مینٹین ہو اور جو ہیلدی بھی ہو اور کھانا ٹیسٹی بھی ہو سبھی میں اگر ہم دیکھے اور جاتا ہے اسٹین لیس اسٹیل کو,8,4,"[8, 10, 15, 26, 28, 28, 38, 63]","[21, 25, 32, 47]",1,66,37,6,23,"(1, 56.060606060606055)","[0, 0, 0, 0, 0, 0, 0]","[1, 1, 0, 9]"
17.67,202 (47).wav,جیسے میں نے بتایا کس ٹیم لسٹ اسٹیل جو ہے وہ ایٹین اس ٹو 108 کے ریشو میں ہونا چاہیے ٹیکنالوجی ہونا چاہیے کہ اوپر کا نیچے کا لے اسٹین لیس اسٹیل ہے بیچ کا لیئر ہے وہ اپ کو ہیلپ کرے گا سبھی ایریا میں,0,3,[],"[0, 10, 16]",0,17,6,2,9,"(0, 52.94117647058824)",[],"[0, 1, 0]"
19.64,202 (48).wav,ایک اور اپشن اینیمل کاسٹ ایان وہ اگین کلین کرنے میں ایزی ہوتا ہے تھوڑا سا ہیوی ہوگا اف کورس وہ کمپلی بٹ اگر اپ نانکی کی بات کرتے ہیں یا کاسٹ این بھی کچھ حد تک وہ اپ کو ایک اچھا ریپلیسمنٹ ہے جو نانسی کے بدلے اپ یوز کر سکتے ہو,1,1,[13],[16],1,19,11,1,7,"(1, 57.89473684210527)",[0],[1]
25.91,202 (49).wav,میں ایکچولی اپ سے ضرور جاننا چاہوں گی کمینٹ میں مجھے یہ ضرور بتائیے اپ کا کیا اوپینین ہے کیونکہ مجھے پتا ہے کہ اپ میں سے بہت سارے ایسے لوگ ہوں گے جنہوں نے خود بہت ریسرچ کیا ہوگا خود یوز بھی کیا ہوا ہوگا تو اپ کے ویوز بھی میں جاننا چاہتی ہوں نیچے کمنٹ میں ضرور لکھیے گا کہ اپ کون سے برتن یوز کرتے ہو اور اپ کے لئے کون سا سب سے ایزی یے سلیوشن اب تک اپ کو ملا ہوا ہے تاکہ اپ دوسرے لوگوں کو بھی ہیلپ کر سک,0,3,[],"[12, 23, 25]",0,25,9,2,14,"(0, 56.00000000000001)",[],"[1, 0, 0]"
68.48,202 (50).wav,اور سو مجھے کمینٹ میں یہ بھی جاننا ہے کہ یہ پورا پوڈکاسٹ جو ہم نے تھوڑے نئے اور الگ ٹاپک کے اوپر کیا کیا اپ کو یہ اچھا لگا کیا اچھا لگا وہ بھی بتائیے اور کیا ایسے ٹاپکس اف فیوچر میں جاننا چاہیں گے کہ جو روٹین میں ہمارے لئے بہت جاننا ضروری ہے اور وہ ہم شاید ان اویر ہوتے ہیں اگر اپ کی کور ریلیٹڈ کچھ ایسے سوال ہے جو میں نے کور نہیں کیے ہیں تو ضرور اپ کمینٹ میں بھی پوچھ سکتے ہیں اور نہ بھولیے گا کہ ہر کچن میں کوئی نہ کوئی برتن یوز ہوتا ہے اسی لئے یہ پوڈکاسٹ گھر گھر تک پہنچنا ضروری ہے تو اسے اپنے اس پاس اپنے ممی پاپا اپنے بھائی بہن اپ کے فیملی ممبرز سب ہی کو یہ ضرور بھیج دیجئے گا اگر اپ ایسے ہی پوڈکاسٹ ایسے ہی ٹوپکس کے اوپر جانا چاہتے ہو سننا چاہتے ہو سیکھنا چاہتے ہو فٹ بھارت مشن کو اب تک اپ نے سبسکرائب اور بیل بٹن کو کلک نہ کیا ہو پلیز ریٹ رائٹ ناؤ اور اس پوڈکاسٹ کو اپ ایپل پوڈکاسٹ اور سپوٹیفائی کے اوپر بھی سن سکتے ہیں میں اپ کو جلد ہی واپس ملوں گی ایک نئے سبجیکٹ کے ساتھ تب تک یاد رکھیں اگر ہیلتھ ہے تو سب ہے,4,6,"[25, 29, 32, 54]","[7, 9, 10, 47, 53, 60]",1,68,51,5,12,"(1, 75.0)","[0, 0, 0, 0]","[0, 0, 0, 9, 0, 0]"
49.55,203 (2).wav,ریویو کرنے والے ہیں ٹیکنو کیمن 30 لوری وی ایڈیشن کا اب یہ بڑا ائی تھنک رئیر ہوتا ہے اس چینل کے اوپر کہ ہم کسی خاص ایڈیشن کا رویو کریں اس کی ریزن یہ ہوتی ہے کہ یوزلی ایڈیشن کے اندر صرف ڈیزائن کو چینج کیا جاتا ہے بٹ اس موبائل فون کے کیس میں جب تک اس کا نارمل ریویو نہیں کر سکے تھے تو میں نے سوچا ہے کہ میں اسی لئے ایڈیشن کو ریویو کر دوں گا کیونکہ اس موبائل فون کا پرائس ٹیگ بھی کافی زیادہ چینج ہوگیا ہے اس کی جو اوریجنل پرائز تھی جب یہ موبائل فون لانچ ہوا ہے وہ 63000 کے قریب تھی اس کے بعد ٹیکنو نے ڈفرنٹ طریقے سے نہ ڈسکاؤنٹ دینے شروع کر دیے مطلب ہمیں سننے میں ملنے لگ گیا کہ موبائل فون 57 کا ہوگیا ہے پھر کچھ جگہ سے یہ بھی ائی کہ موبائل فون 55 ہزار روپے کا ہو گیا ہے اور میں بات کر رہا ہوں اس کی نارمل ورژن کی جس کے اندر اپ کو 12 جی بی ریم ملتی تھی,4,3,"[12, 17, 25, 33]","[6, 25, 29]",2,49,4,38,3,"(2, 77.55102040816327)","[0, 0, 0, 9]","[1, 0, 0]"
76.95,203 (3).wav,یہ جو موبائل فون ہے اس موبائل فون کو لانچ کیا گیا ہے 4900 9999999 کا اور اس موبائل فون کے اندر 1 2 ڈفرینس ہیں پہلی بار تو بلڈ کا ڈفرینس ہے اور اس کے علاوہ انٹرنل اگر اپ بات کرتے ہیں تو صرف ایک فرق ہے اور وہ یہ ہے کہ اس کا جو ویری اینٹ ہے وہ 8 جی بی ریم 256 جی بی انٹرنل اسٹوریج والا ہے اب اگر اپ ایک ایسا بندہ ہے تو بھائی اپ کو سلام ہے دو تین دن ویٹ نہیں کر سکے اپ نے میرے ریویو کا ویٹ نہیں کیا اپ بہت سے لوگ ہیں جو کرتے ہیں کہ بلال بھائی اپ نے یہ بات نہیں بتائی اپ نے وہ بات نہیں بتائی بھائی سچویشن یہ ہے کہ میرے پاس موبائل فون اتا ہے میری ٹیم اس کو ٹیسٹ کرتی ہے اس کے بعد ہی میں کوئی بات بتا سکتا ہوں نہ اجکل ایسے بھی ریویوز بہت زیادہ نکلے ہوئے ہیں مارکیٹ کے اندر کہ موبائل فون اتا ہے اور بس اس کی برائیاں کردیں میں اگر اپ کو کہوں کہ موبائل فون میں نے پہلے دن ڈبے سے جب نکالا تھا تو اس موبائل فون کی بیٹری پھولی ہوئی تھی تو وہ بڑا ارام سے کہہ سکتا ہوں میں یہاں میں کہوں کہ اس موبائل فون کا کیمرہ بہت خراب ہے تو وہ بھی میرے لئے بڑا ارام سے بات ہے تو ہمیں چیزوں کو کیوں کہ ڈھونڈنا پڑتا ہے تو رویو کرنے میں ٹائم لگتا ہے ان دی ادر ہینڈ دیر ار پیپل جو کہ صرف ویوز لینے کے چکر میں اپ کو سنسنی خیز باتیں بتا دیتے ہیں اور ان کی نظر میں ہر ایک چیز ہی بری ہوتی ہے بھائی کوئی کمپنی سب سے اچھی نہیں ہے کوئی کمپنی دودھ کی دھلی نہیں ہوئی ہے اور کوئی کمپنی یہ بھی نہیں ہے کہ دجال ہے اور مطلب ساری برائیوں انہی میں ہے ہر کمپنی پیسے بنانے کے لئے نکلی ہوئی ہے,15,4,"[11, 21, 23, 27, 29, 36, 37, 52, 60, 61, 66, 66, 69, 70, 72]","[20, 32, 63, 68]",2,76,5,57,8,"(2, 75.0)","[0, 0, 0, 0, 9, 0, 0, 0, 0, 0, 0, 0, 0, 0]","[1, 0, 0, 0]"
67.59,203 (4).wav,اور اج ہم نے فون رویو کرنا ہے وہ ٹیکنو کا کیمن 30 لوی وی ایڈیشن ہے اب جب میں نے اس موبائل فون کو ان باکس کیا تھا تو اس موبائل فون کی اون پیپر پیکس دیکھ کر میں نے یہ بات بولی تھی کہ دس کڈ بی دا بیسٹ موبائل فون جو کہ پچاس ہزار سے نیچے کی رینج میں اپ پاکستانی مارکیٹ میں خرید سکتے ہیں ریویو کے اندر میں یہ کہوں گا کہ یس کافی ایریاز میں یہ موبائل فون بہت زیادہ بڑی لیڈ لے کر جاتا ہے بٹ کچھ چیزیں ہمیں اس موبائل میں ان کی بہت ہی عجیب لگی ہیں تو ان کے اوپر بھی ڈسکشن کریں گے ریویو کو اسٹارٹ کرتے ہیں سب سے پہلی چیز جو ہے وہ اس موبائل فون کا ڈیزائن ہے ڈیزائن والی سائیڈ سے یہ موبائل فون کافی زیادہ ایڈیشن کی وجہ سے یہ ٹیکسچر ڈال دیا گیا ہے بڑا خوبصورت ہے یہ ایریا ویگن لیدر ہے یہ ایریا جو ہے وہ گلاس ہے اور باقی یہ ایریا پلاسٹک ہے تو یہ جو ڈیزائن بائی لوئی بھی لکھا ہوا ہے یہ پلاسٹک کا لکھا ہوا ہے جو باڈی ہے اس کے بارے میں کہیں پر بھی ہمیں انفارمیشن نہیں ملی بٹ اگر اپ میری فیل کی بات کریں اگر میں بتاؤں کہ میں نے اس موبائل فون کو چیزوں میں مار کے دیکھا ہے تو اس موبائل فون کی جو ہینڈ فیل ہے وہ میٹل والی ہے بٹ اس کے اوپر میں کوئی گارنٹی نہیں کر سکتا اس کی ریزن یہ ہے کہ دیر اس نو وے فور می ٹو چیک کی اے میٹل ہے یا پلاسٹک,9,9,"[11, 22, 26, 31, 35, 51, 56, 62, 64]","[13, 20, 28, 35, 38, 45, 47, 52, 61]",2,67,5,33,7,"(2, 49.25373134328358)","[0, 0, 0, 0, 0, 0, 0, 9, 0]","[0, 1, 0, 0, 9, 0, 0, 1, 0]"
61.49,203 (5).wav,مل جاتا ہے اپ کا ڈے او اسپیکر کا ایک اسپیکر موجود ہے اس کے علاوہ نواز کینس کا مائکروفون ہے نیچے والی سائیڈ پر ٹائپ سی کی پوٹ ہیڈ فون جیک اور دوسرا اسپیکر ہے اب اس موبائل فون کے ڈیزائن ہے اس میں فنگر پرنٹ سکینر سائیڈ کر دیتا ہے بیفور گوئنگ ٹو واٹس دا ڈسپلے میں تھوڑی سی بیلٹ کے بارے میں بات کرنا چاہوں گا اس کا فرنٹ گلاس کی بیلٹ میں اتا ہے اب اکارڈنگ ٹو ٹیکنو اس موبائل فون کے اندر کسی بھی قسم کی پروڈکشن نہیں دی گئی یعنی کہ گلاس لگا ضرور ہوا ہے بٹ ٹیکنو نے کوئی پروٹیکشن مینشن نہیں کی اور اس پرائس رینج میں جو کچھ موبائل فون پروڈکشنز لے کر اتے ہیں اس میں ریڈمی کا نوٹ 13 ہے جو کہ کارڈ گوریلا گلاس کے ساتھ اتا ہے جتنے بھی باقی موبائل فونز ہیں وہ بھی بغیر پروٹیکشن کے ہی جا رہے ہوتے ہیں لیکن اس کے اوپر والی سائیڈ پر اپ کو یہ جو فلم ہے یہ دیکھنے کو مل جاتی ہے,3,3,"[33, 38, 55]","[32, 35, 56]",2,61,6,33,4,"(2, 54.09836065573771)","[9, 0, 0]","[1, 0, 0]"
44.61,203 (6).wav,ڈسپلے کیوں بات کرتے ہیں تو یہاں پر ایک اچھی کوالٹی کا ڈسپلے لگایا گیا ہے یہ ایمولڈ ہونے کے ساتھ ساتھ 120 ہرز کی ریفریش ریٹ کو بھی سپورٹ کر لیتا ہے اور یہ ڈسپلے بہت زیادہ برائٹ بھی ہے اور مجھے ڈسپلے سے کوئی شکایات نہیں ہیں یہاں پر ایلون کی جو سپورٹ ہے ڈسپلے میں وہ بھی دی گئی ہے اور اس پرائس رینج کے حساب سے یہ بات ضرور ہے کہ اگر اپ کی رینج کی بات کرتے ہیں تو اس رینج میں اس سے تھوڑی سی اوپر رینج میں اپ کو کرو سکرین والے موبائل فونز بھی ا جاتے ہیں تو اگر اپ ایک ایسا بندہ ہے جس کو کرو سکرین موبائل فون پسند ہے تو شاید اپ کے لئے یہ سیکنڈ بس ڈسپلے ہو اور اگر اپ کو فلیٹ ڈسپلے والے موبائل فون پسند ہے تو پھر یہ اس پرائس رینج کا ون اف دی بیسٹ ڈسپلین ہے جو کہ اپ کو کسی بھی موبائل فون کے اندر دیکھنے کو مل جائے گا,3,9,"[10, 12, 13]","[3, 7, 8, 10, 15, 24, 31, 37, 40]",2,44,6,23,5,"(2, 52.27272727272727)","[0, 0, 0]","[9, 0, 0, 0, 0, 0, 1, 0, 0]"
72.75,203 (7).wav,انٹرنل کی طرح بات کرتے ہیں تو بھائی ٹیکنو نے لگایا ہے اس کے اندر میڈیا ٹک کا ہیلیو جی 99 ٹیکنو کہتی ہے اس کے اندر لگایا ہے میڈیا ٹک کا ہیلیو جے نائنٹی نائن الٹیمیٹ اب میں نے کل کے دن ایک ویڈیو اپلوڈ کی ہے جہاں پر میں نے ری برانڈ پروسیس کے بارے میں بتایا ہے کہ کس طرح کمپنیز پرانے پروسیسرز کو پکڑتی ہے اور ان کو بڑھا کے الٹیمیٹ کر دیا وہ چیز اتنا زیادہ ڈفرینس نہیں ڈالتی اور ایک اور چیز جو کہ بالکل ڈفرنس نہیں ڈالتی وہ ریم ہے اس موبائل فون کا 12gb والا ریکمنڈ کر رہے تھے جب میں نے اس موبائل فون کا انباکس کیا ہے بٹ ہماری ٹیسٹنگ کے مطابق اپ کو زیرو ڈفرینس دیکھنے کو ملے گا وہ ایکسٹرا جو 6 7 8000 اپ نے خرچ کرنا ہے نارمل ریڈیشن پے ان فیکٹ میں کہوں گا یہ جو موبائل فون ہے اس کی بلڈ مجھے نارمل ایڈیشن سے زیادہ پسند ائی ہے تو میں کسی بھی بندے کو وہ ایکسٹرا سات ہزار روپیہ خرچ نہیں دے سکتا اس کی وجہ یہ ہے کہ اگر اپ دو بار کو رن کریں تب بھی کلیئر ہو جاتا ہے گیمنگ کے اندر اس کے 8 جی بی والے اور 12 جی بی والے کوئی ڈفرینس نہیں ہے اپ پبگ کھیلیں اپ کال اف ڈیوٹی کھیلیں کوئی ڈفرنس,11,2,"[25, 26, 27, 28, 29, 30, 45, 52, 57, 57, 69]","[33, 52]",2,72,6,51,5,"(2, 70.83333333333334)","[0, 0, 0, 0, 0, 0, 0, 0, 0, 0]","[9, 0]"
42.56,203 (8).wav,"پبگ کے اوپر اس کی پرفارمنس اتی ہے وہ جھی 99 والی ہے یعنی کہ ایچ ڈی پے اپ کو ہائی فریم ریٹ دیکھنے کو مل جاتا ہے اس کے علاوہ اگر اپ بات کرتے ہیں کال اف ڈیوٹی کی تو وہاں پر بھی اپ کو ہائی سیٹنگ دیکھنے کو مل جاتی ہے بیسیکلی ایگزیکٹلی وہی سیٹنگ ہے جو کہ کوئی بھی دوسرا جین 99 والا پروسیسر والا فون اپ کو دے دے گا تو نہ تو وہ ایکسٹرا پاورفل ہے اور 49 کے پرائز ٹیکس کے حساب سے دس از ون اف دی نائسس پرفارمنگ ڈیوائسز جو کہ اپ پاکستانی مارکیٹ میں 50,000 سے نیچے خرید سکتے ہیں کیونکہ جی 99 ہی اپ کو میکسیمم پرفارمنس ملے گی جو کہ اس پرائس رینج میں اپ کو کوئی بھی کمپنی کرے گی",3,1,"[15, 18, 25]",[1],2,42,2,30,6,"(2, 71.42857142857143)","[0, 0, 0]",[0]
28.68,203 (9).wav,کا اگر اپ کمپٹیشن دیکھتے ہیں تو سامسنگ کا a50 اجاتا ہے وہ بھی جینا 99 کے ساتھ ارہا ہے اور پرفارمنس میں وہ بھی اپ کو کافی حد تک یہی پرفارمنس پروائڈ کر دے گا الدو اسکے اندر 6 جی بی ریم ہے لیکن ائی تھنک اگر اپ کو برانڈ میں جانا ہے تو پرفارمنس والی سائیڈ سے سیمسنگ بھی اپ کو سملر پرفارمنس کر دے گا اپ کو زیادہ پیسے نے ہمارے ایوارڈز کے اندر بھی بہت زیادہ ایوارڈ جیتے ہیں,4,3,"[10, 16, 25, 28]","[10, 26, 28]",2,28,3,23,2,"(2, 82.14285714285714)","[0, 0, 0, 0]","[0, 0, 1]"
15.91,203 (10).wav,موبائل فون کی سافٹ ویئر ایکسپیرینس کی بلکہ سافٹ وئیر ایکسپیرینس میں جانے سے پہلے میں ایک چیز اور کلیئر کرنا چاہوں گا ہم نے اس کے اوپر جو رن کیا تھا اس کا وہی جی 99 والا اسکور تھا 4 لاکھ 25 ہزار کے قریب بٹ ہم نے اس موبائل فون کے وہ اسٹریس بھی رن کیا ہے تو میں وہ,1,1,[5],[7],2,15,1,7,0,"(2, 46.666666666666664)",[0],[0]
75.72,203 (11).wav,ہاں یہ موبائل فون ان موبائل فون میں سے ہے جس کے بارے میں اگر مجھے کوئی نیچا کے کمنٹ کرے گا نا کہ بلال بھائی موبائل فون ہیٹ اپ ہو رہا تھا تو میں اس بندے کی بات پے یقین نہیں کروں گا اس کی وجہ یہ ہے بھائی کہ یہ جو موبائل فون ہے جیسے ہی 40 ڈگری اس کا ٹمپریچر اتا ہے یہ موبائل فون اٹومیٹک تھراٹل ہونے لگ جاتا ہے یعنی کہ اس موبائل فون کی جو پرفارمنس ہے وہ نیچے جانے لگ جاتی ہے اور یہ جو منیمم پرفارمنس پہ گیا ہے وہ 82 کی پرفارمنس ہے یعنی کہ جب یہ 40 ڈگری کو ہٹ کرتا ہے تو یہ اپنی پرفارمنس جو نیچے تک لے کے گیا ہے وہ 82 ہے ویسے یہ 100 کے اوپر بھی جا رہا تھا وچ بیسیکلی مینس کے گیمنگ کے اندر اپ کو ایک نارمل ٹھنڈے موبائل فون میں اور فل اسپیڈ والی پرفارمنس میں 20% کا ڈفرینس دیکھنے کو مل سکتا ہے لیکن یہاں پر ایک بات ایڈ کرنا اور ضروری ہے وہ یہ ہے کہ بھائی ہم لوگ انڈور اس موبائل فون کو ٹیسٹ کر رہے ہیں پاکستان میں باہر 40 ڈگری سے زیادہ تو ویسے ٹمپریچر ہے مطلب جو اگر اپ باہر دھوپ میں جاتے ہیں تو 40 ڈگری سے زیادہ تو ویسے ٹمپریچر ہے تو کہنے کا مقصد یہ ہے کہ پاکستانی جرمنی میں یہ موبائل فون ہمیشہ 80 ڈگری a10 کے اوپر جو ہے وہ پرفارم کرے گا واٹ از رینج کے اندر جتنے بھی جی 99 والے پروسیسرز ہیں وہ بھی اپ کو یہی رزلٹ پرووائڈ کریں گے تو کوئی کریٹیسزم نہیں ہے بٹ ایک انفارمیشن ہے جو کہ میں اپ لوگوں کے ساتھ شیئر کرنا چاہتا تھا,5,3,"[11, 44, 52, 57, 71]","[15, 35, 63]",2,75,2,48,4,"(2, 64.0)","[0, 0, 0, 0, 0]","[0, 0, 1]"
35.43,203 (12).wav,اب یار یہ موبائل فون ٹیکنو کی طرف سے اتا ہے تو اس کی سافٹ ویئر کے اوپر بات کیے بغیر ہم نہیں رہ سکتے جو اچھی باتیں ہیں پہلے وہ بتاؤں گا پھر بری باتیں بتاؤں گا اچھی بات یہ ہے کہ اس موبائل فون کے اندر اینڈرائیڈ 14 ارہا ہے اچھی بات یہ بھی ہے کہ ٹیکنو پرومس کر رہا ہے کہ 2 سال کی اپڈیٹس ہم اپ کو پروائڈ کریں گے ٹیکنو نے یہ نہیں بتایا کہ وہ اپ ڈیٹس ائیں گی کب لیکن موبائل فون کے لائف ٹائم میں وہ اپڈیٹ ضرور کریں گے اور ابھی تک ٹیکنو کے کسی دوسرے موبائل فون پر اینڈرائیڈ 15 ایان ہے تو میں کریٹیسزم نہیں کر سکتا کہ بھائی اس کو اپ ڈیٹ نہیں دی تو یہ ایک اچھی چیز ہے جو کہ ٹیکنو کی ہے,7,5,"[6, 9, 20, 22, 30, 32, 34]","[5, 7, 10, 14, 34]",2,35,3,23,3,"(2, 65.71428571428571)","[0, 0, 0, 0, 0, 0, 0]","[0, 0, 0, 0, 9]"
67.15,203 (13).wav,ڈاکٹر کے اندر پہلے کی نسبت بہت زیادہ بہتر ہے میں دیکھنے کو ملی ہے اج چیزیں کافی زیادہ سموتھ ہوگئی ہیں کافی بلیر کو ریموو کر دیا گیا ہے بٹ ایسا نہیں ہے کہ بلوٹو غائب ہوگئی ہے اگر اپ یہ ہائی اوس فیملی کی سافٹ ویئر سویٹ دیکھتے ہیں تو یہاں پر اپ کو بہت زیادہ سافٹ ویئر دیکھنے کو مل جائیں گے فار ایکزیمپل ایک ٹی سپورٹ کے نام سے سافٹ ویئر ہے ایک یہ ان کا سمارٹ سسٹم ہے اگر اپ کے پاس ٹیکنو کی کوئی اسمارٹ گیجٹس ہو تو ان کو کنٹرول کرتا ہے موبائل کلون ہے یہ ویسا پلیئر کے نام سے ایک سسٹم ا جاتا ہے مائی ہیلتھ کے نام سے ایک کہا جاتا ہے اب یہ جو ساری سوفٹ ویئرز ہیں یہ سینس بناتی ہیں مطلب اپ سیمسنگ کا موبائل فون خریدیں یا اپ ائی فون خریدیں ان کے اندر بھی ان کاموں کو کرنے کے لئے ڈیڈیکیٹڈ سافٹ ویئر موجود ہوتی ہیں جو پرابلم ہے وہ یہ ہے کہ ٹیکنو کے کیس کے اندر کچھ ٹائم گزرنے کے بعد ٹیکنو کے اندر بہت زیادہ نوٹیفیکیشن ایڈز انے لگ جاتے ہیں اب اچھی بات یہ ہے کہ کیوں کہ یہ اینڈرائڈ 14 ہے تو اپ کسی بھی نوٹیفیکیشن کو کلک کریں گے اور اگر اپ کو کوئی سافٹ ویئر تنگ کر رہی ہے اپ کو بار بار ا رہے ہیں اپ یہ ٹرن اف نوٹیفیکیشن پر کلک کریں گے وائٹ ٹیکنو چارجر بھی اپ کو ایڈ نہیں دکھا سکے گا ویسے تو ہمیں اس موبائل فون پہ ابھی تک کوئی ایڈ دیکھنے کو نہیں ملا,9,5,"[2, 5, 8, 15, 42, 47, 56, 63, 67]","[2, 5, 6, 18, 49]",2,67,2,35,3,"(2, 52.23880597014925)","[0, 0, 0, 0, 9, 0, 9, 0, 0]","[0, 0, 0, 0, 0]"
28.56,203 (14).wav,ایک اور چیز جو کہ میں نے ٹیسٹ کرنی تھی لیکن میں نے سوچا میں رویو کے ٹائم پر ہی کروں گا وہ یہ ہے کہ اپ اب یہاں پر بلوٹو کو ڈیلیٹ بھی کر سکتے ہیں جو کہ مجھے ایک بہت اچھی بات لگی ہے کہ اپ یہاں پر اگر کسی سافٹ ویئر کو نہیں پسند کر رہے تو دیٹ کین بی ڈیلیٹڈ یہ سیدھا ان انسٹال کر رہا ہے اس کو ہائیڈ نہیں کر رہا اور کوئی بھی سافٹ ویئر ہو اس کو اپر میں یہ کہنا چاہوں گا کہ مجھے سافٹ ویئر والی ہے بٹ پہلے کی نسبت کافی بہتری ہے,4,4,"[1, 3, 15, 21]","[12, 16, 28, 28]",2,28,1,11,0,"(2, 39.285714285714285)","[0, 9, 0, 0]","[1, 0, 1]"
25.52,203 (15).wav,ایک اور چیز جو کہ مجھے ایک لطیفہ ہوئی ہے وہ یہ ہے کہ اگر اپ مین اسکرین پے ہوتے ہیں تو موبائل فون لاک ہوتا ہے اپ کیمرہ کو اوپن کرتے ہیں کبھی کبھار ایسا ہوتا ہے کہ اپ کا کیمرہ بھی اوپن ہو جاتا ہے اور یہاں پر یہ واچ بھی دکھاتا رہتا ہے ہمیں رینڈم یہ ہوا تھا میں نے موبائل فون سے اس کی ویڈیو ریکارڈ کرلی تھی میری ٹیم ہوپ فولی یہاں پر چلا بھی دے گی بٹ وہ ایک واحد گلچ ہے جو کہ اس موبائل فون کی سافٹ ویئر کے اندر ہم نے فیس کیا ہے,1,2,[1],"[15, 18]",2,25,1,12,0,"(2, 48.0)",[0],"[0, 1]"
65.6,203 (16).wav,بھائی موبائل فون کی مین ہائی لائٹ ہے کیمرہ تو کیمرہ کے اوپر ہم اینڈ میں ائیں گے پہلے ڈسکس کر لیتے ہیں اس موبائل فون کے اندر موجود اسپیکرز کو یہاں پر ڈال بھی ایٹمی دیے گئے ہیں اسپیکر کی ساؤنڈ کوالٹی چیک کرا دیتا ہوں اچھا بائی دا وے ایکسپوزنگ ویڈیو ہم نے بنائی تھی اور میں صرف اتنا کہنا چاہوں گا کہ دس از دونوں کہتے ہیں کہ بھائی یہ ہمارے سگے ہیں تو بھائی کوئی نہیں ہے اور اب اسپیکر چیک کرتا ہوں تاکہ اپ لوگوں سے میکسیمم پیسے نکالے جا سکے اور اسپیکر کی کولڈ کی اگر اپ بات کرتے ہیں تو ائی وڈ چھے کہ مجھے ساؤنڈ اس موبائل فون کا پسند ایا ہے اسپیکر اس کے اچھے ہیں لیکن یہ بات ضرور ہے کہ اوپر والا اسپیکر کم پاورفل ہے نیچے والے اسپیکر میں اپ کو زیادہ بیس اور جو لاؤنج ہے وہ دیکھنے کو مل جاتی ہے تو اگر نیچے بند ہوتا ہے تو اوپر والا اسپیکر مفل فیل ہوتا ہے تو یہ کام نہیں ہے کہ یہ دونوں الگ الگ چل سکتے ہیں بٹ جب دونوں چلتے ہیں تو اپ کو ساؤنڈ کی کوالٹی کافی ڈیسنٹ ملتی ہے,8,7,"[20, 27, 42, 45, 48, 53, 57, 58]","[4, 16, 39, 41, 44, 54, 65]",2,65,5,43,16,"(2, 66.15384615384615)","[9, 0, 0, 0, 0, 0, 0, 0]","[0, 0, 9, 9, 1, 1, 0]"
48.99,203 (17).wav,لگائی گئی ہے جس کی وجہ سے میں یہ ضرور کہنا چاہوں گا کہ مجھے یہ فون ذرا زیادہ اچھا لگنے لگا ہے اس کی وجہ یہ ہے کہ جب 256 جی بی دے دیا جاتا ہے تو پھر ریزن اجکل موبائل فون کے اندر میموری کارڈ کے اپشن ریموو کی جا رہی ہے جبکہ مجھے ایسا لگتا ہے کہ اگر اپ کو کیا جا رہا ہے وہ یہ ہے کہ اس کی انٹیلیجینٹ پہ ہوتا ہے جب اپ اس کو فون کو پہلی بار خریدتے ہیں بٹ موویز کے لیے الگ ہے اس کے اندر کوئی زیادہ ڈیفنس دیکھنے کو نہیں ملا بٹ ایٹلی سی اپشن جو ہے وہ یہاں پر دی گئی ہے,3,1,"[8, 42, 43]",[9],2,48,1,30,2,"(2, 62.5)","[0, 9, 0]",[0]
43.91,203 (18).wav,موبائل فون کے ہمیں اوکے لگے ہیں بٹن کی کوالٹی اچھی ہے اس موبائل فون کے اندر جو بیٹری لگائی گئی ہے وہ 5000 ایم ایچ کی بیٹری لگائی گئی ہے اور اس کے ساتھ دی گئی ہے 70 واٹ کی چارجنگ وچ از کلاس لیڈنگ بیسیکلی پچاس ہزار سے نیچے اپ کو کوئی موبائل فون 70 کے قریب بھی دیکھنے کو نہیں ملتا اور اس وجہ سے یہ موبائل چارجنگ موبائل فون بن جاتا ہے پاکستانی مارکیٹ کا جو کہ اگین ایک بڑی بات ہے کیونکہ جیسے میں نے اپ کو الریڈی بتایا ہے کہ اس موبائل فون کے جو پروسیسر لگایا ہوا ہے اس سے زیادہ پاور فل پروسیسر بھی اپ کو کسی دوسرے فون میں نہیں ملتا وہ پروسیسر اور بہت ڈیوائس میں ایا ہے بٹ اس سے زیادہ کچھ نہیں اپ کو دیکھنے کو ملتا اور 70 واٹ جو ہے اس کے قریب بھی اپ کو کچھ دیکھنے کو نہیں ملتا تو چارجنگ والی سائیڈ سے بھی موبائل فون ہمیں کافی زیادہ ڈیسینٹ لگا,7,5,"[16, 28, 31, 35, 35, 40, 43]","[3, 23, 27, 28, 43]",2,43,2,33,7,"(2, 76.74418604651163)","[0, 0, 0, 0, 0, 0]","[9, 0, 0, 0, 1]"
39.43,203 (19).wav,اب بات کر لیتے ہیں اس موبائل فون کی میں ہائی لائٹ کی جو کہ اکارڈنگ ٹو ٹیکنو بہت زیادہ امپورٹنٹ ہے اور وہ ہے اس موبائل فون کے اندر لگے ہوئے ہیں کیا مراد ہے اس موبائل فون کے بیک سائیڈ پر اپ کو ٹرپل کیمرہ اپ کو ٹرپل کیمرہ سیٹنگ دیکھنے کو مل جاتا ہے ٹیکنیکلی ایک کیمرہ ہے اور دو سینسر ہیں ایک کیمرہ ہے اور ایک میرے طرح کا بندہ ہے ایک انکھ اس نے بند کی ہوئی ہے مطلب 4 کیمرے دور سے دیکھ کے لگتا ہے ریئلٹی میں ایک ایکچول کیمرہ ہے ایک اپ کو لائٹ سینسر دیکھنے کو ملتا ہے بیسیکلی ڈیپتھ سینسر تو میں پھر سمجھ سکتا ہوں کہ کوئی کام کرے گا لائٹ سینسر بیسیکلی کچھ نہیں کرتا کیمرہ جو مین کیمرہ لگایا گیا ہے وہ 50 میگا پکسل کا کیم,5,0,"[6, 15, 23, 34, 35]",[],2,39,7,19,2,"(2, 48.717948717948715)","[0, 0, 0, 0, 0]",[]
34.11,203 (20).wav,ٹیکنو کی جو ٹوٹل مارکیٹنگ تھی نہ اس کے اندر سونی کا بہت زیادہ نام لیا گیا تھا کہ یہ ٹیوڈ بائے سنی ہے ان کے اندر سونی سینسر ہے بٹ ٹیکنو کی کیمن 30 سیریز میں کیمن 30 پرو اور پریمیئر کے اندر اپ کو سونے کا سینسر ملتا ہے یہاں پر یہ جو 50 میگا پکسل کا سینسر ہے یہ سامسنگ کا بنا ہوا سینسر ہے اور یہ جو باقی دو چھوٹے چھوٹے سینسر ہیں اور یہ اتنے پرانے سینسر ہیں کے سامسنگ کور ڈیوایا کرتی تھی نہ ان کے اندر بھی کہیں پر یہ سینسر یوز ہوئے ہیں کیونکہ میں چیک کر رہا تھا ان لائن تو مجھے وہاں پر یہ سینسر نظر ائے ہیں بٹ ان کا کوئی فائدہ نہیں ہے مین کیمرہ 50 میگا پکسل,4,3,"[2, 4, 24, 33]","[11, 17, 32]",2,34,2,29,2,"(2, 85.29411764705883)","[0, 9, 0, 0]","[1, 0, 0]"
23.03,203 (21).wav,جو چیز اس موبائل فون کے بارے میں بہت زیادہ انٹرسٹنگ لگی ہے مجھے وہ ہے بھائی اس کا فرنٹ کیمرہ کیوں کہ فرنٹ کیمرہ بھی 50 میگا پکسل کا دیا گیا ہے اب اس رینج کے اندر اپ کو زیادہ تر موبائل فون 12 16 اور 8 میگا پکسل کا کیمرہ پرووائڈ کرتے ہیں بہت کم موبائل فون ہے جو کہ 32 میگا پکسل کا کیمرہ دیتے ہیں اور یہ موبائل فون میگا پکسل کے کیمرہ کے ساتھ سیلفی میں,4,0,"[1, 3, 12, 16]",[],2,23,1,16,2,"(2, 69.56521739130434)","[0, 0, 9, 0]",[]
78.65,203 (22).wav,"تو سیلفی والی سائیڈ سے ہی اسٹارٹ کرتے ہیں سیلفی کیمرہ میں جو ہمیں اسکی کوالٹی نظر ائی ہے وہ ٹو بیری اونسٹ بہت زیادہ پسند ائی ہے مطلب اس کی جو کلر کی کوالٹی ہے وہ بہت اچھی ہے اور ایک چیز میں ضرور ڈالنا چاہوں گا کہ ٹیکنو نے یہاں پر تھوڑا سا سونی کا نام لے کر کنفیوز کیا ہے بٹ اس موبائل فون کے اندر سونی کی پروسیسنگ موجود ہے جس کا مطلب یہ ہے کہ جب اپ تصویر کھینچتے ہیں اس کے رنگوں میں بہت زیادہ فرق اتا ہے فار ایگزیمپل میں بھی اپ کو کھینچ کے دکھا ہی دیتا ہوں یہ میں نے تصویر کھینچی ابھی تصویر لوڈ ہوگی اور اس تصویر کے رنگ جو ہے وہ چینج ہو جائیں گے اور یہ بہت زیادہ اچھی طریقے سے کام کرتا ہے جو ہیومن اسکین ٹونز ہیں وہ بہت زیادہ نیچرل دکھاتا ہے اور مجھے فرنٹ کیمرہ کی کوالٹی بہت زیادہ پسند بھی ائی ہے انفٹ میں یہ کیسے کہوں گا کہ دس از ون اف دی نائس فرنٹ کیمرہ جو کہ 50,000 سے نیچے اپ کو دیکھنے کو مل سکتا ہے ایون لو لائٹ کے اندر جو فرنٹ کیمرہ ہے وہ ڈیسنٹ رزلٹ اپ کو پروائڈ کر دیتا ہے جب زیادہ ہی لائٹ مشکل ہونے لگ جاتی ہے تب بھی ہمیں یہ چیز فیل ہوئی ہے کہ امیج کی کوالٹی میں کلر تھوڑے بہت اف ہو جاتے ہیں بٹ امیج میں ڈیٹیل بہت زیادہ رہتی ہے اس کی ریزن یہی ہے کہ یہ 50 میگا پکسل کے کیمرہ کے ساتھ ا رہا ہے اب 50 میگا پکسل ہونا امپورٹنٹ نہیں ہے بٹ جو اس کے اندر پروسیسنگ ڈالی ہوئی ہے وہ بھی بہت زیادہ بڑا رول پلے کرتی ہے اور پروسیسنگ کے بعد ہی جو رزلٹس ہیں وہ ایکچول میں اچھا نکل کر اتے ہیں فرنٹ کیمر",13,5,"[6, 11, 24, 34, 35, 38, 40, 54, 55, 57, 62, 69, 73]","[7, 10, 34, 41, 77]",2,78,7,39,21,"(2, 50.0)","[0, 0, 0, 0, 0, 0, 0, 0, 0, 0, 0, 0, 9]","[0, 0, 9, 0, 0]"
48.2,203 (23).wav,فرنٹ کیمرہ میکسیمم ریزولوشن 2 کی سپورٹ کرتا ہے اور ٹیکنو کے فونٹ کے اوپر ایک بڑا کریٹیسزم یہ ہوتا تھا کہ ان کا ایکسپوژر کنٹرول سلو ہے اور اگر بیک پے لائٹ ہو تو یہ ایکسپوزر کنٹرول نہیں کر سکتے یہی وجہ ہے کہ میں جان بوجھ کے کھڑا ہو کر اپ کو یہ ویڈیو کیسی لگ رہی ہے تھوڑا باہر چلتے ہیں اور اسٹوڈیو لائٹنگ سے ہی نکلتے ہیں اپ لوگ مجھے بتاؤ کہ اس کوالٹی کے بارے میں اپ کے کیا اوپینین ہیں اور یہ جو لائٹیں لگی ہوئی ہیں یہ واٹر فائرنگ لائٹس ہیں ہمارے افس کے اندر یہ موبائل کو فرنٹ پر بھی ٹو کی ویڈیو ریزولوشن ہی سپورٹ کرتا ہے اور بیک پر بھی اس کی جو میکسیمم ریزولوشن ہے وہ 2 کے ہی ہے,2,3,"[14, 17]","[3, 6, 42]",2,48,3,18,13,"(2, 37.5)","[0, 9]","[9, 9, 0]"
17.11,203 (24).wav,اچھا ایک اور چیز جو یہاں پر میں ایڈ کرنا چاہوں گا وہ یہ ہے کہ جیسے ہی اپ اس کا کوئی موڈ ان کرتے ہیں تو یہ 1080 پر چلا جاتا ہے تو اگر اپ کو الٹرا اسٹڈی موڈ یعنی کہ ان کی جو ای ائی ایس ہے وہ چاہیے یا کوئی بھی انہانسمنٹ چاہیے یا فیس بیوٹی چاہیے تو ان سب موڈز کے لیے اپ کو اسے,1,2,[1],"[0, 4]",2,17,0,5,3,"(2, 29.411764705882355)",[0],"[0, 0]"
62.04,203 (25).wav,بیک کیمرہ کی طرح بات کرتے ہیں تو بیک کیمرہ میں جو ویڈیو کی کوالٹی ہے وہ بھی اپ کو ٹو کے ویڈیو ریزولیوشن ہی پروائڈ کرتی ہے یہ موبائل فون 4 کے اس لئے نہیں دے سکتا کیونکہ جین 99 کے اندر ہمیں فور کے دیکھنے کو نہیں ملتی ادر وائز اس کے اندر جو سینسر لگائی ہے اپ کو یہ بیسیکلی اس کے سینسر کے موومنٹ کی اواز ہے جو ہے ہماری ٹیسٹنگ کے مطابق جو بیک ویڈیو کا رزلٹ ہے وہ اگر اپ الٹا اسٹڈی موڈ ان نہیں بھی کرتے تب بھی اچھا ہو جاتا ہے بٹ الٹرا اسٹڈی موڈ ان کرنے کے بعد تو ایسے لگتا ہے کہ اپ نے گیمبل پر لگا دیا ہے تو الدو یہاں پر الٹرا ویٹ اینگل کیمرہ نہیں دیا گیا الدو یہاں پر بیک پر 3 کیمرے بنا کر اپ کو ایک کیمرہ دیا گیا ہے لیکن جو ایک کیمرہ لگایا ہے ان لوگوں نے وہ اچھی کوالٹی کا لگایا ہے اور بیک کیمرہ کے جو رزلٹس ہیں وہ بھی میں یہاں پر اپ کو کچھ دکھا دیتا ہوں تاکہ اپ کو بہتر طریقے سے اندازہ ہو سکے ڈے ٹائم کے اندر بیک کیمرہ بہت اچھے رزلٹ پرووائیڈر ہے,6,4,"[11, 15, 27, 28, 40, 46]","[30, 49, 57, 61]",2,62,4,30,8,"(2, 48.38709677419355)","[0, 0, 0, 0, 0, 0]","[0, 0, 0, 0]"
41.12,203 (26).wav,سب سے بڑی بات ہے بھائی ان کے اسکین ٹونس کی ٹیکنو کی سب سے بڑی پرابلم ہے ان کی سکن ٹون پروسیسنگ تھی وہاں پر اپو ویوو یہ کمپنیاں بہت اگے تھی اس موبائل فون میں ٹیکنو گیم یہ کی ہے کہ انسٹر محنت کرتے ہیں انہوں نے کہا سونی تم کرلو اندھیرے میں بھی یہ اپ کو اچھا رزلٹ پرووائڈ کر دیتا ہے یہاں پر سپر نائٹ موڈ بھی دیا گیا ہے جس کی وجہ سے اپ کو رزلٹ کافی اچھا ملتا ہے بٹ اس کا سپر نائٹ موڈ ٹائم بہت لگاتا ہے تو جب اپ کوئی تصویر کھینچتے ہیں بٹ رزلٹ جو ہے وہ فائنلی بہت ڈیسینٹ نکل کر اتے ہیں,3,5,"[6, 16, 19]","[22, 25, 30, 30, 32]",2,41,6,22,7,"(2, 53.65853658536586)","[0, 0, 0]","[1, 1, 0, 0]"
30.67,203 (27).wav,"مجھ سے پوچھیں گے کہ یہ موبائل فون میں 50,000 سے نیچے کے اندر ریکمنڈ کر سکتا ہوں تو میں یہ کہوں گا ڈس مائٹ بی دا بیسٹ ڈیل جو کہ 50,000 سے نیچے اگر اپ سارے فیچرس کو کنسیڈر کرتے ہوئے خریدتے ہیں سافٹ ویئر میں مجھے ابھی بھی تھوڑے سے بگ نظر ائے ہیں کیمرہ مجھے اس موبائل فون کا 50,000 سے نیچے سب سے بہتر لگا ہے پرفارمنس اس کے برابر کی اور موبائل فون دیتے ہیں بٹ ٹاپ لیول کی جو پرفارمنس ہے وہ یہی پرفارمنس ہے جو کہ اپ کو اس پہ بھی ملے گی سامسنگ پے بھی ملے گی اور دوسرے بھی کسی جی 99 والے فون پر مل جائے گی",2,4,"[6, 14]","[4, 7, 18, 22]",2,30,1,20,7,"(2, 66.66666666666666)","[0, 9]","[0, 0, 0, 0]"
17.76,203 (28).wav,تو اولین ال ہنڈریڈ پرسینٹ ریکمنڈ کیا جاسکتا ہے یہ موبائل فون لیکن اپ کو اس چیز کے لیے ریڈی رہنا پڑے گا کہ اس کے سافٹ ویئر کے اندر ابھی بھی کچھ چیزیں ہیں جو کہ ٹریم اؤٹ ہونے والی ہیں اگر اپ ایک ایسا بندہ ہے جو کہ ان کو تھوڑا بہت چیزوں کو برداشت کر سکتے ہیں اس سے زیادہ ویلیو فور منی ڈیوائس ابھی پاکستانی مارکیٹ میں موجود نہیں ہے,4,2,"[3, 4, 15, 18]","[1, 16]",2,17,0,15,2,"(2, 88.23529411764706)","[0, 9, 0, 0]","[1, 0]"
49.2,203 (29).wav,اگر اپ ایسا بندہ ہیں جو کہتا ہے بھائی مجھے چاہیے 100% ایکسپیرینس اور میں تھوڑا بہت مطلب جو ہے وہ کیمرہ کی پرفارمنس لو بھی لے لوں گا کیونکہ a50 کے اندر سافٹ ویئر بہت ہائی کوالٹی ہے تو اپ اس کی طرف جا سکتے ہیں بٹ وہاں پر کیمرہ بہت کم ملے گا اپ کو اس موبائل فون کی نسبت تو اس چیز کو اپنے مائنڈ میں رکھے اگر اس موبائل فون کوئی لانچ کر دیتی ہے اور ٹیکنو کا وہ جو 12 گب والا ویرین ہے وہ لانچ نہ ہوتا یا اگر وہ لانچ جی بی میں فور ٹرپل نائن کے پرائز میں اجاتا 49 کے تو بھائی میرے خیال سے یہ موبائل فون لیجنڈری ہو سکتا تھا مجھے ایسا لگتا ہے کہ کیوں کہ پہلے مہنگا لانچ کیا گیا اور بعد میں کم پرائز کی گئی تو وہ جو اسٹارٹ کا تھنڈر ہے نا وہ ان کے ہاتھ سے گر گیا ہے بٹ فون کافی اچھا ہے یہ بیک لائٹ بھی ان ہوتی ہے جب اپ ویڈیو ریکارڈنگ کر رہے ہوتے ہیں,5,2,"[15, 18, 26, 36, 38]","[44, 45]",2,49,2,35,7,"(2, 71.42857142857143)","[0, 0, 0, 0, 0]","[1, 0]"
28.35,203 (30).wav,ائی ہوپ یہ ویڈیو اپ کو پسند ای ہوگی اگر کوئی چیز مس ہوئی ہے تو مجھے نیچے ضرور بتائیے گا کیونکہ ہماری کوشش ہوتی ہے کہ میکسیمم چیزیں ہم ویڈیو میں ڈال دیں اور بھائی ریویو ویڈیو کا ویٹ کیا کریں ان باکسنگ ویڈیو کے اندر میں وہ چیزیں بتاتا ہوں جو کمپنی کلیم کر رہی ہے مجھے ٹائم لگتا ہے چیزوں کو ٹیسٹ کرنے میں اگر اپ ایک ایسا بندہ ہے جو کہ خود تین چار دن ویٹ نہیں کر سکتے تو بھائی مجھے ان باکسنگ کے نیچے,3,1,"[4, 4, 26]",[2],2,28,0,26,2,"(2, 92.85714285714286)","[0, 0]",[0]
24.64,203 (31).wav,تو بس یہ ہے انفنکس کا اسمارٹ 8 اور اس والی فون کو میں پچھلے 40 دنوں سے یوز کر رہا ہوں اور اج کی اس ویڈیو میں ہم اس کی فل ٹو فائنل ریویو کرنے والے ہیں میرے کو اس والی فون میں اس بچ کیا اچھا لگا ہے کیا خراب لگا ہے اور کیا اپ کو یہ والا فون لینا چاہیے ساری باتیں بتائیں گے اس ویڈیو میں تو اپ نے ابھی تک لائک نہیں کرا تو لائک کر دو 500 لائک کا ٹارگٹ سیٹ کر دیں ائی ہوپ اپ پورا کر دو گے اور سبسکرائب بھی کر لینا چلو شروع کرتے,2,2,"[12, 18]","[11, 23]",2,24,2,7,6,"(2, 29.166666666666668)","[0, 0]","[0, 0]"
65.04,203 (32).wav,اب سب سے پہلے دوستوں میرے کو اس ولی فون میں جو اچھا لگا ہے وہ میں اپ کو بتا دو اس کے بعد جو اچھا نہیں لگایا ہے نا وہ بتاؤں گا اب اس والی فون کا ڈیزائن میرے کو کافی سہی لگا بھائی جس پریس فنڈ میں یہ فون اتا ہے اس پر اسپورٹ کے حساب سے اس کا جو ڈیزائن ہے نہ کافی پریمیم لگتا ہے حالانکہ جو بیک ہے یہ اپ کو ملے گا بھائی فون کا کر سکتے ہو فون بڑا ہے تو ایک ہاتھ سے پکڑنے میں اتنا کمفرٹیبل نہیں ہوتا ہے اور اس میں فنگر پرنٹ دیا ہوا ہے جو کہ ہر بار اچھے سے کام کر جاتا ہے اور اس میں ایک اور کافی انٹرسٹنگ فیچرز دیا ہوا ہے جو کہ ہم میجک رنگ کال ائے گا تب یہ پاپ اپ کرتا ہے چارجنگ کرو گے تبھی وہ کرے گا تین چار سیٹنگ اپ کو ملتا ہے تو اپ اپنے حساب سے کسٹمائز کر سکتے ہو انچ کی ایچ ڈی پلس والے ڈسپلے ملتی ہے میں نے اس کو ڈسپلے اتنا زیادہ برائٹ نہیں ہے اس کو لیکن اپ نارمل لائٹنگ میں اسے یوز کر لو گے ڈسپلے کے کلرز میں ملتا ہے تو اسکول میں کافی سموتھ فیل ہوتا ہے,8,11,"[8, 20, 30, 35, 47, 56, 57, 58]","[4, 8, 13, 21, 33, 35, 38, 39, 53, 56, 64]",0,65,2,11,15,"(0, 23.076923076923077)","[0, 0, 9, 0, 0, 0, 0, 0]","[0, 9, 0, 0, 1, 9, 0, 0, 0, 0, 0]"
19.55,203 (33).wav,"باغی یہ جو فون ہے 5,000 میں اس کی بیٹری کے ساتھ اتا ہے تو اگر اپ نارمل یوزر ہونا تو اپ کو ایک سے 10 دن کا بیک اپ یہ فون اس لیے نکال کر دے دے گا ٹیلی فون میں اپ کو اؤٹ 13 دیکھنے کو ملے گا",0,0,[],[],2,19,0,7,5,"(2, 36.84210526315789)",[],[]
24.36,203 (34).wav,اور اگر کیمرہ کی بات کریں تو اس میں اپ کو 50 میگا پکسل کا پرائمری سینسر ملتا ہے اور 8 میگا پکسل کا اپ کو سیلفی کیمرہ مل جاتا ہے دوستوں فوٹوس میں نے لیتی فوٹو سے اچھی اتی ہے دوستوں ڈی لائٹ میں کلرز وغیرہ اپ کو دیکھنے کو ملیں گے اور سیلفی کیمرہ کی فوٹو تو,0,1,[],[16],0,24,4,0,12,"(0, 50.0)",[],[1]
62.83,203 (35).wav,باقی میرے کو اس کا پرفارمنس بھی اچھا لگا ہے اس میں اپ کو یونس ساکس کا ٹی زیرو سکس زیرو کا چپ سیٹ لگا ہوا مل جاتا ہے اس کے اندر تو اسکور میں نے نکالی تھی 2 لاکھ کی پلس اتی ہے ایون بینچ مارک پہ بھی اس ٹیبل تھا اور سی پی او تھراٹل نہیں کرا دوستو نیو تو اس ٹائم پے فون میں کچھ نہیں ہوتا تو پرفارمنس بھی اچھی نکال کر دیتا ہے لیکن ٹائم ٹو ٹائم اسٹوریج بھرنے لگتی ہے وہ بھی میں نے نہیں دیکھا بھائی یہ سردیاں چل رہی ہے تو ہیٹنگ کا محسوس بھی نہیں ہوتا اب گرمی میں اس کا کیا حل ہوتا ہے وہ تو گھر میں انے کے بعد ہی پتہ چلے گا یہ جو فون ہے اور اس میں اپ کو 4g پلس کا سپورٹ دیکھنے کو نہیں ملتا ہے میں نے کال لیا تھا کالنگ کے دوران میرے کو کوئی دقت نہیں ہوا تو اس کو اچھے سے اب ا جاتا ہے اچھے سے خود کا ڈالر مل جاتا ہے تو اپ کال ریکارڈ بھی کر سکتے ہو,7,9,"[20, 24, 27, 31, 36, 49, 54]","[3, 9, 14, 26, 47, 48, 54, 56, 58]",2,62,2,19,15,"(2, 30.64516129032258)","[0, 0, 0, 0, 0, 0, 0]","[9, 0, 0, 9, 9, 0, 0, 0, 0]"
32.72,203 (36).wav,یہ کچھ یہ تھی جو کہ میرے کو اس والے فون میں اچھی لگی ہے اب بات کرتے ہیں کہ میرے کو کیا کچھ اچھا نہیں لگا اس والی فون میں تو سب سے پہلے میرے کو اس کا اسپیکر اچھا نہیں لگا بھائی اسپیکر لاؤڈ ہے لیکن اگر اپ فل ولیوم پر رکھ دو گے نہ تو اسپیکر پٹنی لگتی ہے دوستوں تو تھوڑی اچھی کوالٹی کا یہ لوگ اسپیکر دے سکتے ہیں اب یہاں مکمل ہو جاتا ہے بھائی تم ڈسپلے میں میرے کو پرائز پوائنٹ کے حساب سے کوئی کمی نہیں لگی لیکن اگر فل ایچ ڈی پلس ہوتا ہے نا تو پھر تو سونے پہ سہاگا,7,6,"[8, 12, 14, 17, 28, 28, 29]","[4, 7, 12, 20, 23, 30]",2,32,1,14,12,"(2, 43.75)","[0, 0, 9, 0, 0, 0]","[0, 0, 0, 0, 0, 0]"
25.47,203 (37).wav,مائک نہیں ہے تو کال و غیرہ میں نے لیا تھا تو کالنگ کے دوران میرے کو نائجیریا میں دقت ہو رہا تھا اب میرے کو لگا بتانا چاہیے تو بتا دیا میں نے اب یہ اپ کو بیٹری بیک اپ لوگ کافی اچھی نکال کر دے دے گا لیکن چارجنگ جو ہے نا اس کی سلو ہے دوستوں,2,2,"[1, 22]","[19, 19]",2,25,0,11,7,"(2, 44.0)","[0, 0]",[0]
55.98,203 (38).wav,اور اس والی فون میں اپ کو 3gb رہا ہے ملتی ہے مطلب 3 جو بھی اپ بڑھا سکتے ہو ورچ والی دو چار جی بی گرم ہو جاتی ہے ہزار روپیہ لے رہے تھے یہ لوگ تو ایکچول چارج بھی ریم دیتے ہیں تو یہ چیز اس میں اچھی ہو جاتی ہے وہ بھی انفنکس کی اسمارٹ فون میں ہوتے ہیں اس میں اپ کو ادھے ملیں گے دوستوں کے لئے بنا ہوتا ہے بھائی نارمل ہی اس کے لیے پیرس وغیرہ کو دینے کے لیے دینے کی سوچ رہے ہو اپ لے سکتے ہو اپ بھی سپورٹ نہیں ہوں گے باقی اپ اپنی رائے بتاتے جانا کمینٹ کر کے کہ اپ کو کیا لگتا ہے اس والے فون کے بارے میں اور اگر اپ کو اس ویڈیو میں کچھ بھی اچھا لگا ہو تو ویڈیو کو لائک کردو چینل کو سبسکرائب کرلو اور بہن بیل نوٹیفیکیشن کو ال پے,3,5,"[17, 37, 39]","[10, 19, 37, 49, 53]",2,55,1,25,15,"(2, 45.45454545454545)","[0, 0, 9]","[0, 0, 0, 0, 0]"
35.55,203 (39).wav,یہ ہے ویوو y11 اب جتنی زیادہ ہائپ پاکستانی مارکیٹ میں اسمارٹ فون کی بنی ہوئی ہے نہ اور کسی بھی سمارٹ فون کے نہیں ائی ڈونٹ نو پاکستانی عوام کی کیا تھنکنگ ہے دوستوں مجھے اج تک سمجھ نہیں ایا وہ کیوں دوستوں ہر اوور پرائز کو 200 اسمارٹ فون کو باہر کر لیتی ہے اور یہ سمجھتی ہے کہ یہ بہت اچھا سمارٹ فون ہے دوستوں میں پروف کے ساتھ باتیں نہیں کرنے والا میرے ہاتھ میں ڈیوائس ہے میں بات کر رہا ہوں اور ڈیوائس بھی میرے پاس نہ ہو اور وید پروبلم کے اوپر ہر پروبلم کی دوستوں میں نے ویڈیو شوٹ کی ہے اپ کو دکھاؤں گا صرف باتیں نہیں کرنے والا شروع کرتے ہیں,9,2,"[2, 4, 5, 7, 12, 22, 27, 33, 34]","[19, 29]",2,35,2,23,7,"(2, 65.71428571428571)","[9, 0, 0, 0, 0, 0, 0, 0, 0]","[0, 0]"
42.45,203 (40).wav,"اپ ویوو کا وائی 100 60,000 پاکستانی روپیز ہے پرائز کو اپ نے مائنڈ میں رکھنا ہے ہر چیز مائی فون کی پرائس کو جسٹیفائی کرنی چاہیے یہ چیز اپ نے مائنڈ میں رکھنی ہے سب سے پہلے تو بات کر لیتے ہیں نہ اسمارٹ فون کی ڈیزائن کی ائی ڈو 9 200 ڈیزائن کے معاملے میں ویوو کو کوئی مقابلہ نہیں ہے لیکن صرف ڈیزائن کو تو دیکھ لیجئے اور کچھ نہیں چاہئے اپ کو اپ کو کیمرہ اچھا نہیں چاہیے پروسیسر اچھا نہیں چاہیے صرف روک اچھی ہو اور سیکنڈ نمبر پے ویوو کا اسمارٹ فون ہو ختم اس سے اگے بات ہی نہیں ہے اب اس میں اس کو ایکسپوز کرنے والا ہوں خود کہیں گے اپ نے خود اس کو سوچنا ہے کہ اپ کو باہر کرنا چاہیے یا نہیں کرنا چاہیے",14,3,"[6, 9, 14, 19, 19, 20, 20, 23, 25, 27, 27, 31, 33, 42]","[25, 26, 28]",0,42,1,16,25,"(0, 59.523809523809526)","[9, 0, 0, 9, 9, 0, 0, 0, 0, 0, 0]","[1, 0, 1]"
36.27,203 (41).wav,فرسٹ او فال یہ تو اسمارٹ فون ہے دسو اس کے اندر اتنے باکسز ہیں میں اپ کو بتا نہیں سکتا ہے میں ویسے ویڈیو ایڈیٹنگ کے دوران اپ کو لگا دوں گا میں یہاں پر یوتوب پلے کر رہا تھا اور یوتوب پلے نہیں ہو رہا ون ٹائم سیکنڈ ٹائم تھرڈ فورس ٹائم تو اس پر میں نے ٹائپ کر دیا لیکن اس کے اندر یہ پندرہ ہزار والا موبائل ہے کہ اس میں جو پھر ہاں یار پندرہ ہزار روپے میں نے پے کیا ہے تھوڑے بہت اسمارٹ فون ہے کمپرومائز کرنا چاہیے تو بھائی 60000 اس کے برے ہیں,4,0,"[7, 16, 22, 36]",[],0,36,0,5,15,"(0, 41.66666666666667)","[0, 0, 0, 0]",[]
43.24,203 (42).wav,"کیمرہ اب اس کا جو کیمرہ انا دسو وہ 40,000 والے اسمارٹ فون کا ہے اپ نے 60000 بنے ہیں لیکن کیمرہ میں ایسا کوئی چیز نہیں ہے صرف صرف کیمرے کی بات نہیں کر رہا اس کے اندر اپ کو جو ریزولوشن کی سپورٹ ہے نا اب 30 پر ریکارڈ کر سکتے ہیں 7:20 پکسل کے اوپر یہ چیز اپ نے مائنڈ میں رکھنی ہے اگر اپ 1080 پر شفٹ ہوتے ہیں مین سینسر کی بات کر رہا ہوں سیلفی کیمرے کی بات نہیں کر رہا اپ کو شفٹ ہونا ہوگا یہ چیز اپ نے صرف پرائز کو کائنڈلی اپنی دماغ میں اپ نے رکھنا ہے پرائز پرائز پرائز",11,2,"[7, 8, 10, 11, 11, 12, 13, 24, 33, 37, 38]","[18, 23]",2,43,9,18,12,"(2, 41.86046511627907)","[9, 0, 0, 0, 0, 0, 0, 0, 0, 0]","[0, 0]"
58.47,203 (43).wav,"ٹھنڈ نمبر پے نہ دوستوں اس کی سمارٹ فون کی گرافکس کوڈ اتنی لو گرافک سپورٹ ہے میں نے سوچا نہیں تھا اس کو میں یہاں پر پبگ کی گرافک اس کو چیک کراتا ہوں اپ نے 60,000 برے ہیں اپ دوستوں رٹلی یقین نہیں کریں گے اور اتنا برا گیم پلے دانا پبگ کے اوپر باقی جو ویڈیوز وغیرہ دیکھنے کو مل رہا ہے اور گرافک کی سپورٹ بالکل بھی نہیں ہے میں اس کے بعد یہ جو سمارٹ فون ہے گرافک کے معاملے میں بالکل اچھا یہ معلوم ہوتا ہے دس سمارٹ فون نوٹ فور گیمر یہ گیمرز کے لئے نہیں ہے مائی میں رکھیے گا نوٹ فور گیمر ابی ٹیم کے لیے ہے وہ میں لاسٹ میں اپ کو بتاؤں گا تاکہ اپ کو پتا چلے کے اپ کی تھنکنگ کیا ہے اپ اسمارٹ فون کو بائے کرتے وقت کتنا سوچتے ہیں کس چیز پہ اپ کو اسٹک ہو جاتے ہیں اور اسمارٹ فون کو بائے کر لیتے ہیں",11,5,"[0, 1, 8, 14, 16, 18, 25, 26, 31, 37, 53]","[6, 19, 20, 25, 32]",0,58,3,5,15,"(0, 25.862068965517242)","[0, 0, 0, 0, 9, 0, 0, 0, 0, 0, 0]","[1, 0, 0, 0, 1]"
28.84,203 (44).wav,نمبر فور اس میں بتاتا ہوں کہ اس کا اسمارٹ فون کتنا بڑا ہے اور ڈسپلے پر کوئی پروڈکشن نہیں ہے کوڈنگ گوریلا کراس سیکنڈ تھرڈ جنریشن کچھ بھی نہیں ہے مینز کے دوستوں اگر تھوڑا سا بھی اسمارٹ فون کا ڈسپلے کے اوپر دباؤ ایا اگر اپ لیٹ گئے یا والی ہے اس چیز کو بھی اپ نے مائنڈ میں رکھنا ہے,5,1,"[9, 11, 14, 21, 25]",[20],0,28,2,8,17,"(0, 60.71428571428571)","[0, 0, 9, 0, 0]",[0]
67.92,203 (45).wav,اب یہاں پر اس کو نیکسٹ بات کرتے ہیں کہ یہ جو اسمارٹ فون ہے اس کی ائی پی ریٹنگ نہیں ہے نو ائی پی ریٹنگ مینس کے ائی پی ریٹنگ ہوتی ہے دوستوں واٹر اینڈ ریسٹ کرو اسمارٹ فون اگر اپ کا انفارم پانی میں گر جاتا ہے کہ باقی جو سمارٹ فون ہوتا ہے نا وہ انفینکس کا نوٹ 40 ہے نہ اس کے ائی پی 54 کی ریٹنگ ہے انفنکس نے دی ہوئی ہے ریٹنگ کے حساب سے لیکن اس کی ہے ہی نہیں بالکل میں نے یہاں پر جی ایس ایم پر چیک کر لی دوسری جو پاکستانی ویب سائٹ ہے ان پر بھی چیک کر لی ہے کچھ بھی نہیں تم ہی اس کے پانی میں گیا تو سمجھو پھر گیا واپسی کا کوئی سین نہیں ہے لگ جائے گا یا دوسرا مدر بورڈ چینج ہوگا تو اپ کر سکتے ہیں اور کمپنی کبھی بھی واٹر ڈیمج کی دوستوں اپ کو کلیئر کر کے نہیں دیتی ریپیر کر کے کمپنی کبھی بھی نہیں دیتی ہوتی اس چیز کو اپ کو مائنڈ میں رکھنا ہے چاہے اسمارٹ فون واٹر پروف ہو بھی کیوں نہ اپ کو اس کا واٹر ڈیمج کی وجہ سے اپس میں خراب ہوتا,14,2,"[7, 22, 28, 29, 30, 39, 44, 51, 54, 57, 58, 64, 66, 68]","[2, 43]",2,67,3,29,24,"(2, 43.28358208955223)","[0, 0, 0, 0, 9, 0, 0, 0, 0, 0, 0, 0, 0, 0]","[0, 0]"
22.59,203 (46).wav,"اپ نے 60,000 پڑھے ہیں بھرے ہیں مجھے پتہ ہے اس میں وہ اچھے سے فیچر دیتا ہے لیکن اس کے جو الویز اور ڈسپلے ہے نا نوٹ فور 24 کا مطلب کیا ہے کہ ڈسپلے اپ کا ہمیشہ اون رہنا چاہیے اپ اس کو صرف 10 سیکنڈ کے لیے یوز کر سکتے ہیں یا اس کو تھوڑی سی موومنٹ",3,1,"[2, 7, 17]",[5],0,22,1,6,13,"(0, 59.09090909090909)","[0, 0, 0]",[0]
23.52,203 (47).wav,اٹلی مینس کے دوستوں صرف پاکستانی عوام کی تھنکی کی اتنی سی ہے اچھا ہے سیکنڈ نمبر پر ویوو کا سمارٹ فون ہے ختم مینس میں سوچ نہیں سکتا کیا اپ اسمارٹ فون بائے کرتے ہوئے صرف یہ دو چیزیں دیکھتے ہیں لک اور ویوو اس کے بعد اور کچھ نہیں اپ دیکھتے بھی اس کے اندر کیا کیا ہے اور کیسا ہے دوستوں کیمرہ کیسا ہے ہر چیز کو دیکھنا چاہیے,6,1,"[2, 8, 9, 12, 17, 23]",[5],0,23,2,6,12,"(0, 52.17391304347826)","[0, 0, 0, 0, 0, 0]",[0]
19.37,203 (48).wav,ہم اس کی پلس پوائنٹ کی بات کر لیتا ہوں اور پاس جو ہے نا اس کو نہیں ہے 8 جی بی 256 جی بی کی میموری 8gb کی ریم اس میں لگا دیے اور سوری 256 بھی اچھی بات ہے زیادہ اسٹوری ہو تو دوستو اپ کو میموری کارڈ یوز کرنا پڑتا اور اس کے علاوہ,2,2,"[6, 14]","[1, 13]",0,19,0,6,12,"(0, 63.1578947368421)","[0, 9]","[0, 0]"
75.95,203 (49).wav,اب سیکنڈ نمبر پر ڈیزائن اچھا ہے یہ میں دوستوں میں نے اپ کو بتایا نا کوئی ڈیزائن کی وجہ سے اسمارٹ فون سیل ہوتا ہے وہ کا ڈیزائن ائی ڈونٹ ائی ڈو مجھے پتا ہے کہ ویوو جیسا اچھا ڈیزائن کوئی بناتا ہی نہیں ہے اب تھرڈ پوائنٹ پر دوستوں اگر میں اس کی بات کرو نا تو ویوو سمارٹ فون ایسے ہیں کہ ان کی بیٹری ٹائمنگ کسی کے ساتھ اس کا میں نے یوتوب پلے کیا مکس پلیر پے ویڈیو پلے کی پبگ کو میں نے پلے کیا ویڈیو شوٹ پے ویڈیو کیمرہ پے میں نے شوٹنگ کی ٹھیک ہے تو اوورال 11 گھنٹے کا پیک اپیسوڈ ملا ہے ویوو y10 کے اوپر تو یہ جو تین چیزیں جو میں نے اپ کو بتائی ہے نا اس کی روز کے بارے میں جو اچھی چیزیں تھیں یہ صرف تین اور جو کونسا ہے اس کو امپورٹنٹ ہے مین اس کے کیمرہ اچھا نہیں ہے نوٹ فور گیمبل گرافک اچھے نہیں ہیں اپی کی ریٹنگ نہیں ہے گوریلا گلاس نہیں ہے اپ کو نہیں ملتا تو اچھی چیزیں صرف تین ہیں اور باقی جو بری چیزیں نیگیٹیو چیز ہے وہ کتنی سات سے 8 تو اب اپ نے خود ڈیسائیڈ کرنا ہے کہ بھائی اپ کو اسمارٹ فون بنایا کرنا ہے یا نہیں باہر نہیں کرنا ویڈیو کو لائک کیجئے گا اگر اپ ہمارے چینل فرسٹ ٹائم میں چینل کو سبسکرائب کیجئے تاکہ اپلوڈ کو اس کا نوٹیفکیشن اپ کو مل جائے,13,10,"[14, 44, 49, 51, 52, 54, 55, 56, 58, 59, 59, 67, 68]","[2, 7, 12, 32, 36, 43, 48, 50, 56, 73]",0,75,7,30,33,"(0, 44.0)","[0, 0, 0, 9, 0, 0, 0, 0, 0, 0, 0, 0]","[1, 0, 0, 0, 0, 0, 0, 0, 0, 0]"
33.07,203 (50).wav,تو ہاوی کیسے ہو اپ سب سے پیار یہ ہے ہمارے پاس ریڈمی 135 جی اور اس والے فون کو مجھے یوس کرتے ہوئے پورے 10 دن ہو چکے ہیں اینڈ اج کی اس ویڈیو میں میں اپ کو بتانے والا ہوں کہ کس طرح کا یہ فون ہے اپ کو اچھی ملتی ہے کیا چیزیں خراب ملتی ہے اس میں ایک اپ ڈیٹ بھی ریسیو ہوا ہے تو اپ ڈیٹ کے بعد کیا کچھ چینجز دیکھنے کو ملا اس والے فون میں میرے کو سب کچھ بتانے والا ہوں اپ کو کیوں کہ میرا خود کا پیسہ لگا ہوا ہے تو اندر کی بات کریں گے باقی ابھی تک اپ نے لائیک نہیں کررہا ہے تو لائک کر دو 500 لائک کا ٹارگٹ سیٹ کر دیں ائی ہوپ اپ پورا کر دو گے اور سبسکرایب بھی کر لینا,2,4,"[14, 27]","[2, 12, 16, 24]",0,33,6,5,12,"(0, 36.36363636363637)","[0, 9]","[1, 0, 0, 0]"
51.04,203 (51).wav,چلو شروع کرتے ہیں اپ کو مل جائے گا یوزر مینول مل جائے گا ایک ٹی پی یو کیس ملے گا اور 33 ووٹ کا اپ کو فاسٹ چارجر ملے گا دیکھو یہ اچھا لگا میرے کو کیا اپ کو کچھ بھی الگ سے بائیک کاٹا نہیں پڑے گا ایون فون جو ہے نا فری اپلائی اسکریچ گارڈ کے ساتھ بھی اتا ہے حالانکہ جو بیک ہے یہ اپ کو گلاس دیکھنے کو ملتا ہے اور فون تھوڑا سا ہیوی ہے دوستوں میں نے اس کا ویٹ دیکھا تھا 2007 گرام اس کا ویٹ ہے تو تھوڑا سا ہیوی لگتا ہے اور پھر بھی فون کا اتنا اچھا نہیں ہے دوستوں اپ ون ہینڈ فون کو یوز کرنا چاہو تو اپ یوز نہیں کر پاؤ گے اینڈ یہاں پر دوستوں سارے کورس اینڈ بٹن اپ کو مل جاتے ہیں یہاں پہ ہیڈ فون جیک بھی دیا ہوا ہے لیکن اس میں نہ سیکنڈری نوائس کینسلیشن مائک نہیں ہے دوستو تو میرے کو لگتا ہے کہ اس پرائز پوائنٹ میں ہونا چاہیے یہ,6,3,"[14, 32, 36, 44, 45, 47]","[10, 32, 44]",0,51,1,0,22,"(0, 43.13725490196079)","[0, 0, 0, 0, 9, 9]","[1, 0, 1]"
71.35,203 (52).wav,"باقی اس میں سیٹ ماؤنٹ فنگرپرنٹ دیا ہوا ہے جو کہ ہر بار اچھے سے کام کر جاتا ہے فیس لاک وغیرہ بھی کافی اچھے سے کام کرتا ہے اینڈ اس میں نہ سنگل اسپیکر دیا ہوا ہے میں اپ کو اس کی لوڈ نہیں سناتا ہوں ایک تو بھائی ڈویل اسپیکر نہیں دی ہے یہ لوگ اور اسپیکر سنگل بھی دیے تو اس کے اوپر بھائی کا پروڈکشن مل جاتا ہے دیکھو بھائی اگر اپ ملٹی میڈیا کنزیوم کرتے ہو کلرز اگر اپ کو ڈسپلے کے اچھے دیکھنے کو ملتا ہے اینڈ یہاں پہ اپ کو بھی سپورٹ مل جائے تو یہ ایک لیمیٹیشن ہے دوستوں اور اس میں اپ کو 550 کی پیک برائٹنیس ملتی ہے بھائی اگر اپ اؤٹ ڈور یوز کرتے ہو تو اپ کو ڈسپلے ویزول ہونے میں تھوڑا سا دقت کرتا ہے اینڈ اس کو جو ریفریش ریٹ ہے یہ اچھے سے دوستوں ڈے ٹوڈے یوز میں فیل ہوتا ہے باقی اس میں اپ کو 5,000 کی بیٹری لگی مل جاتی ہے اگر اپ نارمل یوزر ہو ایک دن کا بچہ ایزیلی نکال کر دے دے گا اور 33 ووٹ کے فاسٹ چارجر کے ساتھ اتا ہے فون تو اگر اپ اسے زیرو ٹو فل چارج کرنے جاؤ تو یہ فون بھائی ایک گھنٹہ 24 منٹ لگاتا ہے زیرو ٹو فل چارج ہونے",5,12,"[5, 9, 11, 15, 17]","[3, 5, 8, 8, 12, 22, 26, 29, 32, 47, 48, 58]",0,71,4,0,41,"(0, 57.74647887323944)","[0, 0, 0, 0, 0]","[1, 9, 0, 0, 0, 0, 9, 0, 0, 0, 0]"
39.68,203 (53).wav,یہ والا فون ریڈمی کا پہلا بازہ فون ہے جس میں اپ کو ہائپر اویس ملتا ہے اور یہ فون دوستو اؤٹ اف دی ورک اینڈرائیڈ 14 کے ساتھ اتا ہے پیسہ مطلب کنفیوز مت ہونا کہ ہائپر اویس ہے تو کافی کچھ چینجز دیکھنے کو ملے گا میں نے نوٹس کروائی کافی سارے پرنسپل اپلیکیشن اتے ہیں جن کو اپ ایزیلی ان انسٹال کرسکتے ہو وہ نہیں ملا,1,3,[39],"[24, 30, 36]",0,39,0,2,16,"(0, 41.02564102564102)",[9],"[0, 0, 0]"
50.27,203 (54).wav,اچھا پھر فارمیس کی بات کرتے ہیں تو اس میں اپ کو اسنیپ ڈریگن 42 اے ای کا پروسیسر مل جاتا ہے اور یہاں بھی اس کی میں نے تو اس کو نکالی تھی 4 لاکھ کے پلس اس کے اندر تو اسکور نکل کے اتی ہے یہاں پے میں نے بینچ مارک بھی رن کرا دوستو بینچ مارک کر پھر اس کو اپ دیکھ سکتے ہیں ڈراپ دیکھنے کو ملا تو میں اس کو بالکل بھی گیمنگ کے لیے ایسا اگر اپ نارمل گیمنگ کرنا چاہو نہ تو پھر اپ ایزیلی کر پاؤ گے یہاں پہ دوستوں یہ فون ہیٹ بھی ہوتا ہے اگر اپ گیمنگ کرتے ہو تو گیمنگ کے دوران یہ فون ہیٹ بھی ہو جاتا ہے ویسے اس کی گیمنگ ٹیسٹنگ دیکھنی ہو تو ڈسکرپشن چیک کر لینا اپ کو ویڈیو مل جائے,2,3,"[28, 32]","[0, 14, 34]",0,50,3,4,18,"(0, 36.0)","[0, 0]","[0, 0, 9]"
43.0,203 (55).wav,2.2 کی اسٹوریج ہے اپ اوپننگ ایپ کلوزنگ اچھی ہے دوستوں ایون ریمن بھی اچھی ہے کافی ٹائم تک اپلیکیشن کو ریم میں رکھ پاتا ہے باقی کیمرہ سے 8 میگا پکسل کا پرائمری سنسر ہے اور 13 میگا پکسل کا اپ کو سیلفی کیمرہ مل جاتا ہے کچھ میجر ڈفرنٹ دیکھنے کو نہیں ملتا ہے ایسا فوٹو میں بڑھ جاتی ہے لیکن ایسا میوزک ڈفرنٹ نکل کر نہیں اتا ہے اور فوٹوز اچھی اتی ہے کلرز وغیرہ اچھے دیکھنے کو ملتے ہیں تو لائٹ کنٹرول بھی کافی اچھی کر لیتا ہے حالانکہ بیک گراؤنڈ میں زیادہ ہارس کل لائٹ ہو تو فیس کو تھوڑا سا ڈارک کر دیتا ہے دوستوں,4,7,"[21, 24, 27, 38]","[3, 6, 7, 29, 31, 34, 34]",0,42,5,6,16,"(0, 38.095238095238095)","[0, 0, 0, 0]","[0, 9, 0, 0, 0, 0]"
59.35,203 (56).wav,"باقی سیلفی کیمرہ سے ہم نے فوٹو نکالی تھی یہاں پے بھی فوٹوز اچھی اتی ہے کلرز میں اگر اپ کو اچھے دیکھنے کو ملیں گے تھوڑی سی کم ہو جاتی ہے بٹ بھائی جو اوور ال فوٹو نکلتی ہے یہ اپ کو اچھی لگے گی یہ کیسے یہ ویڈیو ریکارڈ کر رہا ہے یہ تھوڑا سا ڈیل بریکر ہو سکتا ہے اور لمبائی یہاں پہ دیکھو میں نے اس کی ابھی پرائز دیکھی جو 6 128 ہے اس کے لیے بھائی اپ کو الموسٹ 14,000 کرنا پڑے گا اور جو 828 ہے اس کے لیے بھائی اپ کو الموسٹ 15,000 پے کرنا پڑ جائے گا تو اتنے میں بھائی میرے کو لگتا ہے کہ 1080 p.m.",1,3,[15],"[7, 11, 22]",0,59,3,2,46,"(0, 77.96610169491525)",[0],"[0, 0, 0]"
49.23,203 (57).wav,"یہ جو ریڈمی 125 تھا اس سے کوئی زیادہ گریٹ نہیں کیا گیا بھائی دیکھو میں نے اس چینل پہ بھائی ریڈمی 125 جی کی بھی ویڈیو دی ہے اپ کو اور ابھی 135 جی کی ویڈیو دی ہے تو میرے کو پتہ ہے کہ بھائی اس میں کیا دیا گیا تھا اور اس میں کیا دیا گیا تھا بس بھائی یہاں پہ یہ لوگ اپنا برانڈ ولیوں کے اوپر فون کو سیل کر رہے ہیں لیکن بھائی اگر اپ 14,000 یا 15,000 دے دو نا تو پھر میں اپ کو ریکمنڈ نہیں کروں گا تاکہ اپ اپنی رائے بتانا دوستوں کو کیا لگتا ہے اس والی فون کے بارے میں دیکھو میرے کو جو اچھا لگا میں نے اپ کو کلیئر کٹ سب کچھ بتا دیا بھائی ہو ویڈیو میں کچھ بھی اچھا لگا ہو بھائی تو ویڈیو کو لائک کر دو چینل کو سبسکرائب کر لو اور بھائی بیل نوٹیفیکیشن کو ال پہ رکھنا چلو ملتے ہیں پھر سے کسی اور ایسے ویڈیو میں تب تک کے لئے بائے",5,6,"[3, 3, 22, 27, 29]","[20, 21, 26, 33, 39, 42]",0,49,2,3,38,"(0, 77.55102040816327)","[0, 9, 0, 0]","[9, 9, 9, 0, 0, 0]"
31.88,203 (58).wav,کیسے ہو اپ سب دیر یہی ہمارے پاس انفنکس ہاٹ 40 ائی ہے اور اس والی فون کو میں پچھلے 15 دنوں سے یوز کر رہا ہوں اج کی اس ویڈیو میں بتاتا ہوں کس طریقے یہ فون ہے کیا چیزیں اپ کو اچھی ملتی ہے کیا چیزیں خراب ملتی ہے اور کیا اپ کو یہ والا فون لینا چاہیے یا پھر نہیں لینا چاہیے اور انفنکس والے جیسا چیف چلا کے کہہ رہے نہ کہ اس میں 8 جی بی ریم ہے 256 جی بی کی سٹوریج ہے 32 میں کا پکسل کا سیلفی کیمرہ ہے لیکن ریئلیٹی کچھ اور ہے بھائی بتاتے ہیں سب کچھ ابھی تک اپ نے لائک نہیں کررہا ہے تو لائک کر دو بھائی اور چینل کو سبسکرائب کر لینا بیل نوٹیفیکیشن کو ال پے,6,2,"[1, 12, 15, 18, 24, 27]","[11, 30]",2,31,1,21,5,"(2, 67.74193548387096)","[0, 0, 0, 0, 0, 0]","[0, 0]"
66.15,203 (59).wav,اب دوستو اس والے فون کو جو لانچ کیا گیا ہے 949 رز میں اب یہاں پہ دوستوں اس والی فون کا ڈیزائن دیکھو ڈیزائن دوستوں اچھا ہے کہیں سے بھی نہیں لگتا کہ یہ فون بجٹ رینج والا فون ہے بھائی بڑا سا کیمرہ موڈیول دیا ہوا ہے جو بھی کافی اٹریکٹیو لگتا ہے اینڈ جو بیک ہے نا یہ سائنگ بیک ہے دوستوں تو ون ہینڈ یوز پے کمفرٹیبل بھی نہیں ہوتا ہے نیچے کے سائیڈ میں اپ کو سارے بٹن مل جائیں گے حالانکہ اس میں اپ کو ایسا دیا ہوا ہے جہاں دونوں لگتی ہے دوستوں تو تھوڑی سی اچھی کوالٹی کا ان لوگوں کو اسپیکر دینا چاہیے تھا اور فنگر پرنٹ ہے جو کہ ہر بار اچھے سے کام کر جاتا ہے باقی اس والے فون میں اپ کو ایک سکس پوائنٹ سکس انچ کی ایچ ڈی پلس نائنٹی ہاٹس والی ڈسپلے مل جاتی ہے باقی اچھی بات یہ ہے کہ اگر اپ کو کافی کم دیکھنے کو ملتا ہے کو سپورٹ کرتا ہے,4,10,"[13, 29, 49, 63]","[11, 19, 20, 37, 41, 48, 56, 59, 63, 65]",0,66,0,17,23,"(0, 34.84848484848485)","[0, 0, 0, 0]","[0, 0, 9, 0, 0, 0, 0, 0, 0, 0]"
34.23,203 (60).wav,ڈسپلے کے کلرس وغیرہ اچھے ہیں دوستوں ملٹی میڈیا کنزیوم کروگے کلر سب کو اچھے دیکھنے کو ملیں گے ڈسپلے اتنا زیادہ برائٹ نہیں ہے دوستوں ہارٹس لائٹ میں اپ اسے یوز نہیں کر پاؤ گے اور اس کے ڈسپلے پر کون سا پروڈکشن ہے یہ بھی برینڈ نے نہیں بتایا ہے تو یہاں پہ ایزیلی چلا جاتا ہے تو 2 گھنٹے کا ٹائم لگ جاتا ہے اس والی فون کو زیرو ٹو فل چارج ہونے,4,5,"[10, 11, 15, 23]","[2, 5, 7, 10, 25]",0,34,0,10,13,"(0, 38.23529411764706)","[0, 0, 0, 0]","[0, 0, 0, 0, 1]"
25.15,203 (61).wav,اب یہ جو فون ہے اٹو دی باکس اینڈرائیڈ 13 کے ساتھ دیکھنے کو ملے گا اپ کو دیکھو یو ائی میں میرے کو کوئی بھی بھاگ یا پھر جیٹا وغیرہ دیکھنے کو نہیں ملے ہیں لیکن اپ کو کم دیکھنے کو ملے گا دوستوں اور اپ ڈیٹ وغیرہ کبھی نہیں بتایا ان لوگوں کی اپ ڈیٹ دیں گے یا پھر نہیں دیں گے اور اس میں,5,0,"[13, 14, 15, 19, 23]",[],0,25,0,2,10,"(0, 40.0)","[0, 9, 0, 0, 0]",[]
35.2,203 (62).wav,اس کی پرفارمنس کی بات کرے تو اس میں اپ کو یونی ساکس کا ٹی زیرو سکس زیرو کا پروسیسر لگاؤ مل جاتا ہے اب اس کے اندر تو اس کو نکالو گے تو اس کو نکل کے اتی ہے تو نارمل سی گیمنگ یہ اپ کو اسانی سے کرا دے گا,0,0,[],[],2,35,1,10,7,"(2, 28.57142857142857)",[],[]
25.57,203 (63).wav,فون میں ایک چیز کافی اچھا ہے کہ یہ جو فون ہے فزیکلی 8 زیبی کی رہا ہے اور 256 جی بی کی اسٹوریج کے ساتھ اتا ہے تو اسٹوریج بھائی اپ کو کافی تگڑی مل رہی ہے اور 8 جی بی کس میں رہنے دے رکھی ہے نہ تو اپ 8 جی بی بڑھا بھی سکتے ہو 16 جی بی گرام ہو جاتی ہے اور یہ لوگ کیا کرتے ہیں ایمیزون فلپ سیدھا سیدھا چیک,3,3,"[1, 16, 16]","[2, 2, 11]",2,25,2,15,5,"(2, 60.0)","[0, 0]","[0, 0]"
44.19,203 (64).wav,اس والی فون کی کیمرہ اس کی بات کردینا 250 مہک کا پکسل کا پرائمری سینسر دیا ہوا ہے دوستوں اور 25 میں دیا ہوا ہے ایسا مطلب ہے اس لئے دیا ہوا ہے اور 32 میں کا پکسل کا اپ کو سیلفی کیمرہ مل جاتا ہے اب دیکھو میں نے فوٹوز نکالی تھی بھائی فوٹوس کے کلر اچھے اتے ہیں بٹ اس کی جو سیلفی کیمرہ بول رہی ہے یہ 32 میک اپ ایکسل کا سیلفی کیمرہ ہے بھائی اس میں کیوں کہ ویسے ہی فوٹو یہ لیتا ہی نہیں ہے بھائی اور دونوں ہی سے اور یہاں پہ اپ ویڈیوز دیکھ سکتے ہو کہ یہ ویڈیو کیسے ریکارڈ کرتا ہے,1,5,[36],"[7, 10, 13, 23, 30]",0,44,7,8,23,"(0, 52.27272727272727)",[0],"[0, 0, 0, 0, 0]"
23.41,203 (65).wav,یہاں پہ کیمرہ میں لک گیمنگ کر رہے بھائی ایسا یہاں پے میگا پکسل دیا گیا ہے ویسے ہی فوٹو نہیں اتی ہے باقی بھائی یہ جو فون ہے 4g فون ہے اور اس میں میرے کو 4g پلس کا سپورٹ دیکھنے کو نہیں ملا میں نے کال ویدر لیا تھا کالنگ کے دوران کوئی پرابلم نہیں ہوتا دوستوں اچھے سے اواز جاتا ہے اچھے سے,4,4,"[7, 16, 20, 20]","[14, 15, 21, 23]",2,23,2,12,6,"(2, 52.17391304347826)","[0, 0, 0]","[0, 0, 9, 1]"
59.72,203 (66).wav,تو اپرول دیکھا جائے تو اس والے فون کی جو پرائز ہے 9:30 رز ہے تو یہاں پے بھائی اپ اس والی فون کی طرف کس چیز کے لیے جانا چاہو گے مطلب ایک اسٹوریج کے لئے اور 32 میکا پکسل کے کیمرے کے لیے کیونکہ باقی ساری چیزوں میں تو اپ کو کمپرومائز کرنا پڑے گا اگر اپ اس کو لینے کی سوچ رہے ہو تو کیوں کہ بھائی اپ کو دس ہزار کے پرائز پے 5g فون مل جائے گا بھائی اس سے اچھی اسپیسی ریکوائرمنٹ ہو تو پھر اور بھی بہت سارے فون ہیں مارکیٹ میں ویڈیو میں کوئی فون نہیں بتاؤں گا کہ بھائی لے رہے ہو اور اگلے کو پروموٹ کر رہے ہو تو انسٹا پہ اجاؤ وہاں پے باتیں کرتے ہیں تاکہ اس ویڈیو میں کچھ بھی اچھا لگا ہو تو ویڈیو کو لائک کر دو چینل کو سبسکرائب کرلو اور پھر سے کسی اور ایسے ویڈیو میں تب تک کے لئے بائے بائے میرے بھائی,2,4,"[10, 38]","[32, 42, 49, 53]",2,59,5,32,18,"(2, 54.23728813559322)","[0, 0]","[1, 0, 9, 0]"
41.29,203 (67).wav,بھائی اج کی اس ویڈیو کے اندر میں ایک نیا موبائل نہیں بلکہ ایک نئی سیریز لے کر اپ لوگوں کے پاس حاضر ہوا ہوں اور یہ موبائل فون ہے ریئل می کی طرف سے اب رئیل می کی ایک نئی سیریز ا رہی ہے اس کے بارے میں بہت زیادہ ڈسکشنز ہو رہی تھی اور مجھے بھی ریلمی والوں نے بتایا کہ ہماری ایک نئی سیریز ا رہی ہے بٹ فائنلی ویب سیریز اور یہ نوٹ سیریز اور یہ جو موبائل فون ہے یہ بجٹ سیگمنٹ کے اندر پاکستانی مارکیٹ میں لانچ ہوا ہے اس کا مطلب یہ ہے کہ یہ میسج کو ٹارگٹ ڈیوائس ہے اور میں اگے بڑھنے سے پہلے یہ بات بتا دوں کہ جس پرائس رینج کے اندر یہ موبائل فون لانچ ہوا ہے اس پرائس رینج کے اندر اس موبائل فون کا ڈیزائن اور اس موبائل فون کے ہائی لائٹ بالکل بھی میچ نہیں کرتے لیکن بہت زیادہ انٹرسٹنگ چیزوں کے ساتھ اتا ہے,7,3,"[3, 3, 13, 38, 39, 39, 40]","[6, 24, 33]",2,41,2,28,4,"(2, 68.29268292682927)","[9, 0, 9, 0, 0]","[0, 9, 0]"
42.12,203 (68).wav,ایک بار پھر کا پرائز ٹیگ ہے 2349 رز اور 2349 کے اندر اپ کو یہ جو موبائل فون دیکھنے کو ملتا ہے اس کے ڈبے کے اوپر اپ دیکھ سکتے ہیں نوٹ 50 لکھا ہوا ہے لیکن اس سے بھی زیادہ امپورٹنٹ ہے یہ اسٹیکر جو کہ سائیڈ پر لگا ہوا ہے جو بتا رہا ہے کہ یہ موبائل فون اتا ہے 24 مہینے کی وارنٹی کے ساتھ اب میں یہاں پر یہ بات بھی ایڈ کر دوں کہ اس سے پہلے بھی ہم نے تھوڑی بہت لمبی وارنٹیز دیکھی ہے بٹ جب بھی کمپنی نے لمبی وارنٹی دی ہے تو پہلا سال وارنٹی ہوتی ہے اور اس کے بعد سافٹ ویئر اپ ڈیٹس کی گارنٹی دی جا رہی ہوتی ہے اور اس کو اینٹی کہاں جا رہا ہوتا ہے بٹ یہاں پر اپ کو 24 منتھ کی افیشل وارنٹی مل رہی ہے جو کہ افٹر سیلز وارنٹی بھی ہے جس کا مطلب یہ ہے کہ موبائل فون کے اندر اگر کوئی فزیکل مسئلہ بھی اتا ہے تو اپ کے پاس جو وارنٹی ہے وہ موجود ہے,4,3,"[9, 10, 30, 39]","[7, 9, 12]",2,42,2,24,5,"(2, 57.14285714285714)","[0, 0, 0, 9]","[0, 0, 0]"
55.91,203 (69).wav,یہاں پر یہ جو نوٹ 50 سیریز کی ڈیوائس ہے اس کا ڈبہ کافی ہے دوسرے فون جیسا ہی ہے بیک سائیڈ پر اگر اپ ہائی لائٹس کی بات کرتے ہیں تو مین ڈسپلے کی بات کی گئی ہے جو کہ 6.4 انچس کا ہے 7.9 ملی میٹر الٹرا تھین یہاں پر ڈیزائن دیا گیا ہے تیرا میگا پکسل کا جو کیمرہ سیٹ اپ ہے وہ موجود ہے یہ 4gb والا ہائی لائٹ یہ ہے کہ یہ موبائل فون اپ کو 24 مہینے کی وارنٹی پرووائڈ کر دیتا ہے بٹ اس سے بھی زیادہ انٹرسٹنگ بات یہ ہے کہ اس موبائل فون کے اندر جو ڈیزائن لینگویج رکھی گئی ہے وہ بڑی انٹرسٹنگ ہے میں اپ کو دکھاتا ہوں سب سے پہلے تو اپ کو مل جاتی ہے اس موبائل فون کے اندر اس کے علاوہ اس موبائل کے اندر اپ کو کیس بھی دیکھنے کو مل رہا ہے جو کہ کافی خوبصورت لوگ جو ہے وہ پروائڈ کر رہا ہے اور کافی اچھی کوالٹی کا کیس ہے اور اس کے بعد اپ کو اپ کی ڈیوائس دیکھنے کو مل جاتی ہے ڈیوائس کی طرف ہم بعد میں ائیں گے کیونکہ ڈیوائس کا ڈیزائن کافی انٹرسٹنگ,2,6,"[27, 31]","[4, 43, 44, 46, 47, 56]",2,55,1,23,2,"(2, 41.81818181818181)","[0, 0]","[0, 0, 1, 0, 9, 0]"
26.59,203 (70).wav,بوکسر کا چارجر دیکھنے کو مل جاتا ہے جو کہ ائی ایم ہیومن کے 10 واٹ کا چارجر ہوگا ہم چیک بھی اور ویریفائی بھی کر لیتے ہیں کافی چھوٹا کرکے مینشن کیا گیا ہے لیکن یہ دس واٹ کا چارجر ہی ہے اور یہاں پر اپ کو ٹائپ اے ٹو ٹائپ سی کیبل جو ہے وہ دیکھنے کو مل جاتی ہے یہاں پر بھی کیبل میڈ ان چائنا لکھا ہوا ہے تو یہ جو کیبل ہے یہ چائنا سے ا رہی ہے اب یہ بڑا ضروری,2,2,"[9, 11]","[9, 22]",2,26,6,9,3,"(2, 34.61538461538461)","[0, 0]","[0, 0]"
57.31,203 (71).wav,موبائل فون از میڈ ان پاکستان اور یہی وجہ ہے کہ اس موبائل فون کا یہ ریٹ ہے کیونکہ اگر اپ اس موبائل فون کے ڈیزائن کی بات کرتے ہیں تو بھائی یس دیس لوگ اور رئیل می کا جو سی 51 ہے جو کہ ائی تھنک 4000 کی رینج کی ڈیوائس تھی اس موبائل فون کا اور اس کا ڈیزائن ایگزیکٹلی سملر ہے اور یہ موبائل فون 23500 کے پرائز پیک میں ا رہا ہے اور جب اپ اس کے اوپر کھینچتے ہیں لیکن یہ چیک کریں یہ اس طرح بات کر رہا تھا اپ کہیں گے بھائی کیمرہ سیٹ ملتا ہے اور تیسرے کیمرے کی جگہ اپ کو اپ کی ایل ای ڈی فلیش دیکھنے کو مل رہی ہے اس کے بارے میں یہ بتایا ہے کہ اس موبائل فون کو بہت بار پھینک کر دیکھا گیا ہے اور یہی وجہ ہے کہ موبائل فون کی 48 منتھ کی وارنٹی کی موبائل فون کو نہ صرف اپ فزیکلی خراب نہیں کر پائیں گے بلکہ انٹرنیٹ بھی یہ موبائل فون اپ کو کافی اچھی پرفارمنس پرواز کرنے والا ہے,5,3,"[27, 50, 50, 51, 52]","[26, 55, 56]",2,57,8,23,9,"(2, 40.35087719298245)","[0, 0, 0, 0]","[0, 0, 0]"
51.2,203 (72).wav,"اس موبائل فون کے اندر جو چپ سیٹ لگایا گیا ہے وہ یونی سانپ کا چپ سیٹ ہے اب اس رینج کے اندر ہمیں سکس ملتا ہے یہاں پر اپ کو یونی ساکس 6 16 مل رہا ہے جو کہ کافی پاورفل پروسیسر ہے اور 25 لاکھ کے قریب کا اسکور دیتا ہے اور یہ اسکور صرف یہاں تک نہیں ہے اگر اپ پبگ پرفارمنس کی بات کرتے ہیں تو سموتھ بیلنس دیکھنے کو مل جاتا ہے میں ریفرنس کے لیے بتا دیتا ہوں کہ 30,000 کی رینج کی موبائل فونز بھیجوا رہے ہیں ان کے اندر بھی اکثر اپ کو یہ پرفارمنس دیکھنے کو نہیں ملتی تو انٹرنل پرفارمنس بھی اس موبائل فون کی بہت زیادہ سولڈ ہے اور ہماری ڈیٹ ٹو ڈے یوز کے اندر بھی یہ موبائل فون کافی زیادہ فلوئیڈ فیل ہوتا ہے ایک اور چیز جو کہ ایڈ کرنا بہت زیادہ ضروری ہے وہ یہ ہے کہ اس موبائل فون کے اندر اپ کو 90 ہرٹز کا ریفریش ریٹ بھی دیکھنے کو مل جاتا ہے کہ یہ موبائل فون 23000 500 کی رینج میں ارہا ہے اور اس لحاظ سے یہ موبائل فون بہت زیادہ منی جو ہے وہ پروائڈ کر دیتا ہے",8,5,"[15, 16, 27, 30, 34, 36, 38, 49]","[11, 19, 34, 42, 49]",2,51,6,20,7,"(2, 39.21568627450981)","[0, 0, 0, 0, 0, 0, 0, 0]","[0, 9, 0, 0, 0]"
65.32,203 (73).wav,ایک اور چیز جو کہ اج کل بہت زیادہ ضروری ہے کہ یہ موبائل فون جو سافٹ ویئر ورژن کے ساتھ ا رہا ہے وہ اینڈرائیڈ 13 ہے بٹ اس موبائل فون کے اندر ریلمی کے جو لیٹیسٹ فیچرز ہیں وہ موجود ہیں جن کے اندر سب سے بڑا ہے اس کا منی کیپسول کا فیچر جو کہ بیسیکلی اپ کے نوٹیفیکیشن کو یہاں اوپر اپ کو دیتا ہے اور اس کے تھرو اپ کو ڈفرنٹ چیزیں ملتی رہتی ہیں تو موبائل فون چارجنگ کے دوران بھی یہاں پر نوٹیفیکیشن دے گا جب اس کی بیٹری نیچے والی سائیڈ پر چلی جاتی ہے تو یہ ریڈ بھی ہو جاتا ہے جب یہ موبائل فون یوز کر رہے ہیں اور اپ کوئی بھی سافٹ ویئر ریلمی کی یوز کر رہے ہیں تو اس کے اندر بھی یہ ڈفرنٹ جگہ پر کبھی اورنج ہو جاتا ہے کبھی ریڈ ہوجاتا ہے تو یہ نوٹیفیکیشن دینے کا ایک نیا انداز دیا گیا ہے جس طرح نتھنگ کے فون کے بیک سائیڈ پے تھانہ نوٹیفیکیشن کے لئے یہاں پر یہ منی کیپسول میں دے دیا گیا ہے اور مجھے جو حیرانگی ہے وہ یہ ہے کہ اتنے زیادہ فیچر ایک ایسے موبائل فون کے اندر دیے جارہے ہیں جو کہ 23 500 کا ہے ایسا نہیں ہے کہ فیچر نہیں جب بھی کوئی نئی چیز لے کر ائی جاتی ہے جیسے یہ 24 منتھ کی وارنٹی ہے یہ سب کچھ ہائیر اینڈ ڈیوائسز کے اندر پہلے اتا ہے اور بعد میں نیچے ملتا ہے بٹ یہاں پر اپ کو یہ اؤٹ اف دا بوکس ٹریٹ اپ اس موبائل فون کے اوپر دیکھنے کو مل رہا ہے,7,5,"[1, 2, 37, 47, 51, 52, 53]","[13, 16, 42, 54, 64]",2,65,2,36,14,"(2, 55.38461538461539)","[0, 0, 0, 9, 0, 0, 0]","[0, 9, 0, 1, 0]"
59.51,203 (74).wav,کون سی جو کہ موبائل فون کی ریلیٹڈ کافی انٹرسٹنگ ہے اور میں ایکسپیکٹ نہیں کر رہا تھا وہ یہ ہے کہ یہ موبائل فون ڈبل ہونے کے ساتھ ساتھ اپ کو ائی پی 54 واٹر ریزسٹنس بھی پروائڈ کرتا ہے بیسیکلی مینز کہ یہ پاکستانی مارکیٹ کا پہلا موبائل فون ہے جو کہ اپ کو 24 مہینے کی وارنٹی دے رہا ہے یہ پاکستانی مارکیٹ کا پہلا موبائل فون ہے اس رینج کے اندر جو ہائی لائٹس ہیں وہ بھی کافی انٹرسٹنگ ہے فار ایکزیمپل اگر اپ اس کے کیمراز کی بات کرتے ہیں تو اس رینج کے اندر اپ کوئی بھی موبائل فون اٹھا کے دیکھ لیں وہ 8 میگا پکسل کا کیمرہ بیک پے اور 5 کرتا ہے اس موبائل فون کا فرنٹ کیمرہ 5 میگا پکسل کا ہے لیکن اس کے بیک سائیڈ پر اپ کو مین کیمرہ میگا پکسل کا دیکھنے کو ملتا ہے اور ہماری اس پرائس رینج کے حساب سے دس از دا بیسٹ کیمرہ جو کہ اپ کسی بھی موبائل فون کے اندر خرید سکتے ہیں اب میں یہ نہیں کہہ رہا کہ بھائی یہ موبائل فون کو بیٹ کر دے گا ایسا بالکل نہیں ہے جو ہم نے دیکھا ہے یہاں پر فرنٹ اور بیک دونوں میں امپورٹڈ موڈ بھی دیکھنے کو مل جاتا ہے اور,5,3,"[4, 37, 49, 53, 53]","[2, 23, 45]",2,59,5,30,14,"(2, 50.847457627118644)","[0, 0, 0, 0]","[0, 0, 0]"
56.91,203 (75).wav,یہ ضرور کہنا چاہوں گا کہ اس موبائل فون کی جو سینسرز ہیں وہ اتنے زیادہ اسٹرانگ نہیں ہے یہ بات میں کلیئر کر دوں کہ موبائل فون کے اندر جو سینسر لگائے گئے ہیں وہ اسٹرانگ نہیں ہے بٹ دیس از ا ریلمی فون اور اس کی وجہ سے اپ کو جو موبائل فون ہے اس کی پروسیسنگ بہتر دیکھنے کو ملتی ہے اور بہت زیادہ اس طرح سے کام نہیں کرتا جس طرح نارمل نیٹورک کرتی ہیں یہ وہ والا کام کرتا ہے جو کچھ ٹائم پہلے ہوتا تھا کہ زیادہ دیر ایکسپوزر دے دیتا ہے تصویر کو تو وہ والا کام کرتا ہے وہ یہ ہے کہ اس کا جو پورٹریٹ موڈ ہے تو اکثر اوقات اپ کو جو ایج ڈیٹیکشن ہے اس کے مسئلے ضرور اسٹیز کرنے میں اتے ہیں فیچرز ہوتے ہیں وہ موجود ہیں جو کسی بھی موبائل فون کے اندر ڈال دیں تو وہ جو کلرز ہیں وہ بہت بہتر کر دیتا ہے بٹ میرے حساب سے جو اس کے اپنے کلرز ہیں وہ بھی کافی اچھے ہیں بٹ پورٹریٹ موڈ کی جو ایکوریسی ہے وہ بہتر ہو سکتی تھی,10,5,"[5, 5, 12, 20, 22, 22, 25, 28, 29, 32]","[18, 48, 53, 53, 56]",2,56,4,40,8,"(2, 71.42857142857143)","[0, 0, 0, 0, 0, 0, 0, 0]","[0, 0, 0, 0]"
32.51,203 (76).wav,"ارے بھائی باقی اگر بات کرتے ہیں مینائی ہائی لائٹس کی دبائی 5,000 ایم ایچ کی بیٹری لگائی گئی ہے 10 واٹ کی چارجنگ اس موبائل فون کے اندر دیکھنے کو مل جاتی ہے اس کے علاوہ ہم ذرا اس کی سم سچویشن ابھی پاکستانی مارکیٹ کے اندر لانچ ہو رہا ہے وہ 64 میموری کارڈ کے میموری ہے وہ یہ ہے کہ اس کے سائیڈ پر جو فنگر پر اسکینر ہے وہ بھی کافی تیز ہے میں نے اس کی زیادہ ڈیٹیلز نہیں تو اپ کو اس سائیڈ سے بھی مسئلہ نہیں انے والا",5,1,"[26, 28, 29, 31, 32]",[26],2,32,0,16,4,"(2, 50.0)","[0, 0, 0, 0, 0]",[0]
47.28,203 (77).wav,اوور والا اگر اپ اس بات اس فون کے بارے میں مجھ سے پوچھتے ہیں تو میں یہ کہوں گا کہ رئیل می نے بہت زیادہ سرپرائز کیا ہے جس کے بارے میں میں کہوں کہ بھائی اپنے پرائز رینج کے اندر یہ سب سے زیادہ اولی فون منی ڈیوائس دے رہے ہیں نیچے والی سائیڈ پر ہی ہوتا ہے ویلیو فری مطلب اچھی والی دیتا ہے پرائز میں نیچے ہی ہوتا ہے بٹ کبھی بھی سب سے اچھی پرائسنگ نہیں دی ہمیشہ یہ نہ سیکنڈ یا تھرڈ نمبر پے ہوتا ہے بٹ اس بار ریلمی میرے خیال سے جذباتی ہوگئی ہے اور یہی وجہ ہے کہ ہمیں یہ ڈیزائن اتنے اچھے پرائس رینج کے اندر دیکھنے کو مل رہا ہے مجھے حیرانگی ہو رہی ہے کیتنا ملتا ہے تو اپ لوگ مجھے بتائیں کہ اس موبائل فون کے ریلیٹڈ اپ کی کیا اوپینین ہے میں ویٹ کروں گا اپ لوگوں کی اوپینین کا چل پڑے ہیں سبسکرایب کر لیجئے گا ویڈیو کو لائک کر دیجئے گا اور شیئر کر دیجئے گا,4,4,"[7, 13, 22, 23]","[13, 18, 22, 31]",2,47,2,28,7,"(2, 59.57446808510638)","[0, 0, 0, 0]","[0, 0, 0, 0]"
51.59,203 (96).wav,نہیں اگر اپ اتنا پیک کر رہی ہو تو اس پریس پورٹ میں اپ کو اس سے بھی اچھے پروسیسر والے سمارٹ فون دیکھنے کو مل جائیں گے پرو پلس اور ہم نے ریسنٹ اپ کو ریلمی الیون پرو 5g پر ویڈیو دی تھی اینڈ کی اس ویڈیو میں ہم اپ کو پلس 5 کے بارے میں بتانے والے کافی ضروری ہے بھائی کیوں کہ دیکھو سبھی فون پرفیکٹ نہیں ہوتے ہیں اور یوتوب پہ جتنی بھی ویڈیو ہے بھائی میں ایسا سبھی ویڈیو کو نہیں جج کر رہا ہوں لیکن بھائی موسٹلی ویڈیو پر موشنل ہوتی ہے تو وہ لوگ کھل کے بھی نہیں بتاتے اپ ان لوگوں کی بھی مجبوری ہے لیکن ہم اپ کو اپنے لئے بتائیں گے سب کچھ کھل کر بتائیں گے تو چلیے شروع کرتے ہیں اس سے پہلے بھائی ویڈیو کو لائک کر دو 500 کا ٹارگٹ سیٹ کر دیں ائی ہوپ اپ پورا کر دو گے تو چلو,7,5,"[0, 23, 28, 30, 35, 37, 38]","[6, 10, 18, 20, 23]",2,51,3,31,6,"(2, 60.78431372549019)","[0, 0, 0, 0, 0, 0, 0]","[0, 0, 0, 0, 0]"
73.0,203 (97).wav,ان باکسنگ دیکھ لی ہوگی بات کرتے ہیں اس کی ڈیزائن سے ڈیزائن دیکھو فون کا کافی بہن کار ہے بھائی یہاں پے ریلمے اس بار بالکل ہی چینج کر دیا بھائی پریویس جنریشن دیکھو نہ اپ ریلمی کا 10 سیریز ہو تو وہاں سے بھائی اس بار ڈیزائن میں کافی کچھ یا ہمیں چینجز کرے گئے ہیں اور اس کی بیک پے اپ کو ویگن لیدر دیکھنے کو مل جاتا ہے حالانکہ ٹائم تو میں اپ کو کہوں گا کہ بھائی پلاسٹک لیمنیشن کرا دینا اس کے بعد دیکھنے کو مل جاتا ہے میرے خیال سے اس کی اسپیکر کی اور ڈسپلے فنگر پرنٹ دیا ہوا ہے جو کہ ہر بار اچھے سے کام کر جاتا ہے ڈے ٹو ڈے اس میں اپ کو پروبلم دیکھنے کو نہیں ملے گا اور اس میں اپ کو ایک 6.7 انچ کی فل ایچ ڈی پلس ڈسپلے لگی ہوئی مل جاتی ہے جو کہ ایچ ڈی وا 10 پلس کو سپورٹ کرتا ہے اور وہاں پہ اپ کو ڈسپلے کے کلرز وغیرہ کافی اچھے دیکھنے کو ملتا ہے جو ملٹی میڈیا ایکسپرینس ہے نہ چلی جاتی ہے اب اس میں اپ کو 950 کی پیک برائٹنیس دیکھنے کو ملتی ہے,5,9,"[10, 13, 42, 48, 67]","[6, 19, 39, 42, 53, 58, 59, 63, 63]",2,72,4,25,8,"(2, 34.72222222222222)","[0, 0, 9, 0, 0]","[0, 9, 9, 0, 0, 0, 0, 0]"
63.34,203 (98).wav,"120 ہوٹس کا ریفریش ریٹ بھی دیا ہوا ہے جو کہ ڈے ٹو ڈے یوز میں اسکرولنگ وغیرہ میں یہ فیل ہوتا ہے اب اگر بات کرتے ہیں اس کی بیٹری کی تو اس میں اپ کو 5,000 ایم ایچ کی بیٹری لگی ہو مل جاتی ہے اور یہ فون 100 کے فاسٹ چارجر کے ساتھ اتا ہے اب دیکھو بھائی یہاں پہ اپ کو بیک اپ وغیرہ دیکھنے کو مل جائے گا اب یہاں پہ میں ڈس اپوائنٹ ہوں وہ اس لیے کہ بھائی اتنا پیسہ لے رہی ہے لوگ اور اتنا زیادہ اس میں پلاٹ بھی ہے اور اتنا زیادہ کچرا ہے اتنا زیادہ ریکمنڈیشن کی پوچھو ہی مت بھائی سر دکھ گیا میرے کو اس میپ سے نکالتا ہے باقی اپ ہاٹ ایپ ہاٹ گیم وغیرہ کو یوز کرنا چاہو اس کو رکھنا جس کو یوز کرنا نہ چاہو اس کو اپ ڈیلیٹ کر دینا اس کے بعد اپ کو اپنے من مطابق والا ایکسپریس دیکھنے کو ملے گا نہیں تو باہر ریلمی والے کے کنٹرول میں ابھی اس کا ہوا ہے بہت زیادہ یہ لوگ کام کرواتے ہیں اور 3 سال کا سیکیورٹی پیچ اپ ڈیٹ کا بھی پرومس",10,3,"[26, 31, 32, 33, 35, 37, 46, 53, 58, 59]","[1, 3, 57]",2,63,4,29,12,"(2, 46.03174603174603)","[0, 9, 0, 0, 0, 0, 0, 0, 0, 0]","[0, 9, 0]"
64.88,203 (99).wav,اب یہاں پہ بات کرتے ہیں اس والی فون کی کیمرہ اس کی تو اس والی فون میں اپ کو 200 میں کا پکسل کا پرائمری سینسر دیکھنے کو ملتا ہے اب یہاں پے جو کیمرہ کا سیٹ اپ ہے اچھا دیا ہوا ہے لیکن بھائی صاحب یہاں پے 8 میگا پکسل کا الٹرا ہوا ٹینکل لینز کیوں دے دیا جائے فوٹوس میں وہ بھی اپ کو اچھی دیکھنے کو ملے گی اچھی دیکھنے کو ملتی ہے اور سیلفی کیمرے سے بھی فوٹو سے دیکھنے کو ملتی ہے لائٹ کنٹرول اچھی سے کر لیتا ہے اور سیلفی کیمرے سے فل ایچ ڈی ویڈیو دیکھ سکتے ہو کہ یہ کیسی اسٹیبل ویڈیو ریکارڈ کرتا ہے تو اس کی فوٹوز وغیرہ کے معاملے میں یہ میرے کو اچھا نہیں لگا,2,7,"[23, 64]","[21, 22, 28, 34, 37, 46, 64]",0,64,14,14,23,"(0, 35.9375)","[0, 0]","[0, 0, 0, 0, 0, 0, 1]"
53.87,203 (100).wav,یہاں پے بات کرتے ہیں اس کی پرفارمنس کی تو اس میں اپ کو ڈائمنڈ سٹی 70 50 کا پروسیجر لگاؤ مل جاتا ہے اس کی میں نے اندر دو اسکور نکالی تھی 5 لاکھ کے پلس کی اس کے اندر اس کو نکل کے اتی ہے بھائی 94% کا میرے کو میکس پرفارمنس نکال کر رکھتا ہے کافی ٹائم تک اپلیکیشن کو ریم میں رکھ پاتا ہے کہ یہ جو پروسیسر ہے وہ اپ کو ڈیسینٹ ٹائپ کی گیمنگ کرا دے گا اگر اپ ہارڈ کور گیمنگ ہونا تو اس کنڈیشن میں اپ کو پرابلم کرے ہو تو اس پریس پورٹ میں اپ کو اس سے بھی اچھے پروسیسر والے سمارٹ فون دیکھنے کو مل,1,3,[45],"[17, 27, 51]",2,53,2,17,1,"(2, 32.075471698113205)",[0],"[0, 0, 1]"
64.11,203 (101).wav,نیٹ ورک کی بات کروں تو یہ فون ایک فائیو جی ڈیوائس ہے اور اس میں اپ کو نو 5g بینٹ کی سپورٹ دیکھنے کو مل جاتا ہے اس میں فورجی پلس وغیرہ کا بھی سپورٹ دیکھنے کو مل جاتا ہے اپ کو کالنگ وغیرہ کے دوران اپ کو کوئی دقت دیکھنے کو نہیں ملے گا اچھے سے پہلا بھائی اس والے فون میں اپ کو 200 میگا پکسل کا کیمرہ دیکھنے کو ملتا ہے 32 میگا پکسل کا سیلفی کیمرہ دیا ہوا ہے اینڈ یہاں پہ یو ایس 3.1 کا اسٹوریج بھی دیکھنے کو مل جاتا ہے باقی ساری چیزیں جو ہے وہ سملر لائک والی ہے دونوں ہی فون میں تو یہاں پے ہی ریکمنڈ کروں گا وہ بہتر ہے اپ کو پیسہ بھی تھوڑا کم دینا پڑے گا بلکہ اپ کو کیا لگتا ہے ان دونوں کے بارے میں اور اگر اپ کوئی اس ویڈیو میں کچھ بھی اچھا لگا ہو تو ویڈیو کو لائک کردو چینل کو سبسکرائب کر دو اور میں تب تک کے لئے بائے بائے,2,9,"[20, 48]","[9, 12, 13, 21, 31, 44, 45, 57, 60]",2,64,1,40,12,"(2, 62.5)","[0, 0]","[0, 0, 0, 1, 0, 0, 0, 0, 0]"
68.03,203 (78).wav,السلام علیکم میں اپ کا اج بلو لاہوری بھائی اج میں نے سوچا تھا کہ میں اپ کو بیسٹ پیسہ وصول فونز کی ویڈیو دیتا ہوں تاکہ دیکھیں یار کافی لوگ ویٹ کر رہے ہیں کہ پیسہ وصول کی لسٹ کو اپڈیٹ کرو بٹ حالات ہی اجازت نہیں دے رہے اس چیز کی بجٹ میں پرائسس بھڑ گئی ہیں گورنمنٹ بھی عوام کا نہیں سوچ رہی اور برانڈ بھی اخروٹوں سے کھیلنے والے فون لانچ کرنے کے قابل تو فون ہے نہیں تو پیسہ وصول نہیں تو ایٹ لیسٹ میں اپ کو کم برے فون بتاؤں گا جن پے اگر اپ کو فون لینا ہے بوکس پیک کیٹیگری میں تو اپ ان فونز پر پیسے اسپینڈ کرسکتے ہو ایٹ لیسٹ اپ کو کچھ ویلیو ملے گی اور ساتھ ساتھ اسی ویڈیو میں میں اپ کو جو رونگ فونز ارہے ہیں نہ جس کیٹیگری میں میں اپ کو کوئی بیسٹ اپشن سجیسٹ کر رہا ہوں اس کے ساتھ کوئی رونگ فون ہے نہ وہ بھی اپ کو مینشن کرتا جاؤں گا تاکہ اپ مزید چوکنے ہو جاؤ اور اپنا قیمتی پیسہ ان رونگ فون پر بیسٹ نہ کرو اب دیکھو اس ویڈیو کی پرائس رینج جو ہے نا وہ اراؤنڈ کوئی 20000 سے اسٹارٹ ہو کے جہاں تک گیا 70 80 ہزار روپے تک جو میرے حساب سے بیسٹ ہے نہ وہ میں اپ کو بتاؤں گا تو ویڈیو کہیں پر بھی اچھی لگتی ہے لائک کرنا مت بھولا کرو اس کو اور شئیر بھی کر دیا کرو اگے دوستوں کے ساتھ جو ایک اچھا فون لینا چاہتے ہیں اور یقین کرو مزہ اجاتا ہے ایک دفعہ جب اپ کے مطلب ڈھیروں میں لائٹس دیکھتا ہوں نہ ویڈیو کے اوپر دل گارڈن گارڈن ہوجاتا ہے لیکن جہاں پر میں بھول جاتا ہوں نہ اپ لوگ بھی بھول جاتے ہو تو یہ کام نہ کرنا,18,12,"[11, 12, 14, 18, 19, 21, 21, 32, 36, 40, 42, 49, 60, 62, 64, 66, 68, 68]","[4, 7, 18, 33, 34, 42, 49, 52, 57, 59, 63, 63]",0,68,15,16,37,"(0, 54.41176470588235)","[0, 0, 0, 0, 0, 0, 9, 0, 0, 9, 0, 0, 0, 0, 0, 9]","[9, 0, 0, 0, 9, 0, 0, 0, 0, 0, 0]"
45.91,203 (79).wav,"اب دیکھو 20 سے 30 ہزار روپے کی جو پرائز رینج ہے نہ یہ اینٹری لیول رینج ہے یہاں پے نارمل یوز والے فون مل جائے وہی بڑی بات ہے ویسے تو بڑے رونگ نمبر بھی چل رہے ہیں اس رینج کے اندر ایسے فونز ہیں جو نہیں لینے چاہیے اپ کو تو بہرحال جو لینے چاہیے اور یہ بیسیکلی جو برانڈ ہے نا انفنکس ٹیکنو کی چھوٹی بہن ہے تو ایک ہی کیٹگری میں ہے پہلے 36 میں ایا تھا 8 256 والا ابھی 19 500 یا 20,000 میں اپ کو 8 128 والا فون مل رہا ہے نارمل ڈیٹ ٹوڈے یوز اور پرائس کے حساب سے کیمرہ بلو ایوریج ہوتے ہیں گیمنگ مطلب نارمل ہی یوز ہے نہ کوئی ہائی فائی گیمنگ والا فون تو ملنا نہیں ہے ڈبہ پیک میں جانا ہے تو پھر یہ والی جوک سنا ہے اس رینج میں اپ لے سکتے ہو نارمل یوز کے اندر",5,1,"[4, 14, 33, 36, 39]",[5],0,45,11,5,29,"(0, 64.44444444444444)","[9, 0, 0, 9, 9]",[0]
30.02,203 (80).wav,اس کے بعد جو اگلی اپشن ہے وہ ہے انفنکس کا اسمارٹ 8 اب میں نے اسمارٹ ایٹ کو اپنی رونگ فون والی لسٹ میں ڈالا ہوا تھا اسمارٹ 8 سیریز کو اب یہ سمارٹ ایٹ ہے نہ کمپلس میں تھوڑا سا ہارڈوئیر بہتر ہے اور حالات کی نزاکت کو دیکھتے ہوئے نہ اس فون پر ڈیٹ ٹوڈے یوز ہینڈل کرنے والا,3,2,"[18, 24, 26]","[13, 21]",0,30,7,4,18,"(0, 60.0)","[0, 0, 0]","[0, 0]"
56.52,203 (81).wav,"ابھی میں نے ریسیٹ لیگ فون دیکھا لانچ ہوا زیڈ ٹی کا 55 20,000 یا 20 500 کے اس پاس پرائس مل رہی ہے ڈسکاؤنٹ کے بعد لیکن اس میں جو پروسیسر ہے نا وہ اچھا نہیں ہے 28 نینا میٹر کا پروسیسر ہے اور کوئی اولڈ اؤٹ ڈیٹڈ قسم کا پروسیسر ہے تو زیڈ ٹی کا 55 ایئر رونگ فون ہے اس کو مت لینا اب میری جو پریویس پیسہ وصول والی لسٹ میں میں نے کوئی 22 23 ہزار روپے کی رینج میں دو تین فون اپ کو بتائے تھے جیسے ویوو 03 ہے اس کی بھی پرائز بڑھ گئی ہے پہلے اس کی بھی پرائز بڑھ گئی ہے تو یہ بھی مطلب رینج سے اؤٹ چلا گیا ویلیو کی لسٹ میں سے نکل گیا اور سامسنگ سے زیرو فائیو تھا وہ ویسے میں نے رکھا ہی نہیں تھا لیکن اس کا بھی چارجر انکلوڈ کرلو 23000 پرائز ہے ڈسکاؤنٹ چارجر کے بعد الگ سے لوگ ہیں تو وہ چلا جاتا ہے اچھی ویلیو نہیں دیتے",5,6,"[9, 12, 47, 48, 56]","[3, 12, 17, 23, 31, 56]",0,56,8,3,39,"(0, 69.64285714285714)","[0, 0, 9, 0, 0]","[9, 0, 0, 0, 0, 0]"
57.96,203 (82).wav,اب ایک دو اور انٹری لیول کے فونز ہیں ریڈمی کی طرف سے جن سے اپ کو بچ کے رہنا ہے ان پہ پیسہ نہیں اسپینڈ کرنا ایک ہے ریڈمی a3s فون ہے 1980 کی رینج میں مل رہا ہے بے شک پرائس اس کی اتنی ہے لیکن ڈیزائن کا چورن بیچا جا رہا ہے اور اس کے علاوہ 13 سی کو میں نے ریویو کیا تھا اس ٹائم پے سیچویشن کے حساب سے جو میرا ایکسپیرینس تھا رگڑا گیا بھائی مطلب جب چیزیں صحیح نہیں ہے تو کیا کرنا ہے 18 مارچ چارجنگ 500 کی بیٹری ہے جب میں نے اس کو ایکسپریس کیا تھا لیکن جو میں نے فیڈبیک لیا ہے وہ کہہ رہے ہیں کہ مطلب اب ٹھیک ہے اس طرح کے ایشوز نہیں ہے یہ اپ کا کوئی 26 27 کے اس پاس ملے تو اپ دیکھ سکتے,6,3,"[10, 17, 20, 35, 44, 52]","[2, 35, 49]",0,57,10,5,25,"(0, 43.859649122807014)","[0, 0, 0, 0, 0, 0]","[0, 0, 0]"
43.89,203 (83).wav,"اب میری جو پریویس لیس تھی نا پیسہ وصول کی اس میں 26,000 کے اس پاس میں نے ٹیکنو کا اسپارک 20 اپ کو ریکمنڈ کیا تھا اب اس کی پرائز بڑھنے کے بعد 30 31 کے اس پاس چلی گئی ہے لیکن اس کو 26 کی رینج میں ریپلیس کرتا ہے ایک ایسا فون جو اپ لے سکتے ہو وہ ہے ایٹل کا یہ جو چھوٹی بہن ٹیکنو انفنکس کی 26 کے اس پاس وہی گھمائی ہوئی ہے پرفارمنس ٹیکنیکلی سیم ہے اب پرفارمنس سیم بھی ہو پیسوں کے حساب سے ٹھیک ہے اس کے علاوہ",1,3,[19],"[1, 11, 42]",0,43,17,4,21,"(0, 48.837209302325576)",[0],"[0, 9, 0]"
51.32,203 (84).wav,"ابے کو ستائیس 28,000 کی رینج میں اگر اپ چاہتے ہو تو اس کیٹیگری کے حساب سے ٹاپ اف دا لائین فیچر میں لینا تو ویگوٹل ایک ہمارا لوکل برانڈ ہے اس کا نوٹ 23 اپ کو مل جائے گا جو اج کل مارکیٹ میں اویلیبل چل رہا ہے کچھ ان لائن بھی میں نے ویب سائٹ پہ اسٹاک دیکھا ہے اور اف لائن مارکیٹ میں بھی اپ لے سکتے ہو 256 دے رہے ہیں لیکن یہ ٹھیک ہے اور اس کے بعد نوٹ 24 بھی ایا تھا ویگوٹیل کا وہ ابھی ڈسک کنٹینیو ہوگیا ہے وہ مل نہیں رہا اور کچھ لوگ مجھے کہہ رہے تھے کہ افیشل کوئی کسٹمر کے سینٹر ہے وہاں سے اگر مل جائے تو اگر اپ کو وہاں سے ملتا ہے اپ لے سکتے ہو اور ایون یہ جو نوٹ 23 ہے ویگو ٹیل کا اگر یہ اپ کو ستائیس ایٹس کی رینج میں اج بھی ملتا ہے بھائی ڈن کرو اس کو اس کے علاوہ اپ کو اس سے اچھا فیچر کوئی نہیں",3,3,"[23, 30, 51]","[14, 24, 50]",0,51,10,3,22,"(0, 43.13725490196079)","[0, 0, 0]","[0, 0, 9]"
82.92,203 (85).wav,"اب دیکھو بجٹ کو 30 سے 40,000 پر شفٹ کرتے ہیں اس رینج میں کیا اچھا مل رہا ہے وہ تو اپ کو بتاتا ہی ہوں لیکن برے فون جو ہیں جس سے بچ کے رہنا وہ زیادہ ضروری ہے تاکہ اپ پیسہ بیچنا کرو ریڈمی تیرہ اڑتیس انتالیس کے اس پاس مل رہا ہے اس فون پے پیسے فون ہے ویلیو اچھی نہیں دیتا فیچرز اچھے نہیں دیتا پرائز کے حساب سے اور اس کے 63 یہ دو فونز بھی اچھے نہیں ہیں پیسے کے حساب سے فیچرز اپ کو نہیں دیتے ان فون سے بھی بچ کے رہنا اور اوپو اے 38 اپو فل نشے میں ٹون ہے اپ نے ہوش میں رہنا ہے ٹھیک ہے اس فون کی طرف نہیں جانا اپ کو اس کے علاوہ لوکل برانڈ ہے ایک ہے کوئی لانچ ہوا تھا 34 35 کے اس پاس مل رہا ہے اور اس فون پے 34 35 اگر اپ لگاتے ہو نا تو اس سے بہتر ڈیوائس میں اپ کو ابھی بتاتا ہوں اسپارک کا ایک فون ہے نوٹ 20 اب وہ فون 33 34 میں تو مل رہا ہے ایمو لیٹ 120 ارب ڈسپلے کے کلرز بہت خراب ہے مطلب یہ نہیں کہ پیسے صرف ایمو لیٹ پے تو نہیں نا لگانے تھوڑا بہت کوالٹی بھی پلے ہونی چاہیے فون کے تو اس میں وہ فون فارغ ہو جاتا ہے تو اسپارک نوٹ 20 کی طرف بھی نہ جانا بڑا ہی بیسٹ فون ہے لیکن وہ نیو میں نہیں ملتا اگر اپ کو یوز میں کہیں پہ مل جاتا ہے 40,000 کے نیچے اولیکس پہ دیکھ لو مارکیٹ چلے جاؤ وہاں پے جا کے دیکھ لو تو وہ ایک بیسٹ اپشن ہو سکتی ہے یا پھر 38 ہزار فون مل جائے گا اب یہ فون بھی جب لانچ ہوا تھا پرائس 45 کا اس کی کم ہوئی ہے پرائز دوسرے فونز کی بڑی پر",16,10,"[7, 7, 10, 17, 18, 22, 25, 33, 52, 53, 54, 55, 63, 64, 66, 81]","[4, 17, 18, 22, 31, 37, 43, 64, 74, 79]",0,82,17,11,43,"(0, 52.4390243902439)","[0, 9, 0, 0, 0, 0, 0, 0, 0, 0, 0, 0, 0, 0, 0]","[0, 0, 0, 0, 0, 0, 0, 0, 0, 0]"
27.12,203 (86).wav,تو پیسوں کے حساب سے ہیلیو جی نائنٹی نائن بھی ہے 33 بار چارجنگ بڑی بیٹری ہے ائی پی ایس 128 کا ڈسپلے ہے ڈیزائن بھی مطلب ٹھیک ہے خوبصورت ہی ہے اس کے مقابلے میں ایک فون اتا ہے انفنکس کا ہاٹ 40 پرو وہ دو تین ہزار روپے مہنگا سیم فیچر ہے تو اس سے بہتر ہے دو تین ہزار روپے کی کیٹیگری میں اب اس پے,1,3,[20],"[11, 12, 23]",0,27,4,5,12,"(0, 44.44444444444444)",[0],"[0, 0, 0]"
66.59,203 (87).wav,"اور اگر اپ 33 34 کی رینج میں دیکھتے ہو تو یہاں پے اپکو انفنکس ہاٹ 40 مل جائے گا جو پریویس پیسہ فون لسٹ میں میں نے 29 کے اس پاس اپ کو ریکمنڈ کیا تھا لیکن اس کا 5,000 ریٹ اوپر ہے مطلب ڈسکاؤنٹ پرائس بھی اس کی اب چونتیس ہزار روپے کے اس پاس ہے تو اتنا ہائیلی ریکمنڈڈ نہیں ہے لیکن اگر فونز بھی ہیں اور خروٹ سے کھیلنے والے فون اجکل برانڈ کچھ لانچ کر رہے ہیں ویسے وہ فون کسی اور کام کے ہیں نہیں اسی لئے برانڈ کو ہائی لائٹ نہیں کر پا رہا ہے اور ویوو کا وائی 28 مطلب 50,000 پرائس ہے 7:20 پی ائی پے اگے ہو جیٹی فائیو چپ سیٹ ہے ای ایم اے کی اسٹوری 6000 کی امیج بیٹری لگا دی ہے 440 کچھ بھی دیے جارہے ہیں کچھ کسی بھی پرائس رینج کے اندر اور بائیکاٹ اپ اس کا 21 سلوشن ہے سب لائن پہ اجائیں گے میں کہتا ہوں یہ بھائی کوٹ ایک ایسی چیز ہے سب لائن پہ اجائیں گے اور یہ جو خروٹ والے برانڈز ہیں نا ان کو میں بس ایک ہی وڈ میں کہنا چاہوں گا شرم کرو",9,2,"[13, 21, 22, 30, 31, 33, 51, 57, 66]","[12, 15]",0,66,17,11,36,"(0, 54.54545454545454)","[9, 0, 0, 0, 0, 0, 0, 0, 0]","[0, 1]"
31.23,203 (88).wav,اینی ویز یہاں پے جو اپشن ریکمنڈ کرنے کے قابل ہے نا وہ اپ انفنکس نوٹ 40 کی طرف دیکھ سکتے ہو اس کی پرائز بھی بڑی ہے لیکن مارکیٹ میں میں نے اس کا دیکھا اسٹاک 47 48 کے ہسپتال میں ڈسکاؤنٹ پرائس پے مل رہا ہے اب اتنے پیسوں کے حساب سے اپ دیکھتے ہو فیچرز اس فون کے میں نے اس کو ریویو کیا ہوا ہے نا وہ اپ کو ایک بیٹر ویلیو دے سکتی ہے تو یہ اپ کی سمارٹ موو ہوگی,1,3,[11],"[3, 4, 25]",0,31,0,4,20,"(0, 64.51612903225806)",[0],"[1, 9, 0]"
50.43,203 (89).wav,اس کے بعد جو اگلی اپشن ہے وہ ہے ریڈمی کا نوٹ 13 اب اس کو میں نے ریویو کیا تھا ریویو میں فل رگڑا پھراس فون کو کیوں کہ جب رویو کیا جو پرائسز تھی حساب کتاب تھا اس پے تو رگڑا پڑنا ہی تھا اس کو ابھی پرائسز کی سٹیل بڑھ گئی ہے لیکن یہ 45 46 کے اس پاس ہے اور ملٹی میڈیا ٹائپ کے یوز کیلئے کیمرہ بالکل ایوریج ٹائپ کے ہیں گیمنگ شیمنگ نہیں ہوسکتی کیونکہ وہ اسنیپ ڈریگن 68 چپ سیٹ افئیر کا اس کو ال ریڈی میں ٹائٹل دے چکا ہوں تو بہرحال نارمل ٹائپ کے یوز ملٹی میڈیا یوز میں پرائز کے حساب سے ریڈمی نوٹ 13 کرسکتا ہوں اس رینج,4,0,"[24, 31, 31, 33]",[],0,50,9,4,28,"(0, 56.00000000000001)","[0, 9, 0]",[]
45.88,203 (90).wav,اور ایک اپشن ان یوزرز کے لیے جو کہتے ہیں بھائی میں نے ٹیکنو بھی نہیں لینا میں نے انفنکس بھی نہیں لینا میں نے کچھ بھی نہیں لینا مجھے سامسنگ کا فون بتا دے بھائی تو وہ سامسنگ a15 جو اپشن ہے نا الدو یہ بیسٹ اپشن نہیں ہے اس رینج کی میں نے اس کو ریویو کیا ہوا ہے وہ ڈیٹیل ویڈیو اپ دیکھ سکتے ہو اس میں کمپلیٹ پریزنٹ کو 45 کے اس پاس چارجر نہیں ملتا الگ سے مطلب پیسے جیب میں 45 46 کی رینج میں فور نارمل ٹائپ کے یوز اور سامسنگ کی چلانے والے وہ لے سکتے,6,2,"[7, 10, 12, 22, 31, 35]","[21, 26]",0,45,3,4,17,"(0, 37.77777777777778)","[0, 0, 0, 0, 0, 0]","[0, 0]"
65.16,203 (91).wav,بجٹ کو تھوڑا اوپر لے کے چلتے ہیں 50 سے 60 ہزار روپے کی رینج میں بوک پیک میں میں کیا رکیت کر پاؤں گا اپ کو وہ میں اپ کو بتاتا ہوں کیونکہ پیسہ وصول کی کہانی میں نے شروع میں ہی اپ کو بتا دیا ختم ہے ایٹ لیسٹ کچھ ویلیو اپ کو مل جائے تو دو فون سے ٹیکنو کے جو اس رینج میں اپ لے سکتے ہو ایک ہے ٹیکنو کا کیمن 30 ڈیزائن ایڈ 256 میں ہے الو یہ دونوں فون بجٹ میں پرائس انکریز ہونے سے پہلے 46 47 کے اس پاس یا 48 کے اس پاس ایزیلی مل رہے تھے کیا کر سکتے ہیں تھوڑا وہ کیمرہ کے نمبرز کا ائے گا فوٹو گرافی میں دونوں فون کی کیٹیگری کو ٹچ کرتے کی رینج کے اندر اپ لے سکتے ہو اگر اپ کو مطلب ایچ ڈسپلے میں لینا ہے تو اسپارک 20 پرو پلس کی طرف چلے جاؤ یہ انفنکس کے زیرو 34 جی سے بہتر اپشن ہے اور اگر فلیٹ ڈسپلے والا لینا ہے تو کیمن 30 کا اپشن ہے اس کی طرف اپ جا,1,4,[17],"[1, 37, 54, 58]",0,65,7,10,30,"(0, 46.15384615384615)",[0],"[0, 0, 0, 0]"
59.23,203 (92).wav,اب دو رونگ فونز بھی ہیں اسے رینج میں جنسی اپ کو بچ کے رہنا ہے ریل می 12 اور دوسرا ہے ویوو y11 اب ان دونوں فونز کے اسپینس دیکھو نا تو 120 کا بھی دیا ہوا ہے اس کے علاوہ بیٹری کے ساتھ انہوں نے ایک نے 67 واٹ دیا دوسرے نے 80 واٹ دیا ہوا ہے ویوو 100 کو تو میں نے ریویو کیا ہوا ہے اس کا مطلب میں نے منگوا لیا تھا ایون مجھے لگا ہے کہ یار اس پے ایفٹ کرنا بھی یہ ڈیزرو نہیں کرتا اس طرح کا یہ فون ہے تو میں نے اپنی ایفرٹ نہیں کی اس فون کے اوپر بہرحال جو بھی ہے میں نے کہا عوام کو پتا ہے مین چیز انجن ہے جب اپ گاڑی میں انجن ہی نہیں لگا رہے تو کھوکھے بنانے کا کیا فائدہ اس کے تو بہرحال ان دونوں فون سے بچ کے رہنا بھائی اوپو کے بھی دو فونز ہیں ایک ہے اوپو a6 وہ خیر 60000 کی رینج میں ائی تھینک اور ایک ایک حد تک ٹوٹل یوزر پیسہ نہ لگانا ان فون پے ویسٹ,7,6,"[6, 29, 34, 39, 42, 56, 58]","[12, 19, 22, 35, 45, 53]",0,59,10,11,33,"(0, 55.932203389830505)","[0, 0, 9, 9, 0, 0, 0]","[0, 0, 0, 0, 0, 0]"
80.94,203 (93).wav,"بجٹ کو تھوڑا مزید اوپر کرتے ہیں 60 سے 70 ہزار روپے کی رینج میں یہاں پے بوکس پیک کیٹیگری کے کون سے فونز ہیں جو اپ لے سکتے ہو انٹیلیجن پر پیسہ اسپینڈ کیا جا سکتا ہے تو ایک ہے ریڈمی نوٹ 13 پرو یہ پرائس اس کی میرے خیال سے بڑی بری نہیں ہے جس طرح باقی فونز کی بیٹی ہیں یہ پہلے بھی اسی رینج کے اس پاس تو ابھی بھی اسی کے اس پاس تو ہیلیو جی 99 ہے اس کو ہینڈل کر لے گا پرائز کے حساب سے ایک انڈر پاور ہارڈ ویری یا گیمنگ کیٹگری والا پیسہ وصول ٹائپ کا فون ہے اس رینج میں اج کی اگر مارکیٹ میں اپ دیکھتے ہو تو ریڈمی نوٹ 13 پرو کی طرف جا سکتے ہو دوسری سیریز میں ایک تو مطلب رونگ نمبر دے دیا ریلمی 12 والا اور دوسرا یہ جو 5g والا ہے نا 12 پلس والا یہ 70,000 کے اس پاس مل رہا ہے اس کیٹگری میں اور کچھ گیمنگ بھی اپ اس کی وہ بھی کروا دے گا پرفارمنس مطلب اچھی ہے ویڈیو گرافی نہیں لگی میں نے ریویو کیا ہوا ہے اس پے وہ بھی ڈیٹیل اپ دیکھ سکتے ہو تو 70 ہزار روپے کی رینج میں تو رئیس بی ایک ایسا باکس پیک فون ہے جو اپ لے سکتے ہو",3,5,"[20, 20, 67]","[2, 35, 56, 66, 70]",0,80,22,10,36,"(0, 45.0)","[0, 0]","[0, 0, 0, 9, 0]"
57.75,203 (94).wav,بھائی کیئر فولی بیکوز رونگ نمبر اس کیٹیگری میں بھی اویلیبل ہے ایک تو اپو نے ریسنٹ ہی اپنا 12 ویب لانچ کیا ہے پوری مارکیٹنگ جو میں نے یہ کرتے رہنا خروٹو کی بیس پے کرتے رہے ہیں اور وہاں پے فائیو جی فونز بھی نہ دکھائیں لیکن مارکیٹ میں کہیں پہ بھی فائیو جی والی اپشن دی ہی نہیں ہے مارکیٹ میں یہ پروڈکٹ ہے یار ایک مطلب اس کے دروازے اچھے ہیں اس کی ڈگی اچھی اوپن ہو جاتی ہے اس وجہ سے اس فون کو لے لے یا وہ فون اخروٹ توڑنے کیلئے جس طرح کے کاغذی خروٹ اپ لوگ توڑ رہے ہو اس سے وہ تو کوئی 12 15 ہزار روپے والا فون بھی توڑ دے گا جو صحیح اخروٹ ہوتا ہے جو کاٹھا اخروٹ کہتے ہیں وہ توڑ کے دکھاؤ ذرا اس اپنے فون سے کیا کہتے ہیں مس لیڈنگ ٹائپ کی جو مارکیٹنگ اسٹیج ہے نہ مجھے سمجھ میں نہیں ائی اس فون سے بھی بچ کے رہنا,9,4,"[16, 17, 21, 37, 42, 47, 51, 54, 55]","[4, 26, 28, 43]",0,57,10,9,38,"(0, 66.66666666666666)","[0, 9, 9, 0, 0, 0, 0, 0, 0]","[0, 0, 0, 1]"
68.64,203 (95).wav,اب دیکھو بوکس پیک میں جو اخری رینج ہے نا وہ ہے 70 سے 75 ہزار روپے کی رینج اس رینج میں اپ کے پاس اپو رینو 11 ایف کا اپشن ہے کیونکہ 12 ویب میں تو اپو ہوتا ہی خون میں پھینک دیا ہے اور یہ جو الیون ہے ایٹ لیسٹ انہوں نے ایک بہتر اپشن دی تھی ریویو میں نے کیا ہوا ہے اس کے اندر اج کی مارکیٹ میں ویسے کوئی 70 72 73 اس رینج میں ملے تو یہ اپ کا اسمارٹ ڈیسیجن ہوگا اپ رینو لیول ایف کی طرف جا سکتے ہو تو یہ تھے بھائی باکس پیک کیٹیگری کے وہ فونز جو میرے حساب سے ایٹ لیسٹ اپ کو کچھ ویلیو دے سکتے ہیں مطلب پیسہ وصول والی کہانی جو ٹوٹل اینڈ ہے تھوڑی بہت ویلیو اپ کو دے سکتے ہیں اگر اپ نے بوکس پیک میں ہی لینا ہے اپ نے یوز فونز کی طرف نہیں جانا اپ نے کیٹ فونز کی طرف نہیں جانا چاہتے اپ کو چیک نہیں کرنا اتا مارکیٹ میں چونا لگ جاتا ہے تو بوکس پیک میں یہی اوپشن ہے اگر اپ کہو گے یوز فونز پر ویڈیو بنا دو کٹ فون پر ویڈیو بنا دو تو ڈیفالٹ اتی ہے نہ تو میرے سے پھر رہا نہیں جاتا ویڈیو اچھی لگی ہو تو لائک سبسکرائب کر کے جانا ملتے ہیں نیکسٹ ویڈیو میں اللہ حافظ,5,6,"[46, 49, 50, 61, 63]","[17, 19, 28, 64, 66, 67]",0,68,7,10,36,"(0, 52.94117647058824)","[0, 0, 0, 0, 0]","[0, 0, 0, 0, 0, 1]"
21.04,201 (10).wav,ہیلو فرینڈز السلام علیکم ویلکم ٹو ویلتی ٹی وی دوستوں ہم سب بچپن میں کھلونوں سے کھیلتے ہیں لیکن دنیا میں کچھ کھلونے ایسے بھی ہیں جو بچوں کے لئے انتہائی خطرناک تھے میں پہلے بھی کچھ ویڈیوز اس ٹوپک پر بنا چکا ہوں اور اس ویڈیو میں ایک دفعہ پھر سے میں اپ کو دنیا کے کچھ خطرناک ترین کھلونوں کے متعلق بتاؤں گا,5,0,"[6, 10, 10, 16, 19]",[],1,21,5,0,1,"(1, 23.809523809523807)","[0, 0, 0, 0]",[]
35.83,201 (11).wav,جبلن ڈاٹس دوستوں ڈاٹ سے ویسے تو بہت لوگ کھیلتے ہیں لیکن یہ ڈاٹس کافی مختلف تھے ان کا سائز بہت زیادہ بڑا تھا جب بچے ان کو کسی کی طرف پھینکتے تھے تو اگلا بندہ زخمی بھی ہو سکتا تھا یہ ڈاٹس اتنے خطرناک تھے کہ 1970 میں ان کی وجہ سے ایک 4 سالہ بچے کی موت ہو گئی تھی 1970 سے 1988 تک 6000 سے زیادہ لوگ ان ڈاٹس کی وجہ سے زخمی ہوئے تھے اور اسی وجہ سے ان ڈاٹس کو بنانے والی کمپنی حیض برو نے ان کو بنانا بند کر دیا تھا,6,2,"[4, 8, 16, 22, 25, 35]","[5, 6]",0,35,0,0,3,"(0, 8.571428571428571)","[0, 0, 0, 0, 0, 0]","[0, 0]"
47.67,201 (12).wav,مکی بال دوستوں یہ میگنیٹک بالز تھیں جو اپس میں چپک جاتی تھی اور لوگ ان کو چپکا کر مختلف شیپس بنایا کرتے تھے باقی بالز کے ایک ڈبے میں 216 بالز ہوتی تھی یہ کھلونا 2009 میں لانچ ہوا تھا اور بہت کم وقت میں اس کے 25 لاکھ ڈبے دنیا بھر میں بک گئے تھے لیکن پھر دنیا بھر سے رپورٹس ائیں کہ بچے ان بالز کو نگل رہے ہیں جس کی وجہ سے کئی سو بچے ہاسپیٹل میں ایڈمٹ ہوگئے صرف امریکہ میں ہی ایسے سترہ سو کیسز سامنے اگئے تھے یہ کھلونا بہت خطرناک ثابت ہو رہا تھا اور لوگوں نے اس کھلونے کو بین کرنے کا مطالبہ کر دیا عدالت نے اس کمپنی کو یہ کھلونا بیچنے کی اجازت تو دے دی لیکن پھر بھی لوگ ان بالز کو بچوں سے دور ہی رکھتے تھے,7,6,"[15, 20, 24, 29, 33, 37, 44]","[7, 14, 18, 21, 34, 39]",2,47,1,4,1,"(2, 8.51063829787234)","[9, 0, 0, 0, 0, 0, 0]","[0, 0, 9, 9, 0, 0]"
30.77,201 (13).wav,رولر بریڈ باربی دوستوں یہ ایک باربی ڈول تھی جس کے نیچے اسکیٹس لگے ہوتے تھے لیکن مسئلہ یہ تھا کہ جب ان باربی ڈولز کو کسی فلیٹ سرفس پر چلایا جاتا تھا تو ان سے چنگاریاں نکلتی تھیں لوگوں کو ڈر لگنا شروع ہو گیا کہ ان چنگاریوں سے اگ نہ لگ جائے اور بچوں کو نقصان نہ پہنچے لوگوں نے اس باربی ڈول کو بین کرنے کا مطالبہ کر دیا اور بس اسی وجہ سے اس کو بنانے والی کمپنی میٹل نے اس کو بنانا بند کر دیا تھا,7,0,"[6, 6, 18, 20, 20, 23, 30]",[],0,30,1,2,6,"(0, 20.0)","[0, 0, 0, 0, 0]",[]
41.75,201 (14).wav,بیٹل اسٹار گلیکٹک کا دوستوں یہ ایک ایسا کھلونا تھا جس سے میزائلز نکلا کرتے تھے اس کھلونے کو نائنٹین سیونٹی ایٹ میں لانچ کیا گیا تھا لیکن اسی سال اس کھلونے نے ایک بچے کی جان لے لی دراصل ایک 4 سالہ بچہ رابرٹ وارن اس سے کھیل رہا تھا اور اس نے میزائل اپنے ہی منہ میں شوٹ کر دیا یہ میزائل اس کے حلق میں پھنس گیا اور دو دن کے بعد ہی اس کی ہاسپیٹل میں ڈیتھ ہوگئی تھی اس حادثے کے بعد نہ صرف اس کھلونے کو بنانے والی کمپنی میٹل پر کیس ہو گیا بلکہ ایک پوری مہم چل پڑی کہ اب کھلونوں کو بچوں کے لئے زیادہ سے زیادہ سیف بنانا ہے اس کھلونے کو بھی مارکیٹ سے ہٹا لیا گیا تھا,6,0,"[9, 12, 28, 29, 37, 38]",[],1,41,2,0,1,"(1, 4.878048780487805)","[0, 0, 0, 0, 0, 0]",[]
34.78,201 (15).wav,سوپر الاسٹک ببل پلاسٹک دوستوں یہ کھلونا اج سے پچاس سال پہلے ہوا کرتا تھا اس میں ایک ٹیوب سے پلاسٹک لیکوئیڈ نکلتا تھا اور اس پلاسٹک لیکوئیڈ کو پھلانے پر یہ ایک بال بن جاتی تھی ویسے تو یہ بہت ہی انٹرسٹنگ کھلونا تھا لیکن بعد میں پتا چلا کہ اس پلاسٹک لیکوئیڈ کے اندر ایسے زہریلے کیمیکلز شامل ہیں جو لوگوں کی صحت کے لئے بہت خطرناک تھے اسی وجہ سے اس خطرناک کھلونے کو بند کر دیا گیا تھا اج بھی دنیا میں ایسے دوسرے کھلونے موجود ہیں لیکن اپ شہد ان کی کوالٹی کو بہتر کر دیا گیا ہے,5,2,"[16, 23, 25, 26, 31]","[4, 33]",1,34,4,2,0,"(1, 11.76470588235294)","[0, 0, 0, 0, 0]","[9, 0]"
49.55,201 (16).wav,مائی فرینڈ کالا ڈول دوستو یہ ایک انوکھی ڈول تھی جو انٹرنیٹ سے چلتی تھی دراصل اس دور میں بلیوٹوتھ اور انٹرنیٹ کنکشن لگا ہوتا تھا بچہ اس ڈول سے کچھ بھی بولتا تھا تو یہ ڈول بچے کی اواز ریکارڈ کرکے انٹرنیٹ سے اس کا جواب حاصل کرتی تھی اور اس بات کا جواب دیتی تھی مسئلہ یہ تھا کہ اس دور کو کوئی ہیکر ہیک کرکے بچوں سے بات بھی کر سکتا تھا اس کے علاوہ بچوں کی کہی گئی باتیں سیدھا اس دور کو بنانے والی کمپنی کے پاس جاتی تھی اور یہ کمپنی ان اوازوں کو کسی بھی طرح استعمال کر سکی تھی یہ ایک انتہائی خطرناک اور سینسٹو معاملہ تھا اور تبھی کئی ملکوں میں پیرینٹس کو یہ مشورہ دیا گیا کہ اس دور کو باقاعدہ توڑ دیا جائے,5,0,"[21, 25, 41, 41, 49]",[],0,49,6,1,17,"(0, 34.69387755102041)","[0, 0, 0, 9]",[]
30.91,201 (17).wav,"اور دوستوں اخر میں بات کرتے ہیں ویگو کارڈ ٹیوب کی یہ ایک بہت بڑی پتنگ سی تھی جو ٹیوب سے بنی ہوئی تھی یہ سمندر پر استعمال کی جاتی تھی بچے اس کو ایک تار سے پکڑ کر اسپیڈ بورڈنگ کرتے تھے لیکن مسئلہ یہ تھا کہ یہ دس فیٹ چوڑی ڈیو پتنگ بچوں کو ہوا میں اڑا دیا کرتی تھی جس کی وجہ سے تین لوگوں کی جان تک چلی گئی تھی 2006 میں ایسی 19,000 خطرناک پتنگوں کو مارکیٹ سے ختم کر دیا گیا تھا",6,1,"[8, 15, 16, 25, 28, 30]",[20],0,30,0,0,2,"(0, 6.666666666666667)","[0, 0, 0, 0, 0, 0]",[0]
26.96,201 (18).wav,دوستوں اگر اپ مجھے انسٹاگرام پر بھی فالو کرنا چاہیں تو اس کا لنک نیچے موجود ہے,0,0,[],[],0,26,0,0,1,"(0, 3.8461538461538463)",[],[]
43.0,201 (1).wav,ہیلو فرینڈز السلام علیکم ویلکم ٹو ویلیو سٹوریز دوستوں یہ سال تھا 2013 کا جب امریکہ کے شہر ہیوسین میں ایک چھوٹی سی لڑکی کو کرسمس کے موقع پر ایک ڈال گفٹ کی گئی یہ ڈال ایلسا ڈول تھی اس ڈول کے گلے میں ایک نیٹ لیسٹ بنایا گیا تھا اس نکلے پر ایک بٹن لگا ہوا تھا اگر اس بٹن کو دبایا جاتا تو اس دولت سے اواز اتی تھی لکڑ کو یہ ڈائیلاگ ایک اینیمیٹڈ فلم فروزن کا ہے جو بچوں میں بہت پاپولر ہے یہ ڈال گانا بھی گا سکتی تھی دوستوں شروعات کے دو سال تو یہ ڈول بلکل نارملی چلتی رہی لیکن 2015 میں اس ڈول کے ساتھ کچھ عجیب ہونا شروع ہوا,2,3,"[39, 42]","[21, 24, 43]",1,42,9,0,8,"(1, 21.428571428571427)","[9, 9]","[0, 0, 0]"
79.99,201 (2).wav,پشتو 2015 میں اس لڑکی کی ماں ایمیلی میڈون نے اپنے فیزبک پر شیئر کیا کہ ان کے پاس ایلسا ڈول 2 سال سے ہے جیسا کہ میں نے بتایا کہ یہ ڈال انگلش میں ایک جملہ بولتی تھی لیٹ ہیڈ گو اور گانا بھی انگلش میں گاتی تھی لیکن دو سال کے بعد یہ ڈول اچانک سے یہی جملہ اور گانا اسپینش میں گانا شروع ہوگئی اب اسٹال میں کوئی اور بٹن بھی نہیں تھا جس کے ذریعے اس کی لینگویج چینج کی جاسکتی یعنی حیرت انگیزطور پر اب یہ ڈول انگلش کے ساتھ ساتھ اسپینش بھی بول رہی تھی 2 سال کے بعد اچانک سے ایسا کیوں ہوا یہ فیملی نہیں جانتی تھی ایک اور انتہائی عجیب بات یہ تھی کہ یہ ڈول بیٹری سے چلتی تھی لیکن ان دو سالوں میں اس ڈالر کی بیٹری بھی خراب نہیں ہوئی خیر دوستو وقت گزرتا گیا اور کچھ سالوں کے بعد اس ڈول کے ساتھ ایک اور عجیب بات ہونے لگی اور وہ یہ کہ یہ ڈالر خود بخود اچانک سے بولنا اور گانا شروع ہو جاتی تھی یہاں تک کہ اس کا بٹن بھی بند ہوتا تھا تاکہ اس سے اواز نہ سکے لیکن اس دولت سے پھر بھی اسپینش اور انگلش میں اوازیں اتی رہتی تھی,17,3,"[19, 22, 26, 29, 33, 41, 43, 45, 46, 50, 54, 54, 61, 65, 72, 74, 75]","[42, 55, 76]",0,79,16,1,17,"(0, 21.518987341772153)","[9, 0, 0, 9, 0, 0, 0, 0, 0, 0, 0, 0, 0, 0, 0, 0]","[9, 0, 0]"
42.63,201 (3).wav,یہ 2019 کا سال تھا یہ ڈال اس فیملی کے پاس 6 سال سے تھی انہوں نے کبھی ان باتوں کو اتنا سیریس نہیں لیا تھا لیکن اب یہ فیملی کافی ڈر چکی تھی ان کو لگتا تھا کہ اس دور میں کچھ تو عجیب بات ہے جیسے کوئی جن اس کو کنٹرول کر رہا ہو یا پھر کچھ ایسا ہی انہوں نے اس کو کئی ٹوائس شاپ میں بھی جا کر دکھایا لیکن کسی کو اس کی کچھ سمجھ نہیں ارہی تھی اور بس اسی لئے دسمبر 2019 میں اس فیملی نے فیصلہ کیا کہ اس دور کو کہیں باہر پھینک دیا جائے گا دوستوں ان لوگوں نے اس ڈول کو باہر ایک کوڑے کے ڈبے میں پھینک دیا لیکن کچھ ہفتوں کے بعد ایک ایسی بات ہوئی جس نے اس فیملی کو شوق میں ڈال دیا,8,3,"[7, 8, 14, 23, 25, 29, 36, 37]","[10, 15, 42]",1,42,11,5,3,"(1, 26.190476190476193)","[0, 0, 0, 0, 9, 0, 0, 0]","[0, 9, 1]"
74.35,201 (4).wav,دوستو کچھ ہفتوں کے بعد یہ ڈول ان کے گھر کے اندر پڑی ہوئی ملی یہ اندر کیسے اگئی کوئی نہیں جانتا تھا اس ڈول پر ایک مارکر کا نشان لگا ہوا تھا یعنی یہ ان کی اپنی ہی ڈال تھی یہ فیملی بہت زیادہ ڈری ہوئی تھی ان کو کچھ سمجھ میں نہیں ارہا تھا کہ اس ڈالر کے ساتھ اخر مسئلہ کیا ہے دوستو یہ ساری کہانی اس لڑکی کی ماں ایمے لی اپنے فیزبک پر شیئر کرتی رہتی تھی اب اس فیملی کے دل میں ایک عجیب سا خوف پیدا ہو گیا تھا یہ اس دور کو جلانا یا توڑنا نہیں چاہتے تھے اسی لئے انہوں نے ایک دفعہ پھر سے اس دور کو ایک بیگ میں رکھا اور جا کر کہیں دور ایک کوڑے دان میں پھینک دیا کہ اس کو کوڑے کا ٹرک اٹھا کر لے جائے گا لیکن دوستوں کچھ دنوں کے بعد پھر سے وہی ہوگیا یعنی یہ ڈال انہیں کے گھر میں موجود تھی اب یہ ساری کہانی سیمین نے فیزبک پر شیئر کی تھی جو میڈیا میں بھی کافی مشہور ہو گئی اس فیملی کے انٹرویوز بھی لیے گئے یعنی یہ عجیب کہانی کروڑوں لوگ جان چکے تھے ہوسکتا ہے کہ یہ ساری کہانی صرف فرضی ہو یعنی یہ فیملی صرف اٹینشن حاصل کرنے کے لئے یہ سب کر رہی ہو لیکن بہرحال ان کا دعوی ہے کہ ان کی یہ ڈول ہانٹڈ ہے,17,4,"[7, 14, 17, 20, 29, 29, 33, 36, 41, 43, 46, 61, 62, 65, 65, 67, 71]","[10, 28, 57, 57]",1,74,14,5,9,"(1, 18.91891891891892)","[9, 0, 0, 0, 0, 0, 9, 0, 9, 0, 0, 0, 0, 0, 9]","[0, 0, 1]"
36.97,201 (5).wav,دوست اسلامی نے فیصلہ کیا کہ اس دفعہ یہ ڈال یہ اپنے ایک دوست کو بھجوا دیں گے ان کا ایک فیملی فرینڈ تھا جس کا نام پریس ہاگن تھا یہ ادمی چاہتا تھا کہ یہ لوگ یہ ڈول اس کے اڈریس پر بھجوا دیں اس فیملی نے اس ادمی کو یہ ڈول پارسل کر دی یعنی اب تو کوئی چانسز ہی نہیں تھے کہ یہ ڈال واپس ان کے گھر پڑی ہوئی ملتی اور ایسے ہی ہوا یہ کہانی یہاں ختم ہوگئی الصا ڈول پھر کبھی ان کے گھر واپس نہیں ملی یہ ڈال اج اسی ادمی کے پاس ہے یا پھر یہ ساری کہانی فرضی تھی بہرحال یہ کہانی کافی عجیب ہے,7,4,"[1, 3, 20, 27, 30, 35, 37]","[0, 5, 25, 36]",1,36,6,1,5,"(1, 16.666666666666664)","[0, 9, 0, 0, 0, 0, 0]","[0, 1, 0, 0]"
27.45,201 (6).wav,دوستوں اگر اپ مجھے انسٹاگرام پر بھی فالو کرنا چاہیں تو اس کا لنک نیچے موجود ہے,0,0,[],[],0,27,0,0,4,"(0, 14.814814814814813)",[],[]
31.51,201 (7).wav,14 اگست کی امد امد ہے ساتھی ان اوازوں کی بھی جو ایک عرصے سے درد سر بنی ہے پاکستان میں ایک اور چیز کا ٹرینڈ چل چکا ہے جسے ہم کلیپس کے نام سے جانتے ہیں زیادہ تر لوگ اسے نام کے بجائے اواز سے پہچانتے ہیں پریشان کن بات یہ ہے کہ یہ صرف شور شرابے کا ہی سبق نہیں بنتے بلکہ یہ سنگین انجری کی وجہ بھی ہے 1968 میں امریکی کمپنی نے اسے پہلی بار بنایا لیکن دیکھتے ہی دیکھتے 1970 تک اس نے پورے یورپ اور امریکہ کے بچوں کو اپنا شہدائی بنا لیا,9,0,"[5, 6, 8, 12, 16, 18, 18, 20, 26]",[],0,31,1,0,20,"(0, 64.51612903225806)","[0, 0, 0, 0, 0, 0, 0, 0]",[]
63.23,201 (8).wav,ویسے تو اس کھلونے کو ابتدائی طور پر جانچ پڑتال کے بعد ہی مارکیٹ میں بیچنے کی اجازت ملی تھی لیکن اس کھلونے سے بچوں کے زخمی ہونے کے واقعات میں ہوش ربا اضافے کے بعد اسے بین کر دیا گیا یہ کریکٹرز اس قدر خطرناک ہے کہ ایسے بلیڈنگ نوز اور بروکن بوس جیسے ناموں سے مخاطب کیا گیا ابتدائی دور میں ٹکرانے کے بعد ٹوٹ جایا کرتے تھے یا پھر بچے اپس کی لڑائی میں ایک دوسرے کے خلاف بھی استعمال کیا کرتے تھے یہی وجہ تھی کہ اسے مجبورا بین کرنا پڑا اس کا استعمال روکنے کے لئے امریکی ادارے ایف بی اے کو وارننگ جاری کرنا پڑی اساتذہ والدین پولیس اہلکاروں کی معاونت حاصل کی گئی یہاں تک کہ صوفیا اہلکاروں کو تعینات کیا گیا اور انہیں یہ احکامات دیے گئے کہ جہاں کے لے کر اس کی اواز سنائی دے کاروائی یقینی بنائی جائے 1990 وہ سال تھا جب کہہ کر اس کی دوبارہ انٹری ہوئی جب انہیں ریزائن کر کے پلاسٹک سے بنایا گیا لیکن یہ پلاسٹک کا ڈیزائن ہونے کا باوجود اب بھی انتہائی خطرناک ہے یہاں تک کہ 11 سب سے خطرناک ترین کھلونے کی فہرست میں اج بھی یہ سر فہرست,9,1,"[7, 12, 15, 21, 29, 54, 57, 58, 60]",[17],0,63,5,3,40,"(0, 63.49206349206349)","[0, 0, 0, 0, 0, 0, 0, 0, 0]",[0]
26.19,201 (9).wav,کریکر اس نے اب پاکستانی بچوں کو اپنا مدہ بنا لیا ہے کراچی ہو لاہور ہو یا پھر کوئی اور شاعری صبح شام بچے سے کھیلتے ہیں اور اس سے پیدا ہونے والی اواز سے محظوظ ہوتے ہیں کریکرز کے اس کھیل سے بچے تو خوش ہیں لیکن والدین شریک پریشان کیوں کہ اس نے ان کی سب سے پسندیدہ چیز سکون سے محروم کر دیا ہے,6,2,"[9, 18, 19, 20, 24, 25]","[23, 24]",0,26,2,0,14,"(0, 53.84615384615385)","[0, 0, 0, 0, 0, 0]","[0, 0]"
34.37,200 (2).wav,ارے پتہ نہیں تجھے پاکستان سے اسنیکس منگوائے ہیں سکینہ سے بولا تھا تاروں کے نیچے سے لے ائیں گے اب تارا کے نیچے سے کیوں لے ائے کراچی سے ائے کراچی پاکستان چھوٹا روٹی لگ رہا ہے سمجھوتا نہیں کیا,3,0,"[3, 29, 34]",[],0,34,7,3,20,"(0, 58.82352941176471)","[0, 9, 0]",[]
65.94,200 (3).wav,اداب ناضرین اوکے ڈسٹرکٹ کی اگلی پیشکش لے کر حاضر ہوگئے ہم اپ کے سامنے تو اپ سے گزارش ہے اپنے فضول کام چھوڑ دیں اور یہی غور فرمائیں اور اج کی ویڈیو میں ہم ازما رہے ہیں سرحد پار سے کچھ لذیذ ہندوستان میں رہے کہ ہم پاکستان کے کچھ نقص منگالی ہم لوگوں نے کیسے کر رہے کہ ہم پاکستانی اسنیکس انڈیا میں لا سکیں ٹھیک ہے اپ کو یو اے ای کے تھرو اتا ہے دبئی کے تھرو اتا ہے جب اسنیکس کھو گیا ہم نے واپس ڈھونڈ لی جی ہاں ایئرپورٹ کا ڈبہ لے کے چلا گیا تھا جی بھائی جان تو پاکستان کے بارے میں سب سے پہلا خیال اپ کے من میں کیا اتا ہے ایسا کوئی ریئل لائف ایکسپیرینس تو ہے نہیں پاکستان کے ساتھ جتنی دیکھی ہے فلمیں میں دیکھی ہے ساتھ میں نے پاکستانی مووی بھی دیکھنی ہے اس کا نام تھا بول بول عاطف اسلم کی اردو لینگویج اردو اسپیکنگ بنگلے نے اردو میں,4,1,"[9, 9, 42, 52]",[27],0,65,20,10,34,"(0, 52.307692307692314)","[0, 9, 0]",[0]
20.67,200 (4).wav,فوڈ میں کومن کیا ہوگا کہ بہت زیادہ ڈفرینس ہوگا نہیں کیونکہ کنٹری پہلے ایک ہی تھی فلیورز کا روٹ تو ایک جگہ سے ہی ایا ہوگا ہر چیز وہاں پر ہر جگہ اویلیبل ہے پتا ہے,3,1,"[4, 6, 16]",[19],0,20,5,3,12,"(0, 60.0)","[0, 0, 0]",[0]
69.54,200 (5).wav,گالا ایک بسکٹس گلا یہ گالا پتا نہیں سورۃ حال بہت خوبصورت ہے کراچی کراچی سے ہے کراچی پاکستان ٹریڈ مارک ہوتا ہے ایک کا کوئی فلیور نہیں ارہا اس میں ایڈجسٹ میٹھا بسکٹ ہے کہ اگر یہ اپ کے وہاں کا گڈا ہے ہم نے اسے 750 درہم میں منگایا تو شاید اس وجہ سے اس کی رقم ابھی زیادہ ہے چائے پاکستان میں اور سستے ملتے ہیں,4,2,"[8, 28, 61, 68]","[12, 33]",0,69,12,16,33,"(0, 47.82608695652174)","[0, 0, 0, 0]","[9, 0]"
78.04,200 (6).wav,میٹھے کے بعد کچھ نمکین اگیا برینڈ میں نے سنا ہے پاکستان کا کافی فیمس برانڈ ہے کونسل وہ بہت پرانا بھی ہے سالٹڈ فلیور واہ واہ بوچھاڑ ہو گئی ہے یہاں پہ تو اسنیکس کی انڈیا میں بھی ملتا ہے بھائی افٹر تیز ارہا ہے لوکل مارکیٹ میں جاؤ تو ایسے پھونک میں ملتے ہیں فرائی کر کے باہر نکال لیتے ہیں ایک چیز میں نوٹس کر لیجئے میں نے ایکسپیکٹ نہیں کیا میرے ہاتھ روکی نہیں رہے کوشش کرو,4,3,"[42, 63, 70, 75]","[13, 25, 26]",0,78,3,16,47,"(0, 60.256410256410255)","[9, 0, 9, 0]","[1, 0, 0]"
51.48,200 (7).wav,باتیں اردو اور پاکستان کی ہو رہی ہیں اپ شعر و شاعری کرتے ظاہر کرنے کا اس سے بیش قیمتی ذریعہ نہیں کرتا ہوں کہ کیوں ڈرے زندگی میں کیا ہوگا کچھ نہیں وہ تجربہ ہوگا کہ میں اس کو پانچ میں سے تین لینا چاہوں گا کوئی ایسا پروڈکٹ ہے ہاتھ رک نہیں رہے ہیں تو اس کا مطلب یہ پروڈکٹ ہے ہم سے کہتے ہیں اور وہ تو سیم ہی ہے بس تھوڑا پیکیجنگ الگ,5,0,"[13, 15, 22, 35, 36]",[],0,51,4,14,33,"(0, 64.70588235294117)","[0, 0, 0, 0, 0]",[]
44.23,200 (8).wav,کوکومو کوکو موبائل ہوتی تھی کاپی ہارڈ ہوگا بٹے کاپی سافٹ نکلتا مجھے کوکو چاہیے,0,0,[],[],0,44,6,9,23,"(0, 52.27272727272727)",[],[]
71.68,200 (9).wav,اپ کو پتا ہے پاکستانی جو فلم انڈسٹری ان کو لولی وڈ کہتے ہیں لاہور میں ہو لاہور میں زیادہ تر شوٹنگ ہوتی ہے پاکستانی موویز میں نے مووی دیکھی ہے میں نے خدا کے لئے دیکھا ہے بہت اچھی مووی تھی میں نے سب سے پہلا جو ارٹسٹ سنا تھا وہ تھانے میں اسے سنتا ہوں مجھے بڑا مزہ اتا ہے بعد میں ملتا ہے ترستی ہے نگاہ ہے وہ بھی پاکستانی گانا ہے اس کا انڈین ٹی وی شو یا فلمیں دیکھتے ہیں فلمیں تو سلمان بھائی سب کے بہت بڑے فین ہیں وہ وہ دیکھ کے میں ایک دم میں بھول گیا کہاں ہوں ویڈیو اچھی لگی میرا بچہ رو رہا ہو اس کو چپ کرانے کے لئے میں پکڑا سے چھینکے بھی کھا سکتا ہوں,2,3,"[11, 63]","[22, 33, 61]",0,71,18,15,38,"(0, 53.52112676056338)","[0, 0]","[9, 0, 0]"
69.43,200 (10).wav,میں اس سے اج تک مختلف کیوں تھا اور ہجمولا کھٹی میٹھی املی حج بولا ہے ہندوستان کا نہیں تھا سرحدیں کوئی بھی ہو گیس کی پرابلم سب کو ہوتی ہے پہلے انگلش سے شروعات کرتے سارے کانسپٹ سیم ہیں انڈیا میں بھی مینگو وائٹ ملتی تھی اگر ایک لیٹس ہوتی تو کیسی ہوتی وہ امرس ہوتی ہے تو میں تو کہوں گا مونس کھاؤ گے وہاں پر پنیر نہیں ملتا تھا تو بھیا میں مشکل ہے ملنا بھائی دودھ کو پھاڑنا ہے پشاور میں رہتے تھے تو امی جان روز ایک کھلاتی تھی ہمیں,5,1,"[14, 20, 51, 56, 66]",[4],0,69,15,17,27,"(0, 39.130434782608695)","[0, 9, 0, 0, 0]",[0]
28.47,200 (11).wav,سینٹر فل کینڈی املی اسکے بیچ میں املی ایسا بول رہا ہے اپشن ہوتا ہے ایوریج ایوریج بتاؤ اردو میں مامولی ان تینوں میں سے بیسٹ کھوپڑا لگا,2,1,"[16, 17]",[26],0,28,2,3,22,"(0, 78.57142857142857)","[0, 0]",[0]
73.96,200 (12).wav,پیکجنگ بڑی اچھی سی ہے تجھے پتا ہے یہ سوپر لکھا ہوا ہے او بھائی یہ تو ٹرانسلیٹ ہے گرین گرین نہیں دکھ رہا لائٹ میں بہت بڑھیا سے بیٹھا ہے مزہ نہیں اتا دس از ویری گڈ بھائی پاکستان سے کتنا کلوز گئے ہو تم پاکستان کے کتنے کلوز گیا ہوں پاکستان کا اپنا اٹاری بارڈر ہے ہندوستان کا ان کا ہے کلو میٹر دور کیسے ہوگیا ہے یہ ہندوستان,3,3,"[23, 24, 34]","[3, 13, 33]",0,73,11,9,43,"(0, 58.9041095890411)","[0, 0, 0]","[9, 9, 0]"
25.19,200 (13).wav,اردو میں لڑائی کرنی ہے میرے ساتھ بچے,0,0,[],[],0,25,3,7,15,"(0, 60.0)",[],[]
66.11,200 (14).wav,واہ جی واہ میں نے اج تک ایسی کوئی چیز نہیں دیکھی ہے شربت نہیں دے گا نمبر دوں گا بہت اسٹرونگ ٹیسٹ ہے تو پوچھتے نہیں کہ اب شربت لیں گے یا کولڈ ڈرنک لیں گے ہم لوگ بچپن میں ایک پتا نہیں یہ خاص کے ثروت پیتے تھے ویسا سا بھی تھوڑا لگ رہا ہے اس میں تھوڑا سا ڈال دو ماشاللہ سبحان اللہ,5,2,"[10, 11, 15, 27, 44]","[1, 3]",0,66,8,16,31,"(0, 46.96969696969697)","[0, 0, 0, 0, 0]","[0, 9]"
75.95,200 (15).wav,بہت اچھا ایکسپیرینس ہے میرے لیے تو اوورال یہ ویڈیو پاسیبل نہیں ہو پاتا اگر حارث اور نام ہمیں ہیلپ نہیں کرتے یہ ساری چیزیں انڈیا لانے کے لئے تو انہوں نے بہت محنت کی ہماری کرو نے بہت محنت کی تو تھینک یو سو مچ یار پلیز کمنٹ سیکشن میں لڑیئے گا نہیں یہ نہیں تھا وہ نہیں تھا ہمیں پتا ہی نہیں ہے تو کچھ کچھ نہیں جیسے دل جیت لیا جیسے وہ کیا تھا مجھے لگتا ہے کہ وہ اب انڈیا میں ملنی چاہیے انڈین دوستوں کو شیئر کریں جنہیں پاکستانی کلچر کے بارے میں نہیں پتا اگے ہم اور کنٹری کا اسنیکس ٹرائی کر سکیں سبسکرائب کر لو یار اگر اپ نے نہیں کیا تو پلیز گھبرانا نہیں ہے,13,8,"[7, 13, 21, 25, 33, 35, 36, 40, 43, 61, 72, 75, 75]","[1, 12, 43, 44, 44, 46, 66, 68]",0,75,16,18,41,"(0, 54.666666666666664)","[9, 0, 0, 0, 0, 0, 0, 0, 0, 0, 0, 0]","[0, 0, 0, 0, 0, 1, 0]"
22.71,200 (17).wav,ہلدی رام کی بھیل پوری خستہ اور کراری گھر میں مل جائے میل پوری ہیوی ہے اور یہ پنجابی تڑکا الو کی بھجیا کو ذرا فرائیڈ ورژن اگر اپ کیا ہے,0,1,[],[4],2,22,5,7,5,"(2, 31.818181818181817)",[],[0]
39.87,200 (18).wav,ہاں بھائی کیا حال ہے بھیا اج کے ایپیسوڈ تھوڑی سی انہیں کیوں کہ اج میں ٹرائی کرنے جا رہا ہوں بہت سارے انڈین اسنیکس تو میں چونکہ وہ اپ کو پتہ ہے کہ میں اکثر ٹریول کرتا رہتا ہوں اور میں جہاں بھی جاتا ہوں وہاں کی کوشش وغرہ ٹرائی کرتا ہوں اف کورس حلال بھائی کو پوچھنے والی بات ہوتی ہے حلال ہے تھوڑا اسنیکس کے ساتھ بھی شروع کرتے ہیں مینگو فروٹی فریش جوسی اور یہ سارے ایڈ دیکھ کے اور عامل کے ایڈ دیکھ دیکھ کے ہیڈ تو اج تھمز اپ بھی ساتھ ہے تو ایک ایک کر کے جو ہے نہ میں انڈین سائنس فرائی کرتا ہوں اور دیکھتا ہوں,1,2,[37],"[6, 18]",1,39,17,10,4,"(1, 43.58974358974359)",[0],"[0, 0]"
46.56,200 (19).wav,تمہیں سب سے پہلے ہمارے پیارے مودی جی کی اسٹیٹس سے راشٹریہ سے ایا ہوا کھٹا میٹھا گیم چھو نمکین اب کیم چھوپے بھائی نیوٹریشنل ویلیو ذرا ساری چیک کر لیں چیزیں اوکے ہیں یہاں پے لکھا ہوا ہے سوٹیبل فور ویجیٹیرین تو گھبرایا نہیں بھائی تو پھر اس کو ٹرائی کرتے ہیں یہ کھٹا میٹھا جیسے مودی جی کے بیان ہوتے ہیں اس طرح کا ان کا اسٹیٹ کا نیمکو بھی ویسا ہے کہ نہیں نمکو ملتا ہے چائے کے ساتھ جام کھاتے ہیں جیسا کہ اپ دیکھ رہے ہیں پینٹس ہیں کراچی میں ان کو ملتا ہے سیم کوالٹی وار ہے کیونکہ عالم نمکو پرسنلی کھٹا میٹھا اوکے,4,9,"[19, 19, 32, 35]","[3, 6, 7, 16, 22, 24, 24, 44, 46]",0,46,11,11,15,"(0, 32.608695652173914)","[0, 0, 0]","[9, 0, 0, 1, 0, 1, 0, 0]"
53.48,200 (20).wav,اجی کھٹا میٹھا کے بعد اب تھوڑا میچ مثال ہوجائے سیف علی خان کی لیز والا ایڈ اتا تھا انڈیاز میجک مسالہ جس میں وہ سات افریکن گورے کو لیز دے دیتا ہے انڈین جرسی پہنا دیتا ہے تو دیکھتے ہیں انڈیا کی جرسی بنایا تھا اور ویسے بھی ورلڈ کپ اج کل چل رہا ہے دیکھتا ہوں یہ کھانے کے بعد ٹرائی کرتے ہیں انڈیا کا میجک مسالہ لے جاتا ہے کافی ملتا جلتا ہے,0,6,[],"[2, 6, 15, 44, 49, 51]",1,53,17,11,17,"(1, 32.075471698113205)",[],"[0, 0, 1, 1, 0, 1]"
35.11,200 (21).wav,اجائے الیس کی بات کی تو یہ ایک اور میرے پاس ہے اب امریکن اسٹائل کریم میں نہیں ائی تھنک پاکستان میں بھی یہ والا ملتا ہے لیکن ایک جو ہے وہ یہ ہے کہ یہ انڈیا میں 20 رز کا مل رہا ہے ہمارے ہاں کمینٹ میں بتائیں ان کو خوش کرتے,3,0,"[12, 19, 34]",[],2,35,8,11,10,"(2, 31.428571428571427)","[0, 0, 0]",[]
58.12,200 (22).wav,اج بھائی مودی جی کا کھٹا میٹھا اور لیز ہو گئے تو تھوڑا پیاس لگ رہی ہے تو یہ تم سب جیسا کہ اپ دیکھ رہے ہیں بچپن سے میں ایڈ بھی دیکھ رہے ہیں بجرنگ بنیا کی تصویر اس میں بنی ہوئی ہے سائیڈ پے نام بھی لکھا ہوا ہے گولڈ کامن ویلتھ گیم میں تو بھائی انڈیا اوبیسٹی سیلیبریٹ دا ہیروز تو کل اس وقت میں میل بورڈ میں ہوں کل میچ انڈیا پاکستان کا خیال جب تک اپ ویڈیو دیکھیں گے تب تک پتا چل گیا میچ ہوا ابھی تک نہیں ہوا تھا تو کون جیتا تھا میں نے تم سے زندگی میں ایک بار پی تھی دبئی میں بٹ یہ کہ ابھی دیکھتے ہیں,3,4,"[7, 21, 46]","[3, 25, 45, 47]",1,58,25,10,15,"(1, 43.103448275862064)","[0, 0, 0]","[1, 9, 0, 9]"
73.47,200 (23).wav,یار اب ساری زندگی وہ پیپسی کوک کی عادت ہے نہ تو بڑا مشکل ہے ایکسیپٹ کرنا پچپن سے ہر مووی میں دیکھتے ہیں اس کی پروڈکٹ انٹیگریشن ہوتی ہے اگر اپ بچپن سے پہلے بڑے ہو اور وہ ایک چیز پروڈکٹ کھا رہے ہو یا پی رہے ہو تو اپ کے ٹیسٹ والا جن کے بسکٹ اتے ہیں ان کی کمپنی کا پروڈکٹ ہے جو کہ بعد میں کوکا کولا نے خرید لیا ہے جیسے کہ یہ پیچھے لکھا ہوا ہے کوکو کولا کمپنی میں اتا ہے جیسے دنیا بھر میں بڑی کمپنی چھوٹی مچھلیوں کو کھا جاتی ہے تاکہ ان کی پروڈکٹ سائیڈ لائن کرے اور اپنا پروڈکٹ ائے ٹیسٹ تھا اس کو فوکس کرنا ہے اس کے باوجود تو اب کوکا کولا اس کو پیرالل رن کرتا ہے انڈیا میں وچ از نوٹ ایگزیمپل یو سی اینی ولس ان دا ورلڈ تو,5,4,"[4, 6, 7, 21, 40]","[39, 41, 45, 46]",1,73,37,11,19,"(1, 50.68493150684932)","[0, 0, 0, 0, 0]","[9, 0, 0, 9]"
67.31,200 (24).wav,ہلدی رام کی بھیل پوری کیونکہ اس میں سنا ہے کہ جی ڈفرنٹ پیکیجنگ میں اتی ہے اور اپ کو مکس کرکے خود ہی بنانی پڑتی ہے تو تھوڑا لیبر والا کام ہے تو یہ بھی ہم ذرا کرتے جیسا کہ یہ املی کی چٹنی ہے ٹھیک ہے نا یہ پیکج کے ساتھ اتی ہے یہ سیو ہے سیو اوپر سے ڈرتی نہیں املی کی چٹنی سیو کے اوپر ڈلتی ہے اور جیسا کہ اپ کی املی کی چٹنی ہے اس کو اچھی طرح مکس کریں گے اور اوپر سے ہم اس میں سیو کر کے ڈال دیں گے اچھا کچھ لوگ ہیں جی وہ ٹماٹر پیاز پورا اس میں جو ہے نہ لہسن لہسن ملا کے اپنے حساب سے بناتے ہیں یہ میں نے سارا اس لیے ڈال دیے کیونکہ اس کے حساب سے ہے اب اس کو اپ نے اچھی طرح مکس کرنا ہے جیسے اپ کو یاد ہوگا جو میں نے بنائی تھی مارواڑی لائن میں وہ یہی چیز تو تھی وہ بڑے پیالے میں کتنی تیز تیز وہ مکسنگ کر رہا تھا وہی چیز ہے پاپڑی پاپڑی ساتھ ہی اتی ہے الگ سے نہیں مانگنی پڑے گی ساتھ ہی چٹنی ارہی ہے خود ہی مکس کرکے جو ہے منہ میں پانی ارہا ہے,8,8,"[10, 20, 37, 53, 55, 56, 58, 61]","[15, 20, 22, 27, 29, 33, 46, 48]",2,67,14,25,20,"(2, 37.3134328358209)","[0, 0, 0, 0, 0, 0, 0, 0]","[9, 0, 1, 0, 0, 0, 0, 0]"
56.4,200 (25).wav,گرمی مل جائے پھر پوری مجبوری بنا لو بازار بازار جانا ہی پڑے گا لیکویڈ چٹنی سیو الگ الگ پیکیجنگ میں ایک ہی ڈبے میں ا رہی ہے خود ہی مکس کریں حالانکہ مجھے بھی اور چیزیں بھی ٹرائی کرنی ہے بٹ دل نہیں کر رہا اس کو چھوڑنے کا اور چوکے بچے ہی ہٹ کریے یار ہلدی رام کے ساتھ ائی تھنک کام بہت اچھا ہے,3,3,"[5, 37, 54]","[33, 36, 56]",2,56,10,29,15,"(2, 51.78571428571429)","[0, 0, 0]","[0, 9, 0]"
38.82,200 (26).wav,ارے بھائی کھٹی میٹھی چٹنی کے بعد اب ٹائم فروٹی ساری زندگی کا ہرٹ دیکھا ہے اگین گرین ڈاٹ ہے بھائی ایکسپورٹ کوالٹی فورا چاہیے اس کو دیکھ کے پہلے میرے ذہن میں ایا مینگو سلائس تو ٹرائی کرتے ہیں اس سے کتنا ملتا جلتا ہے یہ جو فروٹو ملتا ہے پاکستان میں وہ تھوڑا تھین ہوتا ہے سلائس کی طرح تو اس کی افٹر ڈیش بورڈ کافی بہتر ہے اور فوٹو تھوڑا کھٹا کھٹا والی سائیڈ پہ,0,3,[],"[19, 34, 34]",1,38,15,7,8,"(1, 39.473684210526315)",[],"[0, 0]"
53.55,200 (27).wav,اور بھائی ان ورڈز اف دا گریٹ محمد علی جوہی چاولہ اور جوئی چاولا چوبیس کے بہت ایڈ کر دی تھی پاکستان میں بھی اب اگئے ہیں تو ذرا چیک کرتے ہیں کرکرے کے معاملے میں اپ کو یاد ہوگا کافی کنٹروورسی کے جس کو جلادو پلاسٹک بناؤ جیو مہمانداری کے لیے اچھا ائٹم ہے بول میں ڈال کے رکھ دیں بچے کھاتے رہتے ہیں بچے بھاگتے رہتے ہیں تو بھاگتے بھاگتے بچے فور ایکسپورٹس اس پہ لکھا ہوا ہے یہ لیس پہ لکھا ہوا ہے,0,4,[],"[26, 33, 49, 53]",2,53,16,17,10,"(2, 32.075471698113205)",[],"[9, 0, 0, 0]"
38.36,200 (28).wav,اذان بادام کھانے سے عقل اتی ہے اور یہ بات ساؤتھ ایشیا میں بڑی مشہور ہے اگر ہم بادام کھاتے تو دنیا رول کر رہے ہوتے ہیں پلی ولی بادام ڈرنک اور اس پے عربک بھی لکھی ہوئی ہے ایم ٹی ار جو ہے انسٹنٹ فوڈ بناتی ہے کمپنی المنڈ ٹرینٹ ہے اینڈ سیف الرحمان بھی لکھی ہے,0,1,[],[10],1,38,17,11,8,"(1, 44.73684210526316)",[],[0]
72.03,200 (29).wav,مجھے یہ کیرالا کا ایک پروڈکٹ ملا تھا بٹر مروک بٹر مرو کو کاپی ہیوی ہے بٹن لکھا ہوا ہے تو میٹھا ہے یہ بالکل راؤنڈ این راونڈ جلیبی کی شیپ میں جیسے ہم لوگ بھول گئے ہمیں کھوئے رہتے ہیں بھائی میٹھا نہیں ہے بہت زور سے پڑھ لینا پڑتا ہے چائے والا ائٹم سونا ہی اس میں بھائی ہلکے دانتوں کا پروڈکٹ نہیں مجھے مضبوط دانت چاہیے اس کے لیے فالو اسمان مالابار ٹریٹس نیچرل فوڈ پرائیویٹ لمیٹڈ کیرالا کیمرہ والوں کے یار دانت ہوتے ہوں گے چائے والا ائٹم ہے دو تین مہینے بڑھ جاؤ گے نمک پارے اور نمک پارے والے کیٹیگری میں اتا ہے تھوڑا سا اس کی جو نہ فنشنگ بھی چپ رہ ہے یہ ہاتھ میں پکڑنے سے نہ اس میں گریب ہے لائٹ سے ہوتے ہیں لائٹ ویٹ ہوتا ہے,5,6,"[13, 23, 34, 60, 66]","[10, 11, 17, 22, 29, 35]",2,72,13,25,25,"(2, 34.72222222222222)","[0, 0, 0, 0, 0]","[0, 0, 0, 0, 0, 0]"
51.83,200 (30).wav,از پنجابی تڑکا اور ہلدی رام کے بارے میں کہا جاتا ہے کہ نہیں انڈیا کی ہر اسٹیٹ کے حساب سے جو جو ان کا لوکلائزیشن تو ان کے حساب سے کوئی نہ کوئی پروڈکٹ نکال کے تاکہ ہر جگہ ان کا مال بکے اف کورس اور یہ پنجابی تڑکا الو کی بھجیا کو ذرا وہی والی فیلس کی الو ہے ویری گڈ پاکستان میں جو بیکری بیکری میں جو چپس ملتا ہے نا وہی ہے اس کی شیپ تھوڑی ہے یہ ریٹنگ میں پرسنل دے رہا ہوں کہ میں کتنا شوق سے لگاؤں گا جیسے بہت مزے کا تھا کوالٹی بھی اچھی ہے,2,4,"[7, 16]","[46, 48, 49, 51]",1,51,16,15,15,"(1, 31.372549019607842)","[0, 0]","[0, 0, 1, 0]"
46.18,200 (31).wav,اجا جی کب سے انڈین استاد چل رہا ہے اپ بھی سوچ رہے ہو کہ یار یہ بھٹو مروک اور نیمکو والے ہلدی راؤ بسکٹ کہاں ہے پارلے جی کدھر ہے کدھر ہے جس کے ایڈز دیکھ دیکھ کے ہماری بھوک کا بیڑہ غرق ہوجاتا ہے تو یہ پارلے جی جس کا روشن نے بہت زیادہ کیا ہے اور اسی وجہ سے جوڑا گیا ہے میرے کو ذہن میں نہیں ارہا بڑے جو نارمل چاکلیٹ کو کی ایک تو وہ تو نہ جو اپ ہائی اینڈ ریسٹورنٹ وغیرہ میں کھاتے ہو ڈیزلٹ پلیس میں اتا ہے,4,1,"[21, 27, 34, 39]",[25],2,46,11,19,13,"(2, 41.30434782608695)","[0, 0, 0, 9]",[1]
66.66,200 (32).wav,اجا ہیڈن سیٹ کا اگر ہم دیکھیں جی سب سے کلوز کمپٹیشن چاکلیٹ کیٹیگری میں تو برٹنی کے برابر ہے شراب والی تھی وہ شراب والی نہیں ہے مگر فرق یہ ہے کہ وہ چاکلیٹ کوکی ہے دیس از چاکلیٹ سینڈوچ جیسا کہ پاکستان میں غیر کونسے ملتا تھا وہ چاکلیٹ سینڈ میں دو فلیور میں لیمن میں اتا تھا انڈیا میں کھلبلی مچ جائے گی نیچے کمنٹ میں اتے بولا مجھے زیادہ اچھا لگا کاجو والا کیا نام تھا اس کا ابے بھائی وہ دیکھ کے وہ اس کی دکھا دو جو مکھن یوں نکل رہا ہے کاجو اسپرنکل ہو رہا ہے کیا نام تھا اس کا دماغ کی گڈ ہے کے بسکٹ سے بیٹنگ کرتا تھا کیونکہ وہ بسکٹ کا بنا ہوا,3,2,"[15, 19, 39]","[40, 67]",1,66,30,18,10,"(1, 45.45454545454545)","[0, 9, 0]","[0, 0]"
67.08,200 (33).wav,اج میں لاسٹ پر نوٹ دی لی فٹافٹ ڈائجسٹر کینڈی کیونکہ اس طرح میں نے خالی تو ظاہر ہے اس کو ڈائجسٹ بھی کرنا ہے ویسے تو کیٹیگری اف بولا ایورویدک ہے مگر اس کو بچے انڈیا میں جو ہے نہ ٹوپی کی طرح کھاتے ہیں جلدی جلدی ہم بھی ذرا اس کو اس طرح کھائیں گے فٹا فٹ بچے بڑے شوق سے فٹافٹ کھا لیتے ہو تو مجھے بھی لگے گا تو یہ بابا رام دیو کی بھی پروڈکٹ ذرا نہیں ہے کیونکہ اس کا جو باز ہے نا وہ حج بولا والا ہاج بولا کی جو سیٹسفیکشن ہوتی ہے ہمدرد کی اتی ہے پاکستان میں اس کا جو ہے نا وہ اس میں تھوڑا سا لکینگ تھا کیونکہ بچے اس کو کینڈی کی طرح کھاتے ہیں,5,2,"[8, 21, 25, 25, 43]","[32, 53]",1,67,30,14,16,"(1, 44.776119402985074)","[0, 0, 0, 0]","[1, 0]"
48.65,200 (34).wav,تو یہ تھی اج کی ایپیسوڈ اس میں میں نے ٹرائی کی انڈین اسنیکس اینڈ بہت ساری چیزوں کے ایڈ دیکھے تھے کیونکہ ظاہر ہے غربت میں بندہ دیکھ ہی سکتا ہے گڈ ڈے کا بس ریٹ کم کھائیں گے جتنا بھی نمکین والا ایٹم چٹورے تو ہے نا تو وہ بھی نہیں ہے یہ سارے میں نے چیک کیے ہوئے ہیں اس کی پروڈکٹ کی اسٹریلین پروڈکٹس نکسٹ ٹائم کیوں کہ اسٹریلیا میں بیٹھا ہوں ان کی بھی ذرا ہم دیکھیں گے کیا کیا منجن چل رہا ہے اور اب بھی بتائیے گا کہ کون سے ملک کے پروڈکٹ سب سے زیادہ اچھے سے دوبارہ ملاقات ہوتی ہے,4,2,"[12, 17, 24, 46]","[5, 46]",1,48,30,6,11,"(1, 62.5)","[0, 0, 0, 0]","[0, 0]"
