id,text
655c852f86396e0f9543416b,بھائی کیا ہو گیا چل کیوں نہیں رہے ہو کیا کرنا ہے سٹاپ بالکل سیف کر سکتے ہو اس
655c855486396e0f9543416f,ہیلو السلام علیکم اپ کا نام کیا ہے کیا حال ہیں اپ کے
655c8b06acd6f6b65cc9a590,اچھا اب اس میں ایسا کریں نا یہ اور ہے نا میرا میرا پلے سٹور
655c8b8aacd6f6b65cc9a594,سرچ کریں اس کے اوپر روم پہ اردو لگاتا ہے یہاں پر بھی پرنٹ توکل ہے تمام چیزیں نئی ایئر کنڈیشن شپ ہر ایک کو قریب تو ہم لگے ہوئے ہیں خراب وغیرہ صحیح صحیح یہ دونوں دیتے ساتھ دیتی ہے اپ لوگوں کو بھی ہے انجینئر سے اپ نکالی ہے اور اس سے نکالے اور یہاں پر ارشادات صاحب کو بٹھا لیں انشاءاللہ اپ ویسے کریں ایک دفتر میں بلائی ہے جلی سے اور ایک نسلوں میں ان سے کراچی بات ہے اب دوسری بات یہ ہے کہ اب میں کہہ رہا تھا کہ ان سے بھی اپ کو کریں کرا دیتے ہیں نا تحسین فاطمہ جنہوں نے یہ لغت کیا پروفیشنلی زیادہ ہو جائے گا اگر انہیں الریڈی ایک کام کیا ہوا ہے نا کوئی ڈزن میٹر ہے میرا خیال ہے کر لو نا اب لکھ رہا ہم اس میں کوئی چیز ایسی نہ پختہ نہیں کرنا چاہ رہے مفتی اس میں ہونی چاہیے اور جو گنجائش یہ ہونی
655d88516e4931707a66f04a,ابھی تم بولو کچھ ہی بول دے بھائی ہیلو السلام علیکم کیا حال ہیں اپ کے سیو کر
655d896a6e4931707a66f04e,چار گتے لیں ان کو ریاضی کے اصولوں کو مدنظر رکھتے ہوئے برابر برابر اس طرح کاٹیں کہ نیچے سے اوپر کی طرف جاتے ہوئے وہ ایک تکون کی شکل اختیار کر لیں جیسا کہ احرام میں مصر ہیں ایک بات کا خیال رکھیں کہ ان کی لمبی چوڑائی میں کوئی فرق نہ ہو بالکل ٹھیک پیمائش پر مشتمل تکون ہوں ان چاروں کو ٹیپ یا گوند سے جوڑ لیں ایک بات کا خیال رکھیں ان کے چاروں کونوں کو کسی نے کسی سمت میں ہونا چاہیے ایک کو نہ مشرق میں ہو تو ایک مغرب میں اپ اس کے لیے کتب نما کی مدد لے سکتے ہیں لیجیے ایک بڑا احرام مصر ہے نہ صحیح پر ایک چھوٹا احرام مصر ضرور تیار ہے یقین نہیں ارہا چلیں کوئی بات نہیں دو لاسٹ دودھ کے لیں ایک کو اپنے بنائے ہوئے احرام کے نیچے رکھ لیں ایک ساتھ ہی کلی فضا میں رکھ دینا ہے اب دیکھتے رہیں جیسے ہی باہر رکھا ہوا دودھ خراب ہو جائے کب ایران کے نیچے والا گلاس اٹھا کر دودھ کو دیکھیں بالکل تر و تازہ پائیں گے جی ہاں احرام نما احرام نما عمارت کو نہیں کہیں بھی کیوں نہ ہو وقت بیمار ہو جاتا ہے اب بھی تجربات سے یقین نہیں ارہا تو کوئی سبزی لیں اس کے ساتھ بھی تجربہ کریں احرام والی سبزی اس وقت بھی تازہ ہوگی تب احرام کے باہر رکھی ہوئی سبزی خراب ہو چکی ہوگی اس طرح اپ مختلف چیزیں احرام کے نیچے رکھ کر زربات کر سکتے ہیں ٹہریے اپ اپنے اپ کو تجربے کے لیے پیش کیوں نہیں کرتے ہاں جی ایک بڑا احرام نما نوارت عمارت بنائیں اس کے نیچے سو کر دیکھیں اپ بے خوابی کے مریض تھے سوتے ہوئے ڈراؤنے خواب اتے تھے اپنی بڑھتی ہوئی عمر سے پریشان ہیں جلدی مرنا نہیں چاہتے کچھ عرصہ احران کے نیچے سونے کے بعد اپ خود کو ان تمام بیماریوں سے دور چاہتا ہوا محسوس کریں گے انسان کو انسان موت کو شکست تو نہیں دے سکتا اور کچھ عرصے کے لیے ٹال تو سکتا ہے جی ہاں
655d8acabb0c1687f9c48e43,السلام علیکم اپ کا نام کیا ہے
655d8e0453460eedfb5cd174,اس کی گریٹ ایک ہجوم رہتا وہ جنہیں دوست سمجھتا تھا جو نہیں اچھا وقت ختم ہوا سب غائب ہوا سالوں کی دوستیاں گھنٹوں میں بلا دی گئی یہاں تک جنہیں وہ سب سے قریبی دوست سمجھتا تھا انہوں نے کبھی فون کر کے بھی نہیں پوچھا یہی وقت ہے جب اسے گھیرے ڈپریشن نے ا گھیرا چند دوست تھے جو اس سے ملنے ا جاتے ہیں اس کا ڈپریشن بڑھتا جا رہا تھا اس کی کہانی میں دلچسپی اس وجہ سے پیدا ہوئی کہ تھوڑے سے دو بدل کے ساتھ میں بھی ان حالات سے گزرا تھا خود کو صحافتی سیاست کے برج کہلانے کئی سیاسی ہونے اس کی فائنانسنگ پر سیاست کرتے تھے بڑے بڑے بھلے خان کی گاڑیوں کا پٹرول اور سگرٹ تک وہ خریدا کرتا تھا جس میں جس کا میں خود عینی شاہد ہوں ہمارا تعلق دہائیوں پر مشتمل ہے گھٹے کام بھی کیا اور سیاست بھی
655d8e4853460eedfb5cd178,ہیلو بولو کچھ ہاں چلو
655d8ebf53460eedfb5cd17b,بعد نجی ٹی وی سے گفتگو کرتے ہوئے وزیر خارجہ شاہ محمود قریشی نے بتایا کہ ملاقات میں ان کے لیے پہلی دفعہ کام کیا اس تحریر کے جواب میں میرے ہے کہ چیئرمین نے بارہا انہیں ٹھنڈا کرنے کی کوشش کی اور کہ استحکام کے لیے ہمہ وقت جاری ہو جاتی ہیں اللہ تعالی ہم اور حافظ ابن تیمیہ اور غلط بیانی سے اور اس پہ لعن تان کریے اور یہاں اللہ تعالی صحیح ہو رہی ہے سٹاپ کر لو سیو کر لو سٹاپ کر کے دیکھ لیتے ہیں ان کو
655d8f2b53460eedfb5cd17e,بعد نجی ٹی وی سے گفتگو کرتے ہوئے وزیر خارجہ شاہ محمود قریشی نے بتایا کہ ملاقات میں ان کے لیے پہلی دفعہ کام کیا اس تحریر کے جواب میں میرا ہے کہ چیئرمین نے بارہا انہیں ٹھنڈا کرنے کی کوشش کی اور کہ استحکام کے لیے ہر وقت جاری ہو جاتی ہیں اللہ تعالی اور حافظ ابن تیمہ اور غلط بیانی سے اور اس پر لعن طعن اور یہاں اللہ کے عمار ملی مزید بہتر بنانے کی ہدایت کی گئی ایران میں ہونے والے صدارتی انتخابات کے ہیں لیکن اسرائیلی جاہریت
655d94520340092b7c0dfafc,تو یہ اپ کی نا اڈیو پر ریکارڈ کرنا شروع کر دے گا اور ساتھ ساتھ ٹرانسفر بھی جنریٹ کر رہا ہوگا کہ اپ کیا بولی وہ لفظ ادھر اتے جائیں گے ٹھیک ہے پھر جب اپ کو لگے کہ مطلب اپ نے ایک پیراگراف پر لیا جو بھی اپ کو صحیح لگتا ہے جتنا اپ اپنے پڑھ لیں اپ
655d94a00340092b7c0dfb00,تعلیم سے ہماری مراد موافق عرف عام کے لکھنا پڑھنا سیکھنے سے ہے ہر زمانے میں لاکھوں کروڑوں ادمی مختلف مقاصد سے لکھنا پڑھنا سیکھتے رہے ہیں عام مقصد جس کے سبب سے تعلیم پر توجہ ہوتی ہے خان تعلیم پانے والے خود اس پر متوجہ ہوں یا عطفال کے مربیوں نے توجہ کی ہو یہ ہے کہ ان کے ذہن میں یہ بات سمائی ہوئی ہوتی ہے کہ ایک ج*** کندہ نا تراش سے لکھا پڑھا ادمی زیادہ بہتر ہوتا ہے اور وہ تعلیم جس درجے کی ہوئی ہو زندگی کے کاروبار میں اس کے لیے نہایت مفید اور کارامد ہوتی ہے
655d97d91a9c4495886ebe25,ان تعلیم پانے والوں میں لاکھوں ادمی تو ایسے ہوتے ہیں کہ ادنی درجہ تعلیم تک پہنچ کر اور کچھ متوسط درجے کی تعلیم تک پہنچ کر رہ جاتے ہیں اور چند ایسے ہوتے ہیں کہ متوسط درجے کی تعلیم سے اگے بڑھتے ہیں اور اپنے ذوق کے اپنے مذاق کے موافق علم کی شاخوں میں سے کسی شاف کی تکمیل پر مائل ہوتے ہیں کوئی شاید کوئی فلسفے میں ترقی کرتا ہے اور کوئی ریاضیات میں اور کوئی دینیات میں مگر ہر ایک کے ساتھ حصول معاش کا خیال رہتا ہے اور جو کچھ حاصل اور جو کچھ وہ حاصل کرتا ہے یا کرنا چاہتا ہے اس کو ذریعہ حصول معاش ضرور سمجھتا ہے اپ نے اس پر یہ لفظ چھوڑ دیا
655d97da3a1606b8388e1422,ان تعلیم پانے والوں میں لاکھوں ادمی تو ایسے ہوتے ہیں کہ ادنی درجہ تعلیم تک پہنچ کر اور کچھ متوسط درجے کی تعلیم تک پہنچ کر رہ جاتے ہیں اور چند ایسے ہوتے ہیں کہ متوسط درجے کی تعلیم سے اگے بڑھتے ہیں اور اپنے ذوق کے اپنے مذاق کے موافق علم کی شاخوں میں سے کسی شاف کی تکمیل پر مائل ہوتے ہیں کوئی شاید کوئی فلسفے میں ترقی کرتا ہے اور کوئی ریاضیات میں اور کوئی دینیات میں مگر ہر ایک کے ساتھ حصول معاش کا خیال رہتا ہے اور جو کچھ حاصل اور جو کچھ وہ حاصل کرتا ہے یا کرنا چاہتا ہے اس کو ذریعہ حصول معاش ضرور سمجھتا ہے اپ نے اس پر یہ لفظ چھوڑ دیا
655d98763a1606b8388e1426,تعلیم سے ہماری مراد موافق عرف عام کے لکھنا پڑھنا سیکھنے سے ہے ہر زمانے میں لاکھوں کروڑوں ادمی مختلف مقاصد سے لکھنا پڑھنا سیکھتے رہے ہیں عام مقصد جس کے سبب سے تعلیم پر توجہ ہوتی ہے خواہ تعلیم پانے والے خود اس پر متوجہ ہوں یا اطفال کے مربیوں نے اطفال کی تعلیم پر توجہ کی ہو یہ ہے کہ ان کے ذہن میں یہ بات سمائی ہوئی ہوتی ہے کہ ایک ج*** کنندہ تراش سے ایک ج*** کندہ نہ تراش سے لکھا پڑنا لکھا پڑا ادمی زیادہ بہتر ہوتا ہے اور وہ تعلیم جس درجے کی ہوئی ہو زندگی کے کاروبار میں اس کے لیے نہایت مفید اور کارامد ہوتی ہے ان تعلیم پانے والوں میں لاکھوں عالمی تو ایسے ہوتے ہیں کہ ادنی درجہ تعلیم تک پہنچ کر اور کچھ متوسط درجے کی تعلیم تک پہنچ کر رہ جاتے ہیں اور چند ایسے ہوتے ہیں کہ متوسط درجے کی تعلیم سے اگے بڑھتے ہیں اور اپنے مذاق کے موافق علم کی شاخوں میں سے کسی شاہ کی تکمیل پر مائل ہوتے ہیں کوئی شاعر بننا چاہتا ہے کوئی ادیب کوئی فلسفے میں ترقی کرتا ہے اور کوئی ریاضیات میں اور کوئی دینیات میں والا حاضر قیاس مگر ہر ایک کے ساتھ حصول معاش کا خیال لگا رہتا ہے اور جو کچھ وہ حاصل کرتا ہے یا کرنا چاہتا ہے اس کو ذریعہ حصول معاش ضرور سمجھتا ہے
655d9e98b312ba4bceea39f1,تعلیم سے ہماری مراد موافق عرف عام کے لکھنا پڑھنا سیکھنے سے ہے ہر زمانے میں لاکھوں کروڑوں ادمی مختلف مقاصد سے لکھنا پڑھنا سیکھتے رہے ہیں عام مقصد جس کے سبب سے تعلیم پر توجہ ہوتی ہے خار تعلیم پانے والے خود اس پر متوجہ ہوں یا اطفال کے مربیوں نے توجہ کی ہو یہ ہے کہ ان کے ذہن میں یہ بات سمائی ہوئی ہوتی ہے کہ ایک ج*** کندہ ناتراج سے لکھا پڑا ادمی زیادہ بہتر ہوتا ہے اور وہ تعلیم جس درجے کی ہوئی ہو زندگی کے کاروبار میں اس کے لیے نہایت مفید اور کارامد ہوتی ہے
655d9f0ab312ba4bceea39f5,تعلیم سے ہماری مراد موافق عرف عام کے لکھنا پڑھنا سیکھنے سے ہے ہر زمانے میں لاکھوں کروڑوں ادمی مختلف مقاصد سے لکھنا پڑھنا سیکھتے رہے ہیں عام مقصد جس کے سبب سے تعلیم پر توجہ ہوتی ہے خواہ تعلیم پانے والے خود اس پر متوجہ ہوں یا اطفال کے مربیوں نے عطفال کی تعلیم پر توجہ کی ہو یہ ہے کہ ان کے ذہن میں یہ بات سمائی ہوئی ہوتی ہے کہ ایک ج*** کندہ ناتراج سے لکھا پڑھا بہتر ہوتا ہے اور وہ تعلیم جس درجے کی ہونی ہونی ہو زندگی کے کاروبار میں اس کے لیے نہایت مفید اور کارامد ہوتی ہے
655d9f4ab312ba4bceea39f8,تعلیم سے ہماری مراد موافق عرف عام کے لکھنا پڑھنا سیکھنے سے ہے ہر زمانے میں لاکھوں کروڑوں ادمی مختلف مقاصد سے لکھنا پڑھنا سیکھتے رہے ہیں عام مقصد جس کے سبب سے تعلیم پر توجہ ہوتی ہے خا تعلیم پانے والے خود اس پر متوجہ ہوں یا اطفال کے مربیوں نے اطفال کی تعلیم پر توجہ کی ہو یہ ہے کہ ان کے ذہن میں یہ بات سمائی ہوئی ہوتی ہے کہ ایک ج*** کندہ نا تراش سے لکھا پڑا ادمی زیادہ بہتر ہوتا ہے اور وہ تعلیم جس درجے کی ہوئی ہو زندگی کے کاروبار میں اس کے لیے نہایت مفید اور کارامد ہوتی ہے
655da049b312ba4bceea39fb,تعلیم تعلیم سے ہماری موافق حروف عام کے لکھنا پڑھنا سیکھنے سے ہے ہر زمانے میں لاکھوں کروڑوں ادمی مختلف مخاطب سے لکھنا پڑھنا سیکھتے رہے ہیں عام مقصد جس کے سبب سے تعلیم پر توجہ ہوتی ہے خواہ تعلیم پانے والے خود اس پر متوجہ ہوں یا اطفال کے طور پر توجہ کی ہو یہ ہے کہ ان کے ذہن میں یہ بات سمائی ہوئی ہوتی ہے کہ ایک ج*** کندہ ناترات سے لکھا پڑا ادمی زیادہ بہتر ہوتا ہے اور وہ تعلیم چیز درجے کی ہوئی ہو زندگی کے کاروبار میں اس کے لیے نہایت مفید اور کارامد ہوتی ہے ان تعلیم پانے والوں میں لاکھوں ادمی تو ایسے ہوتے ہیں کہ ادنی درجہ تعلیم تک پہنچ کر اور کچھ متواسط درجے کی تعلیم تک پہنچ کر رہ جاتے ہیں اور چند ایسے ہوتے ہیں کہ متوجہ درجے کی تعلیم سے اگے بڑھتے ہیں اور اپنے مذاق کے موافق علم کی شاخوں میں سے کسی شک کی تکمیل پر مائل ہوتے ہیں کوئی شاعر بننا چاہتا ہے کوئی ادیب کوئی فلسفہ میں ترقی کرتا ہے اور کوئی ر یاضیات میں اور کوئی دینیات میں مگر ہر ایک کے ساتھ اصول معاش کا خیال لگا دیتا ہے اور جو کچھ وہ حاصل کرتا ہے یا کرنا چاہتا ہے اس کو ذریعہ حصول حصول مارچ ضرور سمجھتا ہے تعلیم بغیر اس کے کہ اس کے حاصل کرنے کے لیے کوئی زبان اختیار کی جائے غیر ممکن ہے جس زمانے میں جس زبان کا عروج ہوتا ہے وہی زبان اس کے لیے اختیار کی جاتی ہے یہ ایک کلیہ قاعدہ ہے کہ جس ملک میں جو زبان حکومت کرتی ہے اسی زبان کا عروج ہوتا ہے خلفائے بنی امیہ اور بنی عباس کے زمانے میں عربی زبان کا مجتہ ہر شخص اسی زبان میں علوم کو سیکھنا چاہتا تھا ہندوؤں کے زمانے میں ہندوستان میں سنسکرت زبان کا عروج تھا اسی کو لوگ اختیار کرتے تھے جب مسلمانوں کی عملداری ہندوستان میں ہوئی تو فارسی کا عروج ہوا اور سب نے فارسی زبان میں تعلیم پانا اختیار کیا اب ہندوستان میں انگریزی حکومت ہے جس کی زبان انگریزی ہے اور اسی زبان کو عروج اس لیے ہر شخص اسی زبان کے اختیار کرنے پر مائل ہے ہاں مسلمانوں نے انگریزی زبان کے حاصل کرنے میں بہت کچھ کوتاہی کی اس کے کچھ ہی سبب ہوں گے ہوں مگر اس کا سب سے بڑا سبب یہ تھا کہ وہ اپنی غلطی سے انگریزی زبان پڑھنے کو مخالف مذہب اسلام سمجھتے تھے مگر جب سے یہ خیال کم ہو گیا یا دنیاوی ضرورت نے انہیں مجبور کیا اسی وقت سے مسلمانوں نے بھی انگریزی زبان میں تعلیم اختیار کرنی شروع کر دی ہے مگر بہت سے مسلمان مذہب کو دنیاوی ضرورت سے زیادہ مقدم سمجھتے ہیں اور اس لیے کہا جا سکتا ہے کہ ان میں یہ خیال کہ انگریزی پڑھنی مذہب اسلام کے برخلاف ہیں کم ہو گیا ہے
655da108b312ba4bceea39fe,تعلیم سے ہماری مراد موافق عرف عام کے لکھنا پڑھنا سیکھنے سے ہے ہر زمانے میں لاکھوں کروڑوں ادمی مختلف مقاصد سے لکھنا پڑھنا سیکھتے رہے ہیں عام مقصد جس کے سبب سے تعلیم پر توجہ ہوتی ہے خواہ تعلیم پانے والے خود اس پر متوجہ ہوں یا اطفال کے مربیوں نے اطفال کی تعلیم پر توجہ کی ہو یہ ہے کہ ان کے ذہن میں یہ بات سمائی ہوئی ہوتی ہے کہ ایک ج*** خندہ نہ تراج سے لکھا پڑا ادمی زیادہ بہتر ہوتا ہے اور وہ تعلیم جس درجے کی ہوئی ہو زندگی کے کاروبار میں اس کے لیے نہایت مفید اور کارامد ہوتی ہے ان تعلیم پانے والوں میں لاکھوں ادمی تو ایسے ہوتے ہیں کہ ادنی درجے تعلیم تک پہنچ کر اور کچھ متوسط درجے کی تعلیم تک پہنچ کر رہ جاتے ہیں اور چند ایسے ہوتے ہیں کہ متوسط درجے کی تعلیم سے اگے بڑھتے ہیں اور اپنے مذاق کے موافق علم کی شاخوں میں سے کسی شاخ کی تکمیل پر مائل ہوتے ہیں کوئی شاعر بننا چاہتا ہے کوئی ادیب کوئی فلسفے میں ترقی کرتا ہے اور کوئی ریاضیات میں اور کوئی دینیات میں مگر ہر ایک کے ساتھ اصول معاش کا خیال لگا رہتا ہے اور جو کچھ وہ حاصل کرتا ہے یا کرنا چاہتا ہے اس کو ذریعہ حصول معجز ضرور سمجھ تعلیم بغیر اس کے کہ اس کے حاصل کرنے کے لیے کوئی زبان اختیار کی جائے غیر ممکن ہے جس زمانے میں جس زبان کا عروج ہوتا ہے وہی زبان اس کے لیے اختیار کی جاتی ہے یہ کلیہ قاعدہ ہے کہ جس ملک میں جو زبان حکومت کرتی ہے اسی زبان کا عروج ہوتا ہے خلفائے بنو امیہ اور بنی عباس کے زمانے میں عربی زبان کا عروج تھا ہر شخص اسی زبان میں علوم کو سیکھنا چاہتا تھا ہندوؤں کی زبان میں زمانے میں ہندوستان میں سنسکرت زبان کا عروج تھا اسی کو لوگ اختیار کرتے تھے جب مسلمانوں کی ہمداری ہندوستان میں ہوئی تو فارسی کا عروج ہوا اور سب نے فارسی زبان میں تعلیم پانا اختیار کیا اب ہندوستان میں انگریزی حکومت ہے جس کی زبان انگریزی ہے اور اسی لیے ہر شخص زبان کے اختیار کرنے پر مائل ہے ہم مسلمانوں نے انگریزی زبان کے حاصل کرنے میں بہت کچھ کوتاہی کی اس کے کچھ ہی سبب ہوں مگر اس کا سب سے بڑا سبب یہ تھا کہ وہ اپنی غلطی سے انگریزی زبان پڑھنے کو مخالف مذہبی اسلام سمجھتے تھے مگر جب سے یہ خیال کم ہو گیا یا دنیاوی ضرورت نے انہیں مجبور کیا اسی وقت سے مسلمانوں نے بھی انگریزی زبان میں تعلیم اختیار کرنی شروع کر دی ہے مگر بہت سے مسلمان مذہب کو دنیاوی ضرورت سے مقدم سمجھتے ہیں اور اس لیے کہا جا سکتا ہے کہ ان میں یہ خیال کے انگریزی پڑھنی مذہب اسلام کے برخلاف ہے کم ہو گیا ہے
655da1ceb312ba4bceea3a01,تعلیم سے ہماری مراد موافق عرف عام کے لکھنا پڑھنا سیکھنے سے ہے ہر زمانے میں لاکھوں کروڑوں ادمی مختلف مقاصد سے لکھنا پڑنا سیکھتے رہے ہیں عام مقصد جس کے سبب سے تعلیم پر توجہ ہوتی ہے خا تعلیم پانے والے خود اس پر متوجہ ہوں یا اطفال کے مربیوں نے اطفال کی تعلیم پر توجہ کی ہو یہ ہے کہ ان کے ذہن میں یہ بات سمجھ نا تراش سے لکھا پڑا ادمی زیادہ بہتر ہوتا ہے اور وہ تعلیم جس درجے کی ہوئی ہو زندگی کے کاروبار میں اس کے لیے نہایت مفید اور کارامد ہوتی ہے ان تعلیم پانے والوں میں لاکھوں ادمی تو ایسے ہوتے ہیں کہ ادنی درجہ تعلیم تک پہنچ کر اور کچھ متوسط درجے کی تعلیم تک پہنچ کر رہ جاتے ہیں اور چند ایسے ہوتے ہیں کہ متوسط درجے کی تعلیم سے اگے بڑھتے ہیں اور اپنے مذاق کے موافق علم کی شاخوں میں سے کسی شاخ کی تکمیل پر مائل ہوتے ہیں کوئی شاعر بننا چاہتا ہے کوئی ادیب کوئی فلسفے میں ترقی کرتا ہے اور کوئی ریاضیات میں اور کوئی دینیات میں والا حاصل قیاس ہر ایک کے ساتھ اصول معاش کا خیال لگا رہتا ہے اور جو کچھ وہ حاصل کرتا ہے یا کرنا چاہتا ہے اس کو ذریعہ حصول ضرور سمجھتا ہے تعلیم بغیر اس کے کہ اس کے حاصل کرنے کے لیے کوئی زبان اختیار کی جاوے غیر ممکن ہے جس زمانے میں جس زبان کا عروج ہوتا ہے وہی زبان اس کے لیے اختیار کی جاتی ہے یہ کلیہ قاعدہ ہے کہ جس ملک میں جو زبان حکومت کرتی ہے اسی زبان کا عروج ہوتا ہے خلفائے بنو امیہ اور بنو عباس کے زمانے میں عربی زبان کا عروج تھا ہر شخص اسی زبان میں علوم کو سیکھنا چاہتا تھا ہندوؤں کے زمانے میں ہندوستان میں سنسکرت زبان کا عروج تھا اسی کو لوگ اختیار کرتے تھے جب مسلمانوں کی علم عملداری ہندوستان میں ہوئی تو فارسی کا عروج ہوا اور سب نے فارسی زبان میں تعلیم پانا اختیار کیا اب ہندوستان میں انگریزی حکومت ہے جس کی زبان انگریزی ہے اور اسی زبان کو عروج ہے اس لیے ہر شخص اسی زبان کے اختیار کرنے پر مائل ہے ہم مسلمانوں نے انگریزی زبان کے حصول کرنے میں بہت کچھ کوتاہی کی اس کے کچھ ہی سبب ہوں مگر اس کا سب سے بڑا سبب یہ تھا کہ وہ اپنی غلطی سے انگریزی زبان پڑھنے کو مخالف مذہب اسلام سمجھتے تھے مگر جب سے یہ خیال کم ہو گیا ہے یا دنیاوی ضرورت نے انہیں مجبور کیا اسی وقت سے مسلمانوں نے بھی انگریزی زبان میں تعلیم اختیار کرنی شروع کر دی ہے مگر بہت سے مسلمان مذہب کو دنیاوی ضرورت سے مقدم سمجھتے ہیں اور اس لیے کہا جا سکتا ہے کہ ان میں یہ خیال ہے کہ انگریزی پڑھنی مذہب اسلام کے برخلاف ہے کم ہو گیا ہے
655da29eb312ba4bceea3a04,تعلیم سے ہمارے مراد موافق عام کے لکھنا پڑھنا سیکھنے سے ہے ہر زمانے میں لاکھوں کروڑوں ادمی مختلف مقاصد سے لکھنا پڑھنا سیکھتے رہے ہیں عام مقصد جس کے سبب سے تعلیم پر توجہ ہوتی ہے خا تعلیم پانے والے خود اس پر متوجہ ہو یا اطفال کے مربیوں نے اطفال کی تعلیم پر توجہ کی ہو یہ ہے کہ ان کے ذہن میں یہ بات سمائی ہوئی ہوتی ہے کہ ایک ج*** کندہ نہ تراش سے پڑھا لکھا ادمی زیادہ بہتر ہوتا ہے اور وہ تعلیم جس درجے کی ہو زندگی کے کاروبار میں اس کے لیے نہایت مفید اور کرامت ہوتی ہے
655da449245e881a2b41233d,تعلیم سے ہماری مراد موافق اسے عام کے لکھنے پڑھنا سیکھنے سے ہے ہر زمانے میں لاکھوں کروڑوں ادمی مختلف مقاصد سے لکھنا پڑھنا سیکھتے رہے ہیں عام مقصد جس کے سبب سے تعلیم پر توجہ ہوتی ہے خواہ تعلیم پانے والے خود اس پر متوجہ ہو یا اطفال کے مرویوں نے اطفال کی تعلیم پر توجہ کی ہو یہ ہے کہ ان کے ذہن میں یہ بات سمائی ہوئی ہوتی ہے کہ ایک ج*** کنندہ نہ تراش سے لکھا پڑا ادمی زیادہ بہتر ہوتا ہے اور وہ تعلیم جس درجے کی ہو زندگی کے کاروبار میں اس کے لیے نہایت مفید اور کرامت ہوتی ہے ان تعلیم پانے والوں میں لاکھوں ادمی تو ایسے ہوتے ہیں کہ انا درجہ تعلیم تک پہنچ کر اور کچھ متوسط درجے کی تعلیم تک پہنچ کر رہ جاتے ہیں اور چند ایسے ہوتے ہیں کہ متوس ط درجے کی تعلیم سے اگے بڑھ اگے بڑھتے ہیں اور اپنے مقصد کے موافق علم کی شاخوں میں سے کسی شاخ کی تکمیل پر پائل ہوتے ہیں کوئی شاعر بننا چاہتا ہے کوئی ادیب کوئی فلسفے فلسفے میں ترقی کرتا ہے کوئی ریاضیات میں اور کوئی دینیات میں مگر ہر ایک کے ساتھ اصول معاش کا خیال لگا رہتا ہے اور جو کچھ حاصل کرتا ہے یا کرنا چاہتا ہے اس کو ذریعہ حصول معاش ضرور سمجھتا ہے تعلیم بغیر اس کے کہ اس کے حاصل کرنے کے لیے کوئی زبان اختیار کی جاوے غیر ممکن ہے جس زمانے میں جس زبان کا عروج ہوتا ہے وہی زبان اس کے لیے اختیار کی جاتی ہے یہ ایک کلیہ قاعدہ ہے جس ملک میں جو زبان حکومت کرتی ہے اسی زبان کا عروج ہوتا ہے خلفائے بنی امیہ اور بنی بنی عباس کے زمانے میں عربی زبان کا عروج تھا ہر شخص اس زبان میں علوم حاصل کرنا چاہتا تھا ہندوؤں کے زمانے میں ہندوستان میں سنسکرت زبان کا عروج تھا اسی کو لوگ اختیار کرتے تھے جب مسلمانوں کی عملداری ہندوستان میں ہوئی تو فارسی زبان کا عروج ہوا اور سب کے سب نے فارسی زبان میں تعلیم پان اختیار کی اب ہندوستان میں انگریزی حکومت ہے جس کی زبان انگریزی ہے اور اسی زبان کو عروج ہے اس لیے ہر شخص اسی زبان کے اختیار کرنے پر مائل ہے ہم مسلمانوں نے انگریزی زبان کے حاصل کرنے میں بہت کچھ کوتاہی کی اس کے کچھ ہی سبب ہیں مگر اس کا سب سے بڑا سبب یہ تھا کہ وہ اپنی غلطی سے انگریزی زبان پڑھنے کو مخالف مذہب سمجھتے سمجھتے تھے مگر جب سے یہ خیال کم ہو گیا کہ دنیاوی ضرورت نے انہیں مجبور کیا اسی وقت سے مسلمانوں نے بھی انگریزی زبان میں تعلیم اختیار کرنی شروع کر دی مگر بہت سے مسلمان مذہب کو دنیاوی ضرورت سے مقدم سمجھتے ہیں اور اس لیے کہا جاتا ہے کہ ان ان میں یہ خیال کہ انگریزی پڑھنی مذہب اسلام کی برخلاف ہے کم ہو گیا
655da7c0486e1f7b362878b5,تعلیم سے ہماری مراد موافق عرف عام کے لکھنا پڑھنا سیکھنے سے ہے ہر زمانے میں لاکھوں کروڑوں ادمی مختلف مقاصد سے لکھنا پڑھنا سیکھتے رہے ہیں عام مقصد جس کے سبب سے تعلیم پر توجہ ہوتی ہے خان تعلیم پانے والے خود اس پر متوجہ ہوں یا عطفال کے مربیوں نے عطفان کی تعلیم پر توجہ کی ہو یہ ہے کہ ان کے ذہن میں یہ بات سمائی ہوئی ہوتی ہے کہ ج*** کندہ نہ تراش سے لکھا پڑھا ادمی زیادہ بہتر ہوتا ہے اور وہ تعلیم جس درجے کی ہوئی ہو زندگی کے کاروبار میں اس کے لیے نہایت مفید اور کارامد ہوتی ہے ان تعلیم پانے والوں میں لاکھوں ادمی تو ایسے ہوتے ہیں کہ ادنی درج تعلیم تک پہنچ کر اور کچھ متوسط درجے کی تعلیم تک پہنچ کر رہ جاتے ہیں اور چند ایسے ہوتے ہیں کہ متوسط درجے کی تعلیم سے اگے بڑھتے ہیں اور اپنے مذاق کے موافق علم کی شاخوں میں سے کسی شاخ کی تکمیل پر مائل ہوتے ہیں کوئی شاعر بننا چاہتا ہے کوئی ادیب کوئی فلسفے میں ترقی کرتا ہے اور کوئی ریاضیات میں اور کوئی دینیات میں مگر ہر ایک کے ساتھ حصول معاش کا خیال لگا رہتا ہے اور جو کچھ وہ حاصل کرتا ہے یا کرنا چاہتا ہے اس کو رسول سمجھتا ہے تعلیم بغیر اس کے کہ اس کے حاصل کرنے کے لیے کوئی زبان اختیار کی جاوے غیر ممکن ہے جس زمانے میں جس زبان کا عروج ہوتا ہے وہی زبان اس کے لیے اختیار کی جاتی ہے یہ ایک کلیہ قاعدہ ہے کہ جس ملک میں جو زبان حکومت کرتی ہے اسی زبان کا عروج ہوتا ہے خلفائے بنی امیہ اور بنی عباس کے زمانے میں عربی زبان کا عروج تھا ہر شخص اسی زبان میں علوم کو سیکھنا چاہتا تھا ہندوؤں کے زمانے میں ہندوستان میں سنسکرت زبان کا عروج تھا اسی کو لوگ اختیار کرتے تھے جب مسلمانوں کی عملداری ہندوستان میں ہوئی تو فارسی کا عروج ہوا اور سب نے فارسی زبان میں تعلیم پانا اختیار کیا اب ہندوستان میں انگریزی حکومت ہے جس کی زبان انگریزی ہے اور اسی زبان کو عروج ہے اس لیے ہر شخص اسی زمانگی اختیار کرنے پر مائل ہے ہاں مسلمانوں نے انگریزی زبان کے حاصل کرنے میں بہت کچھ کوتاہی کی اس کے کچھ ہی سب ب ہوں مگر اس کا سب سے بڑا سبب یہ تھا کہ وہ اپنی غلطی سے انگریزی زبان پڑھنے کو مخالف مذہب اسلام سمجھتے تھے مگر جب سے یہ خیال کم ہو گیا یا دنیاوی ضرورت نے انہیں مجبور کیا اسی وقت سے مسلمانوں نے بھی انگریزی زبان میں تعلیم اختیار کرنی شروع کر دی ہے مگر بہت سے مسلمان مذہب کو دنیاوی ضرورت سے مقدم سمجھتے ہیں اور اس لیے کہا جا سکتا ہے کہ ان میں یہ خیان کے انگریزی پڑھنے مذہب اسلام کی برخلاف ہے کم ہو گیا ہے
655da90ef9db41542f8d81e7,اصل قبول علاوہ چٹاخ تصفیہ ابتہاج طلبیت تشریق باسی گنج خمیر بیوڑی پیغام لیس ڈھیلا اندھیرا ٹال مٹول تالم ٹول 47 حفاظت سر حاصل شبستان لٹکنا محیط پامال شعبان متاخر نمائندگی جھینگا صحبت ایول وحدانی خالق خالق طاق مہنگائی یک چشم حالا اناصر متاع مل متعلق رسل کثرت فق متروک طوفان کنگال قبرستان
655da998f9db41542f8d81eb,اصل چٹاخ تلبیت گنج لیس لیتو لال لٹکنا متاخر عوض مہنگائی شامل افک قبول خمیر ڈھیلا ک محیط نمائندگی وحدانی یک چشم متعلق متروک تصفیہ تشریک بیوڑی اندھیرا اضافت نیتو لال پامال جھینگا خالق حالہ رسل طوفان علاوہ اتحاج باسی قبرستان پیغام ٹالم ٹول ٹال مٹول سحر حاصل شبستان شعبان صحبت توق عناصر کثرت کنگال
655daa3af9db41542f8d81ee,خول علاوہ چٹا تصفیہ اتحاج تلوید تشریر باسی قبرستان گنج قمیر بیوڑی پیغام لیس ڈھیلا اندھیرا ٹال مٹول ٹالم ٹول 47 حفاظت سیر حاصل بغل شبستان لٹکنا محیط اعمال شعبان متاکر نمائندگی جھینگا صوبت عوض وحدانی حالر ط مہنگائی یک چشم حالہ عناصر متعامل متعلق رٹل کثرت اف متروک طوفان کنگال
655daa8df9db41542f8d81f1,اسلم چٹا تلبیت خمیر تیلا سنتاب فوق محیط نمائندگی ودانی یک چشم متعلق متروک گنج لیس لی تو لال لٹکنا متاخر عوض مہنگائی متعامل افق قبول تصفیہ تشریق بیوڑی اندھیرا حفاظت اغل بغل پامال جینگا خالق حالہ دراصل طوفان علاوہ اتحاج باسی قبرستان پیغام ٹالن ٹول سر حاصل شبستان شبان صحوبت توق عناصر کثرت کنگال
655dab03f9db41542f8d81f4,چٹاخ تصفیہ ابتہاج طلبیب تشریک باسی قبرستان گنج خمیر دیوڑی پیغام لیس دھیلا اندھیرا ٹال مٹول تلم ٹول سنتا سنتاب حفاظت سحر حاصل وہ توک غلبغل شبستان لٹکنا محیط پامال شعبان متاخر نمائندگی جھینگا صوبت عوض وحدانی خالق کامل متعلق رسل کثرت اف متروک طوفان کنگال
656070ab0f9eeb1f86c5aefd,کیا نام ہے اپ کا
6560a3262dbd16ab70d6504c,پ کلک کر دیں اچھا اس کے بعد یہ ہم میں جو بھی بول رہا ہوں یہ یہاں پہ ریکارڈ کرتے جا رہے ہیں اور ساتھ ہی ساتھ ہمارے پاس ٹرانسکرپٹ بھی پروڈیوس ہو رہی ہے اچھا جیسے ہم نے کوئی بھی کیا کہتے ہیں اڈیو کلپ ختم کرنی ہو تو ہم
6560a3602dbd16ab70d65050,اچھا اس کے علاوہ جیسے میں نے یہ بھی بولے جا رہا ہوں اور یہ
656484b0389fbe1233f0cab6,عجیب شخص تھا کیا انقلاب لے ایا شبیز یاہ میں اک افتاب لے ایا جہاں پہ قطرہ شبنم کو بھی ترستے تھے وہ ایک چشمہ وہ ایک چشمہ بجائے سراب لے ایا دکھوں کی دھول کے باعث بشر کی انکھوں سے ہوئے تھے جتنے بھی گم سارے خواب لے ایا بھٹک رہی تھی جو اب تک دکھوں کے صحرا میں وہ ان کے واسطے سکھ کے گلاب لے ایا جولس تھی دھوپ میں تسکین قلب کی خاطر کرم کی بارشیں وہ بے حساب لے ایا حفیظ صدیقی
65648603389fbe1233f0caba,سورہ اکرم پوری مستعدی کے ساتھ اپنے پروگراموں کو عملی جامہ پہنایا کرتے تھے اپ اس کام کو اختیار کرتے تھے اسے پورے اثر انجام فرماتے تھے اپ پابندی وقت کی شدت سے تلقین فرماتے تھے جس کی سب سے بڑی مثال خود اپ کی خود اپ نے ہمیشہ جس کام کے لیے کرنے کا جو وقت مقرر کیا اس میں کمی بیشی کبھی نہ ائے
65648668389fbe1233f0cabd,تابی کے ساتھ اپ نے پروگراموں کو عملی جامہ پہنایا کرتے تھے اپ جس کام کو اختیار کرتے تھے اسے پورے استقلال کے ساتھ سرانجام فرماتے تھے اپ پابندی وقت کی شدت سے تلقین فرماتے تھے جس سب سے بڑی مثال خود اپ کی خود اپ نے ہمیشہ جس کام کے لیے کرنے کا جو وقت مقرر کیا اس میں کمی بیشی کمی نہ ہو
656487d8759d53013f23450f,عجیب شخص تھا کیا انقلاب لے ایا شب سیاہ میں ایک افتاب لے ایا جہاں پہ قطرہ شبنم کو بھی ترستے تھے وہ ایک چشمہ وہ ایک چشمہ بجائے سراب لے ایا دکوں کی دھول کے باعث بشر کی انکھوں سے ہوئے تھے جتنے بھی گم سارے خواب لے ایا بھٹک رہی تھی جو اب تک دکھوں کے صحرا میں وہ ان کے واسطے سکھ کے گلاب لے ایا جولس تھی دھوپ میں تسکین قلب کی خاطر کرم کی بارشیں وہ بے حساب لے ایا حفیظ صدیقی
6565aa33924a3e51ae18a7de,السلام علیکم یہ این ای ڈی یونیورسٹی کراچی ہے ہم لوگ اس وقت یہاں ریکارڈنگ کے لیے جمع ہیں
6565aa8d924a3e51ae18a7e2,سٹارٹ کیا اب اپ کچھ بھی بول رہے ہیں تو وہ ریکارڈ کر رہا ہے کہیں پہ اگر اپ کو پوز کرنا ہے روکنا ہے
6565ac12d762adf4507dcc6b,سب سے بڑا ہے میرا خدا صفات ان سے باہر پہ ذات میں تنہا ازل سے تابہ ابد تیری شان ہے یکتا حفیظ صدیقی دنیا میں طاقتور بھی ہیں اور زوراور بھی ہیں حاکم بھی ہیں اور بادشاہ شہنشاہ بھی لیکن یہ کسی نہ کسی مقام پر مجبوروں محکوم ہیں اور کسی بڑی طاقت کی احتیاط ان کی ضرورت ہے یہ بڑی طاقت خداوند تعالی کی ہے جس نے ان سب کو پیدا کیا ہے جو ان سب کی ضرورتیں پوری کرتا ہے جو ان سب کو رزق دیتا ہے اور ان سب پر قدرت کاملہ رکھتا ہے خدا تعالی اتنا بڑا ہے کہ ہم اسے احاطہ تحریر میں لا ہی نہیں سکتے وہ لامحدود ہے اور اتنی عظمت والا ہے کہ اس کی عظمت کلی بیان کرنا ہمارے بس کی بات ہی نہیں وہ حاکموں کا حاکم ہے قادر مطلق ہے زندہ کو مردہ کر سکتا ہے مردہ کو زندہ کر سکتا ہے بیمار کو صحت دے سکتا ہے اور صحت مند کو بھی مار کر سکتا ہے وہ رات کو دن اور دن کو رات بنا سکتا ہے اگر وہ چاہے تو سورج مشرق کی بجائے مغرب سے طلوع ہو سکتا ہے وہ دریاؤں کے رخ موڑ سکتا ہے گویا کائنات کے ہر ذرے پر اس کی حاکمیت ہے اور اس کی مرضی کے بغیر کچھ بھی نہیں ہو سکتا
6565ace5d762adf4507dcc6f,خدائے ذوالجلال ایک ہے اس کی ذات وحدہ لا شریک ہے نہ اسے کسی نے جنا ہے نہ وہ کسی سے جنا گیا ہے کسی نے اسے نہیں بنایا اس کی وسیع ترین سلطنت میں اس کے اختیارات میں کوئی مداخلت نہیں کر سکتا اس کے کاموں میں کسی کی شراکت نہیں کائنات میں جو کچھ بھی ہے اسی ایک خدا کا ہے اور اسی کے ماتحت ہے اور ہر عمل اسی کے حکم سے ہوتا ہے اس کے اگے تمام طاقتیں ہیچ ہیں بادشاہ و گدا سب اسی کے اگے جھکتے اور اسی کے در سے مانگتے ہیں اسلام کا پہلا رکن کلمہ طیبہ ہے کلمہ پڑھ کر ہم یہ اعتراف کرتے ہیں کہ خدا ایک ہے اور محمد صلی اللہ علیہ وسلم اس کے رسول ہیں اس میں ہم محض خدا کی واحدانیت کا اعتراف ہی نہیں کرتے بلکہ یہ بھی تسلیم کرتے ہیں کہ وحی کائنات کا حاکم اور مالک ہے کائنات کو پیدا کرنے والا بھی وہی ہے اور رزق دینے والا بھی وہی ہے اس کی صفات معبودیت میں کوئی اس کا شریک نہیں یہ ساری کا ئنات بلا شرکت غیر اسی کی ہے نہ تو اس کا کوئی ثانی ہے اور نہ ہی ایسا ہونا ممکن ہے ہونا صرف ہمیشہ سے ہے اور ہمیشہ رہے گا بلکہ ہمیشہ ایک ہے اور ہمیشہ ایک ہی رہے گا نہ اس کا کوئی شریک ہوا ہے اور نہ کبھی ہوگا جو شخص خدا تعالی کو نہیں مانتا وہ ملحد کہلاتا ہے لیکن حقیقت میں وہ بھی خدا کی طاقت سے انکار نہیں کر سکتا اپ کسی معمولی طاقتور ادمی کی مثال دے کر اس سے سوال کریں کہ کیا اس طاقتور ادمی میں کوئی اور طاقتور ہو سکتا ہے تو اس کا جواب ہوگا ہاں اسی طرح سے پوچھتے جائیے کہ اس سے زیادہ طاقت والا کون ہے پھر اس سے زیادہ طاقتور کون ہے اخر کار اسے ایک سب سے طاقتور ہستی کا قائل ہونا ہی پڑے گا بس یہی خدا تعالی ہے جس سے زیادہ طاقتور کوئی ہو ہی نہیں سکتا اسی طرح بڑائی اور عظمت کو لے لیں اج تک یہ ثابت نہیں ہو سکا کہ کوئی سیارہ کائنات میں سب سے بڑا ہے اور اس کا نظام بغیر کسی اعلی طاقت کے از خود چل رہا ہے یا کائنات میں کوئی ایسی شے موجود ہے جو سب سے بڑی بھی ہے اور وہ اپنے سے بڑی کسی طاقت کی محتاج نہیں
6565ad23d762adf4507dcc72,ایک زمانہ تھا کہ انسان نے سمجھا کہ سورج کائنات میں سب سے بڑا ہے اور انہوں نے اسے خدا بھی مانا لیکن یہ حقیقت نہیں تھی وہ حقیقت نے ثابت کر دیا کہ یہ خیال بالکل غلط اور حقیقت کے خلاف ہے اور سورج تو خود ایک بڑے نظام کا ایک جز ہے جسے کوئی بہت بڑی ہستی چلا رہی چلاتی ہے تب اس نے سمجھ لیا کہ جب سورج خود کسی کا محتاج ہے اور نہ تو از خود پیدا ہوا اور نہ ہی اپنے بل پر قائم ہے تو وہ خدا کیسے ہو سکتا ہے خدا تو وہ ہے جو طاقت میں بھی سب سے بڑا ہو عظمت میں بھی سب سے بڑا ہو اور ہر چیز پر قدرت بھی رکھتا ہو ہر وہ چیز کو پیدا کرنے والا ہو اور ہر ایک تو اس کا محتاج ہو مگر وہ کسی کا محتاج نہ ہو
6565ad98d762adf4507dcc75,اگر کوئی یہ کہے کہ جس طرح خودکار مشین کام کرتی ہے یہ بھی اسی طرح پیدا ہوتے رہتے ہیں اور ختم ہوتے رہتے ہیں تو یہ دیکھنا ہے کہ کمال اس مشین کا نہیں جو خودکار ہے بلکہ اس کا کمال ہے جس نے اس مشین میں خود کاری کی صفت پیدا کی ہے اگر کوئی نظام ایک اصول اور قاعدے کے مطابق چلا رہا ہے مثال کے طور پر سورج مشرق سے نکلتا ہے اور مغرب میں غروب ہو جاتا ہے اور ایسا کبھی نہیں ہوتا کہ سورج مغرب سے نکلنے لگے اور مشرق میں ڈوبنے لگے تو صاف ظاہر ہے کوئی ایسی ہستی بھی ہے جو اس نظام کو چلا رہی ہے اور اس کی مرضی کے بغیر کوئی بھی نظام اپنی مرضی سے نہیں چل سکتا وہ ہستی خدا تعالی ہے سارہ نظام اس کی مرضی سے چل رہا ہے سب کچھ اسی کے حکم کے تحت ہو رہا ہے یہ ہستی یعنی خدا تعالی جو ہر چیز کا پیدا کرنے والا بھی ہے اور اس کا مالک بھی ہے ہم سب اس کے بندے ہیں اور اسی کو عبادت کے لائق سمجھتے ہیں
6565adbfd762adf4507dcc78,ہمیں زیب نہیں دیتا کہ ہم اس کی نعمتیں بھی کھائیں اور ناشکری بھی کریں کہ ہمارا خدا قادر مطلق ہے اور ہمیں اس کے اگے ایک دن جواب دے بھی ہونا ہے ہمیں اس سے ڈرنا چاہیے اور جن کاموں سے اس نے ہمیں منع کیا ہے انہیں ترک کر دینا چاہیے اور جو کام کرنے کا حکم دیا ہے وہ کرنا چاہیے اسی میں ہماری فلاح ہے اور یہی عبدیت کا تقاضا ہے
6565ae0cd762adf4507dcc7b,فاطم النبیین حضرت محمد مصطفی صلی اللہ علیہ والہ وسلم وہ شمع اجالا جس نے کیا 40 برس تک کاروں میں ایک روز چمکنے والی تھی کل دنیا کے درباروں میں ظفر علی خان اس کائنات میں حضور سرور کائنات خاتم النبیین حضرت محمد مصطفی صلی اللہ علیہ والہ وسلم کی حیثیت بے مثال افتاب درخشاں کی ہے جو غار حرا سے طلوع ہوا اور ساری کائنات پر چھا گیا اپ کائنات کی عظیم ترین شخصیت ہیں جس کی نظیر ازل سے ابد تک ممکن نہیں اپ بے مثل نیر اعظم ہیں جس طرح سورج نکلتا ہے تو موجودات عالم کی ہر چیز کو روشن کر دیتا ہے اسی طرح اسمان روحانیت کا نیر اعظم انسانوں کے قلب و نظر کو منور کر رہا ہے اس نیر درخشاں نے کفر و دلالت کی تاریکی کو نور سعادت میں تبدیل کر دیا اور دندلکوں کو ختم کر دیا جو انسانی ذہن و قلب کا احاطہ کیے ہوئے تھے
6565af93b81eff86a1b67355,اپ وہ عظیم انسان ہیں جن سے زیادہ کسی کی تعریف نہیں کی گئی یہ بھی حقیقت ہے کہ کسی نے ان سے زیادہ اپنے خالق کی تعریف کی نہیں کی جس عظیم انسان کی تعریف خود خالق کائنات کرے اور جس کی تعریف خود رب کریم کرے اور اس پر درود بھیجے اس سے بڑھ کر کون سی شخصیت ہو سکتی ہے کون ہے جو اس عظیم انسان کی تعریف کا حق ادا کر سکتا ہے شاعر نے یہ کہہ کر مبالغہ نہیں کیا تھا کہ
6565afcbb81eff86a1b67359,بعد از خدا بزرگ توئی قصہ مختصر اپ کی ذات گرامی موجودات عالم کی محسن ہے رحمت اللعالمین ہے اور خدائے تعالی کی رحمت کا سرچشمہ ہے جس پر خداوند کریم اپنی رحمت کے خزانے لٹاتا ہے جہاں سے رحمت مخلوقات میں تقسیم ہوتی ہے ہم رسول پاک پر درود بھیجتے ہیں اس کا مقصد یہ نہیں کہ رسول ہماری دعا کے محتاج ہیں اس کا مقصد یہ ہے کہ رسول پاک پر زیادہ سے زیادہ خدا کی رحمت نازل ہو تاکہ اپ کے خزانہ رحمت سے زیادہ سے زیادہ رحمت مخلوقات میں تقسیم ہو
6565b073b81eff86a1b6735c,کچھ بولو
6565b1aef7c7378452e69c04,نبی خدا تعالی کا خلیفہ ہوتا ہے اس لیے سوائے صفت معبودیت کے تمام صفات خداوندی کا عکس اس میں موجود ہوتا ہے خدا رحیم ہے اس کا نبی بھی رحیم ہوتا ہے خدا قران کریم میں اس کی تصدیق فرماتا ہے ہمارے اقا رحمت مجسم ہیں اپ کی تمام تر تعلیم رحمت کی تعلیم ہے اپ نے دنیا کو ظلمت سے نکال کر نور عطا کیا اپ نے خدا اور اس کے بندوں کے درمیان رشتہ قائم کیا ان تمام لوگوں کو جنہوں نے اپ پر یا اپ کے غلاموں پر ظلم کیے تھے اپنی رحمت سے معاف کر دیا اپ دوستوں ہی کے لیے نہیں دشمنوں کے لیے بھی سراپہ رحمت تھے اور صرف اسی عالم کے لیے نہیں بلکہ تمام عالموں کے لیے رحمت بن کر تشریف لائے اسی لیے لائے تو اپ کو رحمت اللعالمین کا لقب عطا ہوا جہاں جہاں تک اللہ تعالی کی بادشاہت ہے وہاں وہاں تک اپ کی رسالت کا سکہ چلتا ہے ہوا پانی بہر و بر جن و بشر کو دشت زمین و اسمان حیوانات نباتات جمادات غرضے کے کائنات کے ذرے ذرے پر اللہ تعالی کی حاکمیت ہے ان سب پر حضور کی رسالت کی حاکمیت بھی ہے جب سے اللہ تعالی کی حاکمیت چلی ارہی ہے تب سے اپ کی رسالت کا عمل جاری ہے اور ہمیشہ ہمیشہ کے لیے جاری رہے گا کیونکہ خدا تعالی کی حاکمیت بھی ہمیشہ کے لیے ہے گویا نہ اس کا ادھر کنارہ ہے اور نہ ادھر کنارہ ہے شان رسالت کی بھی کوئی حد نہیں اپ ہمیشہ ہمیشہ کے لیے سارے جہانوں کے لیے رحمت اللعالمین ہیں
6565b1e4f7c7378452e69c08,جس طرح مادی افتاب کی ضیا پاشی سے ہر ذرا درخشندہ ہوتا ہے اسی طرح ماہ ہدایت کی روشنی بھی کائنات کے ذرے کے لیے ہوتی ہے اپ کی رحمت کے دامن کی وسعت کا کوئی اندازہ نہیں جن لوگوں نے اپ پر پتھر برسائے اپ نے انہیں بھی دعائیں دیں اپ انسانوں کے لیے رحمت بن کر ائے اور عظیم انقلاب کا باعث بنے حضور کے لائے ہوئے انقلاب کے حوالے سے چند شعر ملاحظہ کریں
6565b220f7c7378452e69c0b,انقلاب افتاب قطرہ شبنم چشمہ سراب دھول بشر گم بٹک صحرا سکھ گلاب جھلستی دھوپ تسکین قلب بارشیں حفیظ صدیقی
6565b24cf7c7378452e69c0e,جب تک حضور صلی اللہ علیہ وسلم کی محبت ہمارے رگ و پی میں سرایت نہ کر جائے ہمارا ایمان مکمل نہیں ہو سکتا محمد کی غلامی دین حق کی شرط اول ہے اسی میں ہو اگر خامی تو سب کچھ نامکمل ہے اگر ہمارے دل میں حضور کی محبت ہو اور ہم اس محبت کے تقاضے بھی پورے کرنے کی کوشش کرتے ہوں تو ہماری سیرت میں اسلامی رنگ پیدا ہو سکتا ہے اور ہم دین و دنیا کی ہر نعمت سے مالا مال ہو سکتے ہیں کی محمد سے وفا تو نے تو ہم تیرے ہیں یہ جہاں چیز ہے کیا لوح و قلم تیرے ہیں علامہ اقبال
6565b2c5f7c7378452e69c11,حضور رسول کریم خاتم النبیین کی حیات طیبہ اللہ تعالی قران میں فرماتا ہے اے محمد صلی اللہ علیہ والہ وسلم اپ اخلاق میں سب سے اونچے درجے پر ہیں حضرت علی اپ کے متعلق فرماتے ہیں کہ اپ خندہ جبیں نرم خوب مہربان تبات سخت مزاج اور سخت دل نہ تھے بات بات پر شور نہیں کرتے تھے کوئی برا مون حکم منہ سے نہ نکالتے تھے عیب جو اور تنگ نظر نہ تھے کوئی ایسی بات جو اپ کو ناپسند ہوتی تو اس سے اغواض فرماتے تھے اپ نے اپنے نفس سے تین چیزیں بالکل دور کر دی تھیں بحث و مباحثہ ضرورت سے زیادہ بات کرنا اور بغیر ضرورت کے کسی بات میں دخل دینا کسی کو برا نہیں کہتے تھے کسی کی عیب جوئی نہیں کرتے تھے کسی کے اندرونی حالات معلوم کرنے کی کوشش نہیں فرماتے تھے
6565b313f7c7378452e69c14,حضرت خدیجہ فرماتی ہیں کہ اپ مقروضوں کے قرضے چکاتے ہیں غریبوں کی مدد کرتے ہیں حق کی حمایت کرتے ہیں مہمانوں کی ضیافت کرتے ہیں مصیبتوں میں لوگوں کے کام اتے ہیں حضرت عائشہ صدیقہ فرماتی ہیں اپ کو کسی کو برا بھلا کہنے کی عادت نہ دی برائی کے بدلے میں برائی نہیں کرتے تھے بلکہ اس کا جواب بھلائی سے دیتے یا درگزر کرتے تھے اور معاف فرما دیتے تھے حضور رسول اکرم کی حیات طیبہ ہم سب کے لیے قابل تقلید نمونہ ہے اپ کی سیرت سراسر قران کے سانچے میں ڈلی ہوئی تھی گویا قران متن ہے اور اپ کی سیرت اس کی شرع دل اویز ہے قران اگر ہمیں اصول حیات کا علم دیتا ہے تو اپ کی سیرت سے ہمیں اس عمل کا پتہ چلتا ہے جس کی قران کریم نے ہمیں تعلیم دی اپ کی حیات دلیل کی حیثیت رکھتی ہے خود قران نے انبیاء کرام کی زندگیوں کو دلیل کے طور پر پیش کیا ہے
6565b34ff7c7378452e69c17,ختمی مرتبت پیغمبر اسلام کی زندگی اپنے اندر اخلاق کی ایک دنیا لیے ہوئے ہے اپ نے دشمنوں سے اپنے اپ کو صادق اور امین کہلوایا اور تبلیغ اسلام اس وقت شروع کی جب لوگوں نے انہیں صادق و امین تسلیم کر لیا اپ نے کبھی جھوٹ نہیں بولا اور کبھی امانت میں خیالت نہ فرمائی تھی اپ وعدے کے پکے اور سچے تھے اپ نے ہمیشہ وعدہ پورا کیا رسول مقبول کی سیرت ہمارے لیے ایک نمونہ ہے پس ہمیں چاہیے کہ ہم اس عظیم و جلیل ہستی کو زندگی میں اپنے لیے مشعل راہ بنائے حضور کی زندگی کے تمام پہلو اور ارشادات محفوظ ہیں تمام انسان اپ کے معاشرتی اخلاق کی تقلید کر کے معاشرے کو درست کر سکتے ہیں معاشرتی اصلاح کا یہ بہترین طریقہ ہے اور اسی سے دنیا جنت کا نمونہ بن سکتی ہے
6565b37bf7c7378452e69c1a,رسول مقبول کی معاشرتی زندگی پر نگاہ ڈالیں تو ہمیں معلوم ہوتا ہے کہ وہ کس قدر سادہ تھی تاریخ ہمیں بتاتی ہے کہ اپ لباس میں کرتا پسند فرماتے تھے اپ کے کرتے کی استین نہ زیادہ تنگ ہوتی تھی نہ زیادہ کھلی اپ کرتے کے ساتھ تہبند مانتے تھے نیا لباس ہمیشہ جمعہ کے دن پہنا کرتے تھے اپ سفید لباس ترجیحا پسند فرماتے تھے رنگ دار لباس میں سے سبز رنگ کے لباس کو پسند فرماتے تھے گہرا سرخ رنگ اپ کو ناپسند تھا نیا لباس پہنتے وقت اپ اللہ تعالی کا شکر ادا فرمایا کرتے تھے
6565b3c0f7c7378452e69c1d,سرکار دو عالم کی زندگی حد درج سادہ تھی امت کا غریب سے غریب ادمی بھی اپ کے پاس انے سے ہچکچاتا نہ تھا یہی سیرت تھی جس نے مسلمانوں کو بہت جلد اتنا پختہ کر دیا تھا کہ وہ خلیفہ ہو کر بھی پیوند لگے ہوئے کپڑے پہنتے تھے اور سوکھی روٹی کھاتے تھے کیونکہ ان میں احساس ذمہ داری اس قدر زیادہ تھا کہ جس طرح کا لباس عام لوگ پہن سکتے تھے اور جس طرح کا کھانا عام لوگ کھا سکتے تھے خلیفہ بھی نہ تو اس سے بہتر لباس پہن سکتا تھا اور نہ ہی اس سے بہتر کھانا کھا سکتا تھا حضور اکرم پوری استادی کے ساتھ اپنے پروگراموں کو عملی جامہ پہنایا کرتے تھے اپ جس کام کا اختیار کرتے تھے اسے پورے استقلال کے ساتھ سرانجام فرماتے تھے اپ پابندی کے وقت کی شدت سے تلقین فرماتے تھے جس کی سب سے بڑی مثال خود اپ کی زندگی تھی خود اپ نے ہمیشہ جس کام کے کرنے کا جو وقت مقرر کیا اس میں کمی بیشی کبھی نہ انے دی
6565b411f7c7378452e69c20,اپ راتوں کو اٹھ کر متواتر عبادت کیا کرتے تھے حضرت عائشہ فرماتی ہیں کہ اپ نے رات کو کبھی عبادت ترک نہیں کی تھی بیماری کی حالت میں بھی اپ بیٹھ کر نوافل پڑھا کرتے تھے اپ خلق عظیم کے مالک تھے اور حد درجے کے مہمان نوازتے اپ خود تو بھوکے رہنا پسند فرما لیتے تھے لیکن مہمان کی پوری طرح سے تواضع فرمایا کرتے تھے اپ ہمیشہ بچوں بوڑھوں غریبوں اور مسکینوں سے شفقت ادب پیار اور محبت سے پیش اتے تھے اور کسی بھی شخص کی دل شکنی پسند نہیں فرماتے تھے اپ دوسروں کی غلطیوں کو درگزر یا معاف فرما دیا کرتے تھے حضور انے والے یا ملنے والے کو سب سے پہلے خود سلام کیا کرتے تھے لوگوں کو حسرت ہی رہی کہ بوقت ملاقات حضور کو ہم پہلے سلام کہیں لیکن حضور سلام اور مسافر ہے میں سب پر سبقت لے جاتے اللہ تعالی ہمیں توفیق عطا فرمائے کہ ہم اپ کی سیر ت طیبہ کی روشنی میں اپنی زندگیوں کو ڈال سکیں اور اپ کے بتائے ہوئے راستے پر چل سکیں خداوند چلوں اس راستے پر حقیقت میں جو اس کا راستہ ہے حفیظ صدیقی
656853924bc9ea63d5927655,میری محبوب شخصیت سیدنا امام حسین رضی اللہ تعالی عنہ قتل حسین اصل میں مرگ یزید ہے اسلام زندہ ہوتا ہے ہر کربلا کے بعد میری محبوب شخصیت وہ پیکر وفا اور فخر انسانیت ہے جس پر بشریت ناز کرتی ہے جس نے حق کا بول بالا کیا جو باطل کے اگے سینہ سپر ہو گیا جس نے اپنے نانا کے دین حق کی سرفرازی کے لیے سر نیزے پر چڑھوا کر پوری انسانیت کے لیے سبق چھوڑا کہ اگر حق کی خاطر اپنے کنبے سمیت سر بھی دینا پڑے تو دریغ نہ کیا جائے ان کا نام نامی حسین رضی اللہ تعالی عنہ جن کی داستان شہادت انسانی سربلندی کی داستان ہے جب انسانیت حق کی پاسبانی میں باطل کے نرغے میں گر جائے تو نام نام حسین اسے سہارا دیتا ہے جب دولت و قوت کی فرعونیت حق پرستوں پر عرصہ زندگی تنگ کر دیتی ہے جب شیطانیت حق سے ہٹا کر باطل کی طرف رہنمائی کرتی ہے اور ناکامیوں سے بھوکلا کر انسان حق پر باطل ہونے کا شبہ کرنے لگتا ہے تو اس وقت حسین کی یاد اسے ثبات بخشتی ہے جب سیم و زر کی جھلکیاں ایمان کو کمزور کرنے لگتی ہیں تو مثال حسین اسے ثابت قدم رکھتی ہے جب ایک طرف دنیاوی کامیابی و کامرانی ہو دولت و اقتدار ہو اور دوسری طرف حق ہو تو فاقہ مستی میں بھی تقلید حسین کا راستہ ہماری رہنمائی کرتا ہے حسین کی ظاہری ناکامی کے اگے یزید کی ساری فتح مندیاں اور باطل کی کامیابیاں ہیش نظر اتی ہیں حسین نے سر دے کر انسانی شرافت کی لاج رکھ لی حسین کا نام اج بھی زندہ ہے اور رہتی دنیا تک زندہ رہے گا یزید کا نام اج بھی نفرت سے لیا جاتا ہے اور رہتی دنیا تک نفرت کی علامت بنا رہے گا اس کا نام فسق و فجور کے نام سے ہمیشہ کے لیے وابستہ ہو گیا ہے حسین حق کے علمبردار تھے وہ اسی کے لیے پیدا ہوئے تھے اور اسی کے لیے انہوں نے جام شہادت نوش فرمایا وہ اپنی عظیم قربانی سے ایسی شمع روشن کر گئے جس سے انسانیت ہمیشہ رہنمائی حاصل کرتی رہے گی حسین نے محض امت مسلمہ کو ہی حق کی حمایت میں کٹ مرنے کا سبق نہیں سکھایا بلکہ یہ سبق پوری دنیا کے لیے ہے انہوں نے حق کو بچا کر اور باطل کو رسوا کر کے پوری دنیا پر احسان عظیم کیا ہے
656853f54bc9ea63d5927659,یزید ملعون چاہتا تھا کہ حسین اس کی بیعت کر لیں مگر وہ حق کو باطل کے سامنے کیسے جھکا سکتے تھے کیونکہ یہ صرف یزید کی بیعت نہ تھی بلکہ اسلام کا جاہلیت کے سامنے جھک جانا تھا حریت و مساوات کی شاندار روایت کا خون کرنا تھا اور ظلم و ستم کو پروان چڑھانا تھا امام حسین کے پاس کوئی مادی وسائل نہیں تھے مگر ان کے پاس ایمان کی بے حساب دولت تھی ان کے پاس کوئی دنیاوی طاقت نہ تھی ان کے پاس اس ایمان کی طاقت تھی چنانچہ انہوں نے ایمان کی طاقت سے ہی حکمران کا مقابلہ کیا ان کے دل میں صرف خدا تعالی کا خوف تھا جس نے انہیں اتنا بے خوف کر دیا تھا کہ موت ان کی محبوب بن گئی وہ سمجھتے تھے کہ ان کا خون گلستان اسلام کی شگفتگی کی بہار پیدا کر دے گا چنانچہ نویں محرم کو اپ اپنے ساتھیوں سے یوں مخاطب ہوئے کل کا دن ہماری زندگی کا اخری دن ہوگا رات کی سیاہی پھیل چکی ہے جس کا جدھر دل چاہے چلا جائے لیکن ان کے جانساروں نے اپ کے لیے جانے
6568545c4bc9ea63d592765c,کل کا دن ہماری زندگی کا اخری دن ہوگا رات کی سیاہی پھیل چکی ہے جس کا جدھر دل چاہے چلا جائے لیکن ان کے جان ایثاروں نے کہا اپ کے لیے ہماری جانیں ایک ناچیز ہدیہ ہیں ہم اپ کو اکیلا کیسے چھوڑ سکتے ہیں دسویں محرم کو یزیدی لشکر اپنی پوری طاغوتی طاقتوں کو لے کر کربلا کے میدان میں اگیا اور انہیں اور ان کے ساتھیوں کو ہر طرف سے گھیر لیا خون کی ندیاں بہ گئی حضرت حسن کے عزیز و اقارب یہاں تک کے چھ ماہ کا بچہ علی اصغر بھی ان کے سامنے ہی شہید ہو گیا لیکن انہوں نے صبر کا دامن ہاتھ سے نہ چھوڑا اکیلے رہ جانے پر بھی انہوں نے ہمت نہ ہاری بلکہ اپنے ظالم دشمنوں اور ان سے اس طرح خطاب فرمایا اے قوم میں تمہارے نبی کا نواسہ ہوں تم کیوں میرے قتل کے در پہ ہو کیا میں نے کوئی نیا دین ایجاد کیا ہے کیا میں نے کسی شریعت کو تبدیل کیا کیا میں وہی حسین نہیں جس کو تمہارے رسول کو اپنا فرزند کہا جس کے لب و دہن کے بوسے رسول اکرم نے لیے اے اہل کوفہ جس نبی کا تم کلمہ پڑھتے ہو اسی کے نواسے کے قتل پر کمر بستہ ہو یاد رکھو وہ وقت قریب ہے جب عذاب الہی کے شعلے تمہیں گھیر لیں گے
656854cc4bc9ea63d592765f,ابھی ان کا خطبہ ختم نہ ہوا تھا کہ ان پر یلغار شروع ہو گئی اپ نے کمال جواں مردی اور بے مثال بہادری سے دشمن کا مقابلہ کیا بالاخر انہیں شہید کر دیا گیا انہوں نے جان دے کر کربلا کے ریگزار کو رنگین بنا دیا حسین اج بھی زندہ ہیں ان کی یاد میں انکھیں روتی ہیں دل روتا ہے اور روح لرز جاتی ہے ان کی یاد اج بھی عربوں انسانوں کے دلوں میں تازہ ہے قلب و نظر اج بھی مسترب ہیں لیکن یزید ملعون کا کوئی نام لینا بھی گوارا نہیں کرتا اس کے لیے لعنت ہے اور قیامت تک لعنت رہے گی جبکہ امام علی مقام کے لیے درود و سلام کا ورد رات دن چلتا رہتا ہے حسین کا نام تاریخ کے صفحات پر ہمیشہ کے لیے محفوظ ہو چکا ہے اور مورخ انہیں ایک بہادر حق پرست اور عظیم قربانی پیش کرنے والے کے طور پر یاد کرتا ہے جبکہ یزید کا نام و نشان مٹ چکا ہے تاریخ اسے یاد بھی کرتی ہے تو بدترین قابل نفرت کردار کے حوالے سے جب تک دنیا باقی ہے حسین کا نام زندہ رہے گا اور انسانیت ان کے احسان کے بوجھ تلے دبی رہے گی بے شک انہوں نے جان کا نظرانہ دے کر دین حق کا علم سر بلند کیا عارف اجمیری نے اس کی اس طرح وضاحت کی ہے شاہ ہست حسین بادشاہ ہست حسین دی ہست حسین دی پن دی پنا حضرت حسین سر داد نہ داد دست در دست یزید حقا کے بر بنا لا الہ است حسین
656855324bc9ea63d5927662,سر سید احمد خان سر سید احمد خان کا شمار ان درد دل رکھنے والی قابل احترام ہستیوں میں ہوتا ہے جو قوم کے معمار کہلاتی ہیں سر سید احمد خان بڑے دور اندیش انسان تھے اور مسلمانوں کی ترقی کے دل و جان سے خواہ تھے وہ دیکھ رہے تھے کہ اگر مسلمان ج*** اور علم رہ گئے تو ہمیشہ کے لیے ذلت کے گڑھے میں جا گریں گے جہاں سے ان کا نکلنا بہت مشکل ہو جائے گا وہ دیکھ رہے تھے کہ مسلمانوں کو تو احساس نہیں مگر ہندو ہر میدان میں اگے نکلتے جا رہے ہیں اور ہر جگہ قبضہ جمائی بیٹھے ہیں اور ان کی کوشش یہی ہے کہ مسلمان ناخندہ ہی رہیں تاکہ کسی محکمے میں کوئی جگہ حاصل نہ کر سکے عدلیہ اور انتظامیہ میں بھی ہر جگہ ہندوؤں کی چلتی تھی چونکہ انگریز نے مسلمانوں سے حکومت چھینی تھی اس لیے اسے مسلمانوں سے ہر وقت کھٹکا لگا رہتا تھا وہ خود بھی یہی چاہتا تھا کہ مسلمان ج*** ہی رہیں انہیں ہوش ہی نہ ائے کہ ہم سے کسی چیز کا مطالبہ کر سکیں مسلمانوں کی خراب حالت سے
6568558c4bc9ea63d5927665,مسلمانوں کی حالت خراب سے خراب تر رکھنے میں ہی انگریز اپنا مفاد سمجھتا تھا مگر سر سید احمد خان یہ سمجھتے تھے کہ اگر ہندوؤں کی یہ چال کامیاب ہو گئی تو مسلمان اقتصادی اور علمی میدان میں پیچھے رہ جائیں گے لہذا انہوں نے مسلمانوں کی تعلیم کو بہت ضروری سمجھا وہ خوب سمجھتے تھے کہ غداروں کی غداری کے باعث مسلمان سن 57 کی جنگ ازادی ہار چکا ہے اب اسے تلوار کی نہیں قلم کی جنگ لڑنے کی تیاری کرنا چاہیے جس کے لیے علم کا ہونا بہت ضروری ہے وہ اس نتیجے پر پہنچ چکے تھے کہ اس وقت صورتحال یہ ہے کہ ہم مقابلہ کر کے انگریز کو نکال نہیں سکتے اس لیے ساری توجہ علم حاصل کرنے کی طرف لگا لیں سر سید احمد خان 17 اکتوبر 1817 میں دہلی میں پیدا ہوئے اپ کا خاندان حرات کا رہنے والا تھا مگر بع سلسلہ معاش دہلی چلا ایا تھا اپ کے والد بزرگوار کا حلقہ شاگردی بہت وسیع تھا اور بڑے بڑے امیرزادے اپ کے شاگرد تھے اپ کی والدہ ماجدہ نیک دل خدا ترس اور سخی خاتون تھیں حاجت مندوں غرباء اور مساکین کی حاجت روائی کھلے دل سے فرمایا کرتی تھی
656856104bc9ea63d5927668,اپ کے دادا سید ہادی فارسی کے بہت بڑے شاعر تھے ان کی والدہ کو بھی اپنے بچوں کو تعلیم دلوانے کا بہت شوق تھا لہذا سر سید احمد خان نے 18 برس کی عمر میں ہی عربی کے علاوہ علم طب اور ریاضی پر امور حاصل کر لیا اپ کے ایک بڑے بھائی بھی تھے جن سے اپ کو بہت محبت تھی ان کی وفات پر اپ کو بہت دکھ پہنچا ابھی اپ نے 21 ویں سال میں قدم رکھا ہی تھا کہ والد بزرگوار بھی داغ مفارقت دے گئے اور سارے خاندان کا بوجھ اپ کے کندھوں پر ان پڑا 1839 میں انہیں کمشنر اگرہ کے دفتر میں ملازمت مل گئی تیسرے سال ان کا تبادلہ فتح پور سیکری ہو گیا اور بہادر شاہ والی دہلی نے اپ کو جواد الدولہ سید احمد خان عارف جنگ کے خطاب سے نوازا 1857 میں اپ بجنور میں جج مقرر ہوئے اپ نے چونکہ 1857 کی جنگ ازادی میں بہت سے انگریزوں کی جانیں بچائی تھی اس لیے صلے میں انگریزوں نے سر سید احمد خان کی دو صد روپیہ ماہوار پینشن مقرر کر دی اور ایک شمشیر اور خلط سے بھی نوازا 1870 میں اپ پھر بنارس کے جج مقرر ہوئے
656856ab4bc9ea63d592766b,اپ کے قلم میں بہت زور تھا اپ عربی فارسی کے بہت بڑے عالم تھے دوسری طرف بہت سی کتابوں کے علاوہ اپ تین مذہبی کتابوں کے مصنف بھی ہیں اپ نے ایک اخبار سید الاخبار بھی جاری کیا تھا اور اس اخبار کی ترقی کے لیے کوشاں بھی رہے تھے اثار قدیمہ کے حوالے سے بھی اپ نے بہت خدمت انجام دی اور دہلی کی پرانی امارات کے حالات اثار السنادید کی صورت میں لکھے علاوہ عظیم اپ نے بہت سی کتابیں لکھ کر ہندوستان کے عوام میں مقبولیت حاصل کی متحدہ ہندوستان کے مسلمان سر سید احمد خان کے رہتی دنیا تک ممنون احسان رہیں گے کیونکہ انہوں نے رات دن محنت کر کے مسلمانوں کے لیے علی گڑھ کالج کا سنگ بنیاد رکھا جو بعد میں علی گڑھ یونیورسٹی بن گئی جہاں پر ہندوستان کے ہر حصے سے مسلمانوں کے بچے دولت علم سے فیضیاب ہو کر ملک و قوم کی خدمت میں نمایاں حصہ لیتے رہے اس کار خیر میں کچھ لوگ جو دور اندیش نہیں تھے اپ کو برا بھلا کہا کرتے تھے مگر اپ نے کسی کی پرواہ کیے بغیر اپنا مشن جاری رکھا اور ادارے کی تعمیر کے لیے اپ کو قوم کے اگے ہاتھ بھی پھیلانے پڑے تو اس میں بھی ار نہ سمجھی وہ کہتے تھے میری قوم کے مستقبل کا سوال ہے مجھے جو کچھ بھی کرنا پڑا کروں گا مگر قوم کو زیور علم سے اراستہ کر کے چھوڑوں گا انہوں نے صحیح معنوں میں ایسا کر کے بھی دکھایا جس کے نتیجے میں جو لوگ اپ کے شدید دشمن تھے اہستہ اہستہ نہ صرف اپ سے اتفاق کرنے لگے بلکہ اپ کے مداح بن گئے علی گڑھ کے فارغ التحصیل ہند و پاک میں علمی اعتبار سے ہر جگہ عزت کی نگاہ سے دیکھے جاتے تھے حقیقت یہ ہے کہ اگر سر سید احمد خان تعلیم کے میدان میں اس قدر نمایاں خدمت انجام نہ دیتے تو مسلمان قوم تعلیم میں بہت پیچھے رہ جاتی ہے اور اگر مسلمان قوم ناخندہ رہ جاتی تو ان میں محمد علی جنا پیدا نہ ہوتے نہ اقبال نہ لیاقت علی خان نہ دوسرے زعما جو علم کی شمعات میں لے کر قوم کی رہنمائی کر گئے قوم کا درد رکھنے والا یہ عظیم انسان 1901 میں ہم سے جدا ہو گیا
6568576e4bc9ea63d592766e,علامہ اقبال حکیم الامت دانا عراض مرد خودبین و خداگاہ مفکر ملت علامہ اقبال نے اپنی قومی شاعری اور ایمان افروز پیغامات سے مسلمان عالم کو بالعموم اور مسلمانان ہند کو بالخصوص خواب غفلت سے جگہ کر تصور پاکستان پیش کیا تخلیق عرض پاکستان انہی کی فکری کاوشوں سے سرانجام پائی اپ نو نومبر 1877 کو شہر سیالکوٹ میں پیدا ہوئے اپ کا ابائی وطن کشمیر تھا اپ کے والد بزرگوار شیخ محمد شیخ نور محمد نہایت پرہیزگار اور متقین انسان تھے ابتدائی تعلیم ایک دینی مدرسے میں پائی اور میٹرک پاس کرنے کے بعد مرے کالج سیالکوٹ میں داخلہ حاصل کیا یہیں سے انہوں نے ایف اے پاس کیا اس کے بعد بی اے اور ایم اے گورنمنٹ کالج لاہور سے امت امتیازی حیثیت سے پاس کیا اور پنجاب بھر میں اول ائے میٹرک پاس کرنے کے بعد جب اپ سیالکوٹ کے مشن میں پہنچے تو وہاں پر اپ کو مولوی میر حسن جیسے فاضل اور شفیق استاد مل گئے جنہوں نے ان کے جوہر قابل کو پہچان لیا انہوں نے ان کی ذہنی تربیت فرمائی اور ان میں اسلامی ذوق پیدا کیا
656857cc4bc9ea63d5927671,گورنمنٹ کالج لاہور میں اپ کو پروفیسر ارنل جیسی شخصیت کے سامنے زانو تلمس طے کرنے کا موقع ملا جنہوں نے اقبال میں تجسس اور تحقیق کی صفات کو اجاگر کر دیا یہاں سے فارغ التحصیل ہو کر اپ پہلے اورینٹل کالج اور پیر گورنمنٹ کالج لاہور میں پروفیسر رہے اس کے بعد 1905 میں اپ قانون کی اعلی تعلیم کے لیے انگلستان چلے گئے اور کیمبرج یونیورسٹی سے بار ایٹ لا کی سند حاصل کی فلسفہ ایران پر ایک کتاب لکھ کر اپ نے جرمنی کی میونک یونیورسٹی سے پی ایچ ڈی کی ڈگری حاصل کی 1908 میں اپ وطن واپس اگئے علامہ اقبال کو اپنے فاضل اور شفیق استاد سر ارنل سے بہت محبت تھی قیام انگلستان کے دوران اپ نے ارادہ کر لیا تھا کہ شیر نہیں کہیں گے مگر ارنل کے کہنے پر اپ نے اس ارادے کو ترک کر دیا اور پھر سے شعر کہنے لگے جب اپ کو ارنل کے انتقال کی خبر ملی تو بے اختیار اپ کی زبان سے نکلا اہ اج اقبال اپنے عظیم دوست اور مشفق استاد سے محروم ہو گیا
656858354bc9ea63d5927674,علامہ صاحب انجمن حمایت اسلام لاہور کے صدر بھی منتخب ہوئے اور انجمن کے اداروں کو نہایت خوبی سے چلاتے رہے بعد میں پنجاب لیجسلیٹو کونسل کے ممبر چنے گئے پھر اپ کو پنجاب مسلم لیگ کا صدر منتخب کر لیا گیا شاعری کی وجہ سے اپ کی شہرت ہندوستان کی سرحدوں کو عبور کر کے تمام دنیا میں پھیل گئی قوم نے اپ کو ترجمان حقیقت شاعر مشرق اور حکیم الامت کے خطابات سے نوازا حکومت برطانیہ نے اپ کو سر کا خطاب دیا ریاست بھوپال کی طرف سے اپ کے لیے 500 روپے ماہوار وظیفہ مقرر ہوا علامہ اقبال کی ساری شاعری میں قوم کے لیے تڑپ موجود ہے ہر شعر ملت کے لیے اصلاح کا پیغام دیتا ہے کبھی وہ اسلاف کے کارنامے یا د** کر مسلمانوں کا لہو گرماتے ہیں کبھی افلاس پر کمن
656858b94bc9ea63d5927677,کبھی وہ اسلاف کے کارنامے یاد د** کر مسلمانوں کا لہو گرماتے ہیں کبھی افلاک پر کمند ڈالنے کو کہہ کر نوجوانان اسلام کو دعوت عمل دیتے ہیں عقاب و شاہین کی تمصیل سے نوجوانوں کو بلند خیالی اور بلند پروازی کا درس دیتے ہیں وہ ایسے کرنی کا قصہ چھیڑ کر حب رسول کی ترغیب دیتے ہیں اپ سچے عاشقان رسول میں سے تھے حضور کے عشق میں ان کی انکھیں ہمیشہ پرنم رہتی تھیں علامہ صاحب نے خود ہی پر بہت زور دیا ہے خودی سے ان کی مراد تکبر یا خود نمائی نہیں ہے بلکہ وہ قوم کو خود شناسی سکھانا چاہتے تھے اور اسے احساس دلانا مقصود تھا کہ تمہارے اندر قدرت نے جو جوہر پہ نہ رکھے ہیں ان کو کام میں لا کر اپنے اپ کو اس قابل بناؤ کہ خدا تعالی کے منتخب بندوں میں شامل ہو جاؤ اور عملی اور ذہنی طور پر اللہ کے اس قدر مقرب بن جاؤ کہ اس کی رحمتیں تم پر برسنے کے لیے مجبور ہو جائیں اپ فرماتے تھے خود ہی کو کر بلند اتنا کہ ہر تقدیر سے پہلے خدا بندے سے خود پوچھے بتا تیری رضا کیا ہے
6568592b4bc9ea63d592767a,علامہ کا تمام کلام اسلامی نظریات کے عین مطابق ہے اپ کا سارا کلام احکام الہی اور اسوہ حسنہ کی عکاسی کرتا ہے اگر ان کے صرف ایک ہی شعر پر انسان عمل پیرا ہو جائے تو کامیاب مسلمان بن جاتا ہے اور دین و دنیا کی دولت اس کے قدموں تلے ا جاتی ہے ایک شعر ملاحظہ ہو یقین محکم عمل پیہم محبت فاتح عالم جہاد زندگانی میں ہی مردوں کی شمشیریں اگر اس شیر کے متعلق یہ کہا جائے کہ اپ نے دریا کو کوزے میں بند کر دیا ہے تو بالکل بجا ہوگا کیونکہ اس میں علامہ نے کتاب و سنت کے بہت سے تقاضے پورے کر دیے ہیں اپ نے 21 اپریل 1938 کو لاہور میں رحلت فرمائی اور شاہی مسجد کے سامنے حضوری باغ میں دفن ہوئے عام دنوں میں بھی لوگ ان کے مزار پر فاتحہ خوانی کے لیے جاتے ہیں مگر خاص مواقع مثلا یوم اقبال پر بہت زیادہ لوگ حاضری کے لیے جاتے ہیں یوم اقبال کے موقع پر ملک کے سربراہان کی طرف سے بھی ان کے مزار پر پھول چڑھائے جاتے ہیں اور بے شمار علمی اور ادبی اداروں اور انجمنوں کی طرف سے بھی چادریں چڑھائی جاتی ہیں اور فاتحہ خوانی کی جاتی ہے
656859b14bc9ea63d592767d,اقبال کا پیغام خودی کا سر نہاں لا الہ الا اللہ خود ہی ہے تیغ فساں لا الہ الا اللہ علامہ اقبال صرف شاعر ہی نہیں تھے وہ ایک فلسفی بھی تھے اور قوم کے ہمدرد رہنما بھی تھے وہ قوم کی اصلاح کر کے اسے عظیم قوم بنانا چاہتے تھے اس مقصد کے لیے انہوں نے اپنی شاعری کو ذریعے کے طور پر استعمال کیا چنانچہ ان کی شاعری محض شاعری نہیں اس میں قوم کے لیے پیغام ہے اقبال نے اپنے پیغام میں خود ہی پر خاص طور پر زور دیا ہے نظریہ اقبال یہ ہے کہ خدا پر پورا پورا بھروسہ رکھو اپنے اعتقادات و نظریات پر مضبوط مضبوطی سے کاربند رہو عمل پیہم کو اپنا شعار بناؤ بے ہمتی اور محض تقدیر پر تکیہ کرنے کی بجائے حالات کا ہمت سے مقابلہ کرو اور کوشش کرو کہ حالات کے ساتھ ساتھ خود پھیل جانے کی بجائے حالات کو اپنی مرضی کے مطابق ڈالا جائے اور اس کے لیے مشکل کو سہنے کا حوصلہ پیدا کیا جائے
65685caf1ba216f0cde9fe05,گویا جدوجہد کے دوران ٹھہراؤ نہ انے پائے یہ شوق یہ لگن یہ عشق انسان کی زندگی کو ہدایت بخش دیتا ہے اقبال کہتے ہیں کہ اپنے اپ کو پہچانو اپنے فرائض کو پہچانو اور تندہی سے ان کو انجام دو تو تسخیر کائنات بھی تمہارے لیے کوئی مسئلہ نہ ہو گا اور یہ ہے کہ اقبال کا مقام خود ہی اور یہی ہے مقام خود اگاہی اقبال انگریز کے دور میں پیدا ہوئے اسی کا مقرر کردہ نصاب پڑھا انہوں نے مغرب میں خاصہ قیام کیا اور وہاں پر تہذیب مغرب کا بھی مطالعہ کیا انہوں نے اس کے افکار و نظریات کو خوب جانچا پرکھا مگر وہ اس سے متاثر ہونے کی بجائے اس سے متنفر ہو گئے اور مغربی تہذیب کے بارے میں صاف صاف کہہ دیا اٹھا کر پھینک دو باہر گلی میں نئی تہذیب کے انڈے ہیں گندے مغربی تہذیب سے اپنی نفرت کے اس برملا اظہار کے بعد انہوں نے اس کے بارے میں کھلی پیشگوئی بھی کی ہے کہ
65685cb2a35d4edfc352c95a,گویا جدوجہد کے دوران ٹھہراؤ نہ انے پائے یہ شوق یہ لگن یہ عشق انسان کی زندگی کو ہدایت بخش دیتا ہے اقبال کہتے ہیں کہ اپنے اپ کو پہچانو اپنے فرائض کو پہچانو اور تندہی سے ان کو انجام دو تو تسخیر کائنات بھی تمہارے لیے کوئی مسئلہ نہ ہو گا اور یہ ہے کہ اقبال کا مقام خود ہی اور یہی ہے مقام خود اگاہی اقبال انگریز کے دور میں پیدا ہوئے اسی کا مقرر کردہ نصاب پڑھا انہوں نے مغرب میں خاصہ قیام کیا اور وہاں پر تہذیب مغرب کا بھی مطالعہ کیا انہوں نے اس کے افکار و نظریات کو خوب جانچا پرکھا مگر وہ اس سے متاثر ہونے کی بجائے اس سے متنفر ہو گئے اور مغربی تہذیب کے بارے میں صاف صاف کہہ دیا اٹھا کر پھینک دو باہر گلی میں نئی تہذیب کے انڈے ہیں گندے مغربی تہذیب سے اپنی نفرت کے اس برملا اظہار کے بعد انہوں نے اس کے بارے میں کھلی پیشگوئی بھی کی ہے کہ
65685d19a35d4edfc352c95e,تمہاری تہذیب اپنے خنجر سے اپ ہی خودکشی کرے گی جو شاخ نازک پہ اشیانہ بنے گا ناپائیدار ہوگا اقبال نے دور انحطاط میں انکھ کھولی تھی وہ سمجھتے تھے کہ مسلمان باہمی انتشار و افتراق کا شکار ہیں اور قوم بے ہمت اور مایوس ہو چکی ہے انہوں نے محسوس کر لیا کہ اگر ان پر مغربیت کا ملمع چڑھ گیا تو یہ اپنا سب کچھ کھو بیٹھیں گے اور ہمیشہ ہمیشہ کے لیے تباہ ہو کر رہ جائیں گے کیونکہ پہلے ہی مسلمان سیاسی اور اقتصادی طور پر بہت پیچھے تھے لہذا اقبال نے نظریات مغرب سے ہٹا کر قوم کو خودی کا پیغام دیا اور عمل پیہم اور جہد مسلسل کی دعوت دی اور مسلمانان ہند کو یہ کہہ کر خبردار کیا کہ نہ سمجھو گے تو مٹ جاؤ گے اے ہندوستاں والو تمہاری داستاں تک بھی نہ ہوگی داستانوں میں
65685d82a35d4edfc352c961,اقبال جانتے تھے کہ انگریز کے نظریات کیا ہیں اور ہندو کے ارادے کیا ہیں اقبال نے خود اعتمادی اور اپنی مدد اپ پر زور دیا ہے انہوں نے غیر کے اگے دست احتیاج پھیلانے کو لعنت سمجھا اور اپنی کوشش سے اپنی ہی سرزمین سے پیدا کردہ اشیاء پر انحصار کرنے کو ابروم اندازہ اقدام قرار دیا وہ اپنی قوم سے مخاطب ہو کر کہتے ہیں اٹھانا شیشہ گھرانے فرنگ کے احسان سفال ہند سے مینا و جام پیدا کر اقبال کی شاعری اتنی وسیع ہے کہ اپنے ملک کے علاوہ دوسرے ممالک میں بھی قدر کی نظروں سے دیکھی جا رہی ہے کیونکہ اس میں زندگی کے ہمہ جہتی مسائل فلسفہ حیات اور ترقی و ارتقا کے مسائل کی عہدہ کشائی کی گئی ہے اقبال کی شاعری نظریات و افکار میں وسعت پیدا کرتی ہے زندگی کو شگفتگی اور تازگی بخشتی ہے ترقی فکر و تمدنی ارتقا کا درس دیتی ہے دعوت عمل اور جہد مسلسل کی طرف رہنمائی کرتی ہے اپ نے کرگس و شاہین کا مقابلہ کر کے سمجھایا ہے کہ عزت کی زندگی اور ذلت کی زندگی میں کیا فرق ہے اقبال کے ایک ایک شعر سے تقوی یقین محکم عمل پیم اور محبت کا پیغام ملتا ہے
65685dc9a35d4edfc352c964,بال کی شاعری میں عشق رسول کا جذبہ بھی معجزہ نظر اتا ہے اسی پیکر ہدایت کر دیا ہوا درس اقبال نے اپنی شاعری میں دہرایا ہے اسی کے اسوہ حسنہ کا سہارا لیا ہے اسی در عنایاب کی دم سے اپنے اشعار کو چمکایا ہے اسی کی پرسوز لے میں ملت اسلامیہ کو اپنے نغمات سنائے ہیں اور اسی کی تقلید میں اقبال نے مخلوق خدا سے بھی محبت کا اظہار کیا ہے خدا کے عاشق تو ہیں ہزاروں بنو پھر ہزاروں میں بنو پھرتے ہیں مارے مارے
65685fcfa35d4edfc352c967,قائد اعظم جنگ ازادی کی ناکامی کے بعد مسلمانان ہند نہایت ذلت امیز اور غلامانہ زندگی بسر کر رہے تھے اب ان کے سامنے کوئی لائحہ عمل نہ تھا ان میں علم اور ہمت کی بھی کمی تھی وہ سیاسی اور اتصادی طور پر بری طرح دبے ہوئے تھے ان کا جذبہ ازادی مردہ ہو چکا تھا ان کی ایمانی قوت عمل ضعیف ہو چکی تھی قوم انتشار و افتراق کا شکار تھی عمرہ انگریز کے زیر اثر تھے اور مغربی تہذیب کے دلدادہ بن کر رہ گئے تھے دنیا بھی لالچ نے ان کی زبانیں بند کی ہوئی تھیں مسلمانوں کی کوئی قیادت نہ تھی ہندو ہر میدان میں اگے نکل گئے تھے اور ہر شعبے میں انہی کا سکہ چلتا تھا مسلمانوں کی زبوں حالی کے سبب ان کے لیے ترقی کی راہیں مزدور ہو چکی تھیں ایسے میں ایک مرد مجاہد جو دیکھنے میں نہایت دبلا پتلا اور کمزور تھا مگر ارادہ مسمم قواع عمل فولادی اور نگاہ بلند رکھتا تھا میدان میں نکلا اس نے انگریز اور ہندو دونوں کو للکار للکار کر کہا کہ مسلمان ایک الگ قوم ہے ان کی مذہبی اور معاشرتی اقدار ہندوؤں سے بالکل الگ ہیں ان کی تہذیب و تمدن جدا ہے مسلمان اپنے مخصوص فلسفہ حیات کی ترقی اور نشونما کے لیے ایک الگ ملک چاہتے ہیں جہاں پر وہ یہ ثابت کر سکیں کہ مسلمان واقعی ایک الگ قوم ہے جس کے نظریات بھی الگ ہیں وہ مرد مجاہد ہمارے عظیم قائد اعظم محمد علی جنا تھے جن کی سیاسی بصیرت اور بے مثال جرات و استقلال کی بدولت پاکستان معرض وجود میں ایا
6568601ca35d4edfc352c96a,قائد اعظم محمد علی جنا 25 دسمبر 1976 کو کراچی میں پیدا ہوئے اپ کا تعلق خواجہ خاندان سے تھا اپ کے والد گرامی کا نام گونجا جنا تھا اپ کے ابا و اجداد گجرات کاٹیاواڑ کے رہنے والے تھے چونکہ اپ کے والد محترم بھی لمبے اور دبلے پتلے تھے اور گجراتی زبان میں لمبے اور دلے پتلے ادمی کو جینا کہتے ہیں لہذا انہیں بھی لوگ اونچا جینا کے نام سے پکارتے تھے بعد میں یہی لفظ جینا جنا بن گیا اونجا جنا کراچی میں چمڑے کے سوداگر تھے بانی پاکستان قائدا اعظم محمد علی جنا نے ابتدائی تعلیم گوملداس پرائمری سکول بمبئی میں پائی اور میٹرک کا امتحان سندھ مدرسۃ الاسلام ہائی سکول کراچی سے پاس کیا 1893 میں اپ 16 سال کی عمر میں بیرسٹری کی تعلیم حاصل کرنے کے لیے انگلینڈ چلے گئے اور 1896 میں بیرسٹری پاس کر کے وطن واپس اگئے
65686082a35d4edfc352c96d,1896 میں اپ نے کراچی میں وکالت شروع کر دی اگلے سال اپ بمبئی چلے گئے اور وہاں کے بہت کامیاب وکیلوں میں شمار ہونے لگے سن 1900 میں اپ پریزیڈنسی مجسٹریٹ مقرر ہوئے اپ نے بڑی دیانت داری اور محنت سے کام کیا بمبئی ہائی کورٹ کے جوڈیشل سیکرٹری نے اپ کی کارکردگی اور قابلیت سے متاثر ہو کر اپ کو مستقل ملازمت کی پیشکش کی جس کی ماہانہ تنخواہ اس وقت 1500 روپے تھی لیکن اپ نے اسے ایک تاریخی جواب دیا 1500 روپے تو میں ایک روز میں کمانا چاہتا ہوں اور اپ مجھے ایک ماہ کی تنخواہ 1500 روپے دیں گے چنانچہ اپ نے یہ ثابت کر دکھایا کہ محنت اور لگن سے کام کیا جائے تو اس کا پھل ضرور ملتا ہے
656860baa35d4edfc352c970,قائدا اعظم کا رجحان بچپن سے ہی سیاست کی طرف تھا انگلینڈ میں ہی اپ نے سیاسیات کا مطالعہ شروع کر دیا تھا اس کے علاوہ دادا بھائی نورو جی مسٹر گوکلے اور فیروز شاہ مہتا جیسے منجے ہوئے سیاست دانوں کی صحبت سے ان میں اور بھی پختگی پیدا ہو گئی تھی 1905 میں کانگرس کے اس وقت کے صدر دادا بھائی نارو جی کے پرائیویٹ سیکرٹری کی حیثیت سے کانگرس میں شرکت کی اس سے قبل 1900 میں جب اپ نے کانگرس کے اجلاس میں وقف علی الاولاد کے متعلق ایک کامیاب تقریر کی تو بڑے بڑے سیاستدان بول اٹھے کہ یہ دبلا پتلا نوجوان ایک دن بہت بڑا سیاستدان ہوگا
65686136a35d4edfc352c973,1909 میں اپ کو بمبئی کے مسلمانوں نے وائس رائے کی قانون ساز کونسل کا ممبر منتخب کیا 1947 تک اپ کونسل کے ممبر رہے 190چ میں مسلم لیگ کی بنیاد رکھی جا چکی تھی جب کانگرس نے چیمپس فورڈ اسکیم کی کو نامنظور کیا اور عدم تعاون کی تحریک شروع ہوئی تو قائد اعظم چند اصولی اختلافات کی بنیاد پر کانگرس سے مستافی ہو گئے قائدا اعظم کے کانگرس سے علیحدہ ہو جانے کا بنیادی سبب یہ تھا کہ انہوں نے محسوس کرنا شروع کر دیا تھا کہ ہندوؤں کی حکمت عملی سے مسلمانوں کو نقصان پہنچ رہا ہے اور وہ ہندوستان میں ہندو راج قائم کرنا چاہتے ہیں ہندوؤں سے بددل ہو کر جب کانگرس سے علیحدگی اختیار کر لی تو اپ نے تمام اہل ہند کی بجائے صرف مسلمانوں کی خدمات انجام دینے اور ان کی ازادی کے لیے لڑنے کا فیصلہ کر لیا یہی وہ فیصلہ تھا جس کے تحت اپ 1913 میں مسلم لیگ میں شامل ہو گئے 1914 میں وزیر ہند کونسل کی اصلاحات کے سلسلے میں اپ ایک وفد کے ہمراہ لندن گئے اور وہاں ہندوستان کی نمائندگی بڑی خوبی سے سرانجام دی 1917 میں تحریک ہوم رول میں شامل رہے اور وقت کے سب سے بڑے دنیاوی حاکم لارڈ لنگٹن کو ناکوں چنے چبوائے جب وائسرائے ہند لارڈ ویلنگٹن یہاں سے رخصت ہونے لگا تو لوگوں نے اسے بمبئی میں ایک ضیافت دینی چاہیے صرف جنا ہی تھے جنہوں نے عین جلسے میں کھڑے ہو کر وائسرائی کے خلاف تقریر کی اور اس کے عہد کے ظلم و ستم بھی گنوائے قائد اعظم کی اس بے باکی اور حریت پسندی سے خوش ہو کر اہل بمبئی نے ایک شاندار ہال تعمیر کیا جو اج بھی جنا ہال کے نام سے مشہور ہے
656861cba35d4edfc352c976,ہندوؤں کی مسلم کچھ کوششوں سے متاثر ہو کر قائد اعظم نے 1927 میں ال انڈیا مسلم لیگ کے اجلاس کلکتاہ کی صدارت کی اور نئے عزائم کے ساتھ مسلمانوں کو ایک پلیٹ فارم پر اکٹھا کرنے کی سعی شروع کر دی 1928 میں اپ نے ال پارٹیز کانفرنس میں شرکت کی اور نہرو رپورٹ کی مسلم کچھ دفعات کی دھجیاں بکھیر کر رکھ دی اسی سال دہلی کے اجلاس مسلم لیگ میں اپنے مشہور 14 نکات کا اعلان کیا جس میں ہندوستانی مسلمانوں کے سیاسی مطالبات تھے اب مسلم لیگ کی اواز ہندوستان کے کونے کونے میں پہنچ چکی تھی 1940 میں لاہور ریزولیوشن جسے قرارداد پاکستان بھی کہا جاتا ہے کہ ذریعے پاکستان کا مطالبہ کیا گیا انگریز اور ہندو نے اسے ایک مجذوب کی بڑ قرار دیا مگر جوں جو مخالفت بڑھتی گئی مسلمان ایک پلیٹ فارم پر جمع ہوتے گئے اور مسلمان
65686247a35d4edfc352c979,مگر جوں جوں مخالفت بڑھتی گئی مسلمان ایک پلیٹ فارم پر جمع ہوتے گئے اور زیادہ مضبوط اور متحد ہو گئے اخر انگریز اور ہندو مجبور ہو گئے اور 1947 میں حکومت برطانیہ کو اعلان پاکستان کرنا پڑا قائد اعظم نے مسلم قوم کو ہندو کے ظلم سے تم سے محفوظ رکھنے کے لیے بڑی جدوجہد کی غیر تو غیر اپنوں نے بھی ان کی بے حد مخالفت کی مگر مشیعت ازدی نے اپ کی مدد کی اور ازادی کا سہرا اپ کے سر بن گیا اپ کی کوششوں کے نتیجے میں ملنے والی ازادی نے 10 کروڑوں مسلمانوں کو ازاد قوموں کی صف میں کھڑا کر دیا اپ پاکستان کے پہلے گورنر جنرل بنے اس وقت اپ کی عمر 72 سال تھی کثرت کار کی وجہ سے اپ کی صحت خراب ہو گئی اپ بحالی صحت کے لیے کوئیٹہ تشریف لے گئے اور پھر وہاں سے زیارت چلے گئے لیکن اپ کی صحت بحال نہ ہو سکی اخر 1948 میں اپنے خالق حقیقی سے جاملے
65686402aed636e783e10374,قائدا اعظم کا پیغام محسن ملک و ملت بابائے قوم قائدا اعظم محمد علی جنا معمار پاکستان ہیں اپ نے قوم کی قیادت اس وقت سنبھالی جب مسلمان ہند کا کوئی پرسان حال نہ تھا انگریز اور ہندو کی انتہائی مخالفت کے باوجود انہوں نے پاکستان حاصل کر کے ہی دم لیا اپ شروع سے ہی کمزور جسم لگتے تھے اپ پر کام کا دباؤ اس قدر زیادہ پڑ گیا تھا کہ اپ کی صحت اتنی خراب ہو گئی کہ ڈاکٹروں نے انہیں مکمل ارام کرنے کا مشورہ دیا مگر وہ تو اس اولو العزم مجاہد کی مانند تھے جو ایک لمحے کے لیے نہ تلوار ہاتھ سے چھوڑتا ہے نہ گھوڑے کی پشت اپ کی زندگی کیا تھی بس کام کام سفر سفر اپ نصف صدی تک نگاہ بلند سے قوم کی رہنمائی کرتے رہے اور درس حریت دیتے رہے اور جواب جواب دشمنا دینے کا فریضہ پوری لگن ہمت اور خلوص سے سرانجام دیتے رہے اپ نے نظریہ اقبال کی مسلمان ایک الگ قوم ہے اور ان کی مذہبی سیاسی معاشرتی ترقی کے لیے علیحدہ خطہ عرض چاہیے خوب ترجمانی کی انہوں نے انگریز اور ہندو سے مطالبہ مطالبہ پاکستان منوا کر ہی دم لیا ہمارے عظیم قائد نے قوم کا اتحاد یقین اور تنظیم کا درس دیا اپنی زندگی کی پرواہ نہ کرتے ہوئے انہوں نے خود محنت کر کے یہ ثابت کیا کہ محنت انسانی ترقی کے لیے اس طرح ضروری ہے جس طرح زندگی کو چلانے کے لیے خوراک اتحاد قوت ملی کا دوسرا نام ہے یقین جذبہ ایمانی اور نصب العین کی کامیابی کے لیے اشد ضروری ہے اصول نظم و ضبط اور تنظیم اعمال و کردار کی صحیح راہیں متعین کر کے منزل مقصود تک پہنچنے میں اسانی پیدا کرتا ہے ہم اہنگی بلندی فکر و نظر پیدا کرتی ہے ترقی وسعت کی راہیں انوار ہوتی ہیں قائدا اعظم نے جرات استقلال اور صحیح پیغام کو شعار بنا کر قوم کو اس پر کاربند رہنے کا پیغام دیا قوم ایک مشینری کی مانند ہے اس میں ہر پرزہ اپنی اپنی جگہ اہمیت رکھتا ہے اور اس کی صحیح کارکردگی کا انحصار ان تمام پرزوں پر ہے جو اس میں کام کر رہے ہیں اسی طرح سے ملک و قوم کا ہر فرد ایک اہم پرزہ ہے جسے اپنی اپنی جگہ پر پورے خلوص ہمت اور احساس فرض شناسی سے کام کرنا چاہیے اقبال نے مسلمانوں بالخصوص مسلم نوجوانوں کی زندگی گزارنے کا صحیح ڈنگ بتانے کے لیے ان الفاظ میں اپنے پیغام کی وضاحت کی ائین جواں مردی حقوق یو بے باکی اقبال نے جو درس لفظوں میں دیا قائد اعظم نے اس پر عمل کر کے دکھایا اور ہمیشہ اس اصول پر کاربند رہے اپ کے دل میں سوائے پروردگار عالم کے کسی کا ڈر نہیں تھا اپ سچی بات بے خوف و خطر کہہ دیتے تھے اور اپنے حق کو دوسروں سے تسلیم کروا کر چھوڑتے تھے ایک دفعہ اپ کسی مقدمے کی پیروی کے لیے بمبئی کی ایک عدالت میں گئے تو کیا دیکھتے ہیں کیا عدالت میں جو کرسیاں وکلا کے لیے مخصوص ہوتی ہیں ان میں سے کوئی بھی خالی نہیں تھی سب کرسیوں پر وکلا بیٹھے تھے اور ایک کرسی پر بمبئی کارپوریشن کا میئر بیٹھا تھا جو حکمران قوم سے تعلق رکھتا تھا اپ قانون دان تھے اس لیے جانتے تھے کہ کرسیاں صرف وکلا کے لیے مخصوص ہیں اور ان پر وکیلوں کے سوا کوئی کسی اور کو بیٹھنے کا کوئی حق نہیں قائد اعظم جیسے جلیل المرتبت وکیل کے لیے کوئی سیٹ خالی نہ تھی اپ نے جھٹ چپڑاسی کو حکم دیا کہ میاں سے کہو کہ کرسی چھوڑ دے یہ کرسیاں وکلا کے بیٹھنے کے لیے ہیں چپڑاسی بیچاررا گھبرا گیا کہ ایک تو بمبئی کارپوریشن کا میئر اور دوسرے انگریز اسے اٹھانے کی جرات نہ کر سکا گرجدار اواز سے دوبارہ چپڑاسی کو حکم دیا اور مجبورا اسے میئر کو اٹھانا پڑا وہ انگریز باوصلہ انسان تھا اس نے بھی کوئی اعتراض نہ کیا اس نے بابائے قوم کی جرات کو بہت پسند کیا اور بہت تعریف کی
6568657c7b73a1a19db95b05,اپ کے ایک معقل نے اپ کو ایک مقدمہ دیا اپ نے اس مقدمے کی ذمہ داری قبول کر کے اس کی پیروی شروع کر دی مگر عدالت نے فیصلہ مسٹر جنا کے معکل کے خلاف کیا جو بہت غیر متوقع تھا اپ کو اس کا بہت دکھ ہوا اپ نے اپنے موکل کو مشورہ دیا کہ عدالت نے فیصلہ غلط کیا ہے جو سراسر قانون کے خلاف ہے بہتر ہے اپ اپیل دائر کر دیں چونکہ اپ کو اپنے موکل سے بہت ہمدردی تھی اس لیے اپ چاہتے تھے کہ کسی طور اسے اس کا حق مل جائے اپیل کا فیصلہ اس کے حق میں ہو گیا تو موکل نے خوش ہو کر قائد اعظم کی خدمت میں حاضر ہو کر بطور نظرانہ عقیدت گرا قدر فیس پیش کی اپ مسکرائے اور فیس لینے سے انکار کر دیا موکل نے وجہ دریافت کی تو فرمایا کہ جب اپ مقدمہ ہار گئے تھے تو میں نے اپ سے محض ازرائے ہمدردی اپیل کرنے کا مشورہ دیا تھا اس وقت میرے ذہن میں محض اور محض اپ کی ہمدردی تھی فیس لینے کا کوئی خیال تک نہ تھا اب چونکہ اپ نے مقدمہ جیت لیا ہے لہذا میں اپنے ضمیر کو دھوکہ دے کر اپ سے فیس نہیں لے سکتا جس ذہن سے میں نے اپ کو مشورہ دیا تھا اسی ذہن پر میں اب بھی قائم ہوں ہمارے عظیم قائد نے ہمارے لیے ایسے ایسے اعلی کردار کے نمونے چھوڑے ہیں جن کی قندیلیں روشن کر کے روشنائی حاصل رہنمائی حاصل کی جا سکتی ہے اپنے ایمان کو مضبوط کر کے عمل پیغام اور نظم و ضبط اور اتحاد کے ذریعے ہم اپنے ملک کو اس قدر ترقی یافتہ بنا سکتے ہیں کہ دنیا رشک کی نگاہ سے اسے دیکھے اور ہماری کامیابی و کامرانی دنیا بھر میں ایک مثال بن جائے
6568657f161165b20bbce5c8,اپ کے ایک معقل نے اپ کو ایک مقدمہ دیا اپ نے اس مقدمے کی ذمہ داری قبول کر کے اس کی پیروی شروع کر دی مگر عدالت نے فیصلہ مسٹر جنا کے معکل کے خلاف کیا جو بہت غیر متوقع تھا اپ کو اس کا بہت دکھ ہوا اپ نے اپنے موکل کو مشورہ دیا کہ عدالت نے فیصلہ غلط کیا ہے جو سراسر قانون کے خلاف ہے بہتر ہے اپ اپیل دائر کر دیں چونکہ اپ کو اپنے موکل سے بہت ہمدردی تھی اس لیے اپ چاہتے تھے کہ کسی طور اسے اس کا حق مل جائے اپیل کا فیصلہ اس کے حق میں ہو گیا تو موکل نے خوش ہو کر قائد اعظم کی خدمت میں حاضر ہو کر بطور نظرانہ عقیدت گرا قدر فیس پیش کی اپ مسکرائے اور فیس لینے سے انکار کر دیا موکل نے وجہ دریافت کی تو فرمایا کہ جب اپ مقدمہ ہار گئے تھے تو میں نے اپ سے محض ازرائے ہمدردی اپیل کرنے کا مشورہ دیا تھا اس وقت میرے ذہن میں محض اور محض اپ کی ہمدردی تھی فیس لینے کا کوئی خیال تک نہ تھا اب چونکہ اپ نے مقدمہ جیت لیا ہے لہذا میں اپنے ضمیر کو دھوکہ دے کر اپ سے فیس نہیں لے سکتا جس ذہن سے میں نے اپ کو مشورہ دیا تھا اسی ذہن پر میں اب بھی قائم ہوں ہمارے عظیم قائد نے ہمارے لیے ایسے ایسے اعلی کردار کے نمونے چھوڑے ہیں جن کی قندیلیں روشن کر کے روشنائی حاصل رہنمائی حاصل کی جا سکتی ہے اپنے ایمان کو مضبوط کر کے عمل پیغام اور نظم و ضبط اور اتحاد کے ذریعے ہم اپنے ملک کو اس قدر ترقی یافتہ بنا سکتے ہیں کہ دنیا رشک کی نگاہ سے اسے دیکھے اور ہماری کامیابی و کامرانی دنیا بھر میں ایک مثال بن جائے
6571817b2b884c6d31eaa01e,شہید ملت لیاقت علی خان قاعدے ملت خان لیاقت علی خان کا شمار ان ہستیوں میں ہوتا ہے جو پاکستان کے لیے پیدا ہوئی پاکستان کے لیے زندہ رہی اور اپنی عزیز عمر پاکستان ہی کے لیے قربان کی اپ تعمیر پاکستان کے حوالے سے ملک کے صف اول کے اکابرین میں سے تھے اپ قائد اعظم کے دست راست اور ال انڈیا مسلم لیگ کے سیکرٹری تھے اپ بابا قوم کے معتمیر خاص تھے اپ کرنل کے نواب خاندان کے چشم و چراغ تھے اپ 1895 میں پیدا ہوئے اپ کا سلسلہ نسب ایران کے مشہور فرما روان نوشیرواں سے ملتا ہے اپ کا خاندان مشرقی پنجاب اور یو پی میں بہت بڑی جاگیروں کے مالک تھا ابتدائی تعلیم اپ نے یو پی میں ہی حاصل کی بی اے علی گڑھ یونیورسٹی سے کیا اور بیرسٹری کی تعلیم حاصل کرنے کے لیے انگلینڈ جا کر اکسفورڈ یونیورسٹی میں داخلہ لیا 1921 میں اپ نے قانون کی ڈگری حاصل کی فارغ التحصیل ہو کر اپ نے ہندوستان واپس ا کر سیاسیات میں حصہ لینا شروع کر دیا اور 1926 میں یو پی میں لیجسلیٹو کونسل کے ممبر منتخب ہوئے عرصہ چھ سال تک ڈپٹی پریزیڈنٹ بھی رہے 1940 میں مرکزی کونسل کے ممبر منتخب ہو کر مسلم لیگ کی نمائندگی بطور پارٹی لیڈر کی
657181d32b884c6d31eaa022,اپ فطرتا خاموش تباہ اور مہندی انسان تھے اپ کے دل میں قوم کا گہرا درد تھا ظاہرداری تصنو اور منافقت سے اپ کو نفرت تھی اسی لیے قائد اعظم کی مردم شناس نگاہوں نے اپ کو بھانپ لیا اور اپ کی قابلیت اور فرض شناسی کی قدر کرتے ہوئے اپ کو اپنا سیکرٹری منتخب کر لیا 1937 سے 1947 تک اپ نے قائد اعظم کے سیکرٹری کے طور پر اپنے فرائض نہایت خوش اسلوبی اور تندہی سے سرانجام دیے 1947 کو پاکستان معرض وجود میں اگیا تو اپ پاکستان کے پہلے وزیراعظم مقرر ہوئے یوں ایک نہایت اہم تر ذمہ داری اپ کے کندھوں پر ان پڑی اپ نے اپنی مسلمہ قابلیت تدبر اور سیاسی سوجھ بوجھ کا پورا پورا ثبوت دیا ایسے ایسے مسائل جو حل نہیں ہو رہے تھے اپ کے حسن تدبر سے حل ہو گئے عالمی برادری میں بھی اپ نے پاکستان کا نام بلند کیا قائد اعظم کی وفات کے بعد تو اپ پر بہت ہی ذمہ داری پڑ گئی تھی
657182142b884c6d31eaa025,اپ ہر مشکل کا مقابلہ نہایت مدبرانہ تعمل مزاجی سے کرنے کے عادی تھے اپ نے اپنی قوت فیصلہ خود اعتمادی اور نظم و ضبط کی بدولت عوام کا اعتماد حاصل کر لیا اپ کی عظیم خدمات کے اعتراف کے طور پر قوم نے اپ کو قائد ملت کا خطاب دیا اپ میں یقینی طور پر جرات مستقل مزاجی اور بہترین انتظامی قابلیت موجود تھی جس سے شب و روز کام لے کر اپ نے اخری دم تک ملک و ملت کی بے غرض خدمت انجام دی اپ نے ملک کے داخلی امور کو بھی نہایت بلند حوصلے کی جرات تحمل رواداری اور حسن تدبر سے حاصل کیا
657182952b884c6d31eaa028,دستور پاکستان کے سلسلے میں اپ نے قرارداد مقاصد کی تشکیل کی جس کی رو سے پاکستان کا ائندہ دستور اسلام اور جمہوریت کی روشنی میں مرتب ہونے کی توقعات پیدا ہو گئی اس میں اپ نے پاکستان کے دستور کی اساس مندرجہ زیل مصلیمات پر رکھی نمبر ایک انسانی قوانین اور حاکمیت کی بجائے حاکمیت خدا تعالی کی ہے نمبر دو بنیادی طور پر شریعت اسلامیہ کی قوانین دستور کی اساس ہوں گے نمبر چار خلاف شریعت قوانین میں ترمیم کر لی جائے گی نمبر چار حکومت پاکستان اپنے اختیارات کو اسلامی حدود کے اندر رہتے ہوئے استعمال کرے گی اپ کے سکے کی قیمت میں کمی کے فیصلے کو بہت سراہا گیا اور پاکستان کی اقتصادیات پر اس فیصلے کا بہت اچھا اثر پڑا اپ نے امریکہ کا دورہ کیا اور وزرائے اعظم کی کانفرنس میں شامل ہو کر پاکستان کی حقیقت کو تسلیم کروایا جب بھارت نے پاکستانی سرحدوں پر فوج جمع کی تو اپ نے بھارت کو مکہ دکھا کر اپنی قوم کو متحد ہونے کی تلقین کی اور بھارت کو کہا کہ ہم کمزور نہیں ہیں تمہارا مقابلہ پوری قوت اور جمع مرضی سے کر سکتے ہیں یا اپ کی ہی قابلیت اور اپ کے حسن نظر کا نتیجہ تھا کہ لیاقت نہر و معاہدہ طے پا گیا جس نے دنیا سے خراج تحسین حاصل کیا
657182fc2b884c6d31eaa02b,جمال الدین افغانی کی طرح اپ بھی مسلمانان عالم کو ایک پلیٹ فارم پر اکٹھا کرنے کے خواہشمند تھے اسی سلسلے میں 16 اکتوبر 1951 کو اپ راولپنڈی کے لیاقت باغ میں ایک اہم تقریر کرنے والے تھے اپ نے کھڑے ہو کر ابھی صرف اتنا ہی کہا تھا میرے پیارے پاکستانی بھائیو کہ ایک شقی القلب نے پستول سے اپ پر فائر کی کئی گولیاں اپ کے سینے میں لگی جس کے نتیجے میں اپ ہمیشہ ہمیشہ کے لیے قوم کو داغ مفارقت دے گئے ملک و ملت کو ایسے مخلص اور قابل سیاستدان بہت مشکل سے ملا کرتے ہیں قوم اپ کو شہید ملت کہہ کر یاد کرتی ہے اپ کو پاکستان سے اس قدر محبت تھی کہ بوقت شہادت بھی اپ کی زبان سے جو جملہ نکلا وہ یہ تھا خدا پاکستان کی حفاظت کرے
657183c12b884c6d31eaa02e,پاکستان کا مطلب کیا پاکستان خدا تعالی کی خاص نعمت ہے جو ہمیں عطا کی گئی اس نعمت خداداد کے وجود میں انے سے پہلے کے حالات و واقعات جب بھی ذہن میں اتے ہیں تو ایسا معلوم ہوتا ہے کہ یہ خواب خالق پاکستان کے یقین مکم عمل پیم عظمت کے کردار بلندی نظر پختگی ارادہ جذبہ حریت و قومیت اور خلوص و ایثار کی وجہ سے شرمندہ تعبیر ہوا اور نہ ہندو اور انگریز جیسی دو دھاری تلوار سے بچ کر نکلنا ہی مشکل تھا چے جائے کہ سلامت بچ کر حصول مقصد میں کامیابی بھی حاصل کی جائے اج سے تقریبا نصف صدی قبل برطانوی حکومت دنیا کے بیشتر حصے پر چھائی ہوئی تھی طاقت کے اعتبار سے بہت مضبوط حکومت کے رموز کے پوری طرح واقف انگریز کی نظر محتاط ذہن چالاک اور اس پر مستضاد اندرون ملکی اکثریتی ہندو قوم کی اس حاشیہ بردار لومڑی کی طرح ایار اور منافق مسلمان کے لیے مارے استین بنی ہوئی تھی ایسے حالات میں قدرت نے پاکستان بنانے کا شرف قائدا اعظم محمد علی جنا کو بخشا جنہوں نے اخری سانس تک وطن عزیز کی خدمت کی
6571840f2b884c6d31eaa031,ہندو چالاک تھا اور انگریز اس کی پشت پر تھا اس قوم میں بہت ذہین صاحب علم سیاستدان اور اپنی قوم کے لیے مخلص گاندھی سباش چندر بوس اور جواہر لال نہرو جیسے لیڈر پیدا ہو چکے تھے ان کا دعوی یہ تھا کہ ہندوستان میں بسنے والے لوگ ہندوستانی ہیں یہ سب ایک قوم ہیں مذہب کے اعتبار سے ہندو اور مسلمان دو قوم تصور نہیں ہونی چاہیے اس کا مطلب یہ تھا کہ انگریز کے بعد ہندوستان میں متحدہ حکومت بنائی جائے چونکہ ہندو اکثریت میں تھے لہذا ملک کی بھاگ دوڑ یقینی طور پر اکثریتی قوم یعنی ہندو کے ہاتھ میں رہتی اور اکثریتی قوم ہمیشہ اقلیتی قوم پر ہر لحاظ سے سوار رہتی ہے اگر خدانخواستہ ایسا ہو جاتا تو حاکمیت حقیقی معنوں میں اکثریتی قوم کو ہی حاصل ہوتی اقلیتی قوم یعنی مسلمان اکثریتی قوم یا ماتحت ہی رہتی سیاست و تجارت قانون سازی عدلیہ اور انتظامیہ میں ہر جگہ ہندیوں ہندوؤں ہی کی بالادستی ہوتی
657184592b884c6d31eaa034,ستم بالا ہے ستم مسلمان ایک بہت بڑی محرومی سے بھی دوچار تھے ان کے پاس تجارت تھی نہ علم نہ ہی وہ کلیدی اسامیوں پر قابض تھے بس بالکل بے یار و مددگار تھے جو لوگ صاحب فہم و دانش تھے یا جن سے قوم کی رہنمائی کی توقع کی جا سکتی تھی ان کو ہندو نے پہلے ہی نظریہ متحدہ حکومت کا حامی بنا کر کانگرس میں شامل کر لیا تھا ایسے مسلمان لیڈر جو کانگرس میں شامل ہو چکے تھے انہیں یہ نظر نہیں ارہا تھا کہ کانگرس کی ازاد قومی اور جمہوری حکومت درحقیقت مسلمانوں کی تہذیب و تمدن اور قومی وجود کے لیے موت کا پیغام تھی وہ سمجھتے تھے کہ ہندوستان کی تمام قومیں مل کر ازادی حاصل کریں اور بعد میں بھی باہم ایک قوم کی صورت میں ملک پر حکومت کریں تو ملک میں زیادہ استحکام ہوگا مگر قائد اعظم چونکہ ہندوؤں کو بہت قریب سے دیکھ چکے تھے اس لیے وہ ان کے ہمنوا نہ بنے
657184bb2b884c6d31eaa037,کانگرس کی چال منافقانہ تھی ظاہری شکل میں تو وہ اتحاد و اتفاق کی تلقین کرتے تھے مگر اندرون خانہ مسلمانوں کو زیر کرنے کی فکر میں تھے اور یہ بھی بعد میں ثابت ہوا گاندھی نہرو اور صبحاش اعلان تو بار بار یہی کرتے تھے کہ متحدہ قوم حکومت میں مسلمانوں کے حقوق کی پامالی کا کوئی امکان نہیں ہوگا مسلمانوں کے لیے بنیادی حقوق کا تحفظ کیا جائے گا لیکن ان میں تاثر اس قدر تھا کہ اردو زبان میں سے عربی فارسی کے الفاظ نکال نکال کر ہندی اور سنسکرت کے الفاظ ٹھونسنے شروع کر دیے گورنمنٹ اف انڈیا ایکٹ 1935 کے مطابق کانگرس کے اصل عزائم بے نقاب ہوئے بغیر نہ رہ سکے ازادی کے ان علم برداروں نے اس ایکٹ میں ناجائز فائدہ اٹھانے کے لیے ایک قومی حکومت کا قیام قبول کر لیا ایک اس ایکٹ میں جمہوری نظام تھا جو کانگرس کے متاسبانہ عزائم کو پورا کرتا تھا اس نظام کے تحت اکثریتی قوم ایسی قانون سازی کر سکتی تھی جس سے اہستہ اہستہ اسلامی تہذیب کا خاتمہ ہو جاتا ودیا مندر اسکیم اور واردہ اسکیم کے تحت مسلمان بچوں پر ہندو تہذیب کا رنگ چڑھانے کی کوششیں کی گئیں جو ازادی کے متحدہ جدوجہد کے پرستاروں کے لیے عبرت کا سامان تھی
657185202b884c6d31eaa03a,اس وقت مسلمانوں کو ایسی قیادت کی اشد ضرورت تھی جو انی ارادے کی مالک ہو صاحب نظر ہو بکاؤ مال بھی نہ ہو بے خوف اور نڈر ہو ہندوؤں اور انگریزوں کی چالوں سے واقف ہو اور ان کا دندان چکن جواب دینے کے قابل بھی ہو مفکر پاکستان علامہ اقبال نے مسلمانوں کا خون اپنے نغمہ ہے جاسوس سے گرمایا اور قائدا اعظم محمد علی جنا نے اس ڈگمگاتی کشتی کو لب ساحل تک لانے کے لیے اپنی جان کی پرواہ نہ کی ڈاکٹروں نے مشورہ دیا کہ وہ مکمل ارام کریں لیکن وہ کہتے تھے کہ ہندو قوم جاگتی ہے ان کے لیڈر ارام سے گہری نیند سو سکتے ہیں میری قوم سو رہی ہے میں کیسے ارام کر سکتا ہوں بحر کیف پشاور سے راجکماری تک سارا ملک نعرہ پاکستان پاکستان کا مطلب کیا لا الہ الا اللہ کے نعروں سے گونج اٹھا ہر شخص نے پاکستان کے مطالبے کی بھرپور حمایت کی ان لوگوں نے تو اس مطالبے کی حمایت کر نی ہی تھی جنہوں نے پاکستان میں رہنا تھا مگر جذبے کی شدت کا یہ حال تھا کہ ان لوگوں نے بھی پوری حمایت کی جنہیں کوئی فائدہ نہیں پہنچتا تھا اور ساری عمر بھارت میں ہی رہنا تھا انہوں نے محض اس لیے اس کی حمایت کی کہ انہیں اپنے دینی اقدار کی بغا مطلوب تھی نتیجتا 14 اگست 1947 کو مملکت خداداد پاکستان دنیا کے نقشے پر ظہور میں ائی
657185a12b884c6d31eaa03d,اس تحریک کے بنیادی مطالبات اور نظریات تھے کہ ہندوستان کے مسلمان ایک علیحدہ خطہ عرض کا مطالبہ کرتے تھے تاکہ اپنی معاشرتی تہذیبی اور مذہبی اقدار کی بقا اور نشونما کر سکیں مسلمان یہ ثابت کرنے کے لیے ایک ایسا موقع تلاش کرنا چاہتے تھے جس سے وہ یہ ثابت کر سکیں کہ مسلمان ہندوؤں سے بالکل مختلف ایک قوم ہے جس کی بنیاد رنگ و نسل جغرافیائی حدود یا وطنیت پر نہیں بلکہ دنیا میں جہاں جہاں بھی کلمہ توحید پڑھنے والے ہیں وہ اپس میں بھائی بھائی ہیں اس سرزمین پر صرف اور صرف خدا کا قانون چل سکتا ہے جو ساری دنیا کے لیے پیغام امن ہے دنیا کے سامنے اسلامی نظام حیات کو نافذ کر کے اس کی عملی سبقت ثابت کی جا سکے پاکستان حاصل کیے ہوئے لگ بھگ نصف صدی کا عرصہ گزر چکا ہے ہمارے ملک نے ہر جہت میں ترقی کے مراحل طے کیے ہیں صنعتی تجارتی زرعی اور اقتصادی میدان میں بہت ترقی کی ہے لیکن افسوس کا مقام ہے کہ جس مقصد کے لیے پاکستان حاصل کیا گیا تھا ہم اسے یکسر بھول چکے ہیں پاکستان اسلامی نظام کو عملی شکل دینے کے لیے حاصل کیا گیا تھا تاکہ یہاں کے مسلمان خدا اور رسول کے احکام کے مطابق زندگی بسر کر کے اس خطہ زمین کو گہوارہ امن بنا سکیں مگر افسوس کہ اج بھی ایسے لوگ موجود ہیں جو احکام الہی کو اپنے دکھوں کا مداوا نہیں سمجھ رہے اگر خداوند خل اگر خدانخواستہ ہم نے خدا کی بھیجے ہوئے دین پر لبیک نہ کہا اور اس مقصد کو فراموش کر دیا
657185d72b884c6d31eaa040,پاکستان اسلامی نظام کو عملی شکل دینے کے لیے حاصل کیا گیا تھا تاکہ یہاں کے مسلمان خدا اور رسول کے احکام کے مطابق زندگی بسر کر کے اس خطہ زمین کو گہوارہ امن بنا سکے مگر افسوس کے اج بھی ایسے لوگ موجود ہیں جو احکام الہی کو اپنے دکھوں کا مداوا نہیں سمجھ رہے اگر خدانخواستہ ہم نے خدا کے بھیجے ہوئے دین پر لبیک نہ کہا اور اس مقصد کو فراموش کر دیا جس کے لیے پاکستان معرض وجود میں ایا تھا تو ہم خسارے میں رہیں گے لہذا ہمیں یہ کبھی نہیں بھولنا چاہیے کہ پاکستان کس مقصد کے لیے حاصل کیا گیا تھا
6571875f90d9aa7bdd4b80f8,ہمت کرے انسان تو کیا ہو نہیں سکتا مشکل نیست کے انسان مرد بایت کے حراسہ نشوت اس کا مطلب یہ ہے کہ کوئی مشکل ایسی نہیں کہ اسان نہ ہو سکے انسان کو گھبرانا نہیں چاہیے گویا انسان کا گھبرانے کی بجائے صبر اور ہمت سے کام لے تو ہر مشکل اسان ہو سکتی ہے چنانچہ انسان کو ہمت تحمل اور بردباری اور پختہ ارادے سے کام سرانجام دینا اور اسے پایہ تکمیل تک پہنچانے کے لیے سعی کرنی چاہیے اور اس میں جو دشواریاں اور مشکلات ائیں انہیں برداشت کر کے اور ثابت قدم رہ کر کامرانیوں کامیابی سے ہمکنار ہونے کی کوشش کرنی چاہیے ہمت مشکل سے مشکل کام کو بھی اسان بنا دیتی ہے ہمت خداداد نعمت و صلاحیت ہے اس صلاحیت سے ہر انسان کو اللہ تعالی نے نوازا ہے اگر کوئی صلاحیت سے کام لیتا ہے اور اس سے فائدہ بھی اٹھاتا ہے تو یہ اس میں زیادہ سے زیادہ بڑھتی رہتی ہے جو اس صلاحیت کو استعمال نہیں کرتے وہ اس صلاحیت سے محروم ہو کر سست کاہل اور نکمے ہو جاتے ہیں اللہ تعالی نے انسان کو جتنی صلاحیتیں بخشی ہیں ان کو نکھارا بھی جا سکتا ہے اور انہیں فروغ بھی دیا جا سکتا ہے ان کو فروغ عطا کرنے سے یہ مفید تر ثابت ہوتی ہے اور اگر ان کو دبا دیا جائے تو یہ صلاحیتیں ختم بھی ہو جاتی ہیں
6571879e90d9aa7bdd4b80fc,دنیا کی تمام تر ترقی ایجادات تحقیق و تجسس سائنس کے کارنامے اور بے شمار اشیاء مثلا انجن ریل گاڑیاں ریڈیو ٹیلی ویژن ٹیلی فون ایٹمی توانائی وغیرہ انسان کا چاند تک پہنچنا انسان کی ہوا اگ اور پانی پر حکمرانی یہ سب ہمت کے ہی کرشمے ہیں ہمت کے بل بوتے پر انسان نام پیدا کر سکتا ہے علم حاصل کر سکتا ہے مٹی سے سونا پیدا کر سکتا ہے گمنامی کی تاریکیوں سے نکل کر شہرت و دولت حاصل کر سکتا ہے کسی شخص نے بھی اج تک ہمت اور محنت کے بغیر کامیابی حاصل نہیں کی
6571884090d9aa7bdd4b80ff,بڑے بڑے رہنما ڈاکٹر سائنس دان سیاستدان موجد و مہم جو انجینیئر اور ماہرین فن یہ سب لوگ ہمت محنت استقلال اور بردباری سے ہی کامیاب ہوئے ہیں ان کے ارادے مسمم تھے انہوں نے مشکلات و مصائب کا حوصلے سے مقابلہ کیا اپنے نصب العین کی طرف ثابت قدمی سے بڑھتے رہے اور جب کبھی ان کے راستے میں کوئی مشکل مقام ایا تو اس کا مقابلہ پامردی سے کیا سعی و کوشش و کوشش کو اور بھی تیز کر دیا حوصلہ اور ہمت سے پہاڑوں سمندروں صحراؤں اور دشت و بیاباں کو روندتے ہوئے منزل مقصود تک پہنچ گئے ہمت اور محنت کے مقابلے میں کوئی کام نا مشکل ہے اور نہ ناممکن مشکل کام وہ ہے جس میں ارادے کی پختگی اور ہمت درکار ہوتی ہے اور ناممکن کام وہ ہے جسے کرنے کی انسان میں اہلیت ہی نہ ہو جس کام کو سرانجام دینے کی اللہ تعالی نے انسان کو صلاحیت دی ہوئی ہے وہ کام انسان کے لیے ناممکن نہیں وہ کام جو صرف خدا ہی کر سکتا ہے انسان کے لیے ناممکن ہے چاند سورج زمین و اسمان کوہسار اور ایکزار ہوا پانی اگ کو تسخیر کر لینا انسان کے لیے ممکن ہے ان میں سے تو انسان کے لیے کوئی بھی چیز ناممکن نہیں ہے صرف ہمت محنت لگن استقلال اور عزم سمیم کی ضرورت ہے
6571888390d9aa7bdd4b8102,ہمت کے اگے نہ سمندر رکاوٹ بن سکتا ہے نہ پہاڑ پائے ہمت میں لگزش پیدا کر سکتے ہیں نہ دشت و صحرا راستہ روک سکتے ہیں تاریخ ایسے کارناموں سے بھری پڑی ہے تاریخ بن زیاد کا مشہور واقعہ اپ کے سامنے ہے جنگ بدر میں مجاہدین اسلام نے عزم و ہمت کا عملی ثبوت دیا انلس کی سرزمین مسلمانوں کی ہمت و عظمت کی گواہ ہے ابھی کل ہی کا واقعہ ہے کہ ہمارے عظیم رہنما قائد اعظم نے ناممکن کو ممکن کر دکھایا کوئی سوچ بھی نہیں سکتا تھا کہ پاکستان معرض وجود میں ا جائے گا ایک طرف انگریز کی طاقت تھی ہندوؤں کا تعصب مکاری چالبازی اور ستم بالائے ستم اپنوں میں سے بھی بیگانے بنے ہوئے تھے
6571892d90d9aa7bdd4b8105,عمل سے زندگی بنتی ہے جنت بھی جہنم بھی حکیم الامت شاعر مشرق علامہ اقبال فرماتے ہیں عمل سے زندگی بنتی ہے جنت بھی جہنم بھی یہ خاکی اپنی فطرت میں نہ نوری ہے نہ ناری ہے اللہ نے اس شعر کے ذریعے یہ نقطہ سمجھایا ہے کہ عمل ہی ایک ایسی چیز ہے جس سے انسان اپنی زندگی کو خوشگوار بنا سکتا ہے اور عمل ہی سے اسے پر اشوب بھی بنا سکتا ہے اب یہ اس کی اپنی مرضی ہے کہ جس طرح کا عمل اختیار کرنا چاہے کر سکتا ہے خدا تعالی نے اسے تفکر کی صلاحیت بخشی ہے سعی و کوشش کی خوبی سے نوازا ہے ترقی کے زینے طے کرنے کے لیے انسان کو اللہ تعالی نے ہر قسم کی قدرتوں اور قوتوں سے مالامال کیا ہے اس نے اگر انسان کو اپنا نائب بنا کر بھیجا ہے تو اسے وہ تمام اوصاف بھی دے کر بھیجا ہے جس سے وہ ترقی کے تمام مراحل طے کر سکے اور خیر و شر میں تمیز کر سکے خدا نے اسے ہمت دی استقلال دیا بردباری دی عقل سلیم دی عرفان دیا اور اسی طرح سے بہت سے اوصاف کیے اور اختیار بھی دیا کہ وہ اپنے لیے جو راستہ مناسب سمجھے منتخب کر سکتا ہے
6571899b90d9aa7bdd4b8108,ہم دیکھتے ہیں کہ کوئی خوشحال ہے کوئی مفلص ہے جو مفلص ہے اللہ تعالی کو اس سے کوئی دشمنی نہیں کہ وہ دولت سے محروم ہے وہ نا انصاف نہیں ہے وہ تو خود کہتا ہے کہ انسان کے لیے کچھ نہیں ہے سوائے اس کے جس کے لیے وہ کوشش کرتا ہے جس نے عمل کیا کوشش کی ترقی کی اختیار کی ترقی کی راہ اختیار کی اسے ترقی ملی جو ائندہ یا بندہ جس نے جس چیز کی تلاش کی اس کو مل گئی کامیاب لوگوں کی زندگیوں کا مطالعہ کیجئے انہوں نے بے حساب جدوجہد کی وہ شب و روز محنت کرتے رہے اور عمل پیغم کے ذریعے کہاں تک پہنچ گئے اور جو لوگ نان شبینہ کے بھی محتاج ہیں ان کا سبب ان کی کم ہمتی اور بے عملی ہے تدبیر کو چھوڑ کر تقدیر پر تکیہ کر کے بیٹھ رہنے اور خود کچھ نہ کرنے کا نتیجہ یہ نکلتا ہے کہ وہ ساری عمر ہی روتے رہتے ہیں یہ درست ہے کہ کبھی کبھی کوشش کے باوجود انسان ناکام ہو جاتا ہے مگر جب ہم اپنی سوچ اور اپنے عمل کا بغور جائزہ لیتے ہیں تو پتہ چلتا ہے کہ فلاں فلاں غلطیوں کی وجہ سے ہمیں ناکامی ہوئی ہے ایک حوصلہ مند اور باہمت انسان اپنی قسمت اپ بناتا ہے کشمکش حیات میں انسان کو با تدبیر عمل اور صحیح سمت میں صحیح سے کامیابی ضرور حاصل ہوتی ہے جو لوگ محنت لگن اور دیانت داری سے فرائض زندگی ادا کرتے ہیں ان کا انجام ہمیشہ بخیر ہوتا ہے
65718a1b90d9aa7bdd4b810b,ان لوگوں کو اگر خدانخواستہ کسی وقت اپنی متوقع منزل نہیں ملتی تو بجائے اس کے کہ اپنی تقدیر کا گلا کریں وہ اپنی ہمت کو بلند تر رکھتے ہیں اور پہلے سے بھی زیادہ عزم کے ساتھ مصروف عمل ہو جاتے ہیں اور اپنی کوتاہیوں اور غلطیوں کا محاذبہ کرتے ہیں وہ تقدیر کو نہیں کوتے تدبیر کا راستہ اختیار کرتے ہیں حوصلہ استقامت پامردی اور عمل پیغام سے کام لیتے ہیں بہادر اور باہمت انسان اپنی بگڑی ہوئی قسمت تدبیر و عمل سے سنوارتے ہیں جو لوگ بے ہمتی کائلی تلون مزاجی اور بزدلی کی وجہ سے ناکام رہتے ہیں اپنی تقدیر کو مرید الزام ٹھہراتے ہیں کہ خدا نے اپنی تقدیر میں یہی لکھا ہے اصل بات یہ ہے کہ تقدیر کے مطلب کو یہ سمجھتے ہی نہیں اللہ تعالی عالم الغیب ہے وہ جانتا ہے کہ فلاں وقت میں یہ کام ہوگا فلاں ادمی فلاں وقت میں یہ کام کرے گا جو کچھ انسان کے متعلق انے والے حالات اللہ تعالی نے لوح محفوظ پر لکھے ہیں وہ تقدیر ہے تقدیر کا مطلب یہ نہیں کہ کسی کو کسی کام کے کرنے کے لیے پابند کر دیا گیا ہے یا کسی سے بحکم خداوندی اس کی دولت یا خوشی چھین لی گئی ہے لو پر انے والے حالات کا ذکر کر دیا گیا ہے جس طرح انے والے وقت کی ڈائری دی گئی ہو مگر وہ لوگ جو یہ سمجھتے ہیں کہ چونکہ ہماری ناکامی ہماری تقدیر کے سبب ہوئی ہے بالکل غلط ہے انسان نے انے والے وقت میں جو اچھے یا برے اعمال سرانجام دینے ہیں ان کو خدا تعالی نے قلم قلم بند کر دیا ہے پس ہمت لوگ سمجھتے ہیں کہ وہی ہوگا جو تقدیر میں ہوگا ہم کیا کر سکتے ہیں یہ نظریہ بالکل غلط ہے
65718a8f90d9aa7bdd4b810e,اگر ہم بڑے ادمیوں کی زندگیوں کا مطالعہ کریں تو معلوم ہوگا کہ جو کچھ انہوں نے کیا اپنے عزم و استقلال سے کیا ہمت و جواں مردی سے کیا تدبیر و عمل سے کیا انہوں نے عزت شہرت شان و شوکت سب جہد مسلسل اور عمل پیم سے حاصل کیا اپنی زندگی میں انہیں مشکلات کا سامنا بھی کرنا پڑا تو انہوں نے پابندی سے کیا ہمت و استقلال کا دامن ہاتھ سے نہ چھوڑا اپنے ارادے کو چٹان کی طرح مضبوط رکھا ایک لمحے کے لیے بھی وہ اپنے مقصد سے غافل نہیں ہوتے تھے جون ہی فضول گفتار میں وقت ضائع نہیں کرتے تھے اگر وہ گفتار کے غازی تھے تو ساتھ ساتھ کردار کے بھی غازی تھے ان کی کامیابی عظمت و شہرت کا انحصار عمل پر تھا ان کی زندگی ہمیں دعوت عمل دیتی ہے انسان کی زندگی اس کے اپنے اعمال و کردار سے بنتی ہے
65718b9e90d9aa7bdd4b8111,ہر کی خدمت کر مخدوم خدمت خلق ہی ایک ایسا فعل ہے جس سے انسان کی عظمت کا صحیح طور پر پتہ چلتا ہے کسی انسان کی عظمت کا اندازہ کرنے کے لیے نہ صرف یہ دیکھنا ہوگا کہ اس کے اندر کس قدر جوہر پوشیدہ ہیں اور وہ کن اعلی اوصاف کا مالک ہے بلکہ اس اعتبار سے بھی اسے پرکھنا ہوگا کہ اس کے دل میں خلق خدا کے لیے کس قدر درد موجود ہے خلاق عالم نے انسان کے ذمے دو فرائض لگائے ایک اس مالی کے کل کی اطاعت دوسرے اس کے بندوں سے پیار یعنی ایک حقوق اللہ اور دوسرا حقوق العباد حقوق اللہ میں اگر کوئی کوتاہی ہو جائے تو اللہ تعالی غفور الرحیم ہے وہ معاف کر سکتا ہے لیکن اگر حقوق العباد کا جرم سرزد ہو جائے تو اسے وہ معاف نہیں کرے گا حالانکہ وہ قادر مطلق ہے اگر اس مقام پر اس نے معاف کرنے کا حق صرف اور صرف اسی کو دیا ہے جس کا حق مارا گیا ہو یا جس کا حق ادا نہ کیا گیا ہو خلق خدا کی خدمت ان سے ہمدردی اور پیار حقوق العباد میں سر فہرست ہیں خدمت خلق کی عظمت کو ایک مثال سے واضح کیا جا سکتا ہے فرض کریں اپ کسی شخص سے محبت کرتے ہیں اس کی عزت و احترام کرتے ہیں اس کے ہر حکم کی تعمیل باوجلت کرتے ہیں ہر مجلس میں اس کی تعریف بھی کرتے ہیں مگر اس کی اولاد سے جو اس کو بہت ہی عزیز ہے اپ کو کوئی لگاؤ نہیں کوئی پیار نہیں کوئی ہمدردی نہیں ان کے لیے اپ کوئی ایثار بھی نہیں کرتے تو سوچ کر بتائیے کہ کیا وہ شخص جس سے اپ پیار کرتے ہیں اپ کو اچھا سمجھے گا جواب یقینا نفی میں ہوگا اسی طرح سے خداوند عالم کو اپنی مخلوق بہت پیاری ہے الخلق و عیال اللہ تمام مخلوق خدا کا کنبہ ہے اگر ہم محض خدا سے ہی پیار کرتے ہیں اور اس کے بندوں سے پیار ہمدردی نہیں کرتے ان کے لیے جذبہ ایثار نہیں رکھتے تو خدا کبھی خوش نہیں ہو سکتا
65718bde90d9aa7bdd4b8114,ایک بزرگ کے پاس ایک شخص ایا انہوں نے اس کا حال و احوال پوچھا تو کہنے لگا کہ بس ٹھیک ہے کما لیتے ہیں اور کھا لیتے ہیں کہنے لگے پھر تو تم کچھ بھی نہیں کماتے دوسرا شخص ایا اس سے بھی پوچھا تو کہنے لگا کہ اللہ کا کرم ہے کما لیتے ہیں خود کھا لیتے ہیں اور جو بچتا ہے دوسروں کو دے دیتے ہیں فرمایا تھوڑی کمائی کرتے ہو تیسرا شخص ایا اس کی خیریت دریافت کی اس نے جواب دیا حضرت سارا دن محنت اور مشقت کر کے کماتے ہیں اس میں سے لوگوں کو کھلاتے ہیں اور جو کچھ بچتا ہے ہم کھا لیتے ہیں فرمایا شاباش خوب کمائی کرتے ہو تو اصل نیکی تو یہی ہے کہ انسان دوسروں کے لیے جیے خدا کے بندوں کے لیے جذبہ ایثار و قربانی رکھے ورنہ حیوان میں اور انسان میں فرق ہی کیا ہے اپنے لیے تو حیوان بھی سب کچھ کرتا ہے
65718c3b90d9aa7bdd4b8117,اسی طرح سے ابراہیم بن ادم کا ایک واقعہ ہے ایک رات فرشتہ سونے کی کتاب ہاتھ میں لیے ان کے کمرے میں داخل ہوا عدم نے پوچھا اس کتاب میں کیا لکھ رہے ہو فرشتے نے جواب دیا اس کتاب میں ان لوگوں کے نام لکھ رہا ہوں جو خدا سے محبت کرتے ہیں ابراہیم بن ادھم نے دریافت کیا اس کے کتاب میں میرا نام بھی شامل ہے فرشتے نے جواب دیا نہیں عدم نے کہا اچھا تم میرا نام ان لوگوں میں لکھ لو جنہیں خدا کے بندوں سے پیار ہے اس کے بعد فرشتہ چلا گیا دوسرے روز فرشتہ پھر ایا پہلے کی طرح کمرہ روشن ہو گیا وہی سونے کی کتاب اس کے ہاتھ میں تھی عدم نے پھر پوچھا کہ اس کتاب میں کیا لکھا ہے تو فرشتے نے جواب دیا کہ اس کتاب میں ان لوگوں کے نام ہیں جن کو خدا خود پیار کرتا ہے عدم نے دریافت کیا کہ کیا ان میں میرا نام بھی شامل ہے فرشتے نے جواب دیا اپ کا نام سر فہرست ہے گویا عظمت انسان اس وقت ایا ہوتی ہے جب اس میں خلق خدا سے محبت و ایثار پیدا ہو جائے اسی لیے تو علامہ اقبال نے فرمایا
65718caa90d9aa7bdd4b811a,خدا کے عاشق تو ہیں ہزاروں بنوں میں پھرتے ہیں مارے مارے میں اس کا بندہ بنوں گا جس کو خدا کے بندوں سے پیار ہوگا تاریخ شاہد ہے کہ کوئی شخص اس وقت تک نہ ہردل عزیز بنا نہ عظیم بنا نہ مخدوم بنا جب تک اس نے خدمت خلق کو اپنا شعار نہ بنایا جس نے ملک کو قوم کے لیے قربانی نہ دی جس نے خدا کے بندوں سے پیار نہیں کیا وہ کتنا دولت مند ہو کتنا طاقتور ہو نہ قرب الہی حاصل کر سکا اور نہ دنیا میں ہی عزت حاصل کر سکا سر سید احمد خان کی طرف دیکھیے ان کے دل میں قوم کا کس قدر درد تھا قوم کے لیے محنت کی علامہ اقبال کی مثال دیکھیے وہ ساری عمر قوم کے لیے تڑپتے رہے وہ قوم کے لیے بالخصوص اور ساری دنیا کے لیے بالعموم ماشاءاللہ راہ بنے رہے بابائے قوم محمد علی جنا نے یوہی قائد اعظم نہیں کہلوایا انہوں نے قوم کے لیے تن من دھن کی قربانی دی ایسے لوگ مر کر بھی زندہ جاوید رہتے ہیں لوگ جب بھی ان کا نام لیتے ہیں بڑے ادب و احترام سے لیتے ہیں اور ان کی مغفرت کے لیے دعائیں کرتے ہیں تاریخ میں ہمیشہ ایسے لوگ لوگوں کے نام سنہری حروف میں لکھے جاتے ہیں حقیقت میں انسان کو دنیا میں اس لیے بھیجا گیا ہے کہ وہ خدا کے بندوں سے
65718cd690d9aa7bdd4b811d,حقیقت میں انسان کو دنیا میں اس لیے بھیجا گیا ہے کہ وہ خدا کے بندوں کی خدمت کرے ان کے دکھ درد میں شریک ہو ان کی غم گساری کرے اگر ان کو راحت پہنچانے کے لیے ایثار بھی کرنا پڑے تو اس سے دریغ نہ کریں اگر تخلیق انسان کا مقصد صرف خدا کی عبادت ہی ہوتا تو اس کے لیے تو فرشتے ہی کافی ہیں جو رات دن اس کی تسبیح کرتے ہیں
65718d8f90d9aa7bdd4b8120,پاکستان کا نظام تعلیم علم افراد کی ذہنی صلاحیتوں کو اجاگر کرنے اور سیرتوں کردار کی تعمیر کے لیے سب سے زیادہ اہمیت رکھتا ہے جس طریقے سے لوگوں کو زیور علم سے اراستہ کیا جاتا ہے اسے نظام تعلیم کہا جاتا ہے اصل میں نظام تعلیم ایک ایسا ذریعہ ہے جس سے عوام میں وہ شعور پیدا کیا جاتا ہے جو زندگی گزارنے کے لیے نہایت ضروری ہے اپنی پیدائش کے بعد جب انسان بچہ ہی ہوتا ہے تو اس کی تمام صلاحیتیں ناپختہ ہوتی ہیں ان صلاحیتوں میں پختگی پیدا کرنے کے لیے صحیح تعلیم و تربیت کی ضرورت ہے اگر تعلیم و تربیت اچھی ہوگی تو وہ ایک اچھا انسان بن سکے گا اور اگر تعلیم و تربیت کی ناقص ہوگی تو اس میں وہ صلاحیتیں پیدا نہیں ہو سکیں گی جو ملک و معاشرے اور خلق خدا کے لیے کارامد ثابت ہوں تعلیم و تربیت کی برکت ہی سے انسان ترقی کی راہ پر گامزن ہوتا ہے ترقی یافتہ قومیں اپنے نظام تعلیم پر سب سے زیادہ توجہ دیتی ہے قوم افراد سے بنتی ہے اگر افراد کو صحیح تربیت ملے گی تو قوم کا ذہن بھی خود بخود سیکل ہو جائے گا
65718ddc90d9aa7bdd4b8123,کسی قوم کی ترقی و بقا کے لیے نیز اس کی ذہنی نشونما کے لیے نئی نسل کی صحیح تربیت ہی اشد ضرورت ہے کسی قوم کے مستقبل کا انحصار اس کی نئی نسل پر ہی ہوتا ہے اگر نئی نسل صحیح راستے پر کامزن ہوگی تو نتیجتا وہ ایک ترقی افتہ قوم بنے گی اور اگر ان کی تعلیم و تربیت بیکار قسم کی ہوگی تو وہ قوم پستی کے گہرے گڑھے میں گر جائے گی یہی وجہ ہے کہ ہر قوم اپنی نئی نسل کی تربیت اس طرح کرتی ہے جس سے ان کے عزائم بلند ہوں اور ان کی سیرت اور ان کے کردار نہایت اعلی قسم کے ہوں نظام تعلیم اس قسم کا ہونا چاہیے جس سے نئی نسل ائندہ کی الجا قوم بن سکے ہم مسلمان ہیں اور ایک ازاد مملکت کے شہری ہیں
65718e6490d9aa7bdd4b8126,ہم نے پاکستان اسلام کی سربلندی ثابت کرنے کے لیے بنایا تھا پاکستان بننے کے بعد ہمارا اولین فریضہ تھا کہ ہم نوجوانان قوم کی ذہنی صلاحیتوں کو اجاگر کرنے کے لیے قوم کو ایسا نظام تعلیم و تربیت دیتے جس سے اقوام عالم میں ہم فخر سے سر اونچا کر سکتے پاکستان بنانے کا ہمارا مقصد ہی یہی تھا کہ چونکہ ہم مسلمان ہیں اور امن کے داعی ہیں اور ہمارا ضابطہ حیات دنیا کے تمام ضابطوں سے اعلی و ارفع ہے اس لیے ہم قوم کے لیے ایسا نظام تعلیم مقرر کریں جس سے ہمارا نظریہ پایہ تکمیل کو پہنچ سکے اور دنیا ہم پر رشک کرے نظام تعلیم اس طرح کا ہونا چاہیے جس سے قوم میں صلاحیتیں اور بلند کردار کی صفات پیدا ہوں جو ایک ازاد قوم کے لیے ضروری ہے اس کے لیے ضروری ہے کہ نئی نسل کو پاکستان کے بنیادی تصورات سے اگاہ کیا جائے تاکہ وہ اپنے اباؤ اجداد کی روایات کو زندہ رکھ سکے قوم کے افراد منشا پاکستان کو صحیح طور پر سمجھ سکیں اور اس قابل بن سکیں کہ وہ مقاصد پاکستان کی تکمیل پوری صلاحیت سے پورے کر سکیں اس وقت جو نظام تعلیم چل رہا ہے وہ اس مقصد کو پورا کرنے کے لیے بالکل نہ موضوع ہے یہ نظام تعلیم انگریز کا مقرر کردہ ہے جس کا مقصد اصل میں یہاں کے لوگوں کو ایک ازاد منچ اور حریت پسند شہری بنانے کا نہیں تھا بلکہ اس نے تو تعلیم کو صرف اس لیے یہاں رواج دیا کہ انہیں اپنی مرضی سے پڑھے لکھے لوگ میسر ا سکیں جو ان کی ہاں میں ہاں ملائیں اور بوقت ضرورت انہیں اپنا الہ کار بنا سکیں اج تک ایسا ہی ہوتا چلا ایا ہے اور اب بھی ہمارا نظام تعلیم انہی خطوط پر چل رہا ہے انگریزوں نے اپنے ملک انگلستان میں جو نظام تعلیم مقرر کیا ہوا تھا وہ اس سے بالکل مختلف تھا
65718ecb90d9aa7bdd4b8129,ہمارا نظام تعلیم اس قسم کا ہونا چاہیے جس کے تحت تربیت پا کر ہم میں فکر و نظر اور تحقیق و تجسس کا شعور پیدا ہو جو ہماری صلاحیتوں کو اس قابل بنا سکے کہ ہم کسی دوسرے کے محتاج نہ ہوں ہماری ذہنی اور فکری تربیت ہمارے اسلامی نظام حیات کے عین مطابق ہو جس میں ہم اجتماعی مفادات کی ضرورتوں کو پورا کر سکیں ہمارا نصب العین بلند ہو ہم میں ہمدردی ایثار اور جذبہ خدمت پیدا ہو ہم ہر میدان میں ترقی کریں اور ہم میں بڑے بڑے عالم فاضل مجتہد مفسر اور فقیہ پیدا ہو ماہرین معاشیات و طبیعت اور قابل انجینیئر اور ڈاکٹر پیدا ہوں جو ہمہ وقت اس جذبے سے کام کریں کہ ہم میں ملک و قوم کی خدمت کرنی ہے اور ہمیں اپنے ملک کو اس قابل بنانا ہے کہ ہمیں کسی دوسرے ملک کی احتیاج نہ رہے اور ہم میں زندہ قوموں کی صفات پیدا ہوں ایسا ہی نظام تعلیم ہماری قومی و ملی زندگی کی بقا اور ترقی کے لیے نہایت ضروری ہے اور یہی ہماری ملی امنگوں اور قومی ضرورتوں کو پورا کر سکتا ہے اس کے علاوہ اور کوئی دوسرا نظام ہمارے لیے نا مفید ہو سکتا ہے اور نہ ہی اس مقصد کو پورا کر سکتا ہے جس کے لیے قربانیاں دے کر ہم نے پاکستان حاصل کیا تھا
6576c3aa95e9ed99f94ffe55,مخلوط تعلیم لڑکے اور لڑکیاں اکٹھے کسی ایک درسگاہ میں تعلیم باتیں ہوں تو اس طریقے کو مخلوط تعلیم کا نام دیا جاتا ہے تعلیم کے متعلق بہت سے مسائل حل طلب پڑے ہیں یہ مسئلہ بھی ایک ملی مسئلہ ہے جس کو حل کرنا بھی نہایت ضروری ہے ابھی تک ہم تعلیم نسواں کا مسئلہ ہی حل نہیں کر سکے ان کے نصاب میں اختلاف پایا جاتا ہے ایک طبقے کا خیال ہے کہ لڑکیوں کو صرف ایسی تعلیم دینا کافی ہے جس سے وہ گھر کی ذمہ داری سنبھال سکیں اور بطور صنف نازک اپنے فرائض گھر کے اندر ہی سر انجام دے سکیں کچھ لوگ مغرب پسند ہیں کچھ مشق پسند سب کی اپنی اپنی رائے ہے مخلوق مخلوط تعلیم بھی ایک قومی اور ملی مسئلہ ہے اس کے متعلق بھی مختلف ارا ہیں ازاد خیال لوگوں کا نقطہ نظر ہے کہ لڑکیوں اور لڑکوں کو اکٹھے تعلیم دینے میں کوئی حرج نہیں بلکہ اس کے بہت سے فائدے ہیں ہمارا ملک ایک غریب ملک ہے الگ الگ درسگاہوں کے اخراجات کا متحمل نہیں وہ کہتے ہیں کہ مل جل کر ازادانہ تعلیم حاصل کرنے سے منفی جذبات ختم ہو جاتے ہیں اور سکون کے ساتھ حصول تعلیم کا کام جاری رہتا ہے لڑکے اور لڑکیوں کو ایک دوسرے کو سمجھنے کا اچھی طرح سے موقع ملتا ہے ان کی باہمی جھجک بھی دور ہو جاتی ہے اپس میں تبادلہ خیالات سے بہت سی غلط فہمیاں دور ہو جاتی ہیں اور بہت سے اختلافات ختم ہو جاتے ہیں لڑکیوں میں بزدلی کی بجائے جرات پیدا ہوتی ہے جو عملی زندگی میں مفید ثابت ہوتی ہے ان میں مردوں کے دوش بدوش کام کرنے کی صلاحیت پیدا ہو جاتی ہے
6576c40595e9ed99f94ffe59,مخلوط تعلیم سے ایک اور بھی فائدہ ہوتا ہے کہ ایک دوسرے سے اگے نکل جانے کا جذبہ پیدا ہو جاتا ہے لڑکیاں کوشش کرتی ہیں کہ ہم لڑکوں سے قابل تر بند کر دکھائیں اور لڑکے یہ خیال کرنے لگ جاتے ہیں کہ اگر لڑکیاں ہم سے اگے نکل گئیں تو ہماری اس میں ب****** ہے لہذا دونوں لڑکے لڑکیاں خوب محنت کرتے ہیں اس طرح سے ان کا معیار تعلیم بلند ہو جاتا ہے اور وہ محنت کے عادی ہو جاتے ہیں مقابلے کے امتحانات میں اسانی سے کامیابی حاصل کر سکتے ہیں جن لڑکیوں نے مخلوط تعلیم پائی ہو وہ زیادہ بے باکی اور جرات سے ادمیوں کے دوش بدوش بغیر کسی جھجک کے کامیابی سے کام کر سکتی ہیں جو لوگ مخلوط تعلیم کے حق میں ہیں وہ یہ کہنے میں کسی حد تک اپنے اپ کو درست سمجھتے ہیں کہ فی زمانہ صرف مرد ہی کام کرے تو سارے کنبے کا گزارا مشکل ہو جاتا ہے اور اگر اس میں عورت بھی شریک ہو تو بہت حد تک بوجھ ہلکا ہو جاتا ہے زندگی اسانی سے گزرتی ہے بچوں کو لائق بنانے کے لیے زر کثیر کی ضرورت ہوتی ہے اگر مرد اور عورت دونوں ہی کمائیں تو اس میں اس وقت دشواری کا سامنا نہیں کرنا پڑتا اور اس طرح زندگی زیادہ خوشگوار گزرتی ہے
6576c47a95e9ed99f94ffe5c,دوسری طرف وہ لوگ ہیں جو مخلوط تعلیم کے حق میں نہیں ہیں ان کا خیال ہے کہ مخلوط تعلیم سے پراگندگی پیدا ہو جاتی ہے کیونکہ حیوانات میں صنفی ملان قدرت نے اس حد تک رکھا ہے کہ جو بقائے نسل کے لیے کافی ہو اور ان کی صنفی کشش ایک خاص مدت اور وقت کے تحت پیدا ہوتی ہے مگر انسانوں میں وقت کی پابندی نہیں یہ ہر موسم اور ہر وقت میں ازاد ہیں زمانہ تعلیم نوجوانی کا زمانہ ہوتا ہے اس میں احساس ذمہ داری اور نیکی اور بدی کی تمیز بہت کم ہوتی ہے اور اکٹھے مل جل کر رہنے سے جنسی ہی جان کو قابو میں رکھنا بہت ہی مشکل ہو کام ہوتا ہے جبکہ ہمارے کالجوں کی فضا میں اخلاقی اور مذہبی قیود بھی کم ہو ہر طالب علم اپنے اپ کو ازاد سمجھتا ہے یہاں تک کہ اکثر خود صریح کی حد تک پہنچ جاتا ہے فحش قسم کا جنسی لٹریچر معاشرے میں پھیل رہا ہے جس کے برے اثرات تو ہونے ہی ہیں لیکن اگر تعلیمی اداروں میں مخلوق تعلیم کا رواج ہوگا تو لڑکے اور لڑکیوں کے خیالات میں پراگندگی پیدا ہوگی ثقافت اور ارٹ کے نام پر جو مواد چھپتا ہے اکثر دیکھا گیا ہے کہ وہ قارئین کی اصلاح نہیں کرتا بلکہ نوجوان طبقے کے لیے نقصان دہ ثابت ہوتا ہے ویسے تو ہدایت حاصل کرنے والے کے لیے بری چیز میں بھی ہدایت مل جاتی ہے مگر ان کا انداز فکر اگر مثبت نہیں ہوتا اس لیے میرا روی کے زیادہ امکانات ہوتے ہیں اور جب لڑکے لڑکیوں میں ازادانہ میل جول ہوگا تو اس کے اثرات زیادہ برے ہوں گے
6576c4c395e9ed99f94ffe5f,ان لوگوں کی رائے ہے کہ عورت صرف عورت کی ہی ذمہ داریاں چار دیواری کے اندر رہ کر ہی سنبھالے تو ٹھیک ہے وہ کہتے ہیں کہ مرد اور عورت کے جسم میں مختلف صلاحیتیں ہیں مرد کا جسم سخت پختہ محنت عادی اور مشکلات کا مقابلہ کرنے کے قابل ہوتا ہے اور عورت کا جسم جسمانی نظام نرم و نازک اور اضطرا کا بنایا گیا ہے کہ وہ بچے کو جنم دینے اور اس کی پرورش کرنے کے قابل ہو اسی لیے تو قدرت نے اسے نازک بدن اور نرم دل دیا ہے مامتا اس میں کوٹ کوٹ کر بھر دی گئی ہے تاکہ ایک ماں شب و روز میں سے ایک لمحے کے لیے بھی بچے سے پیار و محبت کرنے کے بغیر نہ رہ سکے اور اس طرح سے بچے کے لیے قدرت نے اس کی پرورش کا صحیح انتظام کر دیا ہے علاوہ عظیم ان کا یہ بھی خیال ہے کہ اسلامی نقطہ نظر سے بھی مخلوط تعلیم کا طریقہ غلط ہے اس میں لڑکیوں کو بے پردہ رہنا پڑتا ہے اور اس طرح سے بے حیائی بڑھتی ہے اور معاشرہ خراب ہو جاتا ہے
6576c56095e9ed99f94ffe62,معاشرے میں عورت کا مقام افتاب اسلام کے طلوع ہونے سے قبل عورت کو کوئی باعزت مقام نہیں دیا جاتا تھا عورت سراپہ مظلومیت کا پیکر تھی اس وقت کا کوئی بھی فرد عورت کو اس کا صحیح حق دینے کے لیے تیار نہیں تھا بلکہ اسے نفرت کی نگاہ سے دکھا جاتا تھا یہاں تک کہ لڑکی کے پیدا ہوتے ہی زندہ دفنا دیا جاتا تھا ہادی اسلام صلی اللہ علیہ وسلم نے عورت کو جو مقام اور احترام بخشا وہ اسے کسی مذہب کسی ملک کسی معاشرے کسی تہذیب اور کسی قوم نے نہیں دیا کیونکہ کسی بھی اور مذہب کے عقائد و اصول میں اتنی وسعت نہیں تہذیب مغرب نے عورت کو گھر کی چار دیواری سے نکال کر اسے دفتر اور صنعتی مراکز میں لا بٹھایا ان سے مرد کے برابر کام لینے لگے اور عورت اور مرد کی مکمل مساوات کا نظریہ اختیار کیا ہمیں اس سے بحث نہیں اس وقت ہمیں یہ دیکھنا ہے کہ عورت کا صحیح مقام کیا ہے اور ہمارے نظریات کے مطابق ہمیں صنف نازک کو کیا مقام دینا چاہیے اور کس قدر عزت و احترام کی نگاہ سے دیکھنا اور سلوک کرنا چاہیے میں اس وقت اس میں کوئی شک نہیں کہ عورت اور مرد انسان ہونے کے لحاظ سے دونوں برابر ہیں انسانیت کے رشتے سے عورت یکساں عزت و احترام کی مستحق ہے لیکن دیکھنا یہ بھی ہے کہ مرد کو کس مقصد کے لیے پیدا کیا گیا ہے اور عورت کو کس مقصد کے لیے قدرت نے مراد اور قدرت نے مرد کی
6576c5ff95e9ed99f94ffe65,مطالعے کے لیے سب سے ضروری چیز یہ ہے کہ مطالعہ کرنے والے کو داخلی اور خارجی سکون میسر ہو مطالعہ کرنے والے کا ذہن و قلب پریشانیوں اور الجھنوں سے بالکل ازاد ہو اور وہ جہاں پر مطالعہ کر رہا ہو وہاں پر بھی مکمل سکون میسر ہو کوئی بیرونی مداخلت اس کے ذہن کو متعلق سے نہ ہٹا سکے اسے مکمل یکسوئی حاصل ہو اگر وہ ذہنی طور پر مطمئن نہیں تو اس کا دماغ پڑے ہوئے کو محفوظ نہیں رکھ سکے گا دوسرے اگر وہاں پر شور و غل مچ رہا ہے کوئی بیرونی مداخلت اس کے متعلق یہ تسلسل کو توڑ دیتی ہے یا اسے ایسا ماحول میسر نہیں ہے اور اس کا ذہن بے چین ہے تو اس کا مطالعہ بیکار ہوگا یا وہاں پر ایسے انتظامات نہیں ہیں جو اس کے متعلق میں مددگار ثابت ہوں مثلا روشنی کا صحیح انتظام نہیں ہے یا ضرورت سے زیادہ روشنی ہے دونوں صورتوں میں اس کی بینائی پر اثر پڑے گا بیٹھنے کے لیے مناسب جگہ ہو مناسب پاک و صاف ماں ماحول ہو روشنی سامنے کی طرف سے نہیں انی چاہیے بہتر ہے کہ بلب بائیں جانب لگا ہو تاکہ اس کی انکھوں کو نقصان بھی نہ پہنچے اور اگر لکھنے کی ضرورت محسوس ہو تو قلم یا ہاتھ کا سایہ رکاوٹ نہ بنے کتاب بھی ایک مخصوص فاصلے پر ہونا لازم ہے لازم ہے انکھوں اور کتاب کے درمیان ایک یا ڈیڑھ فٹ کے قریب فاصلہ ہونا چاہیے
6576c67f95e9ed99f94ffe68,مطالعے کے لیے یہ بھی لازمی ہے کہ طالب علم جو چیز پڑھ رہا ہو اس میں وہ دلچسپی بھی رکھتا ہو اس طرح جوں جوں وہ پڑتا چلا جائے گا اسی قدر اس کا ذہن اسے محفوظ کرتا چلا جائے گا اور اس کی دلچسپی بھی اسی قدر بڑھتی چلی جائے گی اور طبیعت میں اکتاہٹ بالکل محسوس نہیں ہوگی جس مضمون میں دلچسپی نہیں ہوتی اس کے متعلق سے طبیعت بہت جلد اگتا جاتی ہے اسے ایک بوجھ سمجھ کر پڑھنے سے وہ ذہن میں محفوظ نہیں رکھ سکتا بلکہ وہ اس کی طبیعت پر گراں گزرتا ہے لہذا جو چیز پڑھی جائے اس میں مطالعہ کرنے والے کی دلچسپی ضروری ہے اگر کوئی ایسا مضمون ہے جو اس کی طبیعت سے مطابقت نہیں رکھتا اور اسے پڑھنا بھی ضروری ہے تو اسے مشکل نہ سمجھے اور ذہن سے یہ بات نکال دے کہ میں اس میں کامیاب نہیں ہو سکتا گویا نفسیاتی طور پر اسے اپنے ذہن کو پڑھنے کے لیے تیار کرنا چاہیے اور اس میں دلچسپی پیدا کرنی چاہیے اس سے زیادہ دلچسپی پیدا کرنے کا سبب اور کیا ہوگا کہ اس نے اسے ضرور پڑھنا ہے اور اس کے پڑھنے سے اور کامیابی حاصل کرنے میں ہی اس کا مفاد ہے مثال کے طور پر ایک طالب علم انگریزی میں دلچسپی نہیں رکھتا مگر اسے انگریزی ضرور پڑھنا پڑتی ہے اور اس میں کامیابی حاصل کرنا لازمی ہے ایسے طالب علموں کو چاہیے کہ وہ یہ بات اپنے ذہن سے نکال دیں کہ انگریزی ایک مشکل مضمون ہے کسی وجہ سے وہ اس میں توجہ شروع سے نہیں دے سکے جس کی وجہ سے وہ کمزور رہ گئے اور ان کی مزید بے توجہی ان کو اس مضمون میں کمزور سے کمزور تر کرتی چلی گئی ایسے طالب علم کو چاہیے کہ وہ سمجھے کہ یہ میرے لیے کامیابی کا زینہ ہے اور مجھے اسے پڑھنا ہے
6576c6dc95e9ed99f94ffe6b,اس پر بغیر ذہن پر بوجھ ڈالے اس میں مہارت حاصل کرنے کی کوشش کرے جب ایک سبق یا ایک گرامر کا طریقہ یاد کر لے گا تو دوسرا اس کے لیے اسان معلوم ہوگا اگے چلنے کے لیے سابقہ پڑھے ہوئے پر زیادہ توجہ دینی چاہیے تاکہ راستہ کھل جائے یہی کامیابی اپ کی دلچسپی کا سبب بن جائے گی ذرا دلچسپی پیدا ہوئی تو اپ کامیاب ہیں متعلق کے لیے اپنی طبیعت کو ایک حد سے زیادہ مجبور نہیں کرنا چاہیے جہاں تک ذہن قبول کرے بس یہی اس کی حد ہے اس حد کو مشق کے ذریعے بڑھایا بھی جا سکتا ہے تازہ دم ہونے کے لیے تھوڑا سا توقف کر لینا یا تازگی کے لیے کوئی انتظام رکھنا چاہیے مطالعے کا وقت کس قدر ہو یہ اپنی اپنی طبیعت پر منحصر ہے کئی زیادہ دیر تک پڑھتے رہتے ہیں اور کئی چند گھنٹے پڑھتے ہیں مگر مطالعے کے لیے کم از کم چار پانچ گھنٹے ضرور ہونے چاہیے اس دوران ایک دفعہ توقف کر لیا جائے یا تازگی تباہ کے لیے کسی مشروب مثلا چائے یا پھل کا انتظام کر لیا جائے تو بہتر ہوگا
6576c72995e9ed99f94ffe6e,مطالعے کے لیے ایک چیز کافی اہمیت کی حامل ہے وہ یہ کہ مطالعہ کرنے کے لیے ایک پروگرام ترتیب دینا لازمی ہے جو لوگ طالب علم نہیں ہیں اور محض معلومات عامہ کے تحت مطالعہ کرتے ہیں ان کے لیے بھی اور جو طالب علم ہیں جن کے لیے خاص مضامین کی تیاری کرنا ہوتی ہے ان کے لیے بھی وقت کا تعین ضروری ہے کہ فلاں وقت سے فلاں وقت تک ہم نے مطالعہ کرنا ہے اور روزانہ کرنا ہے اس سے مطالعے کا تسلسل نہیں ٹوٹتا جو ایک دن پہلے پڑا ہوا ہوتا ہے اس سے دوسرے دن کی کڑی مل جاتی ہے جن طلباء نے مختلف مضامین کی تیاری کرنا ہوتی ہے انہیں ٹائم ٹیبل اپنی ضرورت کے مطابق بنا لینا چاہیے اور دوبارہ تیاری کے لیے مختصر نوٹ رکھنے چاہیے تاکہ دوبارہ انہیں یادداشت کے طور پر استعمال کیا جا سکے نوٹ وقت بھی بچائیں گے ایک مختصر سا اشارہ اپ کو سارا پہرایا مضمون یاد دلانے کے لیے کافی ہوگا
6576c7db95e9ed99f94ffe71,میرا نصب العین طالب علمی کا زمانہ وہ ہوتا ہے جس میں تعمیر انسانیت ہوتی ہے اسی میں کردار کی تعمیر ہوتی ہے اور اعلی خیالات پرورش پاتے ہیں ائندہ زندگی کے راستوں کا تعین ہوتا ہے ان راستوں کو طے کرنے کے لیے زاد راہ اسی زمانے میں اکٹھا کرنا پڑتا ہے اس زمانے میں طالب علم کی کبھی کسی کام کی طرف رغبت ہو جاتی ہے کبھی کسی کام کی طرف تذبذب کی کیفیت اکثر ہوا کرتی ہے ان متلاطم و متصادم خیالات میں بھی میرا ذہنی رجحان زیادہ تعلیم و تدریس کے پیشے کی طرف ہے مجھے اور بھی بہت سے اچھے اچھے پیشے نظر اتے ہیں مگر میرا ذہنی رجحان زیادہ اسی طرف ہے جہاں تک دولت کمانے اور شوکت و عزت کا تعلق ہے ڈاکٹری کا پیشہ ہے انجینئرنگ کا پیشہ ہے تجارت ہے ان تمام پیشوں میں عزت شہرت پیسہ سب کچھ مل جاتا ہے مگر معلمی کے پیشے میں مجھے جس قدر پاکیزگی خدمت انسانیت تعمیر نو نہالان قوم سادگی خلوص اور احترام انسانیت نظر اتا ہے دوسری کسی پیشے میں نظر نہیں اتا لہذا میں نے ارادہ کر لیا ہے کہ میں ایک معلم بنوں گا معلم بھی وہ جس کے دل میں قوم کے بچوں کو سنوارنے کی تڑپ ہو جس کا مطمح نظر صرف اصول دولت نہ ہو جس کا نصب العین ہر وقت خدمت ملک و قوم ہو جو قوم کے طلبہ کو سائنس کے شعبے میں تحقیق و تجسس کے میدان میں شہ سواری کے لیے تیار کر کے تعلیم و تدریس کا مقدس فریضہ بھی سرانجام پاتا رہے اور قوم کے نوجوانوں کی خدمت ملک کے لیے کرنے کا فرض بھی پورا ہوتا رہے
6576c81695e9ed99f94ffe74,میں اس وقت دسویں جماعت کا طالب علم ہوں میں نے سائنس کے مضامین لے رکھے ہیں بفضلہ تعالی میں جماعت کے سب لڑکوں سے لائق ترین ہوں میرا رجحان بھی سائنس کی طرف ہے ویسے بھی قدرت نے مجھے یہ ملکہ بخشا ہے کہ میں بات کو اچھی طرح سے سمجھا سکتا ہوں اور خوب ذہن نشین کروا سکتا ہوں میٹرک کرنے کے بعد ایف ایس سی پھر بی ایس سی اور ایم ایس سی کرنے کے بعد بیرون ملک سے پی ایچ ڈی کرنے کا ارادہ رکھتا ہوں میرے والدین بھی میرے اس پروگرام سے پوری طرح سے متفق ہیں جس کی وجہ سے میرا ارادہ اور بھی پختہ ہو گیا ہے اور میں بڑی جدوجہد اور مستعدی سے حصول علم کے لیے کوشاں رہتا ہوں
6576c86e95e9ed99f94ffe77,پی ایچ ڈی کرنے کے بعد اپنے ملک واپس ا کر یونیورسٹی میں فریضہ تدریس سنبھالوں گا اور ساتھ ہی ساتھ سائنسی تحقیق کا کام بھی کروں گا میرا ارادہ الیکٹرانکس میں پی ایچ ڈی کرنے کا ہے تاکہ قوم کے طلبہ کو الیکٹرانکس میں اس قابل بنا سکوں گا کہ وہ میری طرح قوم کی خدمت کا مقدس فریضہ سر انجام دیں اور میری زندگی کے بعد بھی میرا مشن جاری رہے استاد اور شاگرد کا رشتہ ایک مقدس اور پاکیزہ رشتہ ہے تعلیم و تدریس ایک پیغمبری پیشہ ہے جس میں لوگوں کو ہدایات دی جاتی ہیں اور انہیں نیک و بد کی تمیز سکھائی جاتی ہے استاد کو حق کی تعلیم اور قوم کی رہنمائی کا فریضہ سونپا گیا مگر بدقسمتی سے اج اس پیشے کی قدر و قیمت کم ہو گئی ہے جس کی ایک وجہ یہ ہے کہ احساس ذمہ داری نہیں رہا ہے اور لوگوں کے دلوں سے ادب و احترام اٹھ گیا ہے ویسے اج استاد بھی استاد نہیں رہا اور شاگرد بھی شاگرد نہیں رہا
6576c8ce95e9ed99f94ffe7a,استاد کو احساس فرض نہیں شاگرد کو مادی نظریات نے اندھا کر دیا ہے وہ سمجھنے لگ گیا ہے کہ جس طرح بازار سے اور چیزیں خریدی جا سکتی ہیں اسی طرح سے تعلیم بھی خریدی جاتی ہے استاد کو ہم تنخواہ دیتے ہیں وہ پڑھاتا ہے اسی طرح سے استاد سمجھتا ہے کہ مجھے تنخواہ تو باہر حال مل ہی جائے گی شاگرد لائق ہو جائیں گے یا نالائق رہ جائیں گے وہ بھی مادہ پرستی کے جنون میں شاگردوں سے ٹیوشن کی صورت میں پیسے بٹورنے شروع کر دیتا ہے اور فریضہ جس کی ادائیگی اس کے ذمے درسگاہ کی چار دیواری کی حدود کے اندر تھی ناجائز منفعت کی شکل میں اپنے گھر پر مزید وصول کرتا ہے ان دونوں وجوہات کی بنا پر استاد بیچارگی کی حالت میں مبتلا ہے نہ اس کا پیٹ بھرتا ہے نہ معاشرہ اس کی عزت کرتا ہے اور نہ شاگرد یہ تمام ہمارے معاشرے کا قصور ہے احترام استاد جب تک نہیں ہوگا تب تک قوم ترقی نہیں کر سکتی مغربی ممالک میں بڑی سے بڑی برائیاں ہیں مگر احترام استاد کا جذبہ اب بھی اسی طرح سے موجود ہے وہ معلم کو اج بھی معمار انسانیت کا درجہ دیتے ہیں اس کی ہر بات سرمایہ حیات سمجھتے ہیں
6576c91f95e9ed99f94ffe7d,طلبہ اور سیاست ملک کے داخلی و خارجی معاملات و مسائل کو سمجھنے ان کا حل تلاش کرنے ملک کا نظم و ضبط سنبھالنے اور اس کے لیے قوانین بنانے کو سیاست کہتے ہیں جو لوگ ان امور کے ماہر ہیں سیاستدان کہلاتے ہیں دوسرے علموں کی طرح سیاست بھی ایک مکمل علم ہے جس کا شعور رکھنا ہر شہری کے لیے ضروری ہے ہمارے ہاں یہ مسئلہ موضوع بحث بنا ہوا ہے کہ طلبہ کو سیاست میں حصہ لینا چاہیے یا نہیں کچھ لوگوں کا خیال ہے کہ طلباء کو سیاست میں حصہ لینا چاہیے اور کچھ یہ رائے رکھتے ہیں کہ ان کو سیاست میں حصہ نہیں لینا چاہیے دونوں گروہوں کے لوگ حسب ذیل دلائل دیتے ہیں
6576c96b95e9ed99f94ffe80,جو لوگ طلبہ کے سیاست میں حصہ لینے کے حق میں ہیں کہتے ہیں کہ اج کے طلبہ کل کے سیاستدان ہیں اگر اج انہیں سیاست سے الگ رکھا جائے گا تو ان میں وہ شعور ہی پیدا نہیں ہوگا جو ایک سیاست دان کے لیے ضروری ہے سیاست کا ابتدائی تجربہ انہیں زمانہ طالب علمی میں حاصل کرنا چاہیے جو طالب علم زمانہ طالب علمی میں سیاست میں حصہ لیتے ہیں ان میں سیاسی شعور پیدا ہوتا ہے اور جب وہ عملی زندگی میں پہنچتے ہیں تو ایک کامیاب سیاستدان بن سکتے ہیں زمانہ طالب علمی کی ابتدائی منازل انہیں ایک دن سیاست کے نقطہ عروج پر پہنچا پہنچا دیتی ہیں جتنے سیاستدان تاریخ نے پیدا کیے ہیں اگر ان کے زمانہ طالب علمی کے حالات پڑھے جائیں تو معلوم ہوگا کہ زمانہ طالب علمی ہی میں انہوں نے سیاست سے دلچسپی لینا شروع کر دی تھی قائد اعظم جب اعلی تعلیم کے لیے انگلستان گئے تو انہوں نے وہیں سیاست میں دلچسپی لینا شروع کر دی تھی اور سیاسیات کا مطالعہ شروع کر دیا تھا
6576c9b295e9ed99f94ffe83,ایک طالب علم جو ایک ڈاکٹر بننا چاہتا ہے انجینیئر بننا چاہتا ہے سائنسدان بننا چاہتا ہے وہ اپنے شعبے کی مہارت زمانہ طالب علمی میں ہی حاصل کرتا ہے قائدا اعظم نے بھی تو طلبہ کو مسلم لیگ میں حصہ لینے کے لیے کہا تھا چنانچہ اور حصول پاکستان میں طلبہ کا بہت حصہ تھا رہی یہ بات کہ جوانی کی عمر میں ذہنی پختگی کی بجائے جوش و ہیجان زیادہ ہوتا ہے یہ صحیح ہے لیکن قیادت اگر پختہ کار اور تجربہ کار ہو اور طلبہ سے محض تائیدی کام لیا جائے تو غلطی کا احتمال نہیں ہوتا اور ساتھ ہی ساتھ ہوش و حواس کی حدود سے باہر نہ ہونے دیا جائے ان کے لیے لایا عمل متعین کروایا کروایا جائے تو تحریک ناکام نہیں ہوتی
6576c9f395e9ed99f94ffe86,جن لوگوں کی رائے یہ ہے کہ طلبہ کو سیاست میں حصہ نہیں لینا چاہیے وہ اپنے دلائل دیتے ہیں کہ سیاست میں عملی طور پر حصہ لینا کوئی اسان کام نہیں ہے اس میں ذہن و شعور کی پختگی اور تجربے کاری نہایت ضروری ہے طلبہ اپنی زندگی کے ایسے دور سے گزر رہے ہوتے ہیں جس میں عقل کی بجائے جوش زیادہ ہوتا ہے سیاست میں حصہ لینے کے لیے متوازن دل و دماغ کی ضرورت ہوتی ہے مگر نوجوان طبقے میں اس چیز کا فقدان ہوتا ہے پختگی ناپید ہوتی ہے اور نہ تجربے کاری قوم کے لیے نقصان عظیم کا باعث بن سکتی ہے نوجوانی میں جذبات کی شدت ہوتی ہے اور ہوش کی کمی کے سبب اکثر تحریکیں ناکام ہو جاتی ہیں جو عمل ہوش کے تابع نہ ہو اکثر اور بیشتر تباہی کا موجب بنتا ہے
6576ca9595e9ed99f94ffe89,ان کی رائے میں طالب علمی کا زمانہ ذہنی صلاحیتوں کو نکھارنے کا زمانہ ہوتا ہے اور طالب علم کا کام صرف اور صرف حصول تعلیم ہوتا ہے اس سے ہٹ کر اگر اس کا ذہن دوسری طرف لگ جائے تو نہ تو وہ تعلیم ہی صحیح طور پر حاصل کر سکتے ہیں اور نہ ہی سیاست دان بن سکتے ہیں اس طرح وہ اپنا ذاتی نقصان بھی کرتے ہیں اور قوم کے لیے بھی رسوائی کا سامان پیدا کرتے ہیں جو طلبہ اپنے زمانہ طالب علمی میں جو کہ ان کی ذہنی ناپختگی کا زمانہ ہوتا ہے سیاست میں حصہ لینا شروع کر دیتے ہیں وہ اپنے مقصد تعلیم میں ہمیشہ کے لیے ناکام ہو جاتے ہیں تحریک ازادی کے دور میں جب انگریزوں سے عدم تعاون کی تحریک زوروں پر تھی کانگرس نے کالجوں کا اسی لیے بائیکاٹ کر دیا تھا کہ کوئی طالب علم تحریک میں حصہ نہ لے مگر پھر بھی ہزاروں طلباء نے تعلیم کو خیرباد کہہ کر تحریک میں حصہ لینا شروع کر دیا یہ تحریک بھی کامیاب نہ ہوئی اور ان کا مستقبل بھی بری طرح سے تباہ ہو گیا 24 مارچ 1948 کو قائدا اعظم نے ڈھاکہ یونیورسٹی کے اجلاس میں طلبہ سے خطاب کرتے ہوئے فرمایا تھا جن طالب علموں نے اپنی تعلیم ابھی مکمل نہیں کی انہیں خار زار سیاست سے دور رہنا چاہیے اور سستی شہرت کے بھوکے ہاتھوں میں کٹھپتلی نہیں بننا چاہیے اپ ملک کا سرمایہ ہیں پڑھ لکھ کر اپنے ملک کی دولت میں اضافہ کریں صرف تعلیم کی تکمیل سے ہی اپ اپنے ملک کے اقتصادی معاشی اور سماجی مسائل حل کرنے میں محمد و معاون ہو سکیں گے کوکلی نعرے بازی کے ماحول سے دور رہ کر تعلیم حاصل کیجئے اس طبقے کا خیال یہی ہے کہ طلباء کو سیاست میں حصہ نہیں لینا چاہیے
6576cba195e9ed99f94ffe8c,پاکستان میں لازمی فوجی تربیت ہر دور کا طریقہ جنگ علیحدہ علیحدہ ہوتا ہے ایک زمانہ تھا کہ جنگ ایک مقررہ مقام تک لڑی جاتی تھی وہیں پر عارضی کا فیصلہ ہوتا تھا مگر اج ایسا نہیں ہے جنگ شہروں کے گلی کوچوں میں بھی لڑی جاتی ہے اور مل کے ایک ایک انچ کے فاصلے پر اور ایک ایک انچ کے لیے لڑی جاتی ہے اسی طرح سے ہر دور کی ضرورت الگ الگ ہوتی ہے حالات میں فرق ہوتا ہے اج کا دور افرا تفریح کا دور ہے اقوام عالم کے مادی مفادات کی کشمکش اور مہلک ہتھیاروں کی نئی نئی ایجادات نے پوری دنیا کو جنگی خطرات کی لپیٹ میں لے لیا ہے روز ازل سے ہی طاقت کمزوری پر حاوی ہو جاتی ہے اور بڑا چھوٹے کو کھا جاتا ہے بڑے ممالک چھوٹے ملکوں کے وسائل دولت کی وجہ سے انہیں ہریسانہ نظروں سے دیکھ رہے ہیں بڑی طاقتیں ایٹمی سامان حرف پر پابندیاں لگانے کی تجاویز پیش کر بھی رہی ہیں اور مولک تر ہتھیار بھی تیار کیے جا رہے ہیں یہ ملک گویا کہ کچھ رہے ہیں اور کر کچھ رہے ہیں یعنی کھلی منافقت کا مظاہرہ کر رہے ہیں اس کا مطلب یہ نکلتا ہے کہ وہ خلوص دل سے نہیں چاہتے کہ صرف ایک دوسرے کو دھوکے میں رکھنے کے لیے ایسا کہہ رہے ہیں ان کے اندر ہوس
6576cc0f95e9ed99f94ffe8f,ان کے اندر ہوس ملک گیری اور توصیح پسندی ہے اسی لیے ہر ملک کی حفاظت کرنے کے لیے ضروری ہو گیا ہے کہ اعلی تربیت یافتہ فوج دفاع وطن کے لیے ہر وقت تیار رکھی جائے طاقت ہی اج کا سب سے بڑا ہتھیار ہے اور کمزوری موت ہے اس کی علامہ اقبال نے اس طرح وضاحت کی ہے تقدیر کے قاضی کا یہ فتوی ہے ازل سے ہے جرم ضعیفی کی سزا مرگ مفاجات پاکستان کے مقصود جغرافیائی حالات اور تاریخی تقاضوں کے پیش نظر ہمارے لیے اور بھی ضروری ہو گیا ہے کہ یہاں پر ہر بالغ فرد کے لیے فوجی تربیت لازمی قرار دی جائے تاکہ بوقت ضرورت کام ائے روس فرانس اٹلی اور چین نے تو اپنے اپنے ملکوں میں لازمی فوجی تربیت کا نظام قائم کر رکھا ہے ہمارے لیے بھی ضروری ہو گیا ہے کہ پاکستان میں لازمی فوجی تربیت دی جائے ہندوستان نے اج تک دل سے پاکستان کے وجود کو تسلیم نہیں کیا وہ ہر وقت اس موقع کی تلاش میں رہتا ہے کہ کسی نہ کسی بہانے پاکستان کو نقصان پہنچائے بلکہ وہ تو پاکستان کو ختم کرنے کے منصوبے تیار کرتا رہتا ہے جو اس کی کمینگی کی انتہا ہے ستمبر 1965 میں اس نے پاکستان پر حملہ کیا لیکن اسے ناکامی کا منہ دیکھنا پڑا اس کے بعد 1971 میں اس نے روس کی ملی بھگت سے ہمارا ملک دولخت کر کے ہم سے مشرقی پاکستان علیحدہ کروایا
6576ccfa95e9ed99f94ffe92,یہ ہماری تاریخ کا سب سے بڑا المیہ تھا اس کے بعد بھی وہ پاکستان کو ختم کرنے کے لیے سکیمیں بناتا رہتا ہے ابھی مسئلہ کشمیر باقی ہے اس مسئلے کو اقوام متحدہ میں پیش کیا گیا لیکن وہ بھی ان کے لیے کچھ نہیں کرتی لیکن وہ بھی ان کے لیے کچھ کرتی ہے جو اس سے طاقت کے بلبوتے پر کروا لیتے ہیں کمزور ممالک کے لیے وہ بھی کچھ مفید ثابت نہیں ہوئی مسئلہ فلسطین اور دیگر مسائل بھی حل طلب پڑے ہیں گویا طاقت ہی ایک ایسی چیز ہے جو سارے مسائل حل کر دیتی ہے یا کروا لیتی ہے فوجی تربیت ہر بالغ مرد اور عورت کو حاصل کرنا چاہیے سکولوں اور کالجوں میں فوجی تربیت کا خاص انتظام ہونا چاہیے سرکاری اور غیر سرکاری افراد کو باقاعدہ تربیت دی جانی چاہیے ہوائی حملے کے دفاع میں بھی ہر بالغ مرد اور عورت کو تربیت یافتہ ہونا چاہیے تاکہ ہنگامی حالات میں شہروں میں افرا تفری نہ پھیلے اور دشمن سے جنگ پوری مستعدی کے ساتھ جاری رکھی جا سکے اج کل پہلے سے حالات بھی نہیں ہیں کہ جنگ کے دنوں میں فیصلہ ہو جایا کرتا تھا اج کل تو جنگ سالوں تک چلتی ہے لازمی فوجی تربیت کا نفسیاتی فائدہ بھی ہوتا ہے کہ جس ادمی نے اپنے اپ کو لڑائی کے لیے تیار کیا ہوتا ہے وہ جنگ سے گھبراتا نہیں ہے اس نے اپنے اپ کو ذہنی طور پر لڑنے کے لیے تیار کیا ہوا ہوتا ہے اور جس نے تربیت ہی حاصل نہیں کی اور ہتھیار پکڑ کر ہی نہیں دیکھا وہ تو لڑائی کا نام سن کر ہی حواس باختہ ہو جائے گا
6576cd5e95e9ed99f94ffe95,لازمی فوجی تربیت نہ صرف زمانہ جنگ کے لیے ضروری ہے بلکہ زمانہ امن میں بھی اس کے فوائد ہیں اس سے قوم متحد ہو جاتی ہے اس میں نظم و ضبط پیدا ہو جاتا ہے ایثار کا جذبہ پیدا ہو جاتا ہے شہری صحت مند ہو جاتے ہیں بیماریاں کم ہو جاتی ہیں کیونکہ لوگ مشقت کے عادی ہو جاتے ہیں اطاعت امیر کا جذبہ پیدا ہو جاتا ہے پاکستان میں پہلے ہی شہری دفاع کا محکمہ قائم ہے باقاعدہ ٹریننگ سینٹر کھلے ہوئے ہیں سکولوں کالجوں میں لیکچر دیے جاتے ہیں دفاع سے متعلقہ مشقیں بھی کرائی جاتی ہیں بلیک اؤٹ کی مشکیں بھی کرائی جاتی ہیں اور شہروں میں ڈیفنس پوسٹیں قائم ہیں سول ڈیفنس اپنی جگہ پر ہے مگر لازمی فوجی تربیت کی اہمیت اس سے بھی زیادہ ہے بین الاقوامی حالات کا تقاضہ ہے کہ ہمارے ملک میں لازمی فوجی تربیت بھی رائج ہونی چاہیے
6576cda095e9ed99f94ffe98,اطاعت والدین والدین دنیا کی سب سے بڑی نعمت بلکہ بے بدل نعمت ہے والدین کے اولاد پر اس قدر احسانات ہوتے ہیں کہ انسان شب و روز والدین کی خدمت کے لیے اپنے اپ کو وقف کر دے پھر بھی ان کے گراں قدر احسانات کا حق ادا نہیں کر سکتا والدین خود بھوکے رہ کر بھی کوشش کرتے ہیں کہ اولاد پیٹ بھر کر کھا لے وہ اپنے ارام کی پرواہ نہیں کرتے مگر انہیں تکلیف نہیں ہونے دیتے وہ اولاد کے ارام اوراد کے لیے دن کا چین رات کا ارام اور سکون قربان کر دیتے ہیں اس لیے اولاد کے لیے بھی ضروری ہے کہ وہ والدین کی ہر ممکن خدمت کرے اور ان کا حد درجے احترام کرے
6576ce0a95e9ed99f94ffe9b,دنیا کے ہر مذہب میں والدین کی اطاعت اور فرمانبرداری اور ان کی خدمت کا حکم دیا گیا ہے ہم جس مذہب کے ماننے والے ہیں اس کی تعلیم بھی یہی ہے کہ والدین کی خدمت کرو ان کے قدموں میں جنت ہے ہمارا مذہب اس اولاد کو بدقسمت شقی القلب اور گمراہ کن قرار دیتا ہے جو اپنے والدین کی قدر و منزلت نہیں کرتی اولاد کے لیے تو یہاں تک حکم ہے کہ ان کی اواز ان کے والدین کے برابر بھی نہ ہو بلکہ ان کی اواز سے نیچی ہو چہ جائے کہ والدین سے سرکشی اور نافرمانی کی جائے والدین کی دعائیں اولاد کے لیے دنیا و دین میں توشاہ خیر ثابت ہوتی ہے خوش قسمت ہیں وہ بچے جو اپنے ماں باپ کی خدمت کرتے ہیں اور ان سے دعائیں لیتے ہیں یہ دعائیں اخرت تک ان کی راحت کا موجب بنتی ہے یہ پتہ اس وقت لگتا ہے جب اولاد خود صاحب اولاد ہوتی ہے کہ بچے کس طرح بنتے ہیں اور کتنی محنت اور محبت سے انہیں پروان چڑھایا جاتا ہے ساری عمر کی کمائی ان پر لگ جاتی ہے محنت کر کے والدین کے بال سفید ہو جاتے ہیں اعضاء کمزور ہو جاتے ہیں اس وقت اولاد کے سہارے کی ضرورت ہوتی ہے جس طرح بچہ چل نہ سکتا تھا اسے سہارے کی ضرورت تھی اسی طرح بڑھاپے میں ماں باپ کو اولاد کے سہارے کی ضرورت ہوتی ہے والدین کی دعائیں اللہ کے حضور مستجاب ہوتی ہیں اور ان کی ناراضگی غضب الہی بن جاتی ہے
6576ce9b95e9ed99f94ffe9e,اج کا زمانہ جسے ہم ترقی یافتہ کہتے ہیں اتنا اگے بڑھ گیا ہے کہ وہ پرانی اخلاقی قدروں کو تاکہ نسیاں پر رکھتا جا رہا ہے لوگ اس لیے ان قدروں پر عمل نہیں کرتے کہ وہ ان کے بقول ڈکیہ نوسی ہیں حالانکہ انہی قدروں میں ان کی دینی اور دنیاوی بہتری کے سامان پوشیدہ ہیں اور اج کل کی اولاد کی یہ سوچ بالکل غلط اور عذاب الہی کو دعوت دیتی ہے کہ والدین کی اطاعت ایک پرانی بات ہے وہ ہمارے کام کے نہیں رہے ان کے اعضاء اور قواع کمزور ہو چکے ہیں ہم کماتے ہیں اور یہ ہمیں بات بات پر ٹوکتے ہیں بہتر ہے انہیں گھر سے نکال باہر کیا جائے اس زمانے میں ایسے بیٹے بھی دیکھنے میں ائے کہ اپنے سادہ لوح والد کو والد ماننے سے بھی انکار کر دیتے ہیں اور لوگوں کو کہتے ہیں کہ یہ تو ہمارا ہمسایہ یا نوکر تھا خدا غارت کرے ایسے نہ انجار بیٹوں کو ایسے لوگوں کو یاد رکھنا چاہیے کہ ایک دن ائے گا جب ان کے ساتھ بھی ایسا ہی سلوک ہوگا یہ وہی باپ ہے جس نے اسے پالا پوسا پڑھایا لکھایا جوان کیا ملازمت دلوائی اور اج دفتر میں اپنی جھوٹی پوزیشن بنانے کو کہتا ہے کہ یہ میرا باپ نہیں ہے ہمسایہ یا نوکر ہے تو ایسے لوگ اس ماں کو نوکرانی ہی کہیں گے جس نے محبت سے اپنی گود میں انہیں پالا راتوں کو ان کے لیے جاگتی رہی اگر خدانخواستہ بچہ بیمار ہو جاتا تو اس کی جان پر بن جاتی تھی وہ اسے حکیم اور ڈاکٹروں کے پاس لیے لیے پھرتی تھی وہ گیلی جگہ پر اپ سوتی تھی اور خشک جگہ پر اسے لٹاتی تھی ہر وقت پیار سے اسے کھلاتی پلاتی نہلاتی دلاتی سلاتی جگاتی گویا کہ وہ اسی کے لیے وقف تھی نہ اسے اپنے ارام کی پرواہ تھی نہ اسائش کی یہی ماں وہ ماں ہے جس کے پیروں تلے جنت ہے
6576cf8995e9ed99f94ffea1,دنیا کا کوئی معاشرہ کوئی دانشور کوئی فلسفی کوئی سائنس دان والدین کے ادب و احترام سے ممکن نہیں خداوند عالم نے بھی قران کریم میں ارشاد فرمایا ہے کہ اپنے والدین کے ساتھ حسن سلوک سے پیش اؤ اور ان کے ساتھ اچھا برتاؤ کرو اور جب وہ بوڑھے ہو جائیں تو ان کے سامنے اف بھی نہ کرو اور انہیں نہ جھڑکو سورہ لقمان میں جہاں انسانوں کو خدا تعالی کا شکریہ ادا کرنے کی تاکید ہے وہاں والدین کا شکر گزار رہنے کی تلقین بھی اور ان کے حق میں دعا کرتے رہنے کی ہدایت ہے رسول خدا کی یہ حدیث کہ جنت ماں کے قدموں میں ہے نیز یہ کہ رب کی رضا باپ کی رضا میں ہے اور رب کی ناخوشی باپ کی باپ کی ناخوشی میں ہے جو شخص اپنے والدین کو خوش کرتا ہے خدا بھی اس سے خشک ہوتا ہے اور جو انہیں ناراض کرتا ہے اللہ تعالی بھی اس سے ناراض ہو جاتا ہے روایت ہے کہ ایک صحابی نے یا رسول خدا سے پوچھا کہ رسول اللہ میں سب سے زیادہ کس کی خدمت کروں اپ نے فرمایا اپنی ماں کی صحابی نے دوبارہ دریافت کیا پھر کس کی اپ نے فرمایا اپنی ماں کی تیسری بار بھی اپ نے یہی جواب دیا ماں کی صحابی نے پھر سوال کیا تو اپ نے فرمایا اپنے باپ اور دوسرے رشتہ داروں کی والدین اگے ہوں تو رہنمائی کرتے ہیں پیچھے ہوں تو پشت پناہی کرتے ہیں وہ حیات ہوں یا اس دنیا سے اٹھ گئے ہوں اولاد کے لیے سرافہ دعا ہوتے ہیں حکیم الامت علامہ اقبال نے اپنے بیٹے جاوید اقبال سے خطاب کرتے ہوئے کہا تھا کہ اے بیٹے تجھے دینی بصیرت نصیب ہو جائے اور تو سعادت انسانیت سے بہرہ ور ہو جائے تو تیرے لیے قبر میں بھی دعا کروں گا پس ہمارا یہ انسانی اخلاقی اور دینی فرض ہے کہ اپنے والدین کی دل و جان سے خدمت کریں اسی میں ہماری فلاح ہے
6576d04f95e9ed99f94ffea4,شہادت شہادت ہے مقصود و مطلوب مومن نہ مال غنیمت نہ کشور کشائی اسلام دین کامل ہے اور انسان کے لیے رہتی دنیا تک کے لیے مکمل ضابطہ حیات ہے عالم عام حالات میں تو پرامن رہنے کی تلقین کرتا ہے مگر حق کی خاطر خدا کے دین کی خاطر مادر وطن کی حرمت کی خاطر یا کسی مسلمان کی خاطر جو دشمن کے نرغے میں گر گیا ہو یا کسی مظلوم کی مدد کی خاطر جہاد کا حکم بھی دیتا ہے ایسے خاص حالات میں جہاد فرض ہو جاتا ہے جہاد کا فلسفہ ایسا فلسفہ ہے جو قوم کو زندگی بخشتا ہے باعزت رہنے کے انداز سکھاتا ہے حق کی ابرو کو بچانا سکھاتا ہے جب حالات انتہائی ناسازگار ہو جائیں تو جہاد ہی کے ذریعے باطل کا مقابلہ کیا جا سکتا ہے اس کا نتیجہ چاہے کچھ بھی ہو ہر حالت میں جہاد میں حصہ لینے والا کامیابی سے ہمکنار ہوتا ہے
6576d09195e9ed99f94ffea7,اگر وہ حق کی خاطر زندگی قربان کر دے تو شہید کہلاتا ہے اور اگر زندہ رہ جائے تو غازی بن جاتا ہے جب کبھی دشمنوں سے مقابلہ ہو اور دشمن کثیر تعداد میں ہو اور طاقت میں بھی اپنے سے زیادہ ہو تو جذبہ جہاد ہی مسلمان کو دشمن سے ٹکرانے کی ہمت اور جرات بخشتا ہے صرف جذبہ شہادت سے سرشار مجاہد ہی دشمن کے سامان حرب کی کثرت سے کمی نہیں گھبراتا اور نہ ہی اس کی تعداد سے خوفزدہ ہوتا ہے اس کے لیے اس لیے کہ اسے اپنے خدا پر بھروسہ ہوتا ہے وہ صرف اور صرف یہی سمجھتا ہے کہ مجھے اپنا فرض پورا کرنا ہے وہ سمجھتا ہے کہ نتیجہ اللہ کے ہاتھ میں ہے اور فتح و نصرت اللہ ہی کی جانب سے ہے جو مدد کو ضرور پہنچے گا اور دشمنوں کے مقابلے میں مجھے تنہا نہیں چھوڑے گا
6576d0cf95e9ed99f94ffeaa,تاریخ شاہد ہے کہ مجاہد کا مطلوب و مقصود صرف شہادت ہوتا ہے وہ اپنے شہید ہونے والے ساتھیوں پر رشک کرتا ہے کیونکہ وہ سمجھتا ہے کہ یہ دنیا فانی ہے اور مجھے بھی ایک نہ ایک دن اس دنیا کو خیر بات کہنا ہی ہے کیوں نہ اخرت کی دنیا کے لیے زیادہ سفر ساتھ لے چلوں اور مرنے سے قبل زندگی میں کوئی ایسا کام کر جاؤں جس سے قرب خداوندی بھی حاصل ہو جائے اور لوگوں کے لیے مثال بھی قائم ہو جائے باعزت موت سے انسان کو ہمیشہ کی زندگی ملتی ہے جسم فانی ہوتا ہے اور مٹی میں مل کر فنا ہو جاتا ہے مگر کردار کبھی نہیں مرتا وہ زندہ رہتا ہے اسی لیے جو لوگ راہ خدا میں اپنی جانیں قربان کر دیتے ہیں وہ زندہ جاوید ہو جاتے ہیں ان کے نام تاریخ میں ہمیشہ محفوظ رہتے ہیں
6576d11095e9ed99f94ffead,منصب شہادت ایسا ہے کہ اس پر کوئی قسمت والا ہی فائض ہوتا ہے جس قدر مجاہد کا مقصد بلند ہوتا ہے اسی قدر اس کا رتبہ شہادت بلند ہوتا ہے جب ظلم و ستم حد سے بڑھ جائے جب دشمن ساری اخلاقی قدروں کو پامال کر دے جب اسمت و عفت خائن نگاہوں اور بے لگام ہاتھوں بے ابرو ہونے لگے تو مسلمان اللہ کا نام لے کر اللہ کی خوشنودی کے لیے مظالم کے خلاف کفن بردوش میدان میں نکل اتا ہے پھر زمانے کی کوئی طاقت اور وقت کی کوئی زیادتی اسے سرفروشی سے باز نہیں رکھ سکتی جب تک ظلم کے بادل نہ چھٹ جائیں دین مبین محفوظ نہ ہو جائے اور عزت و عفت کو امان نہ مل جائے وہ اپنی تلوار میان میں نہیں رکھتا
6577fb82c8843a782c96dfdf,ہیلو السلام علیکم لگی
6577fb85167d10924ab74123,ہیلو السلام علیکم لگی
657803e836488793285bc434,اتحاد و اتفاق فرد قائم ربط ملت سے ہے تنہا کچھ نہیں موج ہے دریا میں اور بیرون دریا کچھ نہیں اتحاد کے معنی اپس میں متحد اور اکٹھے ہو کر زندگی بسر کرنے کے ہیں یوں اتحاد ایک چھوٹا سا لفظ ہے مگر یہ لفظ اتنا جامع ہے کہ اس کے اندر معنی کا ایک جہان پوشیدہ ہے انفرادی قوت فکری قوت معاشرتی قوت اقتصادی قوت ایمانی قوت اور سائنسی قوت اسی طرح کی تمام قوتوں میں یکجہتی ہو تو پھر اتحاد مکمل ہوتا ہے اگر تمام انسانی قوتوں اور صلاحیتوں میں مطابقت اور افکار و کردار اور قول و فعل میں کسی قسم کا تضاد نہ رہے تو اتحاد کی بدولت بہتر فضا پیدا ہو سکتی ہے البتہ اختلاف رائے اصلاح کی غرض سے ہو تو اسے نفاق نہیں کہا جائے گا کیونکہ اس میں بدنیاتی نہیں بلکہ غلط کو درست کرنے کی نیت ہوتی ہے
6578045e36488793285bc438,قومی اتحاد کا مطلب یہ ہے کہ پوری قوم کے افراد ایک ہو جائیں اور زندگی کے کسی شعبے میں ان میں تفریق نہ پائی جائے یہاں تک کہ ایک قوم کے تمام افراد کے بنیادی عقائد و نظریات میں بھی یکجہتی ہو اور وہ دوسرے چھوٹے چھوٹے اختلافات کو جنوں جنہیں فروئی اختلافات کہا جاتا ہے نظر انداز کرنے کا جذبہ رکھتے ہوں اگر کسی ایک شعبے میں اتحاد اور دوسرے میں اختلاف ہے تو اس اتحاد کا کوئی فائدہ نہیں ہوتا اسے نفاق ہی کہا جائے گا قوم باہمی ربط سے بنتی ہے اگر اس کے افراد میں اتحاد نہیں تو دوسرے لفظوں میں ان میں ابھی ربط ہی نہیں قوم ایک سمندر ہوتا ہے اور افراد اس کے قطرے ہوتے ہیں اگر ان میں نفاق ہو تو وہ قطرے کہلائیں گے اور اگر اکٹھے ہو جائیں تو سمندر کہلائیں گے اتفاق اور نفاق کی طاقت کا موازنہ قطرے اور سمندر کی طاقت سے بخوبی کیا جا سکتا ہے
6578049d36488793285bc43b,تاریخ کے اوراق شاہد ہیں کہ اج تک کسی قوم یا ملک نے ترقی کی ہے اس کی بنیاد اتفاق اور اتحاد ہی رہی ہے اگر کسی ملک میں بڑے بڑے ذہین اور کامیاب سائنسدان ہوں اس کے پاس سامان ہر پی با افراد ہو اس کے جرنیل بھی تجربے کار اور جنگجو ہوں اس میں بڑے بڑے علماء فضلاء بھی موجود ہوں اور اس کے پاس بری بیری اور ہوائی قوتیں بھی ہوں مگر قوم میں اتفاق یا اتحاد نہ ہو تو یہ تمام قوتیں اور صلاحیتیں بیکار بلکہ نہ ہونے کے برابر ہیں قوم کا نفاق اپنی تمام صلاحیتوں کے باوجود اپنے ملک کو ترقی دینے کی بجائے اسے تباہ و برباد کر کے رکھ دے گا کیونکہ اتحاد تعمیری نشونما کا باعث بنتا ہے اور نفاق تخریب کا باعث بنتا ہے
657804e036488793285bc43e,نہ اتفاقی اور باہمی عداوت جو اتحاد کی ضد ہیں قوم کو اور اس کے افراد کو ضیا اور بدبختی کی طرف لے جاتی ہیں مشکل سے مشکل کام کو انسان اکٹھے ہو کر کریں تو وہ نفسیاتی طور پر ان کے لیے مشکل نہیں رہتا اور نہ انہیں اس میں ناکامی ہوتی ہے اتحاد کی حرارت سخت سے سخت چیز کو بھی موم کی طرح پگھلا دیتی ہے اتحاد سے انسان کے اندر ایک خاص قسم کا تعمیری جذبہ پیدا ہو جاتا ہے جو دلوں میں حوصلہ اور ہمت کو بڑھاتا ہے ادمی جب دیکھتا ہے کہ میرے دائیں بائیں اگے پیچھے سب لوگ یک زبان ہیں اور متحد ہو کر پہاڑ کے سینے پر تیشا چلا رہے ہیں تو جو ولولہ اس منظر سے پیدا ہوتا ہے وہ دلوں کو مزید گرم اتا ہے
6578053336488793285bc441,ملک میں کاشتکار بھی ہوتے ہیں تاجر بھی ہوتے ہیں سند کار بھی ہوتے ہیں مزدور بھی ہوتے ہیں دانشور بھی ہوتے ہیں قانون دان بھی ہوتے ہیں اور سائنسدان بھی ہوتے ہیں گویا مختلف شعبوں سے تعلق رکھنے والے لوگ ہوتے ہیں اگر ان میں قومی حوالے سے اتحاد ا جائے تو وہ انفرادی اور اجتماعی ہر اعتبار سے ملکی مفاد میں کام کر سکتے ہیں اور ملک کی خدمت کر سکتے ہیں یوں سمجھیں کہ تمام اپنے اپنے محاذ پر ملک کے لیے لڑ رہے ہیں وہ جہاں جہاں پر بھی ہیں دوری کے باوجود متحد ہیں اور اتحاد کے صحیح معنوں میں داعی ہیں اگر ان کا نظریہ ذاتی منفعت پر مبنی ہے تو وہ سب کے سب مرض نفاق میں مبتلا ہیں اور وہ ان کو قوم کے لیے ہرگز مفید ثابت نہیں ہو سکتے قوم افراد سے بنتی ہیں اور افراد کا کردار ہی مجموعی طور پر قوم کا کردار کہلاتا ہے
6578057e36488793285bc444,اگر کوئی شخص کوئی غلط کام کرتا ہے تو اس میں اس کی ذاتی منفعت ہوتی ہے کوئی رشوت لیتا ہے یا دیتا ہے تو اس میں بھی اس کی اپنی خود غرضی ہی ہوتی ہے دوسرے کو اس منفعت میں شامل کرنا تو درکنار وہ ان کو نقصان پہنچاتا ہے یہ بھی نفاق ہی کی ایک شکل ہے اتحاد میں جذبہ ہمدردی بھی پایا جاتا ہے لیکن خود غرضی مقصود ہو تو اتفاق و اتحاد ممکن نہیں اصل میں ہمدردی محبت پیار اتفاق اور اتحاد یہ سب ایک ہی پھول کی پتیاں ہیں ان سب کا ملاپ پھول کو خوشنمائی بخشتا ہے جبکہ نفاق ان پتیوں کو منتشر کر کے پھول کو برباد کر دیتا ہے
657805c036488793285bc447,اسلام اخوت کا درس دیتا ہے اخوت کیا ہے اخوت سے اتحاد و مساوات کا سبق ملتا ہے خدا تعالی نے پیغمبر اخر الزماں کو انسانیت کی شیرازہ بندی کے لیے بھیجا تھا تاکہ مسلمان ہندی ہوں یا پاکستانی عربی ہوں یا جمی ایرانی ہوں یا عراقی رومی ہو یا افغانی سب ایک ہی لڑی میں منصف ہو جائیں ان کی تمدنی اخلاقی اور مذہبی زندگی میں ہم اہنگی و یکجہتی ہو پانچوں وقت کی نماز مسجد میں پڑھنے کی فضیلت بھی اسی لیے ہے کہ لوگ مل کر عبادت بھی کریں اور مسائل کو اتحاد و اتفاق سے حل بھی کر سکیں اگر قوم کے افراد میں ایک دوسرے کے ساتھ ہمدردی اور اخوت پیدا ہو جائے تو قوم خوشحال ہوگی اور ملک ترقی کرے گا کیونکہ خوشحالی ترقی اور اقبال مندی کا دارومدار اتحاد و اتفاق پر ہی ہے
6578064b36488793285bc44a,ہمدردی درد دل کے واسطے پیدا کیا انسان کو ورنہ اطاعت کے لیے کچھ کم نہ تھے کروبیاں جب اللہ تعالی نے فرمایا کہ میں انسان کو اپنا خلیفہ بنا کر زمین پر بھیج رہا ہوں تو اعتراض ہوا کہ باری تعالی یہ فساد کرے گا تو خالیق کائنات نے یہ نہیں کہا کہ یہ بہت عبادت گزار ہوگا یہ بہت بڑا غازی ہوگا یہ بہت بڑا نیک ہوگا یہ بہت بڑا عابد ہوگا یہ بڑا سخی ہوگا ارشاد باری تعالی ہوا کہ جو میرا بندہ ہوگا فساد نہیں کرے گا تو یہ تعریف کون کر رہا ہے وہ ثنائے اعظم جو عالمین کو بنانے والا اور ان کا مالک ہے جو عقل قل ہے جو اتنا بڑا انجینیئر ہے کہ اس کے مقابلے میں کسی انجینیئر کا تصور بھی نہیں کیا جا سکتا اور جو یہ بھی جانتا ہے کہ میں انسان کو زمین پر کس مقصد کے لیے بھیج رہا ہوں وہ فرما رہا ہے کہ جو میرا بندہ ہوگا وہ فساد نہیں کرے گا گویا جو خدا کا بندہ ہے اس کی تعریف یہ ہے کہ وہ پرامن ہوگا اور امن و سلامتی کا ضامن ہوگا اس کا تو مقصد اس کا تو مقصد تخلیق ہی فساد کی ضد ہے امن اور سکون کا منبع ہمدردی ہے جس کے بغیر امن ممکن نہیں
657806a336488793285bc44d,کسی ملک کسی خطے یا کسی دور کا جب ذکر اس طرح ائے کہ وہاں پر امن و سکون ہے تو لازما اس دور یا خطے یا ملک سے تعلق رکھنے والوں سے ہمدردی ہوگی اگر ہمدردی کی بجائے ان میں فساد دشمنی ظلم اور ناانصافی ہوں تو وہاں پر امن سکون کا بھی نہیں رہ سکتا اس سے ثابت ہوا کہ فساد کو ہمدردی سے ختم کیا جا سکتا ہے فساد کیا ہے چوری لڑائی جھگڑا دشمنی غیبت زنا اغوا قتل و غارت اور جب دلوں میں ایک دوسرے کے لیے ہمدردی پیدا ہو جائے تو نہ کوئی چوری کر سکتا ہے نہ کوئی قتل کر سکتا ہے اور نہ کسی سے دشمنی رہ سکتی ہے کیونکہ ہمدردی ایک ایسی چیز ہے جو دلوں میں پیار اور محبت پیدا کر دیتی ہے انسانوں میں جذبہ اخوت کو جگہ دیتی ہے اور انہیں نیکوکاری کا احساس دلاتی ہے
657806eb36488793285bc450,اج تک کوئی مثال ایسی نہیں ملتی کہ جس شخص کو کسی سے ہمدردی ہو اسے اس نے نقصان بھی پہنچایا ہو یہ ناممکن ہے ہمدردی اور پیار ہمیشہ خیر کے متقاضی ہوتے ہیں شر کے نہیں جب دل میں خیر کا جذبہ ہوگا تو نقصان کا سوال ہی پیدا نہیں ہو سکتا اس سے ثابت ہوتا ہے کہ خلاق عالم کا منشا تخلیق ہی یہی تھا کہ دنیا میں ہمدردی کے عمل کو بروئے کار لایا جائے ذرا اور اگے چلیے تخلیق ادم ہو چکی اس کو خدا تعالی نے اپنا خلیفہ بنا کر بھیج دیا اور اشرف المخلوقات کے اعلی منصب پر بھی فائز کر دیا اور وہیں سے سلسلہ نسل شروع ہوا تو کیا یہ سب انسان اسی ادم کی اولاد نہیں کیا ہم اپس میں بھائی بھائی نہیں ہمیں یہ تسلیم کرنا پڑے گا کہ ہم واقعی ایک ہی باب ادم کی اولاد ہیں اور اپس میں بھائی بھائی ہیں
6578074b36488793285bc453,جب اللہ تعالی نے انسان کو اپنا خلیفہ یا نائب بنا کے بھیجا ہے تو اسے کچھ اختیارات اور کچھ صلاحیتیں بھی اپنے میں سے دی ہیں جو صلاحیتیں معبودیت سے تعلق رکھتی ہیں اور صرف اسی کو زیب دیتی ہیں مثلا واحد ہونا معبود ہونا باقی متکبر ای القیام ہونا وغیرہ اس نے اپنے پاس رکھ لی اور اس کے علاوہ دوسری صفات جن پر عمل کر کے بطور نائب فرائض انجام دینے تھے وہ انسان کو بھی دے دی مثلا فکر عقل عمل انس عرفان وغیرہ جس شخص میں تفکر ہو اور حب بھی ہو اور عرفان بھی ہو تو وہ اپنے بھائی کے لیے کیا فیصلہ کرے گا اسے اپنے بھائی کے لیے امادہ فساد ہونا چاہیے
657807cb36488793285bc456,اسے اپنے بھائی کے لیے امادہ فساد ہونا چاہیے یا اس سے ہمدردی کرنی چاہیے انسان تو انسان ایک جانور یعنی بیل کے اگے گھاس ڈال دے تو وہ پہچان لیتا ہے کہ یہ گھاس ہے وہ سمجھ لیتا ہے کہ ضائع کرنے کی چیز نہیں ہے یہ کھانے کی چیز ہے وہ اس کے ساتھ وہ سلوک کرتا ہے جس سے جس کے وہ قابل ہوتی ہے تو کیا انسان جس کو خداوند تعالی نے تفکر دیا عقل دی وہ اپنے بھائی سے ہمدردی کرنے کا پابند نہیں ہے اگر وہ ایسا نہیں کرتا تو وہ اپنے تفکر کو اپنی عقل اور اپنی حب کے تقاضوں کو دھوکہ دیتا ہے ان تمام صلاحیتوں سے اس کے ضمیر میں جو اواز پیدا ہوتی ہے اس کی خلاف ورزی کرتا ہے قدرت و فطرت کے خلاف عمل کرتا ہے
6578082d36488793285bc459,یہ جذبہ حب و ہمدردی جو اللہ تعالی نے انسان کو بخشا ہے اس سے اس ذات باری تعالی کو خود کوئی فائدہ نہیں پہنچتا اور نہ ہی وہ کسی فائدے کا محتاج ہے اس نے تو یہ جذبہ صرف اور صرف اس لیے انسان کے دل میں پیدا کیا کہ اسے دنیا میں اپنا خلیفہ بنا کر بھیج رہا تھا اور وہ ہے بھی اشرف المخلوقات اس لیے یہ اپنی زندگی کے دن امن و ارام سے گزارے کسی مصیبت میں مبتلا نہ رہے اپس میں پیار محبت سے رہ کر دنیا کو جنت نظیر بنا سکے اور اپنے اپ کو عمل سے بھی دوسرے حیوانات سے بہتر ثابت کر کے دکھائے ذرا سوچیے اگر اس دنیا میں نہ ظلم ہو نہ چوری ہو نہ قتل ہو نہ گالی گلوچ ہو نہ کوئی کسی سے لڑائی کرے نہ کوئی کسی کا حق کھائے نہ جھوٹ بولے نہ کوئی برائی ہو بلکہ لوگ ایک دوسرے کے ہمدرد ہوں تکلیف میں ایک دوسرے کے کام ائیں ایک دوسرے کو دیکھتے ہی خوش ہوں تو کیا یہ دنیا جنت کا نمونہ نہیں بن جائے گی دنیا میں مصیبتوں چوری قتل و غارت اور دوسرے مظالم کی ابتدا ہمیشہ خود غرضی سے ہوتی ہے جب تک دلوں پر ہمدردی کی حکومت ہو یہ برائیاں کبھی پیدا نہیں ہو سکتی
6578086f36488793285bc45c,جو خوشی کسی کے ساتھ ہمدردی اور پیار کرنے سے محسوس ہوتی ہے وہ اس سے برائی کرنے سے کبھی حاصل نہیں ہوتی مخیر حضرات بیواؤں یتیم بچوں اور محتاجوں میں اپنی دولت تقسیم کر کے جس قدر خوشی محسوس کرتے ہیں اور انہیں جس قدر سکون قلب محسوس ہوتا ہے وہ کسی برائی سے نہیں ہو سکتا مجاہد کو جو درجے قربانی اور شہادت میں ملتا ہے اسے 100 سال کی زندگی میں بھی میسر نہیں ہو سکتا
6578089f36488793285bc45f,ایک اور حقیقت بھی نظر میں رہے کہ ہمارے کہ ہمدردی کے جو فوائد ہیں ان سے بھی انکار نہیں اللہ تعالی جو انعام دنیا و اخرت میں عطا فرمائے گا اس سے بھی انکار نہیں مگر جو عزت و تکریم ہمدردی کا مظاہرہ کرنے والے کو قوم عطا کرتی ہے اس کا بھی جواب نہیں ابو ستار عیدی کی مثال ہمارے سامنے ہے اگر کہا جائے کہ اس وقت پاکستان میں لوگ عیدی صاحب کی عزت ہر حکمران اور ہر صاحب سروت شخص سے زیادہ کر رہے ہیں تو اس میں مبالغہ نہیں ہوگا
6578096e36488793285bc462,امید مثل مشہور ہے کہ دنیا امید پر قائم ہے دنیا میں جو کچھ بھی ہم کر رہے ہیں یا جو کچھ بھی ہو رہا ہے امید کے سہارے ہو رہا ہے دنیا کے سفینے کو امید کا ناخدا ہی چلا رہا ہے امید کا سہارا بڑے بڑے نازک وقتوں میں کام اتا ہے یہ امید یہ ہے جو ہمیں مصروف عمل رکھے ہوئے ہیں ورنہ نا امیدی چھا جائے تو انسان بالکل بے عمل ہو کر رہ جاتا ہے امید کی روشنی ہی ہمیں مصیبتوں اور تکلیفوں میں چلنے کا راستہ دکھاتی ہے امید کی کرن ہی بجھے ہوئے دلوں کو دوبارہ سہارا دے کر کھڑا کر دیتی ہے امید بڑی بڑی مایوسیوں کو دور کر کے عزم سمیم بخشتی ہے امید ہی کے سہارے ماؤنٹ ایورسٹ کی چھوٹی سر ہوئی کے ٹو کے پہاڑوں کو امید کے قدموں نہیں روندا یہ امید ہی تھی جس کے سہارے انسان چاند پر جا پہنچا اور اب اور اگے بڑھ رہا ہے وہاں پر بھی اسے امید ہی لے کے جائے گی امید فاتح کی تلوار ہوتی ہے جن کو ہستانی سلسلوں میں ہمارا خیال بھی ادھر ادھر بھٹکنے لگتا ہے وہاں امید ہماری رہبری کرتی ہے جب ہم کوہستانوں صحراؤں اور ہواؤں کے بگولوں میں الجھ کر رہ جاتے ہیں تو امید ہی کا دامن پکڑ کر کامیابی سے گزرتے ہیں
657809d336488793285bc465,ریگزار اور دشت و بیاباں اور سراب کی جھوٹی جھلکیوں میں جب ہم راہ نہیں پاتے تو اس وقت امید ہی ہمیں پائے استقامت بخشتی ہے جو وہاں سے صحیح سلامت لے نکال لے اتی ہے مصائب و الام ہمیں حوصلہ دیتے ہیں تنگدستی و افلاس میں امید کی کرن ہی اچھے وقتوں کے لیے ہمیں زندہ رکھتی ہے اج جو لوگ فارغ البال اور مختلف میدانوں میدانوں میں کامیاب و کامران نظر اتے ہیں وہ بھی امید کے سہارے چلتے رہے ہیں اور اج اس مقام پر پہنچ گئے ہیں امید ہی اڑے وقتوں میں ہمارے کام اتی ہے اور ہر مصیبت میں ہماری مدد کرتی ہے
65780a1036488793285bc468,ہمایوں نے شکست کھائی امید نے اسے پھر سہارا دیا پھر کوشش کی ناکام رہا مگر پھر بھی مایوس نہ ہوا پھر میدان میں پھر شکست کھائی مگر امید کی ڈھال نے اسے سہارا دیا اور پھر مقابلے کے لیے لا کھڑا کیا اس طرح سے جب وہ چھ دفعہ شکست کھا چکا تو پھر بھی امید ہی تھی جس نے اسے ساتویں دفعہ لڑنے کے لیے تلوار ہاتھ میں پکڑائی وہ دل میں فتح کی امید لے کر میدان میں نکلا اور امید ہو کر لڑا اور فتح پائی اگر ہمایوں کو امید سہارا نہ دیتی تو وہ شہنشاہ ہندوستان نہ کہلواتا اور سلطنت مغلیہ اسی وقت ختم ہو گئی ہوتی
65780b9233f7c25e7a0589e5,کولمبس نے امید کا سہارا لیا اور سمندر میں قسمت ازمائی کے لیے چل دیا اس کے چاروں طرف پانی ہی پانی تھا پانی کے تھپیڑوں نے جب جہاز ڈالنے لگتا تو اس کے ساتھ ہی مایوس ہو جاتے اور پست ہمت ہو کر اسے لوٹنے کا مشورہ دیتے مگر وہ امید سے ان کی ڈارس بندا تھا جب وہ طوفان میں گر جاتا تو امید اسے ہمت سے مقابلہ کرنے کی طاقت بخشتی تھی کئی بار اسے بالکل موت سامنے نظر انے لگی اس وقت بھی امید نہیں اسے حوصلہ دیا اور ہر مایوسی کا مقابلہ امید سے کرتا رہا اخر کار کامیاب ہو گیا
65780c3b45048ef666f7b4f3,یہ دنیا کا کارخانہ بھی امید کی حرارت سے چل رہا ہے امید ہی مردہ دلوں میں جان ڈالتی ہے بڑے بڑے سائنسدان امید کے سہارے تجربات کرتے رہتے ہیں ناکامی کی شکل میں بھی امید انہیں مزید تحقیق کی دعوت دیتی ہے نتیجتا وہ کامیاب ہو جاتے ہیں اگر وہ مایوس ہو کر بیٹھ جاتے تو کبھی کامیاب نہ ہوتے امید ہی انہیں مصروف عمل رکھتی ہے اور عجیب و غریب ایجادات کی بنیاد بنتی ہے کسان کی کھیت میں بیج اسی امید پر ڈالتا ہے کہ کل کو سبز لیلہاتی فصل دیکھے گا اور پھر اسے کاٹے گا مزدور سارا دن اس امید پر محنت کرتا ہے کہ شام کو اسے اس کا محنتانہ ملے گا طالب علم امتحان میں کامیابی کی امید پر ہی مطالعہ کرتا ہے صبح کو لوگ اٹھتے ہیں اور اپنے اپنے کاموں پر حصول معاش کی امید لے کر چلتے ہیں بڑے بڑے سند کار منفرد کی امید پر ہی ملے لگاتے ہیں بازار میں دکاندار جو اپنی اپنی دکانیں کرینے سے سجائے بیٹھے ہیں اسی امید پر بیٹھے ہیں کہ شام کو اپنی روز ی لے کر گھر جائیں گے ہر مسافر امید کے سہارے اپنے سفر کا اغاز کرتا ہے اور وہ پر امید ہوتا ہے کہ فلاں وقت پر اپنی منزل پر پہنچے گا اور فلاں فلاں کام کرے گا فلاں فلاں اعمال خریدے گا اس سے اسے اس قدر منافہ ہوگا یہ امید یہ ہے امید ہی ہے جو اسے حرکت پر امادہ رکھتی ہے
65780c3cc1c33c282af8f4ef,یہ دنیا کا کارخانہ بھی امید کی حرارت سے چل رہا ہے امید ہی مردہ دلوں میں جان ڈالتی ہے بڑے بڑے سائنسدان امید کے سہارے تجربات کرتے رہتے ہیں ناکامی کی شکل میں بھی امید انہیں مزید تحقیق کی دعوت دیتی ہے نتیجتا وہ کامیاب ہو جاتے ہیں اگر وہ مایوس ہو کر بیٹھ جاتے تو کبھی کامیاب نہ ہوتے امید ہی انہیں مصروف عمل رکھتی ہے اور عجیب و غریب ایجادات کی بنیاد بنتی ہے کسان کی کھیت میں بیج اسی امید پر ڈالتا ہے کہ کل کو سبز لیلہاتی فصل دیکھے گا اور پھر اسے کاٹے گا مزدور سارا دن اس امید پر محنت کرتا ہے کہ شام کو اسے اس کا محنتانہ ملے گا طالب علم امتحان میں کامیابی کی امید پر ہی مطالعہ کرتا ہے صبح کو لوگ اٹھتے ہیں اور اپنے اپنے کاموں پر حصول معاش کی امید لے کر چلتے ہیں بڑے بڑے سند کار منفرد کی امید پر ہی ملے لگاتے ہیں بازار میں دکاندار جو اپنی اپنی دکانیں کرینے سے سجائے بیٹھے ہیں اسی امید پر بیٹھے ہیں کہ شام کو اپنی روز ی لے کر گھر جائیں گے ہر مسافر امید کے سہارے اپنے سفر کا اغاز کرتا ہے اور وہ پر امید ہوتا ہے کہ فلاں وقت پر اپنی منزل پر پہنچے گا اور فلاں فلاں کام کرے گا فلاں فلاں اعمال خریدے گا اس سے اسے اس قدر منافہ ہوگا یہ امید یہ ہے امید ہی ہے جو اسے حرکت پر امادہ رکھتی ہے
65780c99c1c33c282af8f4f3,اسی لیے حکم ہے کہ اللہ تعالی کی رحمت سے نا امید نہیں ہونا چاہیے نا امیدی گناہ ہے اس سے پست ہمت ہی پیدا ہوتی ہے اور پست ہمت انسان کبھی ترقی کی منزلیں طے نہیں کر سکتا کوئی شخص کچھ بھی کر رہا ہو کہیں بھی کر رہا ہو امیر ہو یا غریب کاشتکار ہو یا سند کار تاجر ہو یا مزدور اسے ہر وقت پر امید ہو کر اور خدا کی ذات کا سہارا لے کر مصروف عمل رہنا چاہیے اور نا امیدی امیدی کو پاس بھی بھٹکنے نہیں دینا چاہیے امید کے پھول ہمیشہ خوش رنگ و خوشنما ہوا کرتے ہیں اور اس کا نتیجہ ہمیشہ کامیابی کی صورت میں نکلتا ہے
65780ce9c1c33c282af8f4f6,مذہب نہیں سکھاتا اپس میں بیر رکھنا دنیا کا ہر مذہب اتحاد و اتفاق پیار محبت کی تعلیم دیتا ہے ہر مذہب نے مقصد حیات خدمت خلق اور ایک دوسرے سے ہمدردی قرار دیا ہے خدا کی جتنی عبادات ہیں ان میں ان سب میں سے اس کے بندوں سے پیار کرنا سب سے بڑی عبادت قرار دیا ہے خدا کی عبادت بھی اس وقت تک قبول نہیں ہوتی جب تک اس کی مخلوق کے ساتھ پیار ہمدردی کا سلوک نہیں کیا جاتا اسی لیے علامہ اقبال نے ایک جگہ فرمایا ہے
65780d31c1c33c282af8f4f9,ہماری کوئی عبادت قابل قبول نہیں جب تک ہم اس کے بندوں کے حقوق کا خیال نہیں رکھتے خدا تعالی کو اپنی مخلوق بہت ہی پیاری ہے ظاہر ہے کہ جو چیز کسی کو محبوب ہو اسے اگر کوئی پیار کی نگاہ سے نہیں دیکھتا تو اس کی عزت اس کے دل میں کیا ہوگی ایک انسان کی اپ بہت زیادہ عزت کرتے ہیں اس کے ہر حکم کی تعمیل کرتے ہیں اور اس سے اپ کو بہت پیار ہے مگر جو چیز اسے بہت عزیز ہے یعنی اس کی اولاد اور اس سے اپ پیار نہیں کرتے بلکہ اس سے بیر رکھتے ہیں تو سوچیے کہ کیا وہ شخص اپ کو اچھا سمجھے گا ہرگز نہیں انسان کا مقصد حیات ہی یہی ہے کہ سب سے پہلے خدا کے بندوں سے ہمدردی رکھے ان کی غم گساری کرے ان سے صلاح و اشتی سے پیش ائے ان کے دلوں کو تکلیف نہ پہنچائے کسی کی دل ازاری کرنا بہت بڑا گناہ ہے اور کسی کے دل کو خوش کرنا بہت بڑی عبادت ہے
65780d95c1c33c282af8f4fc,اسلامی اخوت ایک مسلمان دوسرے مسلمان کو اپنا بھائی سمجھے اور اس سے حقیقی بھائی جیسا سلوک کرے چاہے ان میں سے ایک پاکستان میں رہتا ہو اور دوسرا جرمنی میں ایک کالا ہو اور دوسرا گورا ایک دوسرے کے لیے ہر طرح کی جانی و مالی قربانی کرے اور مصیبت کے وقت اس کی مدد کرے ایک کا درد دوسرے کی ٹیسٹ بن جائے یہ ہے اسلامی قوت
65780dd3c1c33c282af8f4ff,خاندان قبیلے اور قوم کی تخصیص نے اولاد ادم کو مختلف گروہوں میں تقسیم کر دیا اور اختلافات کی بنیاد اسی روز رکھی گئی اور انہیں اختلافات کی وجہ سے ایک خاندان دوسرے خاندان کا ایک قبیلہ دوسرے قبیلے کا ایک قوم دوسری قوم کی دشمن بن گئی کالا گورے کو نفرت کی نگاہ سے دیکھنے لگا اور گورا کالے ہو حصول اقتدار کی دوڑ شروع ہو گئی ایک خاندان نے دوسرے خاندان ایک قبیلے نے دوسرے قبیلے اور ایک قوم نے دوسری قوم کو زیر کرنا شروع کر دیا اپس میں جنگیں شروع ہو گئیں اور لوگ ایک دوسرے کے دشمن بن گئے اور یہ بھول گئے کہ ہم ایک ادم کی اولاد ہیں اپنی اپنی برتری شیطانے کے لیے انسان کے ہاتھوں انسان کا خون بہنے لگا
65780e26c1c33c282af8f502,جب جہالت عروج کو پہنچ گئی تو سرور کونین صلی اللہ علیہ وسلم اس دنیا میں تشریف لائے اپ نے انسانوں پر واضح کیا کہ خدا ایک ہے وہی انسانوں کا معبود ہے دنیا پر اسی کی حاکمیت ہے اپ نے دنیا کو انسان کے لیے سکون اور انصاف کی جگہ بنانا اور اخرت میں یقین رکھنا سکھایا یہ نظریہ تھا جس میں کالے گورے عربی عجمی سید غیر سید ہندی افریقی میں کوئی فرق نہیں سب کے سب برابر ہیں یہ نظریہ مساوات تھا سب کے لیے امن و سکون کا پیغام تھا جن لوگوں نے اس نظریے کو قبول کیا وہ حلقہ اسلامی میں داخل ہو چکے تھے اس نظریہ اسلامی اخوت نے سب کے اختلافات دور کر دیے اور سب ایک ہی تسبیح کے دانے بن گئے
65780e60c1c33c282af8f505,مسلمانوں نے اس جذبے کا سب سے پہلا اور سب سے بڑا ثبوت مکے سے مدینے کی طرف ہجرت کے موقع پر دیا جب مسلمانان مکہ مدینے کی طرف ہجرت کر گئے تو وہ بالکل بے سر و سامانی کی حالت میں تھے نہ ان کے گھربار تھے نہ دوسری ضروریات زندگی کا کوئی انتظام تھا انصاری مدینہ نے انہیں اس طرح خوش امدید کہا کہ ان کو اپنی ہر چیز میں حصے دار بنا لیا جس کے پاس دو مکان تھے اس نے ایک مقام دوسرے مہاجر کو دے دیا جس کے پاس دست بکریاں تھیں اس نے پانچ بکریاں اپنے اسلامی مہاجر بھائی کو دے دی
65780edac1c33c282af8f508,اسی طرح دوسری املاک کو تقسیم کر دیا اور اس طرح اسلامی اخوت کا مظاہرہ کیا کہ دنیا کی تاریخ میں اس کی مثال نہیں ملتی اور اسی جذبہ اخوت نے انہیں کامیاب و کامران کیا اور قیصر و کسری کی بنیادیں ہلا کر رکھ دی یہ جذبہ اخوت کا ہی کمال تھا کہ جنگ میں زخمیوں میں سے ایک اواز ائی کہ پیاس جب اس کو پانی دیا گیا اور وہ پینے لگا تو دوسرے زخمی کی اواز ائی پیاس پہلے زخمی نے پانی پیے بغیر چھوڑ دیا اور کہا کہ پہلے اسے دو جب دوسرے کو دیا گیا اور وہ ہونٹوں سے لگانے لگا تو تیسرے کی اواز ائی پیاس گویا پانی کا پیالہ اسی طرح سے 40 ادمیوں کے درمیان گھوما اور جب پہلے کے پاس ایا تو شدت پیاس سے دم توڑ چکا تھا دوسرے کے پاس پیالہ لایا گیا تو وہ بھی شہید ہو چکا تھا سب کے سب نے اسی طرح سے شہادت پائی موت ان کے سامنے تھی مگر ہر ایک نے اپنے دوسرے بھائی کے لیے پانی خود نہیں پیا
65780f2dc1c33c282af8f50b,جب انسانوں میں یہ جذبہ پیدا ہو جاتا ہے تو وہ ایک دوسرے کے اتنے ہمدرد بن جاتے ہیں کہ ایک دوسرے کی تکلیف بڑھ جاتی ہے یہ دنیا جنت کا نمونہ بن جاتی ہے ایک اواز پر دنیا کے مسلمان ایک دوسرے کی ہمدردی کے لیے ا جاتے ہیں محمد بن قاسم کا واقعہ ہمارے سامنے ہے کہ وہ ہزاروں میں سے ایک مسلمان عورت کی اواز سن کر اس کی مدد کو پہنچا اور اس نے ایک بہن کو ظلم سے نجات دلانے کے لیے راجہ داہر سے جنگ لڑی متحدہ ہندوستان میں تحریک اخوت چلی اس طرح ہندوستانی مسلمان ترکوں کے دکھ درد میں برابر کا شریک بن گیا تھا پاک 12 جنگوں میں دنیا کے مسلمانوں نے بھارت کی مذمت کی اور اخوت کا ثبوت دیا عرب اسرائیل جنگ میں اور تحریک فلسطین کی جنگوں میں دنیا کا ہر مسلمان درد کی ٹیس کو محسوس کر رہا ہے جب مسلمانوں میں جذبہ اخوت پورے جوش پر تھا تو مسلمان کو کوئی طاقت زیر نہیں کر سکتی تھی اب جب کہ یہ جذبہ کمزور پڑ گیا ہے ہمارے دشمنوں کو ہمیں نقصان پہنچانے کا موقع مل گیا ہے
65780fa5c1c33c282af8f50e,سفر وسیلہ ظفر دنیا ایک کتاب ہے تحصیل علم کے لیے اس کا مطالعہ بھی ضروری ہے زمانے کی کتاب کا مطالعہ سفر و سیاحت سے ممکن ہے بے شک سفر بہت ہی تکلیف دہ عمل ہوتا ہے مگر اس کے فوائد بھی بہت ہیں ایک زمانہ تھا جب انسان نے اپنے لیے سفر کی سہولتیں پیدا نہیں کی تھیں راستے میں قذاقوں کا ڈر تھا سمندر میں جہاز کے ڈوب جانے کا خطرہ تھا موسموں کے تغیر و تبدل سے حالات ناسازگار ہو جانے کا اندیشہ تھا ریگستانوں پہاڑوں اور لکھوں تک جنگلوں میں سے پیدل گزرنا پڑتا تھا راستے میں موزی جانوروں سے واسطہ پڑتا تھا گویا پہلے زمانے کا سفر بہت مشکل کام تھا کسی کام میں جس قدر خطرات مول لینے پڑتے ہیں اس میں اسی قدر منفعت بھی ہوتی ہے منفعت کا اندازہ اس سے لگایا جا سکتا ہے کہ واسکوڈگامہ نے مہینوں کا سفر کیا اس دوران وہ مہینوں پانی میں رہا کئی بار طوفانوں میں گرا اسے کئی بار موت بالکل سامنے نظر ائی کئی بار خوراک بالکل ختم ہو گئی اس کے ساتھیوں کے حوصلے پست ہو گئے مگر واسکوڈگامہ نے ہمت اور حوصلے کا دامن تھامے رکھا اور خطرات کا سامنا کرتا اور موت سے کھیلتا ہوا اگے بڑھتا رہا اخر کچھ زندگی کے اثار نظر انے لگے امید نے اسے سہارا دیا اور وقت بھی اگیا کہ واسکوڈگامہ کا ہندوستان کا نیا بحری راستہ دریافت کرنے میں کامیاب ہو گیا
65780ffdc1c33c282af8f511,اس کی محنت کا ثمر تھا اس نے جو خطرات مول لیے تھے ان کی قیمت اسے مل گئی اور اس کی قوم کو ہندوستان کا پتہ چل گیا اسی دن سے اس قوم کی توجہ ہندوستان کی طرف ہو گئی اخر ایک دن ایسا بھی ایا کہ پورے ہندوستان پر تاج برطانیہ کی حکمرانی ہو گئی سونے کی چڑیا ان کے ہاتھ اگئی انگریزوں نے ہندوستان سے تجارت کے ذریعے اور حکومتی ذرائع سے جس قدر سیم و زر کمایا اس قدر اور کہیں سے نہیں کمایا ہندوستان پر قبضے کے بعد ان کی رفتار بہت ہی تیز ہو گئی اور دیکھتے ہی دیکھتے وہ دنیا کے ایک چوتھائی حصے پر حکومت کرنے لگ گئے اور کہا جانے لگا کہ برطانیہ کی سلطنت میں سورج غروب ہی نہیں ہوتا یعنی ان کی سلطنت اس قدر وسیع ہو گئی کہ اس میں وقت کسی نہ کسی جگہ سورج چمک رہا ہوتا تھا
6578104fc1c33c282af8f514,اسی طرح کولمبس نے مشکلات کا سامنا کیا اور امریکہ دریافت کر لیا امریکہ اج جو کچھ ہے سب کے سامنے ہے اب یہ دنیا کی سب سے بڑی طاقت ہے اور سب سے بڑی حکومت ہے اور تمام دنیا پر چھایا ہوا ہے اس کے پاس عزت دولت شان و شوکت سب کچھ ہے یہ صرف سفر کی بدولت ہوا اگر کولمبس سفر کر کے امریکہ دریافت نہ کرتا تو امریکہ کو کون پہچانتا اور لوگ کیسے ترقی پذیر ہوتے اخر سفر سفر نہیں رہا ہے بلکہ اتنا اسان ہو گیا ہے کہ سیر و تفریح معلوم ہونے لگا ہے ذرائع امد و رفت اس قدر سہل ہو گئے ہیں کہ انسان گھنٹوں میں ایک ملک سے دوسرے ملک پہنچ جاتا ہے بس صبح کا ناشتہ کھا کر جہاز میں سوار ہوں اور دوپہر کا کھانا یورپ کے کسی شہر میں کھائیں اور پھر کوئی تکلیف بھی نہیں ہوتی
65781084c1c33c282af8f517,سفر سے ہماری معلومات و تجربات میں بھی اضافہ ہوتا ہے ہمیں دوسرے ملکوں کی عادات و اطوار اور تہذیب و تمدن کا پتہ چلتا ہے اور وہاں کے علوم سے واقفیت حاصل ہوتی ہے قدرت کیا جائے بات کا مشاہدہ کرتے ہیں ہمارا عزم بڑھتا ہے ہماری طبیعت میں مستعدی اور ہمت پیدا ہوتی ہے ہمیں دوسرے ممالک کے لوگوں سے ثقافتی تعلقات بڑھانے کا موقع ملتا ہے اور وہاں کی طرز معاشرت کا پتہ چلتا ہے غیر ممالک کے مذاہب کے لوگوں سے تبادلہ خیالات کر کے ہمیں تبلیغ و اشاعت کے مواقع بھی میسر اتے ہیں وہاں کی درسگاہوں میں ریسرچ کر کے ہم جدید علوم سے واقف ہوتے ہیں
657810b5c1c33c282af8f51a,سفر سے فی زمانہ سب سے بڑا فائدہ تجارت کو پہنچتا ہے سب سے زیادہ منفرد اج بین الاقوامی تجارت میں ہے برامدات و درامدات کے لیے سفر اختیار کرنا ضروری ہے اس سے ذاتی طور پر جو تجربات اور معلومات حاصل ہوتی ہیں گھر بیٹھے خطوں کتابت یا اخبارات و رسائل سے نہیں ہو سکتی بعض چیزیں یا مشینری ایسی ہوتی ہے جس کو دیکھ کر اس کی کارکردگی کا اندازہ لگایا جا سکتا ہے یا مال کی نوعیت کا صحیح پتہ اس وقت لگتا ہے جب انسان اسے اپنی انکھوں سے دیکھتا ہے اس طرح نقصان کا احتمال کم ہو جاتا ہے یہ سب سفر کیے بغیر ممکن نہیں
657810fcc1c33c282af8f51d,سیاحت و سفر سے ایک دوسرے ملک کے اپس میں تعلقات بڑھتے ہیں باہمی امداد و تعاون کے راستے کھلتے ہیں سنا تو حرفت کی ترقی کے لیے معلومات و تجربات حاصل کیے جاتے ہیں ترقی یافتہ ملکوں کی معاشرتی بہبود کی اسکیموں کا پتہ چلتا ہے تو ہم بھی انہی خطوط پر اپنے ملک کو ترقی عراب پر چلا سکتے ہیں جس فرد یا قوم نے سفر کی مصیبتیں جھیلی اس نے عزت و دولت دونوں حاصل کیے انہی قوموں نے دوسری قوموں پر فوقیت حاصل کی اور حکومت کی جنہوں نے اپنا گھر بار چھوڑ کر سفر اختیار کیا پہلے زمانے کے مورخ کے لیے ضروری تھا کہ وہ سیاح بھی ہو گھر بیٹھے مورخ نہیں بن سکتا تھا وہ خود وہاں جا کر معلومات حاصل کرتا تھا اس طرح وہ اپنی قوم کے لیے ترقی کے راستے بھی کھولتا تھا یلوک سفر کی صعوبتیں جھیلتے تھے اور کامیاب ہوتے تھے اسی لیے کہتے ہیں کہ سفر وسیلہ ظفر ہوتا ہے
65781142c1c33c282af8f520,پابندی ہے وقت کسی کا انتظار نہیں کرتا گھڑی کی سوئیاں کبھی نہیں رکتی جو وقت سے فائدہ اٹھا لیتا ہے وقت اس کے کام ا جاتا ہے اور جو وقت کی قدر نہیں کرتا وقت اسے کوسوں پیچھے چھوڑ کر اگے نکل جاتا ہے وقت ایک عظیم دولت ہے وہی شخص دنیا میں عزت و سرور حاصل کر سکتا ہے جو وقت سے فائدہ اٹھاتا ہے اس کی قدر کرتا ہے اور اسے ضائع نہیں کرتا ہمیں چاہیے کہ وقت ضائع نہ کریں ہر کام مقررہ وقت پر کرنے کی عادت اختیار کریں اور کبھی اج کا کام کل پر نہ ڈالیں ہر کام اپنے مقررہ وقت پر کرنا چاہیے اج کا کام کل پر نہ ڈالنا چاہیے یہی پابندی ہے وقت ہے
65781184c1c33c282af8f523,جو لوگ وقت کی قدر نہیں کرتے وہ درحقیقت ایک قیمتی سرمایہ ضائع کر دیتے ہیں گزرا ہوا وقت کبھی کسی قیمت پر بھی واپس نہیں اتا پابندی یہ وقت کے ساتھ اگر ہم محنت کریں تو ہم اپنی اقتصادی حالت درست کر سکتے ہیں عزت کی زندگی بسر کر سکتے ہیں یوں ہم کسی کے محتاج نہیں ہوں گے نظام کائنات بھی ہمیں وقت پابندی وقت کا درس دیتا ہے ہر موسم اپنے مقررہ وقت پر بدلتا ہے دن رات مقررہ وقت کے پابند ہوتے ہیں چاند سورج ایک مقررہ وقت اور مقررہ نظام کے تحت طلوع اور غروب ہوتے ہیں یہ اپنے پروگرام میں کبھی بے قائدگی نہیں انے دیتے انسان اشرف المخلوقات ہے وہ اگر پابندی وقت کا عادی نہیں ہوتا تو یہ اس کی ناسمجھی یا نا اہلی کے سوا کچھ نہیں ہے
657811d4c1c33c282af8f526,طالب علم اگر وقت پر اسکول نہ جائے تو تعلیم حاصل نہیں کر سکتا کسان اگر فصل وقت پر نہ بوئے وقت پر پانی نہ دے اور وقت پر نہ کاٹی تو کچھ بھی حاصل نہیں کر سکتا اسی طرح کارخانے دار وقت پر کام نہ کروائے اور مزدور اگر وقت پر کام نہ کرے تو اسے کچھ بھی حاصل نہ ہوگا دنیا میں کامیاب زندگی گزارنے کے لیے نہایت ضروری ہے کہ وقت کی پابندی کی جائے اور ایک لمحہ بھی ضائع نہ کیا جائے کہتے ہیں کہ ایک منٹ کا بھولا ہوا لاکھوں کو اس دور رہ جاتا ہے یہ صحیح ہے جو لوگ وقت کی قدر نہیں کرتے دولت ان سے روٹ جاتی ہے عزت ان سے منہ موڑ لیتی ہے اور وہ ساری عمر ناکام زندگی گزارتے ہیں ایک سیکنڈ بھی ضائع کرنا خیانت مجرمانہ ہے اس لیے وقت کو رائے گا نہ گوانا چاہیے
65781231c1c33c282af8f529,بعض اوقات کسی کام کو بروقت سرانجام نہ دینے سے بڑے بڑے نقصانات سے دوچار ہونا پڑتا ہے تاریخی شواہد بھی یہ ثابت کرتے ہیں کہ وقت کی پابندی نہ کرنے سے ایسے ایسے نقصانات ہو جاتے ہیں جن کی تلافی زندگی بھر نہیں ہو سکتی ایک بے گناہ شخص صرف اس لیے پھانسی دے دیا گیا کہ قاصد جو اس کی رہائی کا حکم نامہ لے کر جا رہا تھا صرف پانچ منٹ دیر سے پہنچا اس طرح نپولین کا ایک جرنیل میدان جنگ میں دیر سے پہنچا اور شکست کھا گیا جو لوگ پابندی وقت کا خیال نہیں رکھتے بہت خسارے میں رہتے ہیں پابندی وقت سے انسان خوشگوار زندگی گزار سکتا ہے اور اس کی بہت سی تکالیف خود بخود ختم ہو جاتی ہیں وقت کی پابندی ہر شعبے میں ضروری ہے
65781274c1c33c282af8f52c,دنیا کا کوئی بھی شخص خواہ وہ کسی پیشے سے تعلق رکھتا ہو جب تک وقت کا پابند نہیں ہوگا کامیابی سے ہمکنار نہیں ہو سکے گا ہمارے خیال میں وقت کی پابندی جتنی ایک طالب علم کے لیے ضروری ہے شاید کسی اور کے لیے اتنی ضروری نہیں کیونکہ یہ زمانہ انسان کی زندگی کی تعمیر کا بہترین دور ہوتا ہے زمانہ طالب علمی میں اگر وہ پابندی وقت کو ملحوظ رکھتا ہے تو دولت علم سے مالا مال ہو سکتا ہے اس کی یہ عادت بھی بعد میں عملی زندگی میں اس کے لیے مفید ثابت ہوتی ہے وہ جہاں بھی جاتا ہے کامیاب و کامران ہوتا ہے لوگ وقت کے پابند ہوتے ہیں ان میں سستی اور کاہلی نام کو نہیں ہوتی وہ ہر کام وقت پر کرنے کے لیے مستعد رہتے ہیں ان سے ان کا کام بھی وقت پر سرانجام پا جاتا ہے اور ان کی صحت بھی ٹھیک رہتی ہے ان کی طبیعت میں مستعدی اور چستی رہتی ہے ان کی زندگی کامیاب و خوشگوار گزرتی ہے
657812b7c1c33c282af8f52f,اللہ تعالی نے بھی ہمیں وقت کی پابندی کا حکم دیا ہے نماز ہمیں پابندی وقت کا درس دیتی ہے روزہ بھی وقت کا پابند بناتا ہے وقت پر سحری کھانا پڑتی ہے وقت پر افطاری کرنا پڑتی ہے اگر سحری دیر سکھائی جائے اور افطاری وقت سے پہلے یا بعد میں کی جائے تو روزے کا ثواب جاتا رہتا ہے اور سارے دن کی محنت رائے گا جاتی ہے اصل میں روپیہ پیسہ دولت نہیں بلکہ وقت ہی دولت ہے کیونکہ دولت وقت کی محتاج ہے وقت سے ذرا سی غفلت برتیں تو دولت بھی انسان سے دور ہو جاتی ہے اور انسان کا لاش ہو جاتا ہے چنانچہ ضروری ہے کہ وقت کی قدر کی جائے اور لاپرواہ ہو کر وقت ضائع نہ کیا جائے ایسا کرنے سے نہ عزت رہتی ہے نہ دولت نہ صحت
65781332c1c33c282af8f532,اپنی مدد اپ انسان کو خود ہمت کرنی چاہیے اور اپنا کام خود کرنا چاہیے دوسرے سے وہ کام کروانا جو ادمی خود خرچ کر سکتا ہو اپنے اپ کو ناکارہ اور بیکار کر لینے کے برابر ہے جو لوگ اپنا کام خود نہیں کر سکتے وہ ایک تو دوسرے کے دست نگر ہو جاتے ہیں دوسرے وہ اپنی قوت قوت کار ختم کر بیٹھتے ہیں ان میں ناکام کرنے کی صلاحیت رہتی ہے اور نہ ہی ان میں خود اعتمادی رہتی ہے جس طرح دوسروں کے دست نگر رہنے والے اور افراد ترقی نہیں کر سکتے اسی طرح جو قومیں دوسروں کی دست نگر رہتی ہیں وہ بھی ترقی نہیں کر سکتی
657813bbc1c33c282af8f535,جو لوگ اپنے کام خود کرتے ہیں یا اپنی مدد اپ کرتے ہیں ان کو اپنی صلاحیتوں پر اعتماد ہوتا ہے اپنا کام اپنے ہاتھوں کرنے سے کام اپنی مرضی کے مطابق ہوتا ہے تسلی بخش ہوتا ہے کم خرچ ہوتا ہے جلدی ہوتا ہے وہی کام اپ کسی اور سے کرائیں تو اس میں اس کی مرضی ضرور شامل ہوگی اور کام تسلی بخش نہیں ہوگا اور اس میں دیر بھی زیادہ لگے گی خود کام کریں گے تو جسم چست رہے گا اور اعضاء بھی مضبوط رہیں گے بیماری دور رہے گی زندگی حرکت کا دوسرا نام ہے اگر جسم حرکت ہی میں نہیں تو زندہ اور مردہ میں فرق ہی کیا رہ جاتا ہے جو لوگ دوسروں کے محتاج ہو جاتے ہیں ان کے اپنے جسم بیکار ہو کر رہ جاتے ہیں اور ان کی کام کرنے کی صلاحیت ختم ہو جاتی ہے
6578140ec1c33c282af8f538,اپنی مدد اپ کے اصول سے بہت سے مشکل کام اسان ہو جاتے ہیں دیکھا گیا ہے کہ دیہات میں پہنچنے کے لیے سڑکیں پختہ نہیں ہوتی بعض اوقات گاؤں کے لوگ اس طرح کے ہوتے ہیں کہ وہ کہتے ہیں کہ ڈسٹرکٹ کونسل خود ہی سڑک بنائے ہمیں کیا ضرورت ہے لیکن اس کے برعکس ایسے گاؤں بھی ہیں جو اپنی مدد اپ کے اصول پر کاربند ہوتے ہیں وہ ڈسٹرکٹ کونسل سے رجوع کرتے ہیں اس کی توجہ کچی سڑک کی طرف مبذول کراتے ہیں اور اپنی تکلیف کا احساس دلاتے ہیں یوں افسران سے افہام و تفہیم کے ذریعے معاملہ کچھ اس طرح طے پاتا ہے کہ جو مٹیریل لگے گا ڈسٹرکٹ کونسل مہیا کرے گی لیکن افرادی قوت دیہات والوں کے ذمے ہوگی ایسا کرنے سے سڑک احسن طریقے سے بن جاتی ہے اور دیہات کے لوگوں کے علاوہ دیگر علاقوں کے لوگوں کے لیے بھی سہولت ہو جاتی ہے ذرائع امد و رفت میں اضافہ ہو جاتا ہے تو ویگنیں اور بسیں بھی چلنا شروع ہو جاتی ہیں اور گاؤں کی شہر سے دوری ختم ہو جاتی ہے
65781444c1c33c282af8f53b,ضروریات زندگی شہر سے اسانی سے لائی جا سکتی ہیں ذرائع امدورفت کے ہونے سے گاؤں کے لوگوں کو بھی یہ اشیاء ب سہولت مل جاتی ہیں لوگوں کی اجناس منڈی میں لے جانے کے لیے بھی اسانی ہو جاتی ہے کاروبار میں اضافہ ہو جاتا ہے گاؤں کے لیے اسکول اور ہسپتال کا قیام بھی ممکن ہو جاتا ہے اگر یہی گاؤں والے ہاتھ پر ہاتھ دھرے بیٹھے رہتے اور مدد کے لیے دوسروں کی طرف تھکتے رہتے تو یہ سہولتیں جو ان کو سڑک بننے سے میسر ائیں کبھی نہ ا سکتی تھی اور جو ترقی کی راہیں ان کے لیے کھل گئی کبھی نہ کھلتی سو اپنی مدد اپ کا اصول انفرادی طور پر بھی اور اجتماعی طور پر بھی مفید ہی ثابت ہوتا ہے
657814c6c1c33c282af8f53e,اکثر دیکھا جاتا ہے کہ امیر لوگ گھروں کے کام کاج کے لیے ملازم رکھ لیتے ہیں حالانکہ وہی کام وہ خود بھی کر سکتے ہیں اس کا نتیجہ یہ نکلتا ہے کہ صفائی کا کام بھی نوکر کرتے ہیں باورچی خانے کا کام بھی نوکروں کے سپرد ہوتا ہے اور بیگمات بےکار بیٹھی رہتی ہیں یا ضرورت سے زیادہ سوئی رہتی ہیں اور سست ہو جاتی ہیں انہیں غذا بھی کھانے کو اچھی ملتی ہے اس لیے موٹی ہو جاتی ہیں اور دل کی بیماریوں بلڈ پریشر اور شوگر جیسی مولک امراض میں مبتلا ہو جاتی ہیں وہ کہتی ہیں کہ ہمیں خوراک بھی صحیح ملتی ہے گھر میں ہر طرح کا ارام بھی میسر ہے بے فکری بھی ہے کوئی تکلیف بھی نہیں تو یہ بیماری کیوں لگ گئی لیکن جو اصل وجہ ہے اس کو تو سمجھا نہیں جا رہا کہ کام نہ کرنے کی وجہ سے قوت مدافعت ختم ہو جاتی ہے اور بیماری کو حملہ کرنے کا اسانی سے موقع مل جاتا ہے ان لوگوں کے مقابلے میں اپ نے دیکھا ہوگا کہ دیہات کی عورتیں سارا دن محنت سے کام کرتی ہیں مویشیوں کے لیے چارہ تک خود بناتی ہیں گھر کا کام کاج اپنے ہاتھوں سے کرتی ہیں مردوں کو صبح کا ناشتہ کھیتوں میں پہنچاتی ہیں سارا دن کھیتوں میں بھی کام کاج کرتی ہیں اور شام کو گھر ا کر گھر کی ذمہ داریاں بھی سنبھالتی ہیں تو وہ تندرست ہوتی ہیں ان کو بیماری بھی نہیں لگتی ان کا جسم بھی چاق و چوبند ہوتا ہے موٹاپہ ان کے پاس تک نہیں بھٹک سکتا وہ خوراک بھی خوب کھاتی ہیں اور ہضم بھی اسانی سے کر لیتی ہیں ان کی صحت قابل رشک ہوتی ہے اور اسی طرح سے دیہاتی مرد بھی تن اسان شہریوں سے زیادہ صحت مند اور تندرست ہوتے ہیں
65781501c1c33c282af8f541,وہ قومیں جو اپنی مدد اپ کے اصولوں پر عمل نہیں کرتی ترقی یافتہ قوموں کے دست نگر ہو کر رہ جاتی ہیں اور ترقی وہ قومیں کرتی ہیں جو اپنی مدد اپ کرتی ہیں قران کریم میں ارشاد باری تعالی ہے کہ انسان کو وہی ملتا ہے جس کے لیے وہ کوشش کرتا ہے اس لیے دوسروں پر تکیہ کرنا اپنی تباہی کو دعوت دینا ہے اپنے کام خود کرنے چاہیے اور اپنی ذمہ داریاں خود سنبھالنا چاہیے
65781589c1c33c282af8f544,گفتگو کے اداب گفتگو ہوئی ایسا ذریعہ ہے جس سے کسی کے ذہنی معیار قابلیت اور شخصیت کا اندازہ ہو سکتا ہے جب انسان کسی سے ملتا ہے تو وہ گفتگو سے ہی اپنے اپ کو متعارف کراتا ہے گفتگو کا اسلوب شائستہ معزبانہ متوازن اور شیرین ہوگا تو انسان کی شخصیت کو عظیم سمجھا جائے گا اور اگر زبان میں مٹھاس نہیں اور گفتگو سستا نہیں بلکہ بے ربط بھی ہے تو کوئی شخص بھی اس کے متعلق اچھی رائے قائم نہیں کرے گا دوران گفتگو دوسروں کی تنقید کو حوصلے سے سننا اور اس کا مدلل جواب دینا اعلی ظرفی کی اعلی ظرفی کا ثبوت ہے تنقید کا جواب بردباری اور شینی زبانی سے دینا چاہیے کیونکہ گفتگو کا اصل مقصد سمجھنا اور سمجھانا ہوتا ہے تبادلہ خیالات سے بہت سے مسائل حل ہو سکتے ہیں گفتگو کے دوران حفظ مراتب کا خیال رکھنا ضروری ہے اگر گفتگو کرنے والا کوئی بزرگ ہے تو اس کے ساتھ بڑے ادب و احترام سے گفتگو کرنی چاہیے اگر ہم عمر ہے تو اس سے برادرانہ گفتگو کرنی چاہیے اور اگر اپ سے چھوٹا ہے تو اسے مشفقانہ انداز سے سمجھانا چاہیے اس طرح وہ یہ نہیں سمجھے گا کہ اپ اس پر اپنی مرضی ٹھونس رہے ہیں اور وہ بھی دوران گفتگو کو ان نازیبہ بات کہنے کی ضرورت نہیں کرے گا
657815d7c1c33c282af8f547,گفتگو کے دوران دوسرے بات کرنے والے کو بھی بات کرنے اور دلائل دینے کا پورا پورا موقع دینا چاہیے اور مخاطب کی رائے کو یکدم غلط قرار نہیں دینا چاہیے اسے سمجھائیں کہ جو کچھ اپ کہہ رہے ہیں درست تو ہے مگر اس میں یہ تبدیلی ہو جائے یعنی جو اپ کہنا چاہتے ہیں تو اپ کی بات کی تائید ہو جاتی ہے اسی احساس نہ ہونے دیں کہ اپ اس کی مخالفت کر رہے ہیں بلکہ یہ پتہ چلے کہ دوستانہ ماحول میں سمجھنے اور سمجھانے کی غرض سے گفتگو ہو رہی ہے مجلس میں بیٹھ کر کسی کی ایپ جوئی نہیں کرنی چاہیے نہ اس طرح کے سننے والے اپ کو گھٹیا قسم کا انسان سمجھے کہ کیسا شخص ہے جو بات کرنے کی ہمت نہیں رکھتا مگر غیر موجودگی میں چغلی کھا رہا ہے ممکن ہے بعض لوگ یہ سمجھیں کہ اپ بھی اسی قسم کے انسان ہیں قران کریم میں بھی ارشاد باری تعالی ہے کہ جو شخص عیب جوئی کرتا ہے وہ اپنے مردہ بھائی کا گوشت کھا رہا ہے
657816c6c1c33c282af8f54a,اداب گفتگو میں یہ اصول بھی پیش نظر رکھنا چاہیے کہ محفل میں بیٹھ کر ڈینگیں مارنے کی عادت سے کم ظرفی کا ثبوت ملتا ہے
65795fa47b9813e7192b9efd,سیف کو اپشن چل رہا ہے
657aa137beb6f9d86ea480b0,یہ میرا پہلا پروجیکٹ ہے اور جو اس میں لکھا ہوا ہے نا ٹیکسٹ وہی اپ ایگزیکٹلی بول رہی ہوں گی ٹھیک ہے اور پراپر طلب اس کے ساتھ اچھا اب یہ ساتھ ساتھ جو ہے نا جو اپ بول رہی ہیں وہ یہاں پر ریکارڈ ہو رہا ہے اور اپ کو ٹیکسچرل ڈیٹا میں بھی نظر ا رہا ہے ٹھیک ہے اب جب اپ نے ریکارڈ
657aa137bb321b26e1322651,یہ میرا پہلا پروجیکٹ ہے اور جو اس میں لکھا ہوا ہے نا ٹیکسٹ وہی اپ ایگزیکٹلی بول رہی ہوں گی ٹھیک ہے اور پراپر طلب اس کے ساتھ اچھا اب یہ ساتھ ساتھ جو ہے نا جو اپ بول رہی ہیں وہ یہاں پر ریکارڈ ہو رہا ہے اور اپ کو ٹیکسچرل ڈیٹا میں بھی نظر ا رہا ہے ٹھیک ہے اب جب اپ نے ریکارڈ
657aa245beb6f9d86ea480b4,اوپن کیوں نہیں ہو رہی ابھی ڈاؤنلوڈ ہو رہا ہے ڈاؤنلوڈ ہو گا نا وہ بڑی فائل ہے وہ ٹھیک ہے ٹو سے تھری ٹائمز میں نے اس میں ریڈ اؤٹ کر لی پیراگراف میں سے اور پھر اس کو اپ سٹاپ کر جا کر
657aa245bb321b26e1322655,اوپن کیوں نہیں ہو رہی ابھی ڈاؤنلوڈ ہو رہا ہے ڈاؤنلوڈ ہو گا نا وہ بڑی فائل ہے وہ ٹھیک ہے ٹو سے تھری ٹائمز میں نے اس میں ریڈ اؤٹ کر لی پیراگراف میں سے اور پھر اس کو اپ سٹاپ کر جا کر
657fff5cc7e245f13035d871,کچھ بولو ہیلو ہیلو انا شروع ہو گئے صحیح اب سٹاپ کرو
657fffddc7e245f13035d875,ہیلو ہیلو کچھ اور بولیں ارہا ہے
657ffff1c7e245f13035d878,ون ٹو تھری فور
65813a593c3122efb7a16b5d,بد کلامی اور اس کا انجام کسی شخص کے ساتھ بدخلاقی اور بدتمیزی سے پیش انے اور اسے ایسے الفاظ میں مخاطب کرنے کو جو نازیبہ ہوں اور جن سے اس کی عزت نفس مجروح ہوتی ہو بدکلامی یا بد زبانی کہتے ہیں یہ عادت نہایت بداخلاقی میں شمار ہوتی ہے اور اس کی مثال گناہ گناہ بے لذت کی ہے کیونکہ بد کلامی کرنے والے کو اس سے کوئی فائدہ بھی نہیں پہنچتا کئی باتیں ایسی ہوتی ہیں جن کے کچھ فوائد بھی ہوتے ہیں اور نقصانات بھی لیکن بدزبانی ایسا عیب ہے جس سے نقصان ضرور پہنچتا ہے مگر فائدہ کبھی نہیں ہوا
65813abf3c3122efb7a16b61,جو لوگ بد زبان ہوتے ہیں کوئی بھی شریف ادمی ان سے بات کرنا گوارا نہیں کرتا یہ عادت جب راسخ ہو جائے تو بدنامی کا باعث بنتی ہے جس سے انسان کی شہرت داغدار ہو جاتی ہے اور وہ کسی اچھی سوسائٹی کے قابل نہیں رہتا اللہ تعالی نے انسان کو عقل اس لیے بخشی ہے کہ وہ اپنی شیری بیانی سے دوسرے انسانوں کو مذکور کرے دشمنوں کو خشکن گفتگو سے مسخر کرے ایک ادمی خواہ کتنا ہی پڑھا لکھا ہو کتنا خوبصورت ہو کتنا ہی ہوشیار و چالاک کیوں نہ ہو اور کتنا ہی عقلمند کیوں نہ ہو اگر وہ بد زبان ہے تو اس کی ساری صفات خاک میں مل جاتی ہیں کوئی شخص نہ کسی کی عقل دیکھتا ہے نہ خوبصورتی اور نہ کوئی دوسری صفت انسان کا سب سے پہلا تعارف اس کی زبان کرتی ہے اگر زبان شیریں ہے تو سننے والا اس کا گرویدہ ہو جاتا ہے لیکن اگر زبان گندی ہے تو اس سے نفرت پیدا ہو جاتی ہے دنیا میں محبت اور نفرت دو متضاد چیزیں ہیں اپ خود ہی سمجھ لیں کہ محبت جس قدر اچھی صفت ہے نفرت اسی قدر بری ہے
65813d5df67f3fa3330de6bc,والدین کو اپنی اولاد سب سے زیادہ عزیز ہوتی ہے یہاں تک کہ دنیا میں اولاد سے بڑھ کر کوئی چیز نہیں ہوتی اور والدین کی محبت بھی لازوال ہوتی ہے مگر جب اولاد والدین کے سامنے بدتمیزی ہے بدکلامی کرتی ہے تو والدین کی محبت نفرت میں تبدیل ہو جاتی ہے اگر والدین کی محبت جو بچوں کے لیے کبھی ختم نہیں ہوتی اس میں فرق ا سکتا ہے تو دوسرے لوگ جن کے ساتھ کوئی خونی رشتہ نہیں وہ کیسے برداشت کر سکتے ہیں کہ کوئی ان سے بدتمیزی یا بدکلامی سے پیش ائے
65813de7f67f3fa3330de6c0,دنیا کا برے سے برا انسان بھی اپنی ب****** اور بے حرمتی برداشت کرنے کے لیے تیار نہیں ہوتا بدکلامی سے براہ راست کسی کی عزت و توقیر پر حملہ ہوتا ہے کئی لوگ بے تکلف دوستوں میں بیٹھ کر مغلظات کا بکثرت استعمال کرتے ہیں اور یہ ان کی عادت بلکہ فطرت کا حصہ بن جاتی ہے وہ جہاں کہیں بھی بیٹھتے ہیں اسی طرح کی غلیظ گفتگو کرتے ہیں اور جس سوسائٹی میں وہ گفتگو کر رہے ہوتے ہیں اس کا ہر فرد ان کو نفرت بھری نگاہ سے دیکھنے لگ جاتا ہے اس طرح ایسے لوگ کسی اچھی اور مذب سوسائٹی میں بیٹھنے کے قابل نہیں رہتے
65813e0ef67f3fa3330de6c3,افسران کو ماتحت عملے یا پرائیویٹ ملازمین کے ساتھ بھی شستہ کلامی سے پیش انا چاہیے ان سے اگر بدکلامی کی جائے تو ایک وقت ایسا بھی ا جاتا ہے کہ وہ جوابا ب****** پر اتر اتے ہیں اور ایسا کرنے میں وہ حق بجانے بھی ہوتے ہیں کیونکہ وہ بھی تو اخر انسان ہی ہوتے ہیں وہ بھی چاہتے ہیں کہ کوئی ان کے ساتھ برا سلوک نہ کرے بد کلامی سے بسا اوقات فساد بھی ہو جاتے ہیں اور یہ بڑے بڑے نقصان کا باعث بنتی ہے
65813e85f67f3fa3330de6c6,حلیم الطبعی اور خوش کلامی بھی انسانیت کے زیور ہیں اگر کوئی شخص ترش کلامی سے گفتگو کرتا ہے تو اس کا جواب بردباری اور نرمی سے دیا جائے تو یقینا اس پر اچھا اثر پڑتا ہے اور وہ سوچنے پر مجبور ہو جاتا ہے کہ یہ شخص مجھے عزت سے ہم کلام کر رہا ہے تو میں بھی اس کا جواب اسی طرح دوں ہمارے ہادی برحق صلی اللہ علیہ وسلم نے ہمیں ایسا ہی کرنے کا حکم دیا ہے اور خود انہوں نے اس پر عمل کر کے دکھایا اپ نے برائی کا جواب ہمیشہ اچھائی سے دیا اور ایک دفعہ نہیں بے شمار بال اسی طرح دیا جس کا اثر یہ ہوا کہ بروں نے برائی ترک کی اور راہ مستقیم پر اگئے سو بد کلامی کے جواب میں بھی بد کلامی نہیں کرنی چاہیے
65813f0ff67f3fa3330de6c9,دنیا کے ہر معاملے میں بد کلامی نقصان دہ ہوتی ہے ملازمت ہو یا تجارت دونوں حالتوں میں بدکلامی بدنامی کا باعث ہی بنتی ہے اس سے کبھی فائدہ نہیں ہوتا تجارت میں تو خاص طور پر بد کلامی کو ایک مکروہ فعل سمجھا جاتا ہے مال لیتے ہوئے یا دیتے ہوئے اگر اپ کسی سے ذرا سی بھی بد زبانی کریں تو وہ اپ کو مال دے گا نہ اپ کا مال خریدے گا جس سے مال اپ نے خریدنا ہے وہ سوچے گا کہ مال بیچنا ہے تو مال بیچنا ہے عزت نہیں بیچنی اسی طرح سے خریدنے والا بھی کہے گا کہ مال خریدنا ہے بےعزتی تو نہیں خریدنی ہر ادمی نفرت کرنے لگ جاتا ہے اور دونوں کا کاروبار ٹھپ ہو کر رہ جائے گا اس کے برعکس جو دکاندار خوش اخلاق ہیں اور حفظ مراتب کا خیال رکھ کر دوسروں سے پیش اتے ہیں ان کا کاروبار دنوں میں چمکنے لگتا ہے گاہک ان سے مال خرید کر خوش ہوتے ہیں اسی طرح سے سفر میں بھی وہ لوگ خوشی خوشی اپنی منزل کو پہنچتے ہیں جو خوش اخلاق ہوتے ہیں بلکہ اکثر دیکھا گیا ہے کہ بعض لوگ دوران سفر ایسے ایسے دوست پیدا کر لیتے ہیں جو ان کی ائندہ زندگی میں ان کے بہت ہی رفیق اور معاون ثابت ہوتے ہیں
65813f47f67f3fa3330de6cc,بسا اوقات بد کلامی کی وجہ سے ایسے ایسے تنازعات پیدا ہو جاتے ہیں جو مستقل دشمنی کی شکل اختیار کر لیتے ہیں اس کا نتیجہ بربادی اور تباہی کے سوا کچھ نہیں ہوتا لہذا ہر انسان کو چاہیے کہ اپنے ذاتی اور ملی مفاد کے لیے اور قوم و ملک کی ترقی کے لیے خوش اخلاقی کو اپنا شعار بنائے اور بد کلامی سے اجتناب کرے
658140bb635e3a76dd7ca05c,میرا بہترین دوست انسانی فطرت کا تقاضا ہے کہ وہ کسی سے محبت کرے اور وہ اس کی محبت کا جواب محبت سے دے ایسے شخص کو جس سے وہ محبت کرتا ہے دوست کہا جاتا ہے دوستی اور پیار محبت میں پائیداری صرف اس صورت میں ممکن ہے جب دو انسانوں کے خیالات کردار اور اطوار ملتے ہوں ان کے افکار و اعمال ایک نقطے پر مرکوز ہوتے ہوں تو یقینا دونوں کے درمیان رابطہ اور محبت پیدا ہوگا اور اس میں پائیداری بھی ہوگی
6581412f635e3a76dd7ca060,ہر شخص کا خواب وہ اچھا ہو یا برا غریب ہو یا امیر شہری ہو یا دیہاتی کوئی نہ کوئی دوست ضرور ہوتا ہے کسی نہ کسی کو وہ اپنا ہمدرد ضرور سمجھتا ہے اور کسی نہ کسی سے ہمدردی ضرور رکھتا ہے یہ روحانی رشتہ روز اول سے چلا ایا ہے ہر دور میں ہر حال میں کسی کا کوئی نہ کوئی دوست ضرور ہوتا ہے انسانوں کی طرح دوستوں کے بھی مدارج ہوتے ہیں کچھ دوست عام قسم کے ہوتے ہیں اور کچھ خاص قسم کے اور ان میں سے کوئی ایک خاص الخاص ہوتا ہے اسے بہترین دوست سمجھا جاتا ہے جو دوست کے لیے ہر قسم کی قربانی دینے سے بھی دریغ نہیں کرتا خود مصائب اور تکالیف برداشت کرتا ہے لیکن اپنے دوست پر کوئی انچ نہیں انے دیتا بعض لوگ ایسے بھی ہوتے ہیں جو اپنے اپ کو دوست کہلواتے تو ہیں مگر جب دوست کو مصیبت پڑے تو پہلو تہی کر جاتے ہیں یہ محض اپنی ذاتی منفرد کی خاطر دوست بنے ہوئے ہوتے ہیں وہ زبانی دعوے تو بہت کرتے ہیں مگر بوقت امتحان پیٹھ دکھا جاتے ہیں دراصل ایسے لوگ دوست نہیں ہوتے بلکہ دوستی کے نام پر تباہ ہوتے ہیں ان میں نہ اخلاق ہوتا ہے نہ وفاداری کا شائبہ انہیں دوست کہنا غلط لفظ
65814177635e3a76dd7ca063,خدا کا شکر ہے مجھے بہت ہی اچھا دوست ملا ہے جو ہما صفت موصوف ہے اس کا نام احمد ہے وہ میرے ساتھ پڑھتا ہے میرے محلے کا ہے اور نہایت ہی شریف خاندان سے تعلق رکھتا ہے وہ حق ہی دوستی کو سمجھتا ہے اور دوستی کے منشا کو خوب جانتا ہے وہ پہلی جماعت سے لے کر دسویں جماعت تک میرے ساتھ پڑھتا چلا ایا ہے ہمیں ایک دوسرے کی طبیعت و عادات کو خوب سمجھتے ہیں اور یہی وجہ ہے کہ ہم ایک دوسرے کو پیار کرتے ہیں ہماری طبیعتیں اور عادتیں ایک دوسرے سے ملتی ہیں احمد میری خاطر جان قربان کرنے کو بھی تیار ہو جاتا ہے وہ مجھے پریشان دیکھ کر خود پریشان ہو جاتا ہے اڑے وقت میں میرے کام اتا ہے کبھی کوئی الجھن ان پڑے تو اس کے لیے مجھے بہترین مشورے دیتا ہے اور مجھے ہر طرح سے تسلی دیتا ہے اور زبانی اور عملی مدد بھی کرتا ہے
658141ba635e3a76dd7ca066,جب ہم دوسری جماعت میں پڑھتے تھے تو احمد ہمارے گھر ایا کرتا تھا وہ نہایت شریف اور کم گو لڑکا تھا مگر پڑھائی میں ہوشیار تھا شاید یہی وجہ تھی کہ میرے ابو بھی احمد سے بہت پیار کرتے تھے اور مجھے اکثر کہا کرتے تھے کہ میں اس کے ساتھ اسکول جایا کروں اور اس کے ساتھ جماعت میں بیٹھوں اور پڑھو اور اس کے ساتھ کھیلا کروں میں نے ایسا ہی کیا اس وقت سے میں جماعت میں بھی اس کے ساتھ بیٹھتا ہوں ہم اکٹھے ہی اسکول جاتے ہیں اور اتے ہیں کھیل کے وقت بھی اکٹھے اکٹھے ہی ہوتے ہیں اور پڑھائی بھی ہم اکٹھے ہی کرتے ہیں میرا بھی جماعت کے اچھے لڑکوں میں شمار ہوتا ہے اور احمد کا بھی اس لیے پڑھائی میں ہم دونوں ایک دوسرے کے لیے بہت ہی ممد و معاون ثابت ہوتے ہیں اور اپنی جماعت میں بہت ہی ہر دل عزیز ہیں
65814627376d0e7c290d79f6,احمد سمجھتا ہے کہ اج کی محنت کل ہمارے لیے مفید ثابت ہوگی کیونکہ کالج میں داخلے کے لیے زیادہ نمبروں کی ضرورت ہوتی ہے ہمارا ارادہ انٹر میں سائنس مضامین لینے کا ہے چونکہ ہم دونوں انجینیئرنگ کا پیشہ اختیار کرنا چاہتے ہیں اس لیے کالج میں پری انجینیئرنگ مضامین رکھنے پڑیں گے اور یہ صرف اس وقت ممکن ہوگا جب اعلی نمبر حاصل کریں گے ہمیں اس حقیقت کا علم ہے اور ہم اس کو پیش نظر رکھ کر محنت کرتے ہیں
65814662376d0e7c290d79fa,احمد اکثر یہ کہا کرتا ہے کہ جس نے بزرگوں کی خدمت نہیں کی وہ کبھی مخدوم نہیں ہوا اور جس نے اپنے اساتذہ کرام کا احترام نہیں کیا وہ کبھی دولت علم سے مالامال نہیں ہو سکتا اس لیے وہ خود بھی اس پر عمل کرتا ہے اپنے والدین کی بے حد فرمانبرداری کرتا ہے اپنے اساتذہ کرام اور بزرگوں کی بہت عزت کرتا ہے اور استاد بھی احمد پر خاص نظر شفقت رکھتے ہیں اور اس کی مشکل وقت میں رہنمائی کرتے ہیں میں بہت ہی خوش بخت ہوں کہ مجھے احمد جیسا نیک ہمدرد قابل فرمانبردار وفا شعار ذہین اور محنتی دوست ملا ہے
658146c7376d0e7c290d79fd,سچائی سچائی ایک مسلمہ اخلاقی قدر ہے دنیا کا کوئی مذہب ایسا نہیں جس نے سچائی کا راستہ اختیار کرنے کی تلقین نہ کی ہو اور دنیا کا کوئی معلم ایسا نہیں جس نے سچ پر کاربند رہنے کا درس نہ دیا ہو اسلام نے تو خاص طور سے سچائی کو اہمیت دی ہے اللہ تعالی نے قران کریم میں خاص طور سے مومنوں کے لیے حکم دیا ہے کہ وہ سچے لوگوں کی صحبت اختیار کریں حضور سرور کائنات صلی اللہ علیہ والہ وسلم نے بھی تمام مسلمانوں کو ہمیشہ سچ بولنے کی تلقین فرمائی ہے
6581474f376d0e7c290d7a00,رمضان المبارک رمضان المبارک وہ مقدس مہینہ ہے جس کے بارے میں حضور سرور کائنات صلی اللہ علیہ والہ وسلم نے فرمایا ہے کہ یہ برکتوں کا مہینہ ہے اور قران حکیم میں ہے مسلمانو تم پر روزے اسی طرح فرض کیے گئے جس طرح تم سے پہلی امتوں اور قوموں پر اس سے پہلے فرض کیے گئے تھے تاکہ تم میں تقوی پیدا ہو چنانچہ ہمیں چاہیے کہ جب اللہ تعالی ہمیں سعادت عطا فرمائے کہ ہم صحت کی حالت میں رمضان المبارک کو پائیں اور کوئی سفر بھی درپیش نہ ہو تو پورے احترام کے ساتھ روزے رکھیں اور روزے کی برکات حاصل کرنے کے لیے دن بھر ایسا طرز عمل اختیار کریں جو تقوی کے تقاضے پورے کرے
658147b0376d0e7c290d7a03,ماہ رمضان وہ ہے جس میں قران اترا جو بنی نو انسان کے لیے ہدایت کا ذریعہ ہے جس میں ہدایت کی کھلی نشانیاں ہیں اور جو حق و باطل کے درمیان فرق واضح کر دیتی ہیں پس جو اس مہینے کو زندگی میں پائے اسے چاہیے کہ روزے رکھے اور جو مریض یا مسافر ہو وہ ان کے بدلے دوسرے دنوں میں روزے رکھے خدا اسانی چاہتا ہے سختی نہیں چاہتا تاکہ تم روزے کی تعداد پوری کر سکو اور روزے اس لیے فرض کیے کہ تم عطائے ہدایت پر خدا کی بڑائی بیان کرو اور اس کا شکر بجا لاؤ
65814813376d0e7c290d7a06,میرا مشغلہ فارغ اوقات کو مصرف میں لانے کے لیے انسان کو کوئی نہ کوئی مشغلہ ضرور اختیار کرنا چاہیے مثلا باغبانی قلمی دوستی ٹکٹ جمع کرنا سکے جمع کرنا تصویر بنانا تصویریں جمع کرنا وغیرہ میرا مشغلہ ٹکٹ جمع کرنا ہے میں طرح طرح کے ٹکٹ جمع کرتا رہتا ہوں اور فارغ اوقات میں میرے البم میں ترتیب وار لگاتا رہتا ہوں اس طرح بیکاری کے لمحات بہت اچھی طرح گزر جاتے ہیں ٹکٹ جمع کرنا میرا مشغلہ ہے اس لیے میں نے کبھی کوشش نہیں کی کہ جلد از جلد بہت سارے ٹکٹ بازار سے خرید لوں اور البم بھر لوں خرید کر ایک ہی بار بہت سے ٹکٹ حاصل کر لینا مشغلے کے اداب کے خلاف ہے اس کا تقاضہ ہے کہ ایک ٹکٹ کے حصول کے لیے سخت محنت کی جائے چنانچہ میں ٹکٹ خطوں سے اتارتا ہوں یا دوسرے دوسروں سے ٹکٹوں کا ت بادلہ کرتا ہوں اس سے جمع کرنے میں وقت تو لگتا ہے مگر مزہ بھی اتا ہے
65814861376d0e7c290d7a09,میرے پاس بڑی خوبصورت البم ہے اس پر ہر ملک کے ٹکٹ چسپاں کرنے کے لیے الگ الگ صفحے مخصوص ہیں میں ان مخصوص صفحات پر مختلف ملکوں کے نئے نئے ٹکٹ لگاتا رہتا ہوں اب میرے پاس اتنے زیادہ ٹکٹ ہو چکے ہیں کہ مجھے کم از کم دو البم اور خریدنے کی ضرورت ہے ٹکٹ جمع کرنے کا مشغلہ بہت مفید بھی ہے اس سے صرف فارغ اوقات ہی اچھے نہیں گزرتے بلکہ اس کے کچھ عملی فائدے بھی ہیں ٹکٹوں کے مشاہدے سے مختلف ممالک کی شخصیات مقامات رسوم پیداوار اور ذرائع امد و رفت پیشوں وغیرہ کے بارے میں معلومات حاصل ہوتی ہیں اور وہاں کے عوام اور حکمرانوں کے بارے میں بھی بہت کچھ معلوم ہوتا ہے کیونکہ ٹکٹوں پر بننے والی تصاویر اس سلسلے میں رہنمائی کرتی ہیں ان کے ذریعے مختلف ملکوں کے قومی دنوں عوامی تقریبات یادگار اور بین الاقوامی میلوں یا کانفرنسوں کے بارے میں معلومات حاصل ہوتی ہیں
6581489a376d0e7c290d7a0c,میں نے کئی ایک قلمی دوست ہی بنا رکھے ہیں قلمی دوستی کا یہ سلسلہ بھی نہ صرف میرا دوسرا مشغلہ ہے بلکہ پہلے مشغلے میں بھی میرا معاون ہے اس طرح مجھے طرح طرح کے ٹکٹ ملتے رہتے ہیں اور میں ان دوستوں سے ٹکٹوں کا تبادلہ بھی کرتا رہتا ہوں قلبی دوستی اور ٹکٹوں کی بدولت دوسرے ممالک کے بارے میں میری معلومات خاصی وسیع ہو چکی ہیں اور میں دوسرے کئی ممالک کے رسم و رواج طرز معاشرت اب و ہوا وغیرہ کے بارے میں اپنے دوستوں کے مقابلے میں زیادہ معلومات رکھتا ہوں میں تو دوسروں کو بھی مشورہ دوں گا کہ وہ فارغ اوقات کے لیے کوئی نہ کوئی مشغلہ ضرور اختیار کریں
65814c6d97f3bae60aa8426e,غالب کے بعض غیر متداول اردو اشعار کا زمانہ فکر جناب امتیاز علی خاں عرشی مرحوم نے دیوان غالب کچھ اس طرح مدون کیا ہے کہ اب اس کے متعلق سے غالب کے کلام کا اہلی تخلیق بھی ماخذوں کی تفصیلی نشاندہی کے سبب سے ایک حد تک متعین کیا جا سکتا ہے تاہم بعض اشعار ایسے ہیں جن کا عہد معلوم نہیں ہو سکا میں نے ذیل میں ایسے ہی اشعار کا زمانہ فکر متعین کرنے کی کوشش کی ہے روایتیں بیشتر وہی ہیں جو نسخہ عرشی میں بیان ہوئی ہیں مگر کوشش کی گئی ہے کہ اصل ماخذوں کو بن نظر خود دیکھ لیا جائے اور اگر ہو سکے تو اپنے کتب خانے سے ان کو مزید تقویت پہنچائی جائے تاکہ غلطی کا امکان نہ رہے اس کے بعد نتائج کے لیے میں نے ماخذوں اور اپنے فہم ہی پر بھروسہ کیا ہے پہلے غالب کے اشعار درج کیے گئے ہیں بعد میں اشعار کے زمانہ فکر کے تعین کی کوشش کوشش میں اپنے مال و زات
65814caf97f3bae60aa84272,یہ شعر مکتوبات امیر مینائی مرتبہ مولوی احسن اللہ خان ثاقب صفحہ 21 کے حاشیے سے ماخوظ ہے ثاقب نے نواب یوسف علی خان بہادر ناظم کے بارے میں متن میں لکھا ہے نواب ناظم کا پہلا دیوان جو عرصہ ہوا چھپا تھا اور اب کامیاب ہے مرزا غالب کا دیکھا ہوا ہے
658151853999d8ce0f8ca7c8,یہ شعر نواب علاؤالدین احمد خان الائی ولادت 1833 عیسوی والی لوہارو کی بیاض سے لیے گئے تھے قیاس جاتا ہے کہ یہ کلام 1857 کے کچھ بات کا ہے یہ مرزا کی پریشانی اور علالت کا زمانہ تھا لہذا اس کا زیادہ امکان ہے کہ شیر کہہ کر چھوڑ دیے ہوں اور پوری غزلیں نہ کہی جا سکی ہوں اگرچہ شیروں کے قافیہ اور ردیفے ظاہر کرتے ہیں کہ غزلیں التظام سے کہنے کا ارادہ رہا ہوگا اشعار کا مفہوم بھی یہی کہہ رہا ہے کہ بڑھاپے میں فکر کیے گئے ہیں پہلے شعر میں جیتے اور مردوں کے اخری حروف بری طرح دبتے ہیں ایسے ناپختہ کلام کو غالب سے منسوب کرتے ہوئے جھجک محسوس ہوتی ہے مگر ہو سکتا ہے کہ پہلا مصرع یوں ہو اور لکھنے میں سیو ہو گیا ہو
658151fd3999d8ce0f8ca7cc,ڈی بی سے مراد کالی دیوی ہے جس کی پوجا ہزاروں برسوں سے ہو رہی ہے دلی میں اس دیوی کا مندر نو میل دور تولہ اباد کی طرف ہے جوگ مایا کا مندر مہرولی میں ہے جہاں ہفتہ وار میلہ لگتا ہے مہرولی ہی میں ساون میں پھول والوں کی سیر کے نام سے حضرت خواجہ قطب الدین بختیار کا کی کے مزار پر میلہ لگتا تھا اور اب بھی لگتا ہے ظاہر ہے 1857 کے ہنگامے کے بعد جب مغلیہ سلطنت کا نام و نشان مٹ گیا تو اس میلے کو شاہی سرپرستی حاصل نہ رہی اس لیے یہ میلہ اس جوش سے جاری نہ رہا مگر اسے ہندوؤں نے سہارا دیا اور خواجہ صاحب کے مزار کے ساتھ انہوں نے اپنی توجہ جوگ مایا کے مندر کی طرف مبزول کر لی چنانچہ سید احمد دہلوی پھول والوں کی سیر فرہنگ اسفیہ جلد اول لکھتے ہیں غدر کے بعد سے اس میلے نے اور بھی ترقی کی یعنی خاسان حنود کی طرف سے بدھ کے روز جوگ مایا پر ایسے ہی دھوم دھڑکے سے پنکھا چڑھنا شروع ہو گیا ساتھ ساتھ اور نو نو پنکھے اگے پیچھے ہوتے ہیں یہ قطع اسی عہد کی طرف اشارہ کرتا ہے اس لیے اس کا زمانہ فکر 1859 کے قریب یعنی 1857 کے بعد بھی ہو سکتا ہے
658152473999d8ce0f8ca7cf,یہ شعر مولانا مہر نے اس قلمی نسخہ دیوان غالب سے نقل کیے ہیں جو بیگم مرزا شجاؤدین احمد خان تابہ دہلوی کی ملکیت میں تھا مالی کرام صاحب نے لکھا ہے کہ انہوں نے بیاض الائی میں بھی انہیں دیکھا تھا بظاہر یہ اس پورے سہرے کے دو شعر ہیں جو مرزا شہاب الدین احمد خان ثاقب شاگرد غالب کی شادی پر کہا گیا ساقب کے سب سے بڑے صاحبزادے مرزا شجا الدین احمد خان دعوی 23 دسمبر 1861 کو پیدا ہوئے تھے اس لیے شادی مارچ 1861 یا اس سے پہلے ہوئی ہوگی شادی نواب شمس الدین احمد خان والی فیروز پور جھرکا کی نواسی سکندر جہاں بیگم سے ہوئی تھی
658152ac3999d8ce0f8ca7d2,کہوں کیا ذوق احوال شب ہجر کہ تھی ایک ایک گھڑی سو سو مہینے نہ تھی شب ڈھال رکھا تھا ایک اندھیر میرے بختے سیاہ کی تیرگی نے کہا جینے مجھے یہ ہجر کی رات یقین ہے صبح تک نہ دے گی جی نہیں
6581534d3999d8ce0f8ca7d5,یہ شعر مولوی احتشام الدین صاحب دہلوی کے مضمون ماہ نو فروری 1950 سے نقل کیا گیا ہے یہ مطلہ انہیں ایک صاحب وجیہ الدین خان کی مملوکہ بیاز میں ملا تھا اس بیاز میں مرزا صاحب کی غزل کہا ہے تو صحیح رہا ہے تو صحیح بھی درج تھی وہ لکھتے ہیں کہ اس کے ساتھ کوئی دوسرا شعر نہیں ہے غزل مذکور کے ہاتھ انے کی حکایت یہ بیان کی ہے کہ ان کے والد ماجد مرحوم نے مرزا صاحب کی خدمت میں حاضر ہو کر ان کے کلام کی اپنی بیاز میں لکھنے کے لیے اصطلاح کی مرزا نے فرمایا کہ غزل دیوان میں تباہ ہونے سے رہ گئی رہ گئی ہے یہ تم لے جاؤ غالبا اسی کے ساتھ یہ مطلع بھی عنایت ہوا ہوگا کیونکہ اس بیاض میں غالب کے نام سے درج ہے کسی مطبوعہ دیوان میں نہیں پایا جاتا
658154543999d8ce0f8ca7d8,نقش فریادی ہے کس کی شوخی تحریر کا کاغذی ہے پیراہن ہر پیکر تصویر کا
658154753999d8ce0f8ca7db,کافی کاوے سخت جانی ہائے تنہائی نہ پوچھ صبح کرنا شام کا لانا ہے جوئے شیر کا جذبہ بے اختیار شوق دیکھا چاہیے سینہ شمشیر سے باہر ہے دم شمشیر کا
658154873999d8ce0f8ca7de,بس کے ہوں غالب اسیری میں بھی اتش زیر پا منہ میں اتش دیدہ ہے حلقہ میری زنجیر کا
658155ea3999d8ce0f8ca7e1,کوئی امید بر نہیں اتی کوئی صورت نظر نہیں اتی موت کا ایک دن معین ہے نیند کیوں رات بھر نہیں اتی اگے اتی تھی حال دل پہ ہنسی اب کسی بات پر نہیں اتی جانتا ہوں ثواب طاعت و زہد پر طبیعت ادھر نہیں اتی ہے کچھ ایسی ہی بات جو چپ ہوں ورنہ کیا بات کر نہیں اتی کیوں نہ چیخوں کہ یاد کرتے ہیں میری اواز گر نہیں اتی داغ دل گر نظر نہیں اتا وہ بھی اے چار اگر نہیں اتی ہم وہاں ہیں جہاں سے ہم کو بھی کچھ ہماری خبر نہیں اتی مرتے ہیں ارزو میں مرنے کی موت اتی ہے پر نہیں اتی کعبے کی سمہ سے جاؤ گے غالب شرم تم کو مگر نہیں اتی
658156913999d8ce0f8ca7e4,دل ناداں تجھے ہوا کیا ہے اخر اس درد کی دوا کیا ہے ہم ہیں مشتاق اور وہ بیزار یا الہی یا ماجرہ کیا ہے میں بھی منہ میں زبان رکھتا ہوں کاش پوچھو کہ مدعا کیا ہے جب کہ تجھ بن نہیں کوئی موجود پھر یہ ہنگامہ اے خدا کیا ہے یہ پری چہرہ لوگ کیسے ہیں غمزہ ہو عشق وا ادا کیا ہے شکن زلف عنبریں کیوں ہے نگاہ چشم سرمہ سا کیا ہے سبزہ و گل کہاں سے ائے ہیں ابر کیا چیز ہے ہوا کیا ہے ہم کو ان سے وفا کی ہے امید جو نہیں جانتے وفا کیا ہے ہاں بھلا کر تیرا بھلا ہوگا اور درویش کی صدا کیا ہے جان تم پر نثار کرتا ہوں میں نہیں جانتا دعا کیا ہے میں نے مانا کہ کچھ نہیں غالب مفت ہاتھ ائے تو برا کیا ہے
658156e03999d8ce0f8ca7e7,اغیار چشم و چراغ محفل اغیار صحبت اغیار تانہ اغیار عداوت اغیار نگہبان دل ہائے اغیار
658157193999d8ce0f8ca7ea,اعجاز ایک کھیل ہے اورنگ سلیمان میرے نزدیک ایک بات ہے اعجاز مسیحہ میرے اگے
658157543999d8ce0f8ca7ed,افسانہ شب کے ذوق گفتگو سے تیری دل بے تاب تھا شوخی وحشت سے افسانہ فسون خواب تھا
658157853999d8ce0f8ca7f0,انداز بیاں ہیں اور بھی دنیا میں سخنور بہت اچھے کہتے ہیں کہ غالب کا ہے انداز بیاں اور
658157af3999d8ce0f8ca7f3,انداز گفتگو ہر ایک بات پہ کہتے ہو تم کہ تو کیا ہے تم ہی کہو کہ یہ انداز گفتگو کیا ہے
65829a9f1bbf294eb7be46c9,لائبریریوں کی ضرورت اور اہمیت علم حاصل کرنا ہر مرد اور عورت کے لیے فرض قرار دے دیا گیا ہے اسی طرح علم سکھانا اور اس کو فروغ دینا بھی بہترین اعمال میں سے ہے لائبریریاں علم کے فروغ میں بہت اہم کردار ادا کرتی ہیں لائبریریوں کے قیام اور ان کے ذریعے علم کے فروخت کے بغیر کوئی قوم عروج حاصل نہیں کر سکتی بقول مولانا الطاف حسین حالی مسلمانوں کا قیام جب عروج پر تھا تو اس وقت کتب خانوں کو بہت اہمیت حاصل تھی مولانا فرماتے ہیں حریم خلافت میں اونٹوں پہ لد کر چلے اتے تھے مصر و یونہ کے دفتر مسلمانوں نے ہندوستان پر ہزار سال تک حکومت کی انہوں نے بہت سی لائبریریاں اور کتب خانہ قائم کیے شاہان دہلی و اود کے گراں بہا کتب خانے نیز ٹیپو سلطان اور دیگر امراء کے کتب خانے اس وقت کے نوادرات کے ذخیروں میں شمار ہوتے تھے مسلمانوں کے زوال کے ساتھ ہی انگریز حکمران انہیں ایک ایک کر کے اٹھا کر لے گئے انڈیا افس لائبریری میں ایک بہت بڑا کتابوں کا ذخیرہ موجود ہے جو انگریز ہندوستان ہی سے لے کر گئے تھے لندن کا برٹش میوزیم بقول سر سید احمد خان کتابوں کا ایک بڑا جنگل ہے یہ میوزیم انگریز کی علم دوستی اور علمی شقف کا ایک بین ثبوت ہے ترقی یافتہ ملکوں میں کتب خانوں کو بہت اہمیت دی جاتی ہے امریکہ جرمنی فرانس اور دیگر ترقی یافتہ ممالک کے کتب خانے اپنی مثال اپ ہیں
65829af11bbf294eb7be46cd,متحدہ ہندوستان میں عہد مغلیہ تک کتب خانوں کی یہی کیفیت تھی برصغیر پاک و ہند علم و فضل کا بحر بے قراں تھا دور دراز سے سیاح ا کر انہی کتب خانوں سے مصطفیض ہوتے تھے یہاں پر اس قدر کتب خانے تھے کہ اگر ان کے نام لکھے جائیں تو ایک اچھی ولی کتاب بن جائے یہ عظیم سرمایہ کچھ تو 1857 کی نظر ہو گیا اور کچھ انگریز اپنے ملک میں لے گئے لائبریری کتابوں کا ایسا ایک مشترکہ سرمایہ ہوتا ہے جہاں سے لوگ علم کی پیاس بجھاتے ہیں ہر ادمی بڑی بڑی قیمتیں قیمتی کتابیں خریدنے کا متحمل نہیں ہو سکتا اور اگر ہو بھی سکتا ہو تو کتاب کو ایک دفعہ پڑھ کر اسے زینت طاق بنا دیتا ہے اگر یہ کتاب لائبریری میں ہوگی تو اس کو ایک ادمی نہیں پڑھتا بلکہ بے شمار ادمی اس سے فائدہ اٹھاتے ہیں اس طرح ایک کتاب مدتوں تک چشمہ فیض بنی رہتی ہے
65829b3e1bbf294eb7be46d0,لائبریریا جس قدر بلند پائے کی ہوں گی اور تعداد میں زیادہ ہوں گی اسی قدر لوگوں کی علم کی پیاس بجھا سکیں گی اور جہالت کی تاریکی دور ہوگی لائبریریوں سے شوق مطالعہ بھی بڑھتا ہے اور اچھی اچھی کتابوں کی تصنیف و تالیف کا کام بھی بڑھتا ہے اس کا نتیجہ یہ ہوتا ہے کہ صاحبان علم اور اہل قلم کی قدر و قیمت بڑھتی ہے اور ان کی حوصلہ افزائی ہوتی ہے تلاش علم کا کام بڑھتا ہے نئے نئے علم و فنون کا پتہ چلتا ہے تحقیق و تجسس کا کام ترقی پذیر ہوتا ہے لائبریری ایک صدقہ جاریہ ہے جب تک قائم رہے گی لوگ اس چشمے سے فیض یاب ہوتے ہیں روتے رہیں گے اور ان کے قائم کرنے والوں کو اس کا اجر ملتا رہے گا اگر ہمارے ہاں لائبریریوں کی کثرت کو تو حصول علم کے لیے ہمیں اغیار کا محتاج نہیں ہونا پڑے گا
65829b7a1bbf294eb7be46d3,لائبریریوں کو فنون کے اعتبار سے بھی مخصوص کیا جا سکتا ہے مثلا ایک شہر میں مختلف لائبریریوں میں ایک لاکھ کتب ہیں تو ان کو الگ الگ عمارتوں یا حصوں یا سیکشنوں میں تقسیم کر دیا جائے ایک حصے میں انگریزی زبان کی قدیم و جدید تصنیفات ہوں دوسرا کسی اور زبان کے لیے مخصوص ہو تیسرا اردو زبان کی تصنیفات کے لیے ہو چوتھا عربی فارسی کے لیے پانچواں سائنسی علوم کے لیے اور اگر ان میں بھی کتابیں بہت زیادہ ہوں تو ان میں بھی تخصیص کر دی جائے مثلا سائنس اور انجینیئرنگ کی کتب الگ الگ کر دی جائیں طبی کو تو وہ الگ ہوں الیکٹرک سے متعلق الگ ہوں اس طرح مطالعہ کرنے والے کے لیے اسانی ہو جاتی ہے اور تحقیق و تجسس کا کام بہت اسان ہو جاتا ہے
65829bbf1bbf294eb7be46d6,لائبریریا میں ہر مزاج اور ہر معیار کی کتب کا ہونا لازمی ہے بچوں کے متعلق کے لیے الگ کتابچے اور ایصالح ہونے چاہیے یہ ضروری نہیں کہ لائبریری میں صرف بڑے بڑے عالم فاضل ہی جا کر مطالعہ کر سکتے ہیں بچے بھی جا سکتے ہیں بلکہ بچوں سے ہی تو ترقی کا سلسلہ شروع ہوتا ہے ان کے اذان کو علم سے اراستہ کرنا قوم کی ترقی کے لیے نہایت ضروری ہے ان میں متعلقے کا شوق ترقی کی بنیاد رکھنے کے مترادف ہے بچوں کے لیے ہلکی پھلکی اور دلچسپ کتابیں مہیا کرنا اور انہیں ان کتابوں سے استفادہ کرنے کا سلیقہ سکھانا ہمارا فرض ہے ملک و قوم کی ترقی کے لیے علم و علم کو فروغ دینا بہت ہی ضروری ہے مدرسوں میں نصاب بہت محدود ہوتا ہے اس لیے علم کو وسعت دینے کے لیے لائبریریوں کا قیام بہت ضروری ہے
65829c001bbf294eb7be46d9,زر مبادلہ کی اہمیت یہ ایک مسلمہ حقیقت ہے کہ کسی ملک کی معیشت کے استحکام کا انحصار اس کی بیرونی تجارت پر ہے اور بین الاقوامی تجارت کے لیے زر مبادلہ کی ضرورت ہے ہر ملک کی کرنسی علیحدہ علیحدہ ہوتی ہے اس لیے بین الاقوامی تجارت کو فروغ دینے کے لیے ضروری ہے کافی زر مبادلہ موجود رہے یہی وجہ ہے کہ زر مبادلہ کی اہمیت بہت بڑھ گئی ہے دوسرے ممالک سے معاشی رشتوں کو استوار کرنے اور لین دین کا عمل جاری رکھنے کے لیے ہر ملک زر مبادلہ کا محتاج ہے
65829c401bbf294eb7be46dc,مثال کے طور پر ایک پاکستانی تاجر امریکہ سے ایک لاکھ روپے کی مشینری درامد کرتا ہے امریکہ میں ہم جس فرم سے مشینری خریدتے ہیں وہ ہماری پاکستانی کرنسی قبول نہیں کرتی کیونکہ پاکستانی کرنسی امریکی تاجر کے لیے کوئی اہمیت نہیں رکھتی وہ تو ڈالر لینا پسند کرے گا لہذا پاکستانی تاجر کے لیے ضروری ہو گیا کہ اس مشینری کی قیمت وہ ڈالروں میں ادا کرے اسی طرح سے اگر کوئی امریکی تاجر پاکستان سے کپاس درامد کرتا ہے تو اسے کپاس کی قیمت پاکستانی روپے میں ادا کرنی ہوگی انفرادی بیرونی تجارت کا یہی اصول بین الاقوامی سطح پر بھی لاگو ہوتا ہے کہ جو مال ہم باہر سے منگوائیں اس کی قیمت ہماری اشیائے برامد سے نہ بڑھنے پائے ہر حال میں ہمارا زر مبادلہ برابر ہونا چاہیے
65829cb71bbf294eb7be46df,ہمیں اپنے ملک کی سند کو ترقی دینے کے لیے مشینری اور دیگر صنعتی اشیاء اور پرزہ جات درامد کرنا پڑتے ہیں چونکہ ہمارا ملک بنیادی طور پر ایک زرعی ملک ہے اس لیے ہمیں بیرون ملک سے اشیاء برامد کرنے کے لیے زر مبادلہ کی ضرورت ہے ہمارا یہ مقصد زر مبادلہ کے بغیر پورا نہیں ہو سکتا لہذا ہم اپنی فالتو پیداوار کو بیرون ملک میں فروخت کرتے ہیں اس طرح سے جو زر مبادلہ ہم ملکی پیداوار سے حاصل کرتے ہیں اس سے ہم اس مال کی قیمت ادا کرتے ہیں جو ہم بیرون ملک سے درامد کرتے ہیں یہ درامدات خاص صنعتی مشینری کی صورت میں ہوں یا فالتو پرزے ہوں یا اسلحہ ہو کسی ملک کی صنعتی ترقی اور معاشی استحکام کا انحصار اس بات پر ہے کہ ہم اپنے ملک کی پیداوار بیرون ملک فروخت کر کے زیادہ سے زیادہ زر مبادلہ کمائیں ہم اپنی برامدات کو جتنا بڑھائیں گے اور درامدات کو جتنا گھٹائیں گے اتنا ہی ہمیں معاشی استحکام حاصل ہوگا ہمیں دوسری ادائیگیوں میں اسانی رہے گی اور ہمارا ملک جلد ترقی کی راہ پر گامزن ہوگا چنانچہ ہمیں اپنے ملک کی پیداوار پر زیادہ سے زیادہ توجہ دینا چاہیے اور رات دن محنت کر کے ملکی پیداوار کو بڑھانا چاہیے
65829d061bbf294eb7be46e2,زر مبادلہ ایک ایسی دولت یا سرمایہ ہے جس سے ہم بیرون ملک سے اشیائے درامدات کی قیمت ادا کر سکتے ہیں اور یہ ہر دور اور ہر قسم کے حالات میں کام انے والی چیز ہے صنعتی اور تجارتی فوائد کے علاوہ بھی زر مبادلہ ایسے حالات میں فائدہ مند ہوتا ہے جب کبھی کسی ملک میں اشیائے ضرورت کی قلت پیدا ہو جائے یا کسی وقت ایسے حالات پیدا ہو جائیں جب درامدات ناگزیر ہو جائیں مثلا ادویات تو چیزیں باہر سے ہی منگوانا پڑتی ہیں یہ چیزیں ہمیں بالعموم امریکہ جرمنی انگلینڈ اٹلی وغیرہ سے منگوانا پڑتی ہیں ایسے میں اگر ہمارے پاس زر مبادلہ ہوگا تو ہم اسانی سے منگوا سکیں گے نا سازگار حالات اور اسمانی افات اور تحت وغیرہ پڑ جانے کی صورت میں بھی زر مبادلہ ہمارے بہت کام اتا ہے اگر زر مبادلہ ہوگا تو باہر سے خوراک اور دیگر سامان منگوایا جا سکتا ہے ورنہ ملک بہت بڑی مشکلات میں پھنس جاتا ہے ایسے حالات کا مقابلہ کرنے کے لیے بھی زر مبادلہ بہت ضروری ہے
65829d481bbf294eb7be46e5,زر مبادلہ برامدی اور درامدی تجارت کا ذریعہ ہے اس کے ساتھ ساتھ زر مبادلہ سے یہ بھی فائدہ پہنچتا ہے کہ کسی ملک کے اجر اور پیدائش کنندگان دوسرے ملکوں کے مقابلے کے خطرے کی وجہ سے اپنی پیداوار اور مصنوعات کے معیار کو برقرار رکھتے ہیں اور اس میں روز بروز روز بروز ترقی کی نئی نئی راہیں نکالتے رہتے ہیں تاکہ ان کے مال کی مانگ بڑھے اس کے علاوہ جب درامدی اور برامدی کاروبار کو فروغ ملتا ہے تو ایک ملک کے تجارتی وفود دوسرے ممالک میں جاتے ہیں اور ان کے تجارتی معاہد اور ان کے درمیان تجارتی معاہدے ہوتے ہیں اس طرح وہ ایک دوسرے کو سمجھتے ہیں ان کی غلط فہمیاں دور ہوتی ہیں اور باہمی تعلقات بڑھتے ہیں ان وفود کی وجہ سے ممالک کے درمیان خیر سگالی کا جذبہ بڑھتا ہے
65829d961bbf294eb7be46e8,سر مبادلہ بہت ہی اہم چیز ہے اس لیے دنیا کے ہر ملک نے چاہے وہ ترقی یافتہ ہو یا ابھی ترقی کر رہا ہو زر مبادلہ پر اپنا کنٹرول رکھا ہوا ہے تاکہ اشیائے درامدات کی قیمت اشیائے برامدات سے بڑھ نہ جائے اور قیمت ادا کرنے میں تکلیف نہ ہو حکومت پاکستان نے یہ ذمہ داری سٹیٹ بینک اف پاکستان کے سپرد کر رکھی ہے برامدات کے بدلے میں جو زر مبادلہ کمایا جاتا ہے وہ اسٹیٹ بینک کی تحویل میں رہتا ہے اور اس کے ذریعے اشیائے درامدات کی قیمت ادا کی جاتی ہے جو لوگ تجارت کی غرض سے یا تفریحی مقاصد کے لیے باہر جاتے ہیں ان پر بھی بینک کڑی نظر رکھتا ہے وہ جاج کرام کے لیے علیحدہ کرنسی نوٹ کرنسی نوٹ جاری کیے جاتے ہیں بہرحال زر مبادلہ ہر ملک کے لیے بہت ہی اہمیت رکھتا ہے اسی لیے ہم پاکستانیوں کو چاہیے کہ اپنی برامدات میں زیادہ سے زیادہ اضافہ کریں تاکہ ہمارے ملک کو معاشی استحکام حاصل ہو
65829e741bbf294eb7be46eb,معاشرتی خرابیاں اور ان کی اصلاح لکڑی کو گھن اور معاشرے کو برائیاں کھا جاتی ہیں معاشرتی برائیوں کو اس قدر فروغ حاصل ہو چکا ہے کہ نہ صرف ذاتی زندگی بلکہ ہماری قومی اور اجتماعی زندگی بھی اجیرا ہو کر رہ گئی ہے اگر کہا جائے کہ برائیوں نے ہمیں نہیں گھیرا بلکہ ہم نے خود ہی برائیوں کو اپنے اوپر حاوی کر لیا ہے تو غلط نہ ہوگا کیونکہ برائیاں خود نہیں ا جاتی ہماری اپنی کوتاہی سستی اور دین سے بیزاری کی وجہ سے پیدا ہوتی ہیں ہم مغربیت کے جنون میں اپنا اپ بھلا بیٹھے ہیں ہم نے اپنی صلاحیتوں اور اقدار کو خیر بات کہہ دیا ہے اور ہماری زندگی کا سب سے زیادہ افسوسناک اور خطرناک پہلو یہی ہے جس نے پورے معاشرے کو اپنی لپیٹ میں لے رکھا ہے
6582a5d477a7b99f6e4f5e4a,اور تلوار قلم دیکھنے میں ایک معمولی چیز نظر اتا ہے اس کی قیمت بھی زیادہ نہیں ہوتی اور اس کا کوئی خاص وزن بھی نہیں ہوتا بظاہر قلم جسامت و زخامت میں بھی کوئی شے نہیں لیکن اس کے اندر بڑی طاقت ہے صاحب قلم صاحب علم ہوتا ہے وہی سرفراز ہوتا ہے اسی کا حکم چلتا ہے قلم ہی سے علم حاصل کیا جا سکتا ہے اگر جنگجو کا ہتھیار تلوار ہے تو عالم فاضل اور صاحب امر کا ہتھیار قلم ہوتا ہے جس نے قلم کو ہاتھ میں لیا اور اسے عزت اور دولت ملی
6582a61e77a7b99f6e4f5e4e,جس نے قلم کو ہاتھ میں لیا اسے عزت اور دولت ملی اور جس نے اسے چھوڑ دیا وہ ناکام و نامراد رہا ترقی عزت اور دولت ہر شے سے محروم ہو گیا تاریخ نے جتنے بڑے بڑے فلاسفر حکماء الزالہ دانشور مصور سائنسدان شاعر ادیب مصنف ڈاکٹر انجینیئر پیدا کیے ہیں سب کے سب قلم کی بدولت ہی نامور ہوئے اور اگر وہ قلم نہ پکڑتے تو علم حاصل نہ کر سکتے اور اگر علم حاصل نہ کرتے تو کچھ بھی نہ بن سکتے صاحب قلم لوگ مرنے کے بعد بھی زندہ رہتے ہیں فلاسفر اپنے اصول اور اپنے افکار و خیالات چھوڑ جاتے ہیں حکماء اپنے قول اور اصول تشخیص و علاج چھوڑ جاتے ہیں دانشور اپنا علم چھوڑ جاتے ہیں سائنسدان اپنی ایجادات اور اپنی تحقیق چھوڑ جاتے ہیں شاعر مصنف اور ادیب اپنی تصانیف چھوڑ جاتے ہیں
6582a68277a7b99f6e4f5e51,دنیا کے تمام ترقی یافتہ ممالک کے افراد میں علم حاصل کیا وہ تحقیق و تجسس میں لگے رہے انہوں نے سائنس میں ترقی کی تجارت و سند میں ترقی کی زراعت میں ترقی کی دولت میں ترقی کی اور اپنا عزت و وقار بڑھایا انہوں نے انجن بجلی جہاز ریڈیو ٹیلی ویژن اور دوسری اجداد کی سمندر پہاڑ زمین و اسمان چاند سورج کو تسخیر کیا اگ پانی ہوا پر کنٹرول کیا اج انسان چاند سے بھی اگے نکلنا چاہتا ہے سائنس نے مصنوعی دماغ ایجاد کر لیا ہے مصنوعی انسان بنا لیا ہے نامراد اور مہلک امراض کا علاج دریافت کر لیا ہے انسانوں کے لیے ارائش و اسائش کا سامان پیدا ہو گیا ہے دور دراز کے ملک بھی ایک دوسرے کے نزدیک ہو گئے ہیں دنیا کے ایک کونے پر کھڑا انسان دنیا کے دوسرے کونے پر دوسری دنیا کے دوسرے کونے کے حالات و واقعات سے با خبر ہے یہ سب کس طرح ہوا اور کس کی بدولت ہوا اس کا ایک ہی جواب ہے کہ علم کی بدولت اور علم عمل قلم کا دوسرا نام ہے اور علم قلم کا دوسرا نام ہے
6582a6e477a7b99f6e4f5e54,دوسری طرف تلوار ہے تلوار بھی کم اہمیت کی حامل نہیں تلوار طاقت کا دوسرا نام ہے طاقت ہی ایک ایسی چیز ہے جس سے حکمران حاکم کہلاتا ہے بادشاہ بادشاہ ہوتا ہے طاقت سے ہی دشمن کو زیر کیا جاتا ہے طاقت سے ہی سکندر یونان سے ہندوستان تک پہنچا اور فتح و نصرت کے پرچم لہراتا چلا ایا تلوار کی طاقت سے کسی کو انکار نہیں ہو سکتا یہ بھی درست ہے کہ جس کے پاس تلوار ہوگی یا طاقت ہوگی وہی صاحب امر ہوگا اور صاحب امر کے ماتحت صاحب قلم ہوگا لیکن یہاں سوال یہ پیدا ہوتا ہے اج جس کے پاس ایٹمی ہتھیار ہیں اسے ہی طاقتور سمجھتے ہیں مگر یہ ایٹم بم تیار کس طرح ہوئے ان کو تلوار نے تیار کیا یا قلم نے جبکہ قلم کا دوسرا نام علم ہے تو جواب ہوگا علم کی بدولت ہی یہ سب کچھ تیار ہوا معلوم ہوا کہ طاقت بھی علم کی محتاج ہے طاقت اور ترقی کے لیے بھی علم کا ہی سہارا لینا پڑتا ہے علم کے بغیر کچھ نہیں ہو سکتا
6582a73477a7b99f6e4f5e57,قلم کے اثرات زیادہ دیر پاؤ اور مضبوط مضبوط ہوتے ہیں قلم کے نقش صدیوں تک محفوظ رہتے ہیں قلم کے کارناموں سے ہزاروں سال تک یا یوں کہیے کہ جب تک یہ دنیا قائم ہے علم کے شہدائی استفادہ کرتے رہیں گے جس تلوار کو قلم کی حمایت حاصل نہیں ہوگی اس کی طاقت ناپائیدار اور بے اثر ہوگی تلوار نے ظالموں کے سر قلم بھی کیے ہیں تلوار نے ظلم کو دبایا بھی ہے اور بہت سے کارہائے نمایاں سرانجام دیے ہیں لیکن اس کے برعکس تلوار نے ظلم بھی کیے جیسا کہ چنگیز خان کی تلوار نے کیا اس وقت اسرائیل کیا کر رہا ہے چنانچہ تلوار انصاف کے لیے بھی چلتی ہے اور ظلم کے لیے بھی لیکن قلم جس کا دوسرا نام علم ہے قوموں کو مہذب بناتا ہے اور ظلم نہ کرنے کی تلقین کرتا ہے علم حق و انصاف کا علمبردار ہے اور ہر مظلوم سے ہمدردی کا سبق دیتا ہے جب ہم تلوار اور قلم کا مختلف پہلوؤں سے موازنہ کرتے ہیں تو مسابقت کے میدان میں قلم ہی کو اگے پاتے ہیں
6582a79377a7b99f6e4f5e5a,زراعت زندگی گزارنے کے لیے انسانوں نے مختلف قسم کے پیش اختیار کر رکھے ہیں مثل مشہور ہے کہ اتم کھیتی نکھر چاکری یعنی سب سے اچھا پیشہ کھیتی باڑی یا زراعت ہے اور سب سے گھٹیا پیشہ چکری یعنی ملازمت ہے چنانچہ زراعت ان میں سے اعلی ترین پیش ہے میں شمار ہوتی ہے زراعت ہمارے ملک کی سب سے زیادہ امدن کا ذریعہ ہے 80 فیصد لوگ زراعت پیش ائے ہیں اس میں عزت و وقار خدمت خلوص اور محنت سب کچھ پایا جاتا ہے ہمارا ملک بنیادی طور پر ایک زرعی ملک ہے اور لوگوں کی اکثریت اسی پیشے کو اپنائے ہوئے ہے وہ کھیتی باڑی کر کے اسی میں سے اپنی تمام ضرورتیں پوری کرتے ہیں
6582a7e377a7b99f6e4f5e5d,مشینی دور سے پہلے کھیتی باڑی بہت ہی مشکل کام تھا مگر اب بہت سی سہولتیں میسر اگئی ہیں پہلے زمانے میں بیلوں کے ذریعے حل چلایا جاتا تھا سہاگہ بھی میلوں سے چلاتے تھے اور گہائی بھی انہی سے کرتے تھے کھیتوں کو پانی بھی رہہٹ کے ذریعے دیتے تھے مگر اب ہر کام ٹریکٹر اور ویٹ تھے شر کے ذریعے کیا جاتا ہے پہلے کسان ایک دن میں بمشکل ایک ایکڑ زمین پر حل چلا سکتا تھا مگر اب ایک دن میں ایک مربع زمین تک میں ہل چلایا جا سکتا ہے رہٹ کے ذریعے تھوڑی سی زمین سیراب ہو سکتی تھی مگر اب نہروں اور ٹی ویلوں کے ذریعے گھنٹوں میں کھیت سیراب کیے جا سکتے ہیں اب طرح طرح کی ایک ادمی دستیاب ہے جس سے ایک فصل کی بجائے تین تین فصلیں لی جا سکتی ہیں زمین اج کل سونا اگل رہی ہے زمینوں کی امدن کئی گنا زیادہ ہو گئی ہے فی ایکڑ پیداوار میں تین چار سو فیصد اضافہ ہو گیا ہے گورنمنٹ نے حکومت
6582a80577a7b99f6e4f5e60,گورنمنٹ نے محکمہ زراعت اس مقصد کے لیے قائم کر رکھا ہے کہ زمینداروں اور کاشتکاروں کو تجربات کر کے مفید مشورے دے انہیں بیج اور کھاد کی سہولتیں باہم پہنچائے زرعی بینک زمینداروں کو مشینری خریدنے کے لیے قرضے دیتے ہیں تاکہ پیداوار زیادہ ہو ملک جلد ترقی کی راہ پر گامزن ہو
6583eedac526b3581b2c1a12,سنا تو حرفت سند و حرفت بھی تجارت اور زراعت کی طرح ایک ازاد پیشہ ہے اس کے معنی ہیں مختلف چیزیں بنانا دستکاری تجارت اور صنعت و حفت اپس میں ملتے جلتے پیشے ہیں اگر یوں کہہ دیا جائے کہ تجارت اور صنعت و حرفت ایک ہی خاندان کے دو افراد ہیں جن کی عادات ایک دوسرے سے تقریبا ملتی جلتی ہیں تو بھیجانہ ہوگا کیونکہ تجارت اور صنعت و حرفت کا مزاج ایک ہی ہے تجارت میں صرف خرید و فروخت کی جاتی ہے صنعت و حرفت میں بھی خرید و فروخت ہوتی ہے فرق صرف اتنا ہے کہ تاجر تیار شدہ اشیاء یا مال کی تجارت کرتا ہے اور سند کار خام مال خرید کر اسے تیار کر کے فروخت کرتا ہے تاجر مال کو جوں کا توں خریدتا ہے اور بیچ دیتا ہے اور سند کار اس کو دوسری شکل دے کر فروخت کرتا ہے سنت و حرفت بھی تجارت کی دوسری شکل ہے انگریزی میں اس کو انڈسٹری کے نام سے پکارتے ہیں اور اج کل یہ لفظ اس قدر عام ہو گیا ہے کہ ناخندہ ادمی بھی انڈسٹری کے معنی اور مفہوم کو خوب سمجھتا ہے اور بولتا ہے چونکہ لفظ انڈسٹری صنعت و حرفت کی بجائے بولنے میں اسان اور عام فہم ہے
6583ef4cc526b3581b2c1a16,سند و حرفت میں کسی دوسرے کی ماتحتی نہیں کرنی پڑتی جب تک جی چاہے کام کرتے رہو جب جی چاہے بند کر دو ہر قسم کی بے فکری اور ازادی ہے سنا تو حرفت دو تاریخوں سے ہوتی ہے ایک طریقہ تو یہ ہے کہ کام خود کیا جائے اور دوسرا طریقہ یہ ہے کہ اسے کارخانے کی شکل دے کر کاریگروں سے مال تیار کروایا جائے اج کی استلام صنعت و حرفت یا انڈسٹری سے مراد چھوٹے یا بڑے کارخانے ہی ہیں ایک شخص جو کھڈی پر 10 20 گز روزانہ کپڑا بن کر گزر اوقات کرتا ہے اور وہ جو اپنے کارخانے میں ہزار گز کپڑا تیار کرواتا ہے دونوں سنا ہی ہیں لیکن دونوں کی حیثیت میں ضرور فرق ہے فی زمانہ اول الذکر کی وقت کچھ نہیں جبکہ مخر ذکر کی حیثیت ایک کارخانے دار کی ہے لہذا زمانے کی رفتار اور ضرورت کے مطابق اج کل ثنا یا صنعت کار سے مراد وہ شخص ہے جو کارخانے دار ہو صنعت کا سند بھی اسی طرح بڑے پیمانے سند بھی اسی طرح بڑے پیمانے پر ہوتی ہے گویا جو لوگ کاریں بناتے ہیں ہوائی جہاز بناتے ہیں پانی کے جہاز تیار کرتے ہیں بسیں ٹریکٹر بلڈوزر کپڑا اور بجلی کا سامان تیار کرتے ہیں صنعت کار کہلاتے ہیں اب اپ کو سند کار کی دولت عمارت اور عزت و وقار کا اندازہ ہو گیا ہوگا کہ سند و حرفت میں کس قدر فائدہ ہے اور اس میں کس حد تک ترقی کے مواقع ہیں جس طرح تجارت میں عزت بھی ہے اور نفع بھی ہے اسی طرح صنعت و حرفت میں منافع بھی ہے اور عزت و وقار میں
6583f5da1018bc83418051fb,جن ملکوں نے انڈسٹری کو ترقی دی ہے وہ ترقی یافتہ ملکوں کی صف میں جا کھڑے ہوئے ہیں انگلینڈ امریکہ جاپان جرمنی فرانس روس سب نے انڈسٹری کے ذریعے ہی ترقی کی ہے برطانیہ ہندوستان سے خام روئی کے لے جاتا تھا اپنے ملک میں کپڑا تیار کر کے پھر یہیں فروخت کے لیے بھیج دیتا تھا یوں وہ ایک روپیہ خرچ کر کے 10 روپے کماتا تھا اس لیے کہ اس نے اپنی انڈسٹری کو ترقی دی اسی طرح سے وہ طرح طرح کی مشینری تیار کر کے دنیا کے ممالک میں فروخت کرتا تھا جاپان نے اتنی جلدی ترقی کیوں کر لی اس کا سبب یہ ہے کہ اس ملک کا ہر فرد سننا ہے اہل حرفہ ہے وہاں بڑے بڑے کارخانے ہیں یہ ملک بھر کی الات اور کاریں بنانے میں بھی اس قدر ترقی کر گیا ہے کہ دنیا کی مارکیٹوں پر چھایا ہوا ہے جرمنی فرانس اور روس بھی اس طرح سے ترقی کر رہے ہیں براعظم یورپ نے جس قدر ترقی کی وہ سب صنعت و حفت کی بدولت ہی کی یورپ والوں نے قسم قسم کی ایجادات کی چیزیں دیکھ کر انسان کی عقل دنگ رہ جاتی ہے قدیم اہل ہند اور مصری وغیرہ بھی دستکاری میں ماہر سمجھے جاتے تھے مگر انہوں نے مزید تحقیق و تجسس کا کام چھوڑ دیا اس لیے ان کی ترقی رک گئی وہ جہاں تھے وہیں رہ گئے اور ترقی یافتہ ملک ان سے اگے نکل گئے انہوں نے تحقیق و تجسس کا کام پوری مستعدی سے جاری رکھا
6583f6461018bc83418051ff,سنا تو حرفت میں کامیابی حاصل کرنے کے لیے تحقیق و تجسس نہایت ضروری ہے قسم قسم کے سائنسی تجربات کے ذریعے نئی نئی ایجادات کی جاتی ہیں جو ملک جس قدر سائنس میں ترقی کرتا ہے اسی قدر صنعت و حرفت میں ترقی کرے گا سند کے لیے ضروری ہے کہ دیکھا جائے کہ اس وقت ضرورت کی چیز کی ہے اور اسے کس طرح تیار کرنا ہے کس طرح تیار کرنا ہے والا مسئلہ تو وہی حل کر سکتا ہے جو سائنس دان ہوگا گویا فی زمانہ سائنس کی اشد ضرورت ہے اس کے بغیر کوئی ملک ترقی یافتہ نہیں ہو سکتا لہذا ہمیں چاہیے کہ ہمارا نصاب تعلیم اس قسم کا ہونا چاہیے اور ہمیں ایسا طریقہ اختیار کرنا چاہیے جس سے زیادہ سے زیادہ ڈاکٹر انجینیئر اور سائنس دان بن سکیں اور اس کے ساتھ ساتھ ان میں ایسا ذہنی رجحان پیدا کیا جائے جس سے وہ یہ سوچنے پر مجبور ہو جائیں کہ انہوں نے محض دولت اکٹھی کرنے کے لیے تعلیم حاصل نہیں کرنی بلکہ انہیں ملک و قوم کی خدمت بھی کرنی ہے
6583f6b61018bc8341805202,ملازمت انسان کو روزی کمانے کے لیے کچھ نہ کچھ کرنا پڑتا ہے یہی اس کا پیشہ بن جاتا ہے یوں تو بے شمار پیشے ہیں مگر اس وقت زیر بحث پیشہ ملازمت کا ہے روزی کمانے کے لیے ملازمت اچھا پیش ائے مگر اس میں ازادی نہیں جو زراعت صنعت و حرفت اور تجارت میں ہے اس میں ملازم سراپا پابند ہو جاتا ہے ملازم نے اپنی خدمات مالک کے پاس ایک مخصوص معاوضے کے عوض فروخت کی ہوئی ہوتی ہیں اس لیے وہ اس کے حکم کے بغیر کچھ بھی نہیں کر سکتا وہ ایک قسم کا قیدی یا غلام ہوتا ہے ذرا سی حکم ادھولی پر اسے موقوف یا معطل کیا جا سکتا ہے چھوٹی سی غلطی پر بھی حاکم اس کی جواب طلبی کر سکتا ہے ڈیوٹی کے بعد وہ ازاد ہوتا ہے اور بظاہر اس کے ذہن پر کوئی بوجھ نہیں ہوتا مگر بہت سے خوف اسے گھیرے رکھتے ہیں مثلا اسے ڈیوٹی پر مقررہ وقت پر پہنچنا پڑتا ہے اور مقررہ وقت پر چھٹی کرنا پڑتی ہے بعض دفعہ ایسا بھی ہوتا ہے کہ وہ وقت ختم ہونے کے بعد بھی کام کرتا ہے ملازم کے لیے یہ بھی ضروری ہوتا ہے کہ وہ اپنے اقا کو خوش رکھے بسا اوقات افسران کی خوشامد بھی کرنی پڑتی ہے کیونکہ اکثر افسر بھی تو اسی مزاج کے ہوتے ہیں انہیں اپنے ملازم کی خوشامد کرنا پڑتی ہے
6583f7361018bc8341805205,انہیں اپنے افسروں کی خوشامد کرنا پڑتی ہے اس لیے وہ اپنے ماتحتوں سے اسی قسم کی امید رکھتے ہیں اور جو ایسا نہیں کرتا اسے اچھا نہیں سمجھتے ملازمت میں سب سے زیادہ عیب یہ ہے کہ افسر کی ہاں میں ہاں ملانا پڑتی ہے چاہے وہ غلط ہی کیوں نہ کہہ رہا ہو ملازمت میں ضمیر کی اواز کو دبانا پڑتا ہے بعض افسران نیک دل اور خوشی سیرت ہوتے ہیں اور جو خود بھی ایماندار ہوتے ہیں اور اپنے ماتحتوں سے بھی ایمانداری کی توقع رکھتے ہیں وہ اچھے ادمی کی قدر کرتے ہیں اور اگر ملازم اپنا کام نیک نیتی دیانتداری اور محنت سے کرے تو اسے ترقی دے دیتے ہیں اس سے اس کی حوصلہ افزائی ہوتی ہے اور وہ مزید تندہی اور احساس ذمہ داری سے کام کرتا ہے بعض پوسٹیں ایسی ہوتی ہیں جہاں پر عوام سے براہ راست واسطہ پڑتا ہے ایسی جگہوں پر وہ فرائض سر انجام دیے جا سکتے ہیں ایک تو اپنا فرض جس کے ذریعے وہ تنخواہ لیتا ہے دوسرا خدمت خلق مثال کے طور پر ایک ادمی اپ کے پاس کسی مطلب کے لیے اتا ہے لیکن وہ کام اپ کی ڈیوٹی میں شامل نہیں اس کو اپ اگر یہ کہہ دیتے ہیں کہ یہ کام کہ یہ کام میں نہیں کرتا فلاں ادمی کرتا ہے اپ اس کے پاس چلے جائیں تو اپ کی ڈیوٹی ختم ہو جاتی ہے لیکن اگر اپ خود اٹھ کر اس ادمی کے پاس لے جاتے ہیں اور یہ سمجھ کر کہ سائل کمزور ہے بوڑھا ہے یا کسی وجہ سے معذور ہے تو یہ کام خدمت خلق میں شمار ہوگا مزید وہاں جس شخص کے پاس اپ اسے لے جاتے ہیں وہ بے جا تاخیر کرتا ہے مگر اپ کی اس اپ اس معذور کا کام کروانے میں مدد کرتے ہیں تو وہ اپ کو دعائیں بھی دے گا اور اللہ بھی اپ کو اس کا اجر دے گا اس قسم کے کام نیکوکار لوگ ہی کرتے ہیں
6583f8351018bc8341805208,جنون لطیفہ بڑا مبارک ہوتا ہے وہ دن جب کوئی نیا باورچی گھر میں ائے اور اس سے بھی زیادہ مبارک وہ دن جب وہ چلا جائے چونکہ ایسے مبارک دن سال میں کئی بار اتے ہیں اور تلخی کام و دین کی ازمائش کر کے گزر جاتے ہیں اس لیے اطمینان کا سانس لینا بہت شاید صرف دو ہی موقعوں پر نصیب ہوتا ہے اک تیرے انے سے پہلے ایک تیرے جانے کے بعد عام طور سے یہ سمجھا جاتا ہے کہ بد ذائقہ کھانا پکانے کا اونر صرف تعلیمی یافتہ بیگمات کو اتا ہے لیکن ہم اعداد و شمار سے ثابت کر سکتے ہیں کہ پیشاور باورچی اس فن میں کسی سے پیچھے نہیں اصل میں بات یہ ہے کہ ہمارے ہاں ہر شخص یہ سمجھتا ہے کہ اسے ہنسنا اور کھانا اتا ہے اسی وجہ سے پچھلے 100 برس سے یہ فن کوئی ترقی نہیں کر سکا ایک دن ہم نے اپنے دوست مرزا عبدالحدود بیگ سے شکایتا کہا کہ اب وہ خانسامہ جو 70 قسم کے کھانے 70 قسم کی پلاؤ پکا سکتے تھے من حیث الجماعت رفتہ رفتہ ناپید ہوتے جا رہے ہیں جواب میں انہوں نے بالکل الٹی بات کہی کہنے لگے خانسامہ عوانسامہ غائب نہیں ہو رہے بلکہ غائب ہو رہا ہے وہ 70 قسم کے پلاؤ کھانے والا طبقہ جو بٹلر اور خانسامہ رکھتا تھا اور اڑت کی دال میں ڈنر جیکٹ پہن کر کھاتا تھا اب اس وضادار طبقے کے افراد باورچی نوکر رکھنے کی بجائے نکاح ثانی کر لیتے ہیں اس لیے اس لیے گیا گزرا باورچی بھی روٹی کپڑا اور تنخواہ مانگتا ہے جبکہ منکوحہ فقط روٹی کپڑے پر ہی راضی ہو جاتی ہے بلکہ اکثر و بیشتر کھانے اور پکانے کے برتن بھی ساتھ لاتی ہے مرزا اکثر کہتے ہیں کہ خود کام کرنا بہت اسان ہے مگر دوسروں سے کام لینا نہایت دشوار ہے بالکل اسی طرح جیسے خود مرنے کے لیے کسی خاص قابلیت کی ضرورت نہیں پڑتی لیکن دوسروں کو مرنے پر امادہ کرنا بڑا مشکل کام ہے معمولی سپاہی اور جرنیل میں یہی فرق ہے اب اسے ہماری سخت گیری کہیے یا نااہلی یا کچھ اور کہ کوئی خانسامہ ایک ہفتے سے زیادہ نہیں ٹکتا ایسا بھی ہوا کہ ہنڈیا اگر شبراتی نے چڑھائی تو بازار رمضانی نے دیا اور دار بالاخی خان نے بانٹی ممکن ہے مذکور صدر حضرات اپنی صفائی میں یہ کہیں ہم وفادار نہیں تو بھی تو دلدار نہیں
6583f88e1018bc834180520b,لہذا ہم تفصیلات سے اعتراض کریں گے حالانکہ دل ضرور چاہتا ہے کہ ذرا تفصیل سے من جملہ دیگر مشکلات کے اس طرح سے ہمگی کو بیان کریں جو ہمیں اس وقت محسوس ہوتی ہے جب ہم سے ازروئ حساب یہ دریافت کرنے کو کہا جائے کہ اگر ایک نوکر کی 31 دن کی تنخواہ 30 روپے اور کھانا ہے تو نو گھنٹے کی تنخواہ بغیر کھانے کی کیا ہوگی ایسے نازک مواقع پر ہم نے سوال کو اسان کرنے کی نیت سے اکثر یہ معقول تجویز پیش کی کہ اس کو پہلے کھانا کھلا دیا جائے لیکن اول تو وہ اس پر کسی طرح رضامند نہیں ہوتا دم کھانا تیار ہونے تیار ہونے میں ابھی پورا سوا گھنٹہ باقی ہے اور اس سے اپ کو بھی اصول اتفاق ہوگا کہ نو گھنٹے کی اجرت کا حساب سواد گھنٹے کے حساب سواد گھنٹے کے مقابلے میں پھر بھی اسان ہے
6583f9091018bc834180520e,باورچی سے عہد وفا استوار کرنے اور اسے ہمیشہ کے لیے اپنا غلام بنانے کا ڈن کوئی مرزا عبدالودود بیگ سے سیکھے یوں تو ان کی صورت ہی ایسی ہے کہ ہر قسم ناقص کا بے اختیار نصیحت کرنے کو جی چاہتا ہے لیکن ایک دن ہم نے دیکھا کہ ان کا دیرینہ باورچی بھی ان سے ابے تبع کر کے باتیں کر رہا ہے ہماری حیرت کی انتہا نہ رہی کیونکہ شرفا میں یہ انداز گفتگو محض مخلص دوستوں کے ساتھ روا ہے جہلا سے ہمیشہ سنجیدہ گفتگو کی جاتی ہے ہم نے مرزا کی توجہ اس امر کی طرف دلائی تو انہوں نے جواب دیا کہ میں نے جان بوجھ کر اس کو اتنا منظور اور بدتمیز کر دیا ہے کہ اب میرے گھر کے سوا اس کی کہیں اور گزر نہیں ہو سکتی
6583f9461018bc8341805211,کچھ دن ہوئے ایک مڈل فیل خانسامہ ملازمت کی تلاش میں ان نکلا اور اتے ہی ہمارا نام اور پیشہ پوچھا پھر سابق خانساموں کے پتے دریافت کیے نیز یہ کہ اخری خانسامہ نے ملازمت کیوں چھوڑی باتوں باتوں میں انہوں نے یہ اندیہ بھی لینے کی کوشش کی کہ ہم ہفتے میں کتنی دفعہ باہر مدعو ہوتے ہیں اور باورچی خانے میں چینی کے برتنوں کے ٹوٹنے کی اواز سے ہمارے اعصاب اور اخلاق پر کیا اثر مرتب ہوتا ہے ایک شرط انہوں نے یہ بھی لگائی کہ اگر اپ گرمیوں کی چھٹیوں میں پہاڑ پر جائیں گے تو پہلے پہلے عوضی مالک پیش کرنا پڑے گی
6583f9931018bc8341805214,کافی ردوکت کے بعد ہمیں یوں محسوس ہونے لگا جیسے وہ ہم میں وہی خوبیاں تلاش کر رہے ہیں جو ہم ان میں ڈھونڈ رہے تھے کہ انکھ میں چولی ختم ہوئی اور کام کے اوقات کا سوال ایا تو ہم نے کہا کہ اصولا ہمیں محنتی ادمی پسند ہے خود بیگم صاحبہ صبح پانچ بجے سے رات کے 10 بجے تک گھر کے کام کاج میں لگی رہتی ہیں کہنے لگے صاحب ان کی بات چھوڑیے وہ گھر کی مالک ہیں میں تو نوکر ہوں ساتھ ہی ساتھ انہوں نے یہ وضاحت بھی کر دی کہ برتن نہیں مانوں گا جھاڑو نہیں دوں گا ایس ٹرے صاف نہیں کروں گا میز نہیں لگاؤں گا دعوتوں میں ہاتھ نہیں دلواؤں گا ہم نے گھبرا کر پوچھا پھر کیا کرو گے یہ تو اپ بتائیے کام اپ کو لینا ہے میں تو تابدار ہوں جب سب باتیں حسب منشاؤ ضرورت ضرورت ہماری منشا ان کی طے ہو گئی تو ہم نے ڈرتے ڈرتے کہا کہ بھئی سودا سلف لانے کے لیے فی الحال کوئی علیحدہ نوکر نہیں ہے اس لیے کچھ دن تمہیں سودا بھی لانا پڑے گا تنخواہ طے کر لو فرمایا جناب تنخواہ کی فکر نہ کیجئے پڑھا لکھا ادمی ہوں کم تنخواہ میں بھی خوش رہوں گا
6583f9ed1018bc8341805217,پھر بھی کہنے لگے 75 روپے ماہوار ہوگی لیکن اگر سودا بھی مجھی کو لانا پڑا تو 40 روپے ہوگی ان کے بعد ایک ڈنگ کا باورچی ایا مگر بے حد مگر بے حد دماغدار معلوم ہوتا تھا ہم نے اس کا پانی اتارنے کی غرض سے پوچھا مغلئی اور انگریزی کھانے اتے ہیں ہر قسم کا کھانا پکا سکتا ہوں حضور کی اس علاقے سے تعلق تھا ہم نے صحیح صحیح بتا دیا جومی تو گئے کہنے لگے میں بھی تو ایک سال ادھر کاٹ چکا ہوں وہاں کے باجرے کی کھچڑی کی تو دور دور تک دھوم ہے مزید جرا کی مزید جرا کی ہم میں تاب نہ تھی لہذا انہوں نے اپنے اپ کو ہمارے ہاں ملازم رکھ لیا دوسرے دن پڈنگ بناتے ہوئے انہوں نے یہ انکشاف کیا کہ میں نے 12 سال انگریزوں کی جوتیاں سیدھی کی ہیں اس لیے اکمو بیٹھ کر چولہا نہیں جھونکوں گا مجبورا کھڑے ہو کر پکانے کا چولہا بنوایا ان کے بعد جو خانسامہ ایا اس نے کہا میں چپاتیاں بیٹھ کر پکاؤں گا مگر برادے کی انگیٹھی پر چنانچہ لوہے کی انگیٹھی بنوائی تیسرے کے لیے چکنی مٹی کا چولہا بنوانا پڑا چوتھے کے مطالبے پر مٹی کے تیل کے چلنے والا چولہا بنا مٹی کے تیل سے جلنے والا چولہا خریدا اور پانچواں خانسامہ اتنے سارے چولہے دیکھ کر ہی بھاگ گیا
6583fa351018bc834180521a,اس ظالم کا نام یاد نہیں ارہا البتہ سورۃ اور خدوخال اب تک یاد ہیں ابتدائے ملازمت سے ہم دیکھ رہے تھے کہ وہ اپنے ہاتھ کا پکا ہوا کھانا نہیں کھاتا بلکہ پابندی سے ملواری ہوٹل میں اکڑو بیٹھ کر دو پیسے کی چٹپٹی دال اور ایک انے کی تندوری روٹی کھاتا ہے اخری ایک دن ہم سے نہ دیکھا گیا اور ہم نے ذرا سختی سے ٹوکا کے گھر کا کھانا کیوں نہیں کھاتے تنک کر بولا صاحب ہاتھ بیچا ہے زبان نہیں بیچی اس نے نہایت مختصر مگر غیر مہم الفاظ میں یہ واضح کر دیا کہ اگر اسے اپنے ہاتھ کا پکا ہوا کھانا کھانے پر مجبور کیا گیا تو وہ فورا استعفی دے دے گا اس کے رویے سے ہمیں بھی شبہ ہونے لگا کہ واقعی خراب کھانا پکاتا ہے نیز ہم اس منطقی نتیجے پر پہنچے کہ دوزخ میں گنہگار عورتوں کو ان کے اپنے پکائے ہوئے سالن زبردستی کھلائے جائیں گے اسی طرح ریڈیو والوں کو فرشتے اتشی گروز مار مار کر بار بار ان کی انہی کے نشر کیے ہوئے پروگراموں کے ریکارڈ سنائیں گے
6583fa9f1018bc834180521d,ہم کھانے کے شوقین ہیں خوشامد کے بھوکے نہیں گو اس سے انکار نہیں کہ اپنی تعریف سن کر ہمیں ہمیں بھی اپنا بنیان تنگ معلوم ہونے لگتا ہے ہم نے کبھی یہ توقع نہیں کی کہ باورچی پکانے کی بجائے ہمارے گن گاتا رہے لیکن اس کا یہ مطلب بھی نہیں کہ وہ 24 گھنٹے اپنے مرحوم اور سابق احکام کا کلمہ پڑھتا رہے جبکہ اس توصیف کا اصل مقصد ہمیں جلانا اور ان خوبیوں کی طرف توجہ دلانا ہو جو ہم میں نہیں اکثر اوقات بے تحاشہ جی چاہتا ہے کہ کاش ہم بھی مرحوم ہوتے تاکہ ہمارا ذکر بھی اتنا ہی پیار سے ہوتا بعض نہایت قابل باورچیوں کو محض اس دور اندیشی کی بنا پر علیحدہ کرنا پڑا کہ ائندہ وہ کسی اور کا نماز کھا کر ہمارے حق میں پروپیگنڈا کرتے رہیں جو شخص بھی اتا ہے یہی دعوی کرتا ہے کہ اس کے ثابت اقا نے اسے سیاہ و سفید کا مالک بنا رکھا تھا یہاں یہ بتانا بے محل نہ ہوگا کہ اصولی طور پر ہم خود بھی ہمیشہ دوسروں پر بھروسہ کرتے ہیں لیکن ریزگاری ضرور گن لیتے ہیں ایک خانسامہ نے ہمیں مطلع کیا کہ اس کا پچھلا ساب اس قدر شریف ادمی تھا کہ ٹھیک سے گالی تک نہیں دے سکتا تھا
6583fad91018bc8341805220,ہم نے جل کر کہا کہ پھر تم نے نوکری کیوں چھوڑی تڑپ کر بولے کون کہتا ہے خدا بخش نے نوکری چھوڑی قصہ دراصل یہ ہے کہ میری پانچ مہینے کی تنخواہ چڑھ گئی تھی اور اب اس سے کیا پردہ اب اپ سے کیا پتہ سچ تو یہ ہے کہ ان کے گھر کا خرچ بھی میں رکھ دیا اخبار اور بیر کی خالی بوتلیں بیچ کر چلا رہا تھا انہوں نے کبھی حساب نہیں مانگا پھر انہوں نے ایک دن میری صورت دیکھ کر کہا کہ خدا بخش تم بہت تھک گئے ہو دو دن کی چھٹی کرو اور اپنی صحت بناؤ دو دن بعد جب میں صحت بنا کر لوٹا تو گھر خالی پایا پڑوسیوں نے بتایا کہ تمہارا صاحب تو پرسوں ہی سارا سامان باندھ کر کہیں اور چلا گیا یہ قصہ سنانے کے بعد اس نمک حلال نے ہم سے پیشگی تنخواہ مانگی تاکہ اپنے سابق اغا کے مکان کا کرایہ ادا کر سکے
6583fb251018bc8341805223,گزشتہ سال ہمارے حال پر رحم کھا کر ایک کرم فرمانے ایک تجربہ کار باورچی بھیجا جو ہر علاقے کے کھانے پکانا جانتا تھا ہم نے کہا کہ بھئی اور تو سب ٹھیک ہے مگر تم ساتھ مہینے میں 10 ملازمتیں چھوڑ چکے ہو یہ کیا بات ہے کہنے لگے صاحب اج کل وفادار مالک کہاں ملتا ہے اس ستم اجازت کی بدولت بر صغیر کے ہر خطے بلکہ ہر تحصیل کے کھانے کی خوبیاں اس ہیش مدا پمبا پمبہ دہا کے دسترخوان پر سمٹ کر اگئی مثلا دوپہر کے کھانے پر دیکھا کہ شوربے میں مسلم کیری حج کولے لے رہی ہے اور سالن اس قدر ترش ہے کہ انکھیں بند ہو جائیں اور اگر بند ہو تو پٹ کھل جائیں پوچھا تو انہوں نے اگاہی بخشی کہ دکن میں روسا کھٹا سالن کھاتے ہیں اور ہم یہ سوچتے ہی رہ گئے کہ اللہ جانے بقیہ لوگ کیا کھاتے ہوں گے
6583fb901018bc8341805226,اسی دن شام کو ہم نے گھبرا کر پوچھا کہ دال میں پرانے جوتوں کی سیمو کیوں ارہی ہے جواب میں انہوں نے ایک دھواں دار تقریر کی جس کا لب لباب یہ تھا کہ مارواڑی سیٹوں کے پھلنے پھولنے اور پھیلنے کا راز ہین میں مزمل ہے اور دوسرے دن جب ہم نے دریافت کیا کہ بندہ خدا یہ چپاتی ہے یا دسترخوان تو ہنس کر بولے کہ وطن معلوم میں روٹی کے حدود حربے حدود روٹی کے حدود اربے یہی ہوتے ہیں اخر کئی فاقوں کے بعد ایک دن ہم نے بنظر حوصلہ افزائی کہا اج تم نے چاولوں کا اچار بہت اچھا بنایا ہے دہکتے ہوئے توے سے بیڑی سلگاتے ہوئے بولے بندہ پروری ہے کاٹیا واڑی پلاؤ میں کورمے کے مصالحے بڑھتے ہیں خوب مگر یہ خورمے کا مزہ تو نہیں وہاں قورمے میں اچار کا مصالحہ ڈالتے ہیں پھر ایک دن شام کو پھر ایک دن شام کے کھانے پر مرزا نے ناک سکیڑ کر کہا میاں کیا کھیر میں کھٹ ملوں کا بگار دیا ہے سفید دیوار پر کوئلے سے مسودے کا حساب لکھتے ہوئے عقارت سے بولے اپ کو معلوم نہیں شاہان شاہان اود لگی ہوئی فیرمی کھاتے تھے مگر تم نے دیکھا کیا انجام ہوا عورت کی سلطنت کا مختصر یہ کہ ڈیڑھ مہینے تک وہ صبح و شام ہمارے ناپخت ذوق ذوق و ذائقے کو سنوارتا اور مشروبات و معقولات سے وسیع المشربی کا درس دیتا رہا اخر اخر میں نے مرزا کو شبہ اخر اخر میں اخر اخر میں مرزا کو شبہ ہو چلا تھا کہ وہ غیر ملکی ایجنٹ ہے جو سالن کے ذریعے صوبائی غلط فہمیاں پھیلا رہا ہے
6583fbcf1018bc8341805229,اگر اپ کو کوئی کھانا بے حد مرغوب ہے جو چھڑائے نہیں چھوٹتا تو تازہ واردا نے بساط متبہ اس مشکل کو فورا اسان کر دیں گے اشیائے خردنی اور انسانی معدے کے ساتھ بھرپور تجربے کرنے کی جو ازادی باورچیوں کو حاصل ہے وہ نئی کیمیابی اجازت کی ضامن ہے مثال کے طور پر ہمیں بھنڈی بہت پسند ہے لیکن 10 گھنٹے قبل یہ منکشف ہوا کہ اس نبات تازہ کو ایک خاص درجہ حرارت پر پانی کی مقررہ مقدار میں جس کا علم صرف ہمارے باورچی کو ہے میٹھی انچ پر پکایا جائے تو اس مرکب سے دفتروں میں لفافے اور بد لگام افسروں کے منہ ہمیشہ کے لیے بند کیے جا سکتے ہیں
6583fc0b1018bc834180522c,انہی حضرت نے گزشتہ جمعرات کو سارا گھر سر پر اٹھا رکھا تھا ہم نے بچی کو بھیجا کہ اس سے کہو مہمان بیٹھے ہیں اس وقت سلی گھٹنے کی ضرورت اس وقت سلکھوٹنے کی ضرورت نہیں اس نے کیلا بھیجا کہ ہم انہی مہمانوں کی تواضع کے لیے سل پر کبابوں کا قیمہ پیس رہے ہیں تھوڑی دیر بعد ہم نے کباب منہ میں رکھا تو محسوس ہوا گویا چٹپٹا ریگمال کھا رہے ہیں اور ہمیں رہ رہ کر مرزا پر شک مرزا پر رشک انے لگا کہ وہ مصنوعی بھتیسی لگائے بے خبر بیٹھے کھا رہے بے خبر بیٹھے کھا رہے تھے اور ہماری طرح کرکرا محسوس کر کے لال پیلے نہیں ہوئے صبح تک سب کو پیچش ہو گئی صرف ہمیں صرف ہمیں نہیں ہوئی اور ہمیں اس لیے نہیں ہوئی کہ ہم پہلے ہی اس میں مبتلا تھے
6583fc981018bc834180522f,یہ بات نہیں کہ خدانخواستہ ہم بیماری اور موت سے ڈرتے ہیں ہم تو پرانی چال کے ادمی ہیں اس لیے نئی زندگی سے زیادہ خوف کھاتے ہیں موت برحق ہے اور ایک نہ ایک دن ضرور ائے گی بات صرف اتنی ہے کہ اسے بلانے کے لیے ہم اپنی نیک کمائی میں سے 50 60 روپے ماہوار خرچ نہیں کرنا چاہتے ہم کسی مرض نہ شناس حکیم کے ہاتھوں مرنے پر بھی چندہ اعتراض نہ ہوگا لیکن ہم کسی صورت خانسامہ کو بالاخسار قبض کرنے کا اختیار نہیں دینا چاہتے کہ یہ صرف حکیم ڈاکٹروں کا حق ہے بیماری کا ذکر بیماری کا ذکر چل نکلا تو اس قوی ہیکل باورچی کا قصہ بھی سن لیجئے جس کو ہم سب اغا کہا کرتے تھے اغا اس لیے کہا کرتے تھے کہ وہ سچ مچ اغا تھے ان کا خیال اتے ہی معدے میں مہتابیاں سیجر اٹھتی ہیں دادا میں ودا ان کے کھانے پکانے ان کا کھان ان کے کھانا پکانے اور کھلانے کا انداز وہی رہا جو ملازمت سے پہلے ہی بیچنے کا ہوتا تھا یعنی ڈرا دھمکا کر اس کی خوبیاں منوا لیتے تھے بالعموم صبح ناشتے کے صغوں ناشتے کے بعد سو کر اٹھتے تھے کچھ دن ہم نے صبح تڑکیں جگانے کی کوشش کی لیکن جب انہوں نے نیند کی اڑ میں ادھا پائی کرنے کی کوشش کی تو ہم نے بھی ان کی اصلاح کا خیال ترک کر دیا اس سے قطع نظر وہ کافی تابعدار تھے تابعدار سے ہماری مراد یہ ہے کہ کبھی وہ پوچھتے کہ چائے لاؤں اور ہم تکلفت کہتے کہ جی جی چاہے تو لے اؤ ورنہ نہیں تو کبھی واقعی لے اتے اور کبھی نہیں ملاتے تھے جس دن جس دن سے انہوں نے باورچی خانہ سنبھالا گھر میں حکیم ڈاکٹروں کی ریل پیل ہونے لگی یوں بھی ان کا پکایا ہوا کھانا دیکھ کر سر اپنا پیٹنے کو جی چاہتا تھا اپنا اس لیے کہ حالانکہ ہم سب ہی کے سب ہی ان کے کھانوں سے عاجز تھے لیکن کسی کی سمجھ میں نہیں اتا تھا کہ ان کو کیوں کر پرامن طریقے سے رخصت کیا جائے ان کو نوکر رکھنا ایسا ہی ثابت ہوا جیسے کوئی شیر ببر پر سوار تو ہو جائے لیکن اترنے کی ہمت نہ رکھتا ہو
6583fd0e1018bc8341805232,ایسی ہی ایک اور دعوت کا ذکر ہے جس میں چند احباب اور افسران بالادست مدعو تھے نئے خانسامہ نے جو کورمہ پکایا اس میں شوربے کا یہ عالم تھا کہ ناک پکڑ کے غوطہ لگائیں تو شاید کوئی بوٹی ہاتھ ا جائے اکا دکا کہیں نظر ا بھی جاتی تو کچھ اس طرح کے صاف چھپتی ہوئی نہیں سامنے اتی بھی نہیں اور یہ بسا غنیمت تھا کیونکہ مہمان کے منہ میں پہنچنے کے بعد غالب کے الفاظ میں یہ کیفیت تھی کھینچتا کھینچتا ہے جس قدر اتنی ہی کھنچتی جائے ہے دوران ضیافت احباب نے باکمال سنجیدگی مشورہ دیا کہ ریفریجریٹر خرید لو روز روز کی جھگ جھگ سے نجات مل جائے گی بس ایک دن لذیذ کھانا پکوا لو اور ہفتے پر ٹھاٹ سے کھاؤ اور کھلاؤ قصوں پر ریفریجریٹر خریدنے کے بعد ہمیں واقعی بڑا فرق محسوس ہوا وہ فرق یہ ہے کہ پہلے جو بد مزہ کھانا صرف ایک ہی وقت کھاتے تھے اب اسے ہفتے بھر کھانا پڑتا ہے ہم نے اس عذاب مسلسل کی شکایت کی تو وہی احباب تلقین فرمانے لگے جب خرچ کیا ہے صبر بھی کر اس میں تو یہی کچھ ہوتا ہے کل پھر مرزا نے اپنی گونا گو مشکلات کا ذکر کیا تو کہنے لگے یہ الجھنیں اپ نے اپنے چٹور پن سے خوامخواہ پیدا کر رکھی ہیں ورنہ سادہ غذا اور اعلی خیالات سے یہ مسئلہ کبھی کا خود بخود حل ہو گیا ہوتا یہی ائین قدرت ہے اور یہی ازاد تہذیب کی اساس بھی اپ نے مولوی اسماعیل میٹھی کا وہ پاکیزہ شیئر نہیں نہیں پڑھا ملے خشک روٹی جو ازاد رہ کر تو وہ خود تو وہ خوف وہ خوف و ذلت کے حلوے سے بہتر
6583fd471018bc8341805235,اور اس کیا مجھے کسی کے ازاد رہنے پر خواہ وہ شاعر ہی کیوں نہ ہو کوئی اعتراض نہیں لیکن اس شعر پر مجھے عرصے سے یہ اعتراض ہے کہ اس میں ازادی سے زیادہ خشک روٹی کی تعریف کی گئی ہے ممکن ہے عمدہ غذا اعلی تہذیب کو جنم نہ دے سکے لیکن اعلی تہذیب کبھی خراب غذا برداشت نہیں کر سکتی فرمایا برداشت کی ایک ہی رہی خراب کھانا کھا کے بد مزہ نہ ہونا یہی شرافت کی دلیل ہے گزارش کی مردانگی تو یہ ہے کہ ادمی عرصے تک عمدہ غذا کھائے اور شرافت کے جامعے سے باہر نہ ہو مشتعل ہو گئے بجا لیکن یہ کہا کہ شرافت ہے کہ ادمی اٹھتے بیٹھتے کھانے کا ذکر کرتا رہے برا نہ مانیے اپ کے بعض مضامین کسی بگڑے ہوئے شاہی رکاب دار کی خاندانی بایاز معلوم ہوتے ہیں جمعیت و کم پڑھی لکھی عورتیں بڑے شوق سے پڑھتی ہیں
6583fdb31018bc8341805238,ہم نے ٹوکا اپ بھول رہے ہیں کہ فرانس میں کھانا کھانے اور پکانے کا شمار فنون لطیفہ میں ہوتا ہے وہ بگڑ گئے مگر اپ نے تو اسے جنون لطیفہ کا درجہ دے رکھا ہے اگر اپ واقعی اپنی بے قصور قوم کی اصلاح کے در پہ ہیں تو کوئی کام کی بات کیجئے اور ترقی کی راہیں سجائیے مزہ لینے کی خاطر چھیڑا ایک دفعہ تو قوم کو اچھا پہننے اور چسکا لگ گیا تو ترقی کی راہیں خود بخود سود جائیں گی گاندھی جی کا قول ہے کہ جس دیس میں لاکھوں ادمیوں کو دو وقت کا کھانا نصیب نہ ہوتا ہو وہاں بھگوان کی بھی ہمت نہیں ہوتی کہ اندازہ کے سوا کسی اور روپ میں سامنے ا سکے بھوکے کے لیے بوجا نہیں بھگوان کا اوتار ہے اور قطع کلامی کی معافی مانگے بغیر بولے مگر وہ تو بکری کا دودھ اور کھجور کھاتے تھے اور اپ فن غذا شناسی کو فلسفہ خدا شناسی سمجھ بیٹھے ہیں خود اپ کے محبوب یونانی فلسفی جو بھرپور زندگی کے قائل تھے دماغ سے محسوس کرتے اور دل سے سوچتے تھے مگر اپ تو معدے سے سوچتے ہیں دیکھا جائے تو اپ اج بھی وہی مشورے دیتے ہیں جو ملکہ میری انتونیت نے جو ملکہ میری انتونیت میں دیا تھا ایک درباری نے جب اس کے گوش گزار کیا کہ روٹی نہ ملنے کے سبب ہزاروں انسان پیرس کی گلیوں میں دم توڑ رہے ہیں تو تو اس نے حیرت سے پوچھا کہ یہ احمق کیک کیوں نہیں کھاتے
6583fe101018bc834180523b,چارپائی اور کلچر ایک فرانسیسی مفکر کہتا ہے کہ موسیقی میں مجھے جو بات پسند ہے وہ دراصل وہ حسین خواتین ہیں جو اپنی ننھی ننھی ہتھیلیوں پر تھوڑیاں رکھ کر اسے سنتی ہیں یہ قول میں نے اپنی بریت میں اس لیے نقل نہیں کیا کہ میں جو قوالی سے بیدار ہوں تو اس کی اصل وجہ وہ بزرگ ہیں جو محفل سما کو رونق بخشتے ہیں اور نہ میرا یہ دعوی ہے کہ میں نے پیانو اور پلنگ کے درمیان کوئی ثقافتی رشتہ دریافت کر لیا ہے حالانکہ میں جانتا ہوں کہ پہلی بار باندھ کی کھری چارپائی کی چرچراہٹ اور اون کا تناؤ دیکھ کر اور ادوان کا اور ادوان کا تناؤ دیکھ کر بعض نوواری سیا اسے سراننگی کے قبیل کا ایشیائی ساتھ سمجھتے تھے ساتھ اے سی ایشیائی ساج سمجھتے ہیں کہنا یہ تھا کہ میرے نزدیک چارپائی کی دلکشی کا سبب وہ خوش باش لوگ ہیں جو اس پر اٹھتے بیٹھتے اور لیٹتے ہیں اس کے متعلق سے شخصی اور قومی مزاج کے پرکھنے میں مدد ملتی ہے اس لیے کسی شخص کی شائستگی اور شرافت کا اندازہ اپ صرف اس سے لگا سکتے ہیں کہ وہ فرصت کے لمحات میں کیا کرتا ہے اور رات کو کس قسم کے خواب دیکھتا ہے
65852bf9476d1b8216fc912f,اپ وہ عظیم انسان ہیں جس سے زیادہ کسی کی تعریف نہیں کی گئی
6585390580ed281faaef5ffe,یہ سبزہ زار اور یہ سمردار پودے اور درخت یہ سمندر یہ پہاڑ یہ جن و بشر یہ چرند یہ پرند یہ زمین و اسماں اور یہ سب نعمت نعمتیں اخر کس نے پیدا کی ہیں
6585390780ed281faaef6002,یہ سبزہ زار اور یہ سمردار پودے اور درخت یہ سمندر یہ پہاڑ یہ جن و بشر یہ چرند یہ پرند یہ زمین و اسماں اور یہ سب نعمت نعمتیں اخر کس نے پیدا کی ہیں
658706efc703f6640745cae6,عنوان سب سے بڑا ہے میرا خدا
658706f1c703f6640745caea,عنوان سب سے بڑا ہے میرا خدا
658706f22f184675ed9abd01,عنوان سب سے بڑا ہے میرا خدا
658706f378701caea7830b99,عنوان سب سے بڑا ہے میرا خدا
6587a9fb6b2acbf907b0ef9c,عنوان سب سے بڑا ہے میرا خدا
6587a9fcc320c6a6944751a2,عنوان سب سے بڑا ہے میرا خدا
6588f4f1ef8471196c2a30cb,عنوان سب سے بڑا ہے میرا خدا
6588f4f26889f8c5ab22739a,عنوان سب سے بڑا ہے میرا خدا
6588f4f3ef8471196c2a30cf,عنوان سب سے بڑا ہے میرا خدا
6588f4f46889f8c5ab22739e,عنوان سب سے بڑا ہے میرا خدا
6588f4f26e5078d829a026a9,عنوان سب سے بڑا ہے میرا خدا
6588f4f438b99b7b2c7e4d6f,عنوان سب سے بڑا ہے میرا خدا
6588f4f48331441f8255ba9d,عنوان سب سے بڑا ہے میرا خدا
6588f5588331441f8255baa1,صفات انت سے باہر پے ذات میں تنہا ازل سے تابہ ابد تیری شان ہے یکتا
6588f98efec0a392107baf6f,دنیا میں طاقتور بھی ہیں اور زور اور بھی ہیں حاکم بھی ہیں اور بادشاہ اور شہنشاہ بھی لیکن یہ کسی نہ کسی مقام پر مجبور و محکوم ہیں اور کسی بڑی طاقت کی احتیاط ان کی ضرورت ہے
6588f9ddfec0a392107baf73,یہ بڑی طاقت خداوند تعالی کی ہے جس نے ان سب کو پیدا کیا ہے جو ان سب کی ضرورتیں پوری کرتا ہے جو ان سب کو رزق دیتا ہے اور ان سب پر قدرت کاملہ رکھتا ہے
6588fa4efec0a392107baf76,خدا تعالی اتنا بڑا ہے کہ ہم اسے احاطہ تحریر میں لا ہی نہیں سکتے وہ لامحدود ہے اور اتنی عظمت والا ہے کہ اس کی عظمت کلی بیاں کرنا ہمارے بس کی بات ہی نہیں وہ حاکموں کا حاکم ہے قادر مطلق ہے زندہ کو مردہ کر سکتا ہے مردہ کو زندہ کر سکتا ہے بیمار کو صحت دے سکتا ہے اور صحت مند کو بیمار کر سکتا ہے وہ رات کو دن اور دن کو رات بنا سکتا ہے اگر وہ چاہے تو سورج مشرق کی بجائے مغرب سے طلوع ہو سکتا ہے وہ دریاؤں کے رخ کو موڑ سکتا ہے گویا کائنات کے ہر ذرے پر اس کی حاکمیت ہے اور اس کی مرضی کے بغیر کچھ بھی نہیں ہو سکتا
6588fc3b96b52e67a200c815,صفات انت سے باہر بے ذات میں تنہا ازل سے تابہ ابد تیری شان ہے یکتا
6588fc3dde3f58dfdf4cc876,صفات انت سے باہر بے ذات میں تنہا ازل سے تابہ ابد تیری شان ہے یکتا
6588fcdede3f58dfdf4cc87a,عنوان سب سے بڑا ہے میرا خدا
658902bb8d6d1aebc190f13f,خدائے ذوالجلال ایک ہے اس کی ذات وحدہ لا شریک ہے نہ اسے کسی نے جنا ہے نہ وہ کسی سے جنا گیا ہے کسی نے اسے نہیں بنایا اس کی وسیع ترین سلطنت میں اس کے اختیارات میں کوئی مداخلت نہیں کر سکتا اس کے کاموں میں کسی کی شراکت نہیں کائنات میں جو کچھ بھی ہے اسی ایک خدا کا ہے اور اسی کے ماتحت ہے اور ہر عمل اسی کے حکم سے ہوتا ہے اس کے اگے تمام طاقتیں ہیچ ہیں بادشاہ و گدا سب اسی کے اگے جھکتے اور اسی کے در سے مانگتے ہیں
658903078d6d1aebc190f143,اسلام کا پہلا رکن کلمہ طیبہ ہے کلمہ پڑھ کر ہم یہ اعتراف کرتے ہیں کہ خدا ایک ہے اور محمد صلی اللہ علیہ والہ وسلم اس کے رسول ہیں اس میں ہم محض خدا کی وحدانیت کا اعتراف ہی نہیں کرتے بلکہ یہ بھی تسلیم کرتے ہیں کہ وہی ساری کائنات کا حاکم اور مالک ہے کائنات کو پیدا کرنے والا بھی وہی اور رزق دینے والا بھی وہی ہے اس کی صفات معبودیت میں کوئی اس کا شریک نہیں
6589077b176d8b9b2e36e01f,یہ ساری کائنات بلا شرکت غیر اسی کی ہے نہ تو اس کا کوئی ثانی ہے اور نہ ہی ایسا ہونا ممکن ہے وہ نہ صرف ہمیشہ سے ہے اور ہمیشہ رہے گا بلکہ ہمیشہ ایک ہے اور ہمیشہ ایک ہی رہے گا
6589077caee3182817163bf2,یہ ساری کائنات بلا شرکت غیر اسی کی ہے نہ تو اس کا کوئی ثانی ہے اور نہ ہی ایسا ہونا ممکن ہے وہ نہ صرف ہمیشہ سے ہے اور ہمیشہ رہے گا بلکہ ہمیشہ ایک ہے اور ہمیشہ ایک ہی رہے گا
658907caaee3182817163bf6,نہ اس کا کوئی شریک ہوا ہے اور نہ کبھی ہوگا جو شخص خدا تعالی کو نہیں مانتا وہ لمحہ کہلاتا ہے لیکن حقیقت میں وہ بھی خدا کی طاقت سے انکار نہیں کر سکتا اپ کسی معمولی طاقتور ادمی کی مثال دے کر اس سے سوال کریں کہ کیا اس طاقتور ادمی سے بھی کوئی اور طاقتور ہو سکتا ہے تو اس کا جواب ہوگا ہاں اسی طرح سے پوچھتے جائیے کہ اس سے زیادہ طاقت والا کون ہے اور پھر اس سے زیادہ طاقتور کون ہے اخر کار سے ایک سب سے طاقتور ہستی کا قائل ہونا ہی پڑے گا بس یہی خدا تعالی ہے جس سے زیادہ طاقتور کوئی ہو ہی نہیں سکتا
6589086faee3182817163bf9,اسی طرح بڑائی اور عظمت کو لے لیں اج تک یہ ثابت نہیں ہو سکا کہ کوئی سیارہ کائنات میں سب سے بڑا ہے اور اس کا نظام بغیر کسی اعلی طاقت کے از خود چل رہا ہے یا کائنات میں کوئی ایسی شے موجود ہے جو سب سے بڑی بھی ہے اور وہ اپنے سے بڑی کسی طاقت کی محتاج نہیں ایک زمانہ تھا کہ انسان نے سمجھا کہ سورج کائنات میں سب سے بڑا ہے اور انہوں نے اسے خدا بھی مانا لیکن یہ حقیقت نہیں تھی اور وقت نے ثابت کر دیا کہ یہ خیال بالکل غلط اور حقیقت کے خلاف ہے اور سورج تو خود ایک بہت بڑے نظام کا ایک جزو ہے
658908b8aee3182817163bfc,جسے کوئی بہت بڑی ہستی چلاتی ہے تب اس نے سمجھ لیا کہ جب سورج خود کسی کا محتاج ہے اور نہ تو از خود پیدا ہوا اور نہ ہی اپنے بل پر قائم ہے تو وہ خدا کیسے ہو سکتا ہے خدا تو وہ ہے جو طاقت میں بھی سب سے بڑا ہو عظمت میں بھی سب سے بڑا ہو اور ہر چیز پر قدرت بھی رکھتا ہو وہ ہر چیز کو پیدا کرنے والا ہو اور ہر ایک تو اس کا محتاج ہو مگر وہ کسی کا محتاج نہ ہو
65890947aee3182817163bff,یہ سبزہ زار اور یہ سمردار پودے اور درخت یہ سمندر یہ پہاڑ یہ جنو بشر یہ چرند یہ پرند یہ زمین و اسماں اور یہ سب نعمتیں اخر کس نے پیدا کی ہیں یہ سب کچھ از خود تو پیدا نہیں ہو سکتا اگر کوئی یہ کہے کہ جس طرح خودکار مشین کام کرتی ہے یہ بھی اسی طرح پیدا ہوتے رہتے ہیں اور ختم ہوتے رہتے ہیں تو دیکھنا یہ ہے کہ کمال اس مشین کا نہیں جو خود کار ہے بلکہ اس کا کمال ہے جس نے اس مشین میں خود کاری کی صفت پیدا کی ہے
65890a27aee3182817163c02,اگر کوئی نظام ایک اصول اور قاعدے کے مطابق چل رہا ہے مثال کے طور پر سورج مشرق سے نکلتا ہے اور مغرب میں غروب ہو جاتا ہے اور ایسا کبھی نہیں ہوتا کہ سورج مغرب سے نکلنے لگے اور مشرق میں ڈوبنے لگے تو صاف ظاہر ہے کہ کوئی ایسی ہستی بھی ہے جو اس نظام کو چلا رہی ہے اور اس کی مرضی کے بغیر کوئی بھی نظام اپنی مرضی سے نہیں چل سکتا
65890a61aee3182817163c05,وہ ہستی خدا تعالی ہے سارا نظام اس کی مرضی سے چل رہا ہے سب کچھ اسی کے حکم کے تحت ہو رہا ہے یہ ہستی یعنی خدا تعالی جو ہر چیز کا پیدا کرنے والا بھی ہے اور اس کا مالک بھی ہے ہم سب اس کے بندے ہیں اور اسی کو عبادت کے لائق سمجھتے ہیں
65890b0aaee3182817163c08,حقیقت یہ ہے کہ خدا ہے ایک ہے اور سب سے بڑا ہے وہ سب کا پیدا کرنے والا ہے ہمیں زیب نہیں دیتا کہ ہم اس کی نعمتیں بھی کھائیں اور ناشکری بھی کریں ہمارا خدا قادر مطلق ہے اور ہمیں اس کے اگے ایک دن جوابدہ بھی ہونا ہے ہمیں سے ڈرنا چاہیے اور جن کاموں سے اس نے ہمیں منع کیا ہے انہیں ترک کر دینا چاہیے اور جو کچھ کرنے کا حکم دیا ہے وہ کرنا چاہیے اسی میں ہماری فلاح ہے اور یہی عبدیت کا تقاضا ہے
65890bb2aee3182817163c0b,خاتم النبیین حضرت محمد مصطفی صلی اللہ علیہ والہ وسلم
65890bc8aee3182817163c0e,وہ شمع اجالا جس نے کیا 40 برس تک غاروں میں ایک روز چمکنے والی تھی کل دنیا کے درباروں میں
65890bf8aee3182817163c11,اس کائنات میں حضور سرور کائنات خاتم النبیین حضرت محمد مصطفی صلی اللہ علیہ والہ وسلم کی حیثیت بے مثال افتاب درخشاں کی ہے جو غار حرا سے طلوع ہوا اور ساری کائنات پر چھا گیا اپ صلی اللہ علیہ والہ وسلم کائنات کی عظیم ترین شخصیت ہیں جس کی نذیر ازل سے ابد تک ممکن نہیں
658a3d198fdece1142290f37,عنوان خاتم النبیین حضرت محمد مصطفی صلی اللہ علیہ والہ وسلم
658a3dc98fdece1142290f3b,اس کائنات میں حضور سرور کائنات خاتم النبیین حضرت محمد مصطفی صلی اللہ علیہ والہ وسلم کی حیثیت بے مثال افتاب درخشاں کی ہے جو غار حرا سے طلوع ہوا اور ساری کائنات پر چھا گیا اپ صلی اللہ علیہ والہ وسلم کائنات کی عظیم ترین شخصیت ہیں جس کی نظیر ازل سے ابد تک ممکن نہیں
658a42611ac1e0a5a46acabb,اپ صلی اللہ علیہ والہ وسلم بے مثل نیر اعظم ہیں جس طرح سورج نکلتا ہے تو موجودات عالم کی ہر چیز کو روشن کر دیتا ہے اسی طرح اسمان روحانیت کا نیر اعظم انسانوں کے قلب و نظر کو منور کر رہا ہے اس نیر درخشہ نے کفر و ذلالت کی تاریکی کو نور سعادت میں تبدیل کر دیا اور دھندل کو کو ختم کر دیا جو انسانی ذہن و قلب کا احاطہ کیے ہوئے تھے
658a426383115ec7412b36d8,اپ صلی اللہ علیہ والہ وسلم بے مثل نیر اعظم ہیں جس طرح سورج نکلتا ہے تو موجودات عالم کی ہر چیز کو روشن کر دیتا ہے اسی طرح اسمان روحانیت کا نیر اعظم انسانوں کے قلب و نظر کو منور کر رہا ہے اس نیر درخشہ نے کفر و ذلالت کی تاریکی کو نور سعادت میں تبدیل کر دیا اور دھندل کو کو ختم کر دیا جو انسانی ذہن و قلب کا احاطہ کیے ہوئے تھے
658a443383115ec7412b36dc,اپ صلی اللہ علیہ والہ وسلم کی ذات گرامی موجودات عالم کی محسن ہے رحمت اللعالمین ہیں اور خدا تعالی کی رحمت کا سرچشمہ ہے جس پر خداوند کریم اپنی رحمت کے خزانے لٹاتا ہے جہاں سے رحمت مخلوقات میں تقسیم ہوتی ہے ہم رسول پاک صلی اللہ علیہ والہ وسلم پر درود بھیجتے ہیں اس کا مقصد یہ نہیں کہ رسول صلی اللہ علیہ والہ وسلم ہماری دعا کے محتاج ہیں اس کا مقصد یہ ہے کہ رسول پاک صلی اللہ علیہ والہ وسلم پر زیادہ سے زیادہ خدا تعالی کی رحمت نازل ہوتی اپ صلی اللہ علیہ والہ وسلم کے خزانہ رحمت سے زیادہ سے زیادہ رحمت مخلوقات میں تقسیم ہو
658a449683115ec7412b36df,نبی خدا تعالی کا خلیفہ ہوتا ہے اس لیے سوائے صفت معبودیت کے تمام صفات خداوندی کا عکس اس میں موجود ہوتا ہے خدا رحیم ہے اس کا نبی بھی رحیم ہوتا ہے خود خدا قران کریم میں اس کی تصدیق فرماتے ہیں ہمارے اقا رحمت مجسم ہیں اپ صلی اللہ علیہ والہ وسلم کی تمام تر تعلیم رحمت کی تعلیم ہے اپ صلی اللہ علیہ والہ وسلم نے دنیا کو ظلمت سے نکال کر نور عطا کیا اپ صلی اللہ علیہ والہ وسلم نے خدا اور اس کے بندوں کے درمیان رشتہ قائم کیا
658a44ff83115ec7412b36e2,ان تمام لوگوں کو جنہوں نے اپ صلی اللہ علیہ والہ وسلم پر یہ اپ کے غلاموں پر ظلم کیے تھے اپنی رحمت سے معاف کر دیا اپ صلی اللہ علیہ والہ وسلم دوستو ہی کے لیے نہیں دشمنوں کے لیے بھی سراپہ رحمت ہے اور صرف اسی عالم کے لیے نہیں بلکہ تمام عالموں کے لیے رحمت بن کر تشریف لائے اسی لیے تو اپ صلی اللہ علیہ والہ وسلم کو رحمت اللعالمین کا لقب عطا ہوا جہاں جہاں تک اللہ تعالی کی بادشاہت ہے وہاں وہاں تک اپ صلی اللہ علیہ والہ وسلم کی رسالت کا سکہ چلتا ہے
658a457183115ec7412b36e5,ہوا پانی بہر و بر جن و بشر کوہ دشت زمین و اسماں حیوانات نباتات جوادات غرض یہ کہ کائنات کے ذرے ذرے پر اللہ تعالی کی حاکمیت ہے ان سب پر حضور صلی اللہ علیہ والہ وسلم کی رسالت کی حاکمیت بھی ہے جب سے اللہ تعالی کی حاکمیت چل رہی ہے تب سے اپ کی رسالت کا عمل جاری ہے اور ہمیشہ ہمیشہ کے لیے جاری رہے گا کیونکہ خدا تعالی کی حاکمیت بھی ہمیشہ کے لیے جاری ہے گویا نہ اس کا ادھر کنارہ ہے اور نہ ادھر کنارہ ہے شان رسالت کی بھی کوئی حد نہیں اپ صلی اللہ علیہ والہ وسلم ہمیشہ ہمیشہ کے لیے سارے جہانوں کے لیے رحمت اللعالمین ہیں
658a463383115ec7412b36e8,جس طرح مادی افتاب کی ضیا پاشی سے ہر ذرا درخشندہ ہوتا ہے اسی طرح ماہ ہدایت کی روشنی بھی کائنات کے ذرے کے لیے ہوتی ہے اپ صلی اللہ علیہ والہ وسلم کی رحمت کے دامن کی وسعت کا کوئی اندازہ نہیں جن لوگوں نے اپ صلی اللہ علیہ والہ وسلم پر پتھر برسائے اپ صلی اللہ علیہ والہ وسلم نے انہیں بھی دعائیں دیں اپ صلی اللہ علیہ والہ وسلم انسانوں کے لیے رحمت بن کر ائی اور عظیم انقلاب کا باعث بنے
658a46c483115ec7412b36eb,حضور صلی اللہ علیہ والہ وسلم کی لائے ہوئے انقلاب کے حوالے سے چند شعر ملاحظہ کریں عجیب شخص تھا کیا انقلاب لے ایا شب سیاہ میں ایک افتاب لے ایا جہاں پہ قطرہ شبنم کو بھی ترستے تھے وہ ایک چشمہ بجائے سراب لے ایا دکھوں کی دھول کے باعث بشر کی انکھوں سے ہوئے تھے جتنے بھی گم سارے خواب لے ایا بھٹک رہے تھے جو اب تک دکھ ہو کے صحرا میں وہ ان کے واسطے سکھ کے گلاب لے ایا جلستی دھوپ میں تسکین قلب کی خاطر کرم کی بارشیں وہ بے حساب لے ایا
658a477d83115ec7412b36ee,جب تک حضور صلی اللہ علیہ والہ وسلم کی محبت ہمارے رگوں پہ میں سرایت نہ کر جائے تو ہمارے ایمان مکمل نہیں ہو سکتا محمد کی محبت دین حق کی شرط اول ہے اسی میں ہو اگر خامی تو ایمان نامکمل ہے اگر ہمارے دل میں حضور صلی اللہ علیہ والہ وسلم کی محبت ہو اور ہم اس محبت کے تقاضے بھی پورے کرنے کی کوشش کرتے ہوں تو ہماری سیرت میں اسلامی رنگ پیدا ہو سکتا ہے اور ہم دین و دنیا کی ہر نعمت سے مالا مال ہو سکتے ہیں کی محمد سے وفا تو نے تو ہم تیرے ہیں یہ جہاں چیز ہے کیا لوح و قلم تیرے ہیں
658a48b583115ec7412b36f1,عنوان رسول کریم صلی اللہ علیہ والہ وسلم خاتم النبیین کی حیات طیبہ
658a48cb83115ec7412b36f4,اللہ تعالی قران میں فرماتے ہیں اے محمد صلی اللہ علیہ والہ وسلم اپ اخلاق میں سب سے اونچے درجے پر ہیں
658a491d83115ec7412b36f7,حضرت علی اپ صلی اللہ علیہ والہ وسلم کے متعلق فرماتے ہیں کہ اپ صلی اللہ علیہ والہ وسلم خندہ جبیں جرم خو مہربان طبع تھے سخت مزاج اور سخت دل نہ تھے بات بات پر شور نہیں کرتے تھے کوئی برا حکم منہ سے نہ نکالتے تھے عیب جو اور تنگ نظر نہ تھے
658a496b83115ec7412b36fa,کوئی ایسی بات جو اپ صلی اللہ علیہ والہ وسلم کو ناپسند ہوتی تو اس سے اغمغاز فرماتے تھے اپ صلی اللہ علیہ والہ وسلم نے اپنے نفس سے تین چیزیں بالکل دور کر دی تھی بحث مباحثہ ضرورت سے زیادہ بات کرنا اور بغیر ضرورت کے کسی بات میں دخل دینا کسی کو برا نہیں کہتے تھے کسی کی عیب جوئی نہیں کرتے تھے کسی کے اندرونی حالات معلوم کرنے کی کوشش نہیں فرماتے تھے
658a49cb83115ec7412b36fd,حضرت خدیجہ رضی اللہ تعالی عنہ فرماتی ہیں کہ اپ صلی اللہ علیہ والہ وسلم مقروضوں کے قرضے چکاتے ہیں غریبوں کی مدد کرتے ہیں حق کی حمایت کرتے ہیں مہمانوں کی ضیافت کرتے ہیں مصیبتوں میں لوگوں کے کام اتے ہیں
658a4a0c83115ec7412b3700,حضرت عائشہ صدیقہ رضی اللہ تعالی عنہا فرماتی ہیں کہ اپ صلی اللہ علیہ والہ وسلم کو کسی کو برا بھلا کہنے کی عادت نہ تھی برائی کے بدلے میں برائی نہیں کرتے تھے بلکہ اس کا جواب بھلائی سے دیتے یا درگزر کرتے تھے اور معاف فرما دیتے تھے
658a4a5583115ec7412b3703,رسول اکرم صلی اللہ علیہ والہ وسلم کی حیات مقدسہ ہم سب کے لیے قابل تقلید نمونہ ہے اپ صلی اللہ علیہ والہ وسلم کی سیرت سراسر قران کے سانچے میں ڈھلی ہوئی تھی گویا قران متن ہے اور اپ صلی اللہ علیہ والہ وسلم کی سیرت اس کی شرح دل اویز ہے
658a4a8b83115ec7412b3706,قران اگر ہمیں اصول حیات کا علم دیتا ہے تو اپ صلی اللہ علیہ والہ وسلم کی سیرت سے ہمیں اس بات کا پتہ چلتا ہے جس کی قران کریم نے ہمیں تعلیم دی اپ صلی اللہ علیہ والہ وسلم کی حیات دلیل کی حیثیت رکھتی ہے خود قران نے انبیاء کرام کی زندگیوں کو دلیل کے طور پر پیش کیا ہے
658a4afe83115ec7412b3709,ختم مرتبت پیغمبر اسلام کی زندگی اپنے اندر اخلاق کی ایک دنیا لیے ہوئے ہیں اپ صلی اللہ علیہ والہ وسلم نے دشمنوں سے اپنے اپ کو صادق اور امین کہلوایا اور تبلیغ اسلام اس وقت شروع کی جب لوگوں نے انہیں صادق و امین تسلیم کر لیا تھا اپ صلی اللہ علیہ والہ وسلم نے کبھی جھوٹ نہیں بولا اور کبھی امانت میں خیانت نہ فرمائی
658a4b2d83115ec7412b370c,اپ صلی اللہ علیہ والہ وسلم وعدے کے پکے اور سچے تھے اپ صلی اللہ علیہ والہ وسلم نے ہمیشہ وعدہ پورا کیا رسول مقبول صلی اللہ علیہ والہ وسلم کی سیرت ہمارے لیے ایک نمونہ ہے بس ہمیں چاہیے کہ ہم اس عظیم و جلیل ہستی کو زندگی میں اپنے لیے مشعل راہ بنائیں
658a4bbd83115ec7412b370f,حضور صلی اللہ علیہ والہ وسلم کی زندگی کہ تمام پہلو اور ارشادات محفوظ ہیں تمام انسان اپ کے معاشرتی اخلاق کی تقلید کر کے معاشرے کو درست کر سکتے ہیں معاشرتی اصلاح کا یہ بہترین طریقہ ہے اور اسی سے دنیا جنت کا نمونہ بن سکتی ہے
658af51065145d80cd0bf2bc,رسول اکرم صلی اللہ علیہ والہ وسلم بحیثیت معلم اخلاق تاریخ عالم شاہد ہے کہ بے شمار اکابر اور مصلیحین دنیا میں ائے اور انہوں نے انسانیت کو اعلی اخلاقی تعلیم دینے کی سعی کی مگر حقیقت یہ ہے کہ اس مقدس مشن کی تکمیل کے لیے حضور سرور کائنات افضل ترین معلم اخلاق کے طور پر دنیا میں تشریف لائے اور تعلیم اخلاق کے حوالے سے کائنات کے کامیاب ترین انسان ثابت ہوئے
658af5df65145d80cd0bf2c0,عنوان رسول اکرم صلی اللہ علیہ والہ وسلم بحیثیت معلم اخلاق تاریخ عالمی شاہد ہے کہ بے شمار اکابر اور مصلیحین دنیا میں ائے اور انہوں نے انسانیت کو اعلی اخلاق کی تعلیم دینے کی سعی کی مگر حقیقت یہ ہے کہ اس مقدس مشن کی تکمیل کے لیے حضور سرور کائنات افضل ترین معلم اخلاق کے طور پر دنیا میں تشریف لائے اور تعلیم اخلاق کے حوالے سے کائنات کے کامیاب ترین انسان ثابت ہوئے
658af66c65145d80cd0bf2c3,اس عظیم ترین کامیابی کا بنیادی راز یہ تھا کہ وہ جس اخلاق عالیہ کی تعلیم دیتے تھے خود اس کے کامل ترین نمونہ تھے چنانچہ اللہ تعالی نے بھی قران کریم میں فرمایا بے شک اپ صلی اللہ علیہ والہ وسلم خلق عظیم پر ہیں ترجمہ بے شک تمہارے لیے رسول صلی اللہ علیہ والہ وسلم اللہ کی ذات میں بہترین نمونہ موجود ہیں اگر اپ درشت کلام ہوتے اور سخت دل ہوتے تو یہ لوگ اپ کے پاس ادھر ادھر منتشر ہو چکے ہوتے
658f8775da406705d9af8339,عنوان سب سے بڑا ہے میرا خدا
658f8830da406705d9af833d,صفات ان سے باہر بے ذات میں تنہا ازل سے تابہ ابد تیری شان ہے یکتا
658f8878da406705d9af8340,دنیا میں طاقتور بھی ہیں اور زور اور بھی حاکم بھی ہیں اور بادشاہ اور شہنشاہ بھی لیکن یہ کسی نہ کسی مقام پر مجبور و محکوم ہے اور کسی بڑی طاقت کی احتیاج ان کی ضرورت ہے
658f8892da406705d9af8343,یہ بڑی طاقت خداوند تعالی کی ہے جس نے ان سب کو پیدا کیا ہے جو ان سب کی ضرورتیں پوری کرتا ہے جو ان سب کو رزق دیتا ہے اور ان سب پر قدرت کاملہ رکھتا ہے
658f88e2da406705d9af8346,خدا تعالی اتنا بڑا ہے کہ ہم اسے احاطہ تحریر میں لا ہی نہیں سکتے وہ لامحدود ہے اور اتنی عظمت والا ہے کہ اس کی عظمت کلی بیان کرنا ہمارے بس کی بات ہی نہیں
658f8913da406705d9af8349,وہ حاکموں کا حاکم ہے قادر مطلق ہے زندہ کو مردہ کر سکتا ہے مردہ کو زندہ کر سکتا ہے بیمار کو صحت دے سکتا ہے اور صحت مند کو بیمار کر سکتا ہے وہ رات کو دن اور دن کو رات بنا سکتا ہے
658f8939da406705d9af834c,اگر وہ چاہے تو سورج مشرق کی بجائے مغرب سے طلوع ہو سکتا ہے وہ دریاؤں کے رخ موڑ سکتا ہے گویا کائنات کے ہر ذرے پر اس کی حاکمیت ہے اور اس کی مرضی کے بغیر کچھ بھی نہیں ہو سکتا
658f8951da406705d9af834f,خدا ذوالجلال ایک ہے اس کی ذات وحدہ لا شریک ہے نہ اسے کسی نے جنا ہے نہ وہ کسی سے جنا گیا ہے کسی نے اسے نہیں بنایا
658f898dda406705d9af8352,اس کی وسیع ترین سلطنت میں اس کے اختیارات میں کوئی مداخلت نہیں کر سکتا اس کے کاموں میں کسی کی شراکت نہیں کائنات میں جو کچھ بھی ہے اسی ایک خدا کا ہے اور اسی کے ماتحت ہے اور ہر عمل اسی کے حکم سے ہوتا ہے
658f89a7da406705d9af8355,اس کے اگے تمام طاقتیں ہیچ ہیں بادشاہ و گدا سب اسی کے اگے جھکتے اور اسی کے در سے مانگتے ہیں
658f89bdda406705d9af8358,اسلام کا پہلا رکن کلمہ طیبہ ہے کلمہ پڑھ کر ہم یہ اعتراف کرتے ہیں کہ خدا ایک ہے اور محمد صلی اللہ علیہ والہ وسلم اس کے رسول ہیں
658f89e3da406705d9af835b,اس میں ہم محض خدا کی وحدانیت کا اعتراف ہی نہیں کرتے بلکہ یہ بھی تسلیم کرتے ہیں کہ وہی ساری کائنات کا حاکم اور مالک ہے
658f89f4da406705d9af835e,اس میں ہم محض خدا کی وحدانیت کا اعتراف ہی نہیں کرتے بلکہ یہ بھی تسلیم کرتے ہیں کہ وہی ساری کائنات کا حاکم اور مالک ہے
658f8a41da406705d9af8361,کائنات کو پیدا کرنے والا بھی وہی ہے اور رزق دینے والا بھی وہی ہے اس کی صفات معبودیت میں کوئی اس کا شریک نہیں یہ ساری کائنات بلا شرکت غیر اسی کی ہے
658f8a85da406705d9af8364,نہ تو اس کا کوئی ثانی ہے اور نہ ہی ایسا ہونا ممکن ہے وہ نہ صرف ہمیشہ سے ہے اور ہمیشہ رہے گا بلکہ ہمیشہ ایک ہے اور ہمیشہ ایک ہی رہے گا
658f8ae7da406705d9af8367,نہ اس کا کوئی شریک ہوا ہے اور نہ کبھی ہوگا جو شخص خدا تعالی کو نہیں مانتا وہ لمحد کہلاتا ہے
658f8b17da406705d9af836a,لیکن حقیقت میں وہ بھی خدا کی طاقت سے انکار نہیں کر سکتا اپ کسی معمولی طاقتور ادمی کی مثال دے کر اس سے سوال کریں کہ کیا اس طاقتور ادمی سے بھی کوئی اور طاقتور ہو سکتا ہے تو اس کا جواب ہوگا ہاں
658f8b30da406705d9af836d,اسی طرح سے پوچھتے جائیے اس سے زیادہ طاقت والا کون ہے اور پھر اس سے زیادہ طاقتور کون ہے اخر کار اسے ایک سب سے طاقتور ہستی کا قائل ہونا ہی پڑے گا
658f8b64da406705d9af8370,بس یہی خدا تعالی ہے جس سے زیادہ طاقتور کوئی ہو ہی نہیں سکتا اسی طرح بڑائی اور عظمت کو لے لیں اج تک یہ ثابت نہیں ہو سکا کہ کوئی سیارہ کائنات میں سب سے بڑا ہے اور اس کا نظام بغیر کسی اعلی طاقت کے از خود چل رہا ہے یا کائنات میں کوئی ایسی شے موجود ہے جو سب سے بڑی بھی ہے
658f8bceda406705d9af8373,اور وہ اپنے سے بڑی کسی طاقت کی محتاج نہیں ایک زمانہ تھا کہ انسان نے سمجھا کہ سورج کائنات میں سب سے بڑا ہے اور انہوں نے اسے خدا بھی مانا لیکن یہ حقیقت نہیں تھی اور وقت نے ثابت کر دیا کہ یہ خیال بالکل غلط اور حقیقت کے خلاف ہے
658f8c33da406705d9af8376,اور سورج تو خود ایک بہت بڑے نظام کا ایک جزو ہے جسے کوئی بہت بڑی ہستی چلاتی ہے تب اس نے سمجھ لیا کہ جب سورج خود کسی کا محتاج ہے اور نہ تو از خود پیدا ہوا اور نہ ہی اپنے بل پر قائم ہے تو وہ خدا کیسے ہو سکتا ہے
658f8c7dda406705d9af8379,خدا تو وہ ہے جو طاقت میں بھی سب سے بڑا ہو عظمت میں بھی سب سے بڑا ہو اور ہر چیز پر قدرت بھی رکھتا ہو وہ ہر چیز کو پیدا کرنے والا ہو اور ہر ایک تو اس کا محتاج ہو مگر وہ کسی کا محتاج نہ ہو
658f8cbeda406705d9af837c,یہ سبزہ زار اور یہ سمردار پودے اور درخت یہ سمندر یہ پہاڑ یہ جن و بشر یہ چرن یہ پرند یہ زمین و اسمان اور یہ سب نعمتیں اخر کس نے پیدا کی ہیں
658f8d46da406705d9af837f,یہ سب کچھ از خود تو پیدا نہیں ہو سکتا اگر کوئی یہ کہے کہ جس طرح خودکار مشین کام کرتی ہے یہ بھی اسی طرح پیدا ہوتے رہتے ہیں اور ختم ہوتے رہتے ہیں تو دیکھنا یہ ہے کہ کمال اس مشین کا نہیں جو خود کار ہے بلکہ اس کا کمال ہے جس نے اس مشین میں خود کاری کی صفت پیدا کی ہے
658f8d98da406705d9af8382,اگر کوئی نظام ایک اصول اور قاعدے کے مطابق چل رہا ہے مثال کے طور پر سورج مشرق سے نکلتا ہے اور مغرب میں غروب ہو جاتا ہے اور ایسا کبھی نہیں ہوتا کہ سورج مغرب سے نکلنے لگے اور مشرق میں ڈوبنے لگے تو صاف ظاہر ہے کوئی ایسی ہستی بھی ہے جو اس نظام کو چلا رہی ہے
658f8dbcda406705d9af8385,اور اس کی مرضی کے بغیر کوئی بھی نظام اپنی مرضی سے نہیں چل سکتا وہ ہستی خدا تعالی ہے سارہ نظام اسی کی مرضی سے چل رہا ہے سب کچھ اسی کے حکم کے تحت ہو رہا ہے
658f8dd5da406705d9af8388,یہ ہستی خدا تعالی جو ہر چیز کا پیدا کرنے والا بھی ہے اور اس کا مالک بھی ہے ہم سب اس کے بندے ہیں اور اسی کو عبادت کے لائق سمجھتے ہیں
658f8dfada406705d9af838b,حقیقت یہ ہے کہ خدا ہے ایک ہے اور سب سے بڑا ہے وہ سب کا پیدا کرنے والا ہے ہمیں زیب نہیں دیتا کہ ہم اس کی نعمتیں بھی کھائیں اور ناشکری بھی کریں
658f8e23da406705d9af838e,کہ ہمارا خدا قادر مطلق ہے اور ہمیں اس کے اگے ایک دن جوابدہ بھی ہونا ہے ہمیں اس سے ڈرنا چاہیے اور جن کاموں سے اس نے ہمیں منع کیا ہے انہیں ترک کر دینا چاہیے اور جو کچھ کرنے کا حکم دیا ہے وہ کرنا چاہیے اسی میں ہماری فلاح ہے اور یہ عبدیت کا تقاضا ہے
658f94ac1db82ca20d2eebab,عنوان خاتم النبیین حضرت محمد مصطفی صلی اللہ علیہ والہ وسلم
658f94d21db82ca20d2eebaf,وہ شمع اجالا جس نے کیا 40 برس تک غاروں میں ایک روز چمکنے والی تھی کل دنیا کے درباروں میں
658f94ff1db82ca20d2eebb2,اس کائنات میں حضور سرور کائنات خاتم النبیین حضرت محمد مصطفی صلی اللہ علیہ والہ وسلم کی حیثیت بے مثال افتاب درخشاں کی ہے جو غار حرا سے طلوع ہوا اور ساری کائنات پر چھا گیا
658f95531db82ca20d2eebb5,اپ کائنات کی عظیم ترین شخصیت ہیں جس کی نظیر ازل سے ابد تک ممکن نہیں اپ بے مثل نیر اعظم ہیں جس طرح سورج نکلتا ہے تو موجودات عالم کی ہر چیز کو روشن کر دیتا ہے اسی طرح اسمان روحانیت کا نیر اعظم انسانوں کے قلب و نظر کو منور کر رہا ہے
658f95fe1db82ca20d2eebb8,اس نیر درخشہ نے کفر و ذلالت کی تاریکی کو نور سعادت میں تبدیل کر دیا اور دھندل کو ختم کر دیا جو انسانی ذہن و قلب کا احاطہ کیے ہوئے تھے
658f96601db82ca20d2eebbb,اپ و عظیم انسان ہیں جن سے زیادہ کسی کی تعریف نہیں کی گئی یہ بھی حقیقت ہے کہ کسی نے ان سے زیادہ اپنے خالق کی تعریف بھی نہیں کی جس عظیم انسان کی تعریف خود خالق کائنات کرے اور جس کی تعریف خود رب کریم کرے اور اس پر درود و سلام بھیجے اس سے بڑھ کر کون سی شخصیت ہو سکتی ہے کون ہے جو اس عظیم انسان کی تعریف کا حق ادا کر سکتا ہے
658f971d1db82ca20d2eebbe,اپ وہ عظیم انسان ہیں جن سے زیادہ کسی کی تعریف نہیں کی گئی یہ بھی حقیقت ہے کہ کسی نے ان سے زیادہ اپنے خالق کی تعریف بھی نہیں کی جس عظیم انسان کی تعریف خود خالق کائنات کرے اور جس کی تعریف خود رب کریم کرے اور اس پر درود و سلام بھیجے اس سے بڑھ کر کون سی شخصیت ہو سکتی ہے کون ہے جو اس عظیم انسان کی تعریف کا حق ادا کر سکتا ہے
658f97661db82ca20d2eebc1,شاعر نے یہ کہہ کر مبالغہ نہیں کیا تھا کہ بعد از خدا بزرگ توئی قصہ مختصر
658f97981db82ca20d2eebc4,اپ کی ذات گرامی موجودات عالم کی محسن ہیں رحمت اللعالمین ہیں اور خدا تعالی کی رحمت کا سرچشمہ ہے جس پر خداوند کریم اپنی رحمت کے خزانے لٹاتا ہے جہاں سے رحمت مخلوقات میں تقسیم ہوتی ہے
658f98251db82ca20d2eebc7,ہم رسول پاک پر درود بھیجتے ہیں اس کا مقصد یہ نہیں کہ رسول ہماری دعا کے محتاج ہیں اس کا مقصد یہ ہے کہ رسول پاک پر زیادہ سے زیادہ خدا تعالی کی رحمت نازل ہو تاکہ اپ کے خزانے رحمت سے زیادہ سے زیادہ رحمت مخلوقات میں تقسیم ہو
658f98781db82ca20d2eebca,نبی خدا تعالی کا خلیفہ ہوتا ہے اس لیے سوائے صفت معبودیت کے تمام صفات خداوندی کا عکس اس میں موجود ہوتا ہے خدا رحیم ہے اس کا نبی بھی رحیم ہوتا ہے
658f98a01db82ca20d2eebcd,خود خدا قران کریم میں اس کی تصدیق فرماتے ہیں ہمارے اقا رحمت مجسم ہیں اپ کی تمام تر تعلیم رحمت کی تعلیم ہے اپ نے دنیا کو ظلمت سے نکال کر نور عطا کیا اپ نے خدا اور اس کے بندوں کے درمیان رشتہ قائم کیا
658f98ca1db82ca20d2eebd0,ان تمام لوگوں کو جنہوں نے اپ پر یا اپ کے غلاموں پر ظلم کیے تھے اپنی رحمت سے معاف کر دیا اپ دوستوں ہی کے لیے نہیں دشمنوں کے لیے بھی سراپہ رحمت تھے اور صرف اسی عالم کے لیے نہیں بلکہ تمام عالموں کے لیے رحمت بن کر تشریف لائے
658f98f71db82ca20d2eebd3,اسی لیے تو اپ کو رحمت اللعالمین کا لقب عطا ہوا جہاں جہاں تک اللہ تعالی کی بادشاہت ہے وہاں وہاں تک اپ کی رسالت کا سکہ چلتا ہے
658f99541db82ca20d2eebd6,ہوا پانی بہرو بر جنوبشر کوہ دشت زمین و اسمان حیوانات نباتات جمادات خرض یہ کہ کائنات کے ذرے ذرے پر اللہ تعالی کی حاکمیت ہے ان سب پر حضور کی رسالت کی حاکمیت بھی ہے
658f99a91db82ca20d2eebd9,جب سے اللہ تعالی کی حاکمیت چلی ا رہی ہے تب سے اپ کی رسالت کا عمل بھی جاری ہے اور ہمیشہ ہمیشہ کے لیے جاری رہے گا کیونکہ خدا تعالی کی حاکمیت بھی ہمیشہ کے لیے جا رہی ہے
658f99c11db82ca20d2eebdc,گویا نہ اس کا ادھر کنارہ ہے اور نہ ادھر کنارہ ہے شان رسالت کی بھی کوئی حد نہیں اپ ہمیشہ ہمیشہ کے لیے سارے جہانوں کے لیے رحمت اللعالمین ہیں
658f9a0c1db82ca20d2eebdf,جس طرح مادی افتاب کی ضیا پاشی سے ہر ذرا درخشندہ ہوتا ہے اسی طرح ماہ ہدایت کی روشنی بھی کائنات کے ذرے کے لیے ہوتی ہے اپ کی رحمت کے دامن کی وسعت کا کوئی اندازہ نہیں جن لوگوں نے اپ پر پتھر برسائے اپ نے انہیں بھی دعائیں دیں
658f9a201db82ca20d2eebe2,اپ انسانوں کے لیے رحمت بن کر ائے اور عظیم انقلاب کا باعث بنے حضور کے لائے ہوئے انقلاب کے حوالے سے چند شعر ملاحظہ کریں
658f9a7a1db82ca20d2eebe5,عجیب شخص تھا کیا انقلاب لے ایا شب سیاہ میں ایک افتاب لے ایا جہاں پہ قطرہ شبنم کو بھی ترستے تھے وہ ایک چشمہ بجائے سراب لے ایا
658f9ae11db82ca20d2eebe8,عجیب شخص تھا کیا انقلاب لے ایا شب سیاہ میں ایک افتاب لے ایا جہاں پہ قطرہ شبنم کو بھی ترستے تھے وہ ایک چشمہ بجائے سراب لے ایا دکھوں کی دھول کے باعث بشر کی انکھوں سے ہوئے تھے جتنے بھی گم سارے خواب لے ایا بھٹک رہے تھے جو اب تک دھکو کے صحرا میں وہ ان کے واسطے سکھ کے گلاب لے ایا جھلستی دھوپ میں تسکین قلب کی خاطر کرم کی بارشیں وہ بے حساب لے ایا
658f9b2c1db82ca20d2eebeb,جب تک حضور صلی اللہ علیہ والہ وسلم کی محبت ہمارے رگوں پہ میں سرایت نہ کر جائے ہمارا ایمان مکمل نہیں ہو سکتا
658f9b411db82ca20d2eebee,محمد کی محبت دین حق کی شرط اول ہے اسی میں ہو اگر خامی تو ایمان نامکمل ہے
658f9b5e1db82ca20d2eebf1,اگر ہمارے دل میں حضور صلی اللہ علیہ والہ وسلم کی محبت ہو اور ہم اس محبت کے تقاضے بھی پورے کرنے کی کوشش کرتے ہوں تو ہماری سیرت میں اسلامی رنگ پیدا ہو سکتا ہے اور ہم دین و دنیا کی ہر نعمت سے مالا مال ہو سکتے ہیں
658f9b731db82ca20d2eebf4,کی محمد سے وفا تو نے تو ہم تیرے ہیں یہ جہاں چیز ہے کیا لوح و قلم تیرے ہیں
6592e542ad623efb3355ad62,عنوان رسول کریم خاتم النبیین کی حیات طیبہ
6592e572ad623efb3355ad66,اللہ تعالی قران میں فرماتا ہے ترجمہ اے محمد صلی اللہ علیہ والہ وسلم اپ اخلاق میں سب سے اونچے درجے پر ہیں
6592e5baad623efb3355ad69,حضرت علی اپ کے متعلق فرماتے ہیں کہ اپ خندہ جبیں جرم خو مہربان تبع تھے
6592e5dead623efb3355ad6c,سخت مزاج اور سخت دل نہ تھے بات بات پر شور نہیں کرتے تھے کوئی برا حکم منہ سے نہ نکالتے تھے عیب جو اور تنگ نظر نہ تھے
6592e6c5ad623efb3355ad6f,کوئی ایسی بات جو اپ کو ناپسند ہوتی تو اس سے اغمغاز فرماتے تھے اپ نے اپنے نفس تین چیزیں بالکل دور کر دی تھی بحث و مباحثہ ضرورت سے زیادہ بات کرنا اور بغیر ضرورت کے کسی بات میں دخل دینا
6592e6e6ad623efb3355ad72,کسی کو برا نہیں کہتے تھے کسی کی عیب جوئی نہیں کرتے تھے کسی کے اندرونی حالات معلوم کرنے کی کوشش نہیں فرماتے تھے
6592e719ad623efb3355ad75,حضرت خدیجہ رضی اللہ تعالی عنہ فرماتی ہیں کہ اپ مقروضوں کے قرضے چکاتے ہیں غریبوں کی مدد کرتے ہیں حق کی حمایت کرتے ہیں مہمانوں کی ضیافت کرتے ہیں مصیبتوں میں لوگوں کے کام اتے ہیں
6592e77bad623efb3355ad78,حضرت عائشہ صدیقہ رضی اللہ تعالی عنہ فرماتی ہیں کہ اپ کو کسی کو برا بھلا کہنے کی عادت نہ تھی برائی کے بدلے میں برائی نہیں کرتے تھے بلکہ اس کا جواب بھلائی سے دیتے یا درگزر کرتے تھے اور معاف فرما دیتے تھے
6592e7c9ad623efb3355ad7b,رسول اکرم کی حیات مقدسہ ہم سب کے لیے قابل تقلید نمونہ ہے اپ کی سیرت سراسر قران کے سانچے میں ڈھلی ہوئی تھی گویا قران متن ہے اور اپ کی سیرت اس کی شرح دل اویز ہے قران اگر ہمیں اصول حیات کا علم دیتا ہے تو اپ کی سیرت سے ہمیں اس عمل کا پتہ چلتا ہے جس کی قران کریم نے ہمیں تعلیم دی اپ کی حیثیت دلیل کی حیثیت رکھتی ہے خود قران نے انبیاء کرام کی زندگیوں کو دلیل کے طور پر پیش کیا ہے
6592e883ad623efb3355ad7e,رسول اکرم کی حیات مقدس ہم سب کے لیے قابل تقلید نمونہ ہے اپ کی سیرت سراسر قران کے سانچے میں ڈھلی ہوئی تھی گویا قران متن ہے اور اپ کی سیرت اس کی شرح دلاویز ہے
6592e8a6ad623efb3355ad81,قران اگر ہمیں اصول حیات کا علم دیتا ہے تو اپ کی سیرت سے ہمیں اس عمل کا پتہ چلتا ہے جس کی قران کریم نے ہمیں تعلیم دی اپ کی حیات دلیل کی حیثیت رکھتی ہے خود قران نے انبیاء کرام کی زندگیوں کو دلیل کے طور پر پیش کیا ہے
6592e9d4ad623efb3355ad84,ختمی مرتبت پیغمبر اسلام کی زندگی اپنے اندر اخلاق کی ایک دنیا لیے ہوئے ہے اپ نے دشمنوں سے اپنے اپ کو صادق و امین کہلوایا اور تبلیغ اسلام اس وقت شروع کی جب لوگوں نے انہیں صادق و امین تسلیم کر لیا تھا اپ نے کبھی جھوٹ نہیں بولا اور کبھی امانت میں خیانت نہ فرمائی تھی
6592ea4fad623efb3355ad87,اپ وعدے کی پکی اور سچے تھے اپ نے ہمیشہ وعدہ پورا کیا رسول مقبول کی سیرت ہمارے لیے ایک نمونہ ہے بس ہمیں چاہیے کہ ہم اس عظیم و جلیل ہستی کو زندگی میں اپنے لیے مشعل راہ بنائیں
6592ea8aad623efb3355ad8a,حضور کی زندگی کے تمام پہلو اور ارشادات محفوظ ہیں تمام انسان اپ کے معاشرتی اخلاق کی تقلید کر کے معاشرے کو درست کر سکتے ہیں معاشرتی اصلاح کا یہ بہترین طریقہ ہے اور اسی سے دنیا جنت کا نمونہ بن سکتی ہے
6592eb44ad623efb3355ad8d,رسول مقبول کی معاشرتی زندگی پر نگاہ ڈالیں تو ہمیں معلوم ہوتا ہے کہ وہ کس قدر سادہ تھی تاریخ ہمیں بتاتی ہے کہ اپ لباس میں کرتا پسند فرماتے تھے اپ کے کرتے کی استین یا زیادہ تنگ ہوتی تھی نہ زیادہ کھلی اپ کرتے کے ساتھ ساتھ تہبند باندھتے تھے
6592ed24caf4c2d5ce0e8ae2,نیا لباس ہمیشہ جمعہ کے دن پہنا کرتے تھے اپ سفید لباس ترجیحا پسند فرماتے تھے رنگ دار لباسوں میں سے سبز رنگ کے لباس کو پسند فرماتے تھے گہرا سرخ رنگ اپ کو ناپسند تھا نیا لباس پہنتے وقت اپ اللہ تعالی کا شکر ادا فرمایا کرتے تھے
6592ee35caf4c2d5ce0e8ae6,سرکار دو عالم کی زندگی حد درجہ سادہ تھی امت کا غریب سے غریب ادمی بھی اپ کے پاس انے سے ہچکچاتا نہ تھا یہی سیرت تھی جس نے مسلمانوں کو بہت جلد اتنا پختہ کر دیا تھا کہ وہ خلیفہ ہو کر بھی پیوند لگے ہوئے کپڑے پہنتے تھے اور سوکھی روٹی کھاتے تھے
6592ee5acaf4c2d5ce0e8ae9,کیونکہ ان میں احساس ذمہ داری اس قدر زیادہ تھا کہ جس طرح کا لباس عام لوگ پہن سکتے تھے اور جس طرح کا کھانا عام لوگ کھا سکتے تھے خلیفہ بھی نہ تو اس سے بہتر لباس پہن سکتا تھا اور نہ ہی اس سے بہتر کھانا کھا سکتا تھا
6592ef02caf4c2d5ce0e8aec,حضور اکرم پوری مستعدی کے ساتھ اپنے پروگراموں کو عملی جامہ پہنایا کرتے تھے اپ جس کام کا اختیار کرتے تھے اسے پورے استقلال کے ساتھ سرانجام فرماتے تھے اپ پابندی وقت کی شدت سے تلقین فرماتے تھے
6592ef1bcaf4c2d5ce0e8aef,جس کی سب سے بڑی مثال خود اپ کی زندگی تھی خود اپ نے ہمیشہ جس کام کے کرنے کا جو وقت مقرر کیا اس میں کبھی کمی بیشی نہ انے دی
6592ef40caf4c2d5ce0e8af2,اپ راتوں کو اٹھ کر متواتر عبادت کیا کرتے تھے حضرت عائشہ رضی اللہ تعالی عنہ فرماتی ہیں کہ اپ نے رات کو کبھی عبادت ترک نہیں کی تھی بیماری کی حالت میں بھی اپ بیٹھ کر نوافل پڑھا کرتے تھے
6592ef5fcaf4c2d5ce0e8af5,اپ خلق عظیم کے مالک تھے اور حد درجہ کے مہمان نواز تھے اب خود تو بھوکے رہنا پسند فرما لیتے تھے لیکن مہمان کی پوری طرح سے تواضع فرمایا کرتے تھے
6592ef7ccaf4c2d5ce0e8af8,اپ ہمیشہ بچوں بوڑ ہو غریب ہو اور مسکینوں سے شفقت ادب پیار اور محبت سے پیش اتے تھے اور کسی بھی شخص کی دلشکنی پسند نہیں فرماتے تھے اپ دوسروں کی غلطیوں کو درگزر یا معاف فرما دیا کرتے تھے
6592efd7caf4c2d5ce0e8afb,حضور انے والے یا ملنے والے کو سب سے پہلے خود سلام کیا کرتے تھے لوگوں کو حسرت ہی رہتی تھی کہ بوقت ملاقات حضور کو ہم پہلے سلام کہیں لیکن حضور سلام اور مصافحہ میں سب پر سبقت لے جاتے
6592f006caf4c2d5ce0e8afe,اللہ تعالی ہمیں توفیق عطا فرمائے کہ ہم اپ کی سیرت طیبہ کی روشنی میں اپنی زندگیوں کو ڈھال سکیں اور اپ کے بتائے ہوئے راستے پر چل سکیں
6592f014caf4c2d5ce0e8b01,خداوندا چلوں اس راستے پر حقیقت میں جو اس کا راستہ ہے
6592f03ccaf4c2d5ce0e8b04,عنوان رسول اکرم بحیثیت معلم اخلاق
6592f08bcaf4c2d5ce0e8b07,تاریخ عالم شاہد ہے کہ بے شمار اکابر مصلہین دنیا میں ائے اور انہوں نے انسانیت کو اعلی اخلاق کی تعلیم دینے کی سعی کی مگر حقیقت یہ ہے کہ اس مقدس مشن کی تکمیل کے لیے حضور سرور کائنات افضل ترین معلم اخلاق کے طور پر دنیا میں تشریف لائے اور تعلیم اخلاق کے حوالے سے کائنات کے کامیاب ترین انسان ثابت ہوئے
6592f0fbcaf4c2d5ce0e8b0a,اس عظیم ترین کامیابی کا بنیادی راز یہ تھا کہ وہ جس اخلاق عالیہ کی تعلیم دیتے تھے خود اس کے کامل ترین نمونہ تھے چنانچہ اللہ تعالی نے بھی قران کریم میں فرمایا بے شک اپ خلق عظیم پر ہیں
6592f109caf4c2d5ce0e8b0d,بے شک تمہارے لیے رسول اللہ کی ذات میں بہترین نمونہ موجود ہے
6592f11acaf4c2d5ce0e8b10,اگر اپ د رشتے کلام ہوتے اور سخت دل ہوتے تو یہ لوگ اپ کے پاس ادھر ادھر منتشر ہو چکے ہوتے
65938fcf5674c6a702e31303,اگر ذرا سا بھی غور کریں تو اندازہ ہو جاتا ہے کہ اپ اخلاق کا کس قدر بہترین نمونہ تھے اپ صدق و صفا علم و حکمت افو و درگزر عدل و انصاف سادگی و انکساری ذہانت و امانت ازم و ہمت صبر و سخاوت تقوی و پاک بازی شجاعت استقلال غرض کے ہر انسانی صفت عالیہ کے اعتبار سے اپنی مثال اپ تھے
659390675674c6a702e31307,اسی لیے بہترین معلم اخلاق ہونے کا حق بھی اپ کو پہنچتا تھا چنانچہ اپ نے یہ فریضہ بڑی ثابت قدمی کے ساتھ انجام دیا اور جہالت میں ڈوبی ہوئی اور ہر طرح کی اخلاقی حد بندیوں کو خاطر میں نہ لانے والی قوم کو دیکھتے ہی دیکھتے ایک زندہ اور توانا قوم بنا دیا اور اس مقصد کی تکمیل کی جس کے حوالے سے اپ نے فرمایا تھا کہ مجھے اس لیے بھیجا گیا کہ میں اعلی اخلاق کی تکمیل کروں
659390985674c6a702e3130a,اپ نے انسانوں کو اللہ تعالی کی وحدانیت سے اگاہ کیا اخرت اور جزا و سزا کے تصور سے اشنا کیا اور دلوں میں اللہ تعالی کا خوف اور سزا کا ڈر پیدا کیا اور جزا کی صورت میں نیکی کے لیے کوشش پیدا کی
659390bf5674c6a702e3130d,اپ نے جس تفصیل سے اخلاقی اصول سمجھائے اس کی مثال ازل سے ابد تک نہیں ملتی اپ نے بڑی باتوں سے لے کر چھوٹی سی چھوٹی باتیں بھی تفصیل سے سمجھائیں اور روز مرہ زندگی کے اداب بھی پوری وضاحت سے سمجھائے
659390f55674c6a702e31310,اپ نے اٹھنے بیٹھنے کھانے پینے اوڑھنے پہننے اور بات کرنے تک کے اداب سے بھی اگاہی عطا کی اور لین دین کے معاملات تک بھی پوری وضاحت سے سمجھائے
659391405674c6a702e31313,اپ چونکہ اعلی ترین اخلاقی نمونہ تھے اس لیے اپ کی تعلیمات کا اثر بھی ہوا جس کے نتیجے میں اپ کے بدترین دشمن بھی اپ کے گرویدہ ہو گئے اپ نے عملی نمونہ فراہم کر کے دنیا میں ایسا اخلاق انقلاب برپا کیا جس کی مثال روئے زمین پر نہیں ملتی
659391665674c6a702e31316,یہی وجہ ہے کہ اج بھی اپ کے ماننے والوں کے علاوہ اپ کے نہ ماننے والے دوسرے مذاہب کے اہل علم بھی اپ کی عظمت کا اعتراف کرتے ہیں اور اپ کی شان میں نعت تک کہتے ہیں چنانچہ بے شمار غیر مسلموں نے نعت لکھی جس کا سلسلہ جاری ہے
659391b85674c6a702e31319,اللہ تعالی ہمیں اپ کی بتائی ہوئی راہ پر چلنے اور قدم قدم پر اپ کے اخلاق عالیہ کو بطور نمونہ اپنائے رکھنے کی توفیق عطا فرمائے جسے اپنانے کے بعد ہم انفرادی اور اجتماعی سطح پر دنیا کی نمونے کے فرد اور نمونے کی قوم بن سکتے ہیں اور دنیا پر غالب ا سکتے ہیں
6593921a5674c6a702e3131c,عنوان میری محبوب شخصیت سیدنا حضرت امام حسین
6593922d5674c6a702e3131f,قتل حسین اصل میں مرگ یزید ہے اسلام زندہ ہوتا ہے ہر کربلا کے بعد
6593928c5674c6a702e31322,میرے محبوب شخصیت وہ پیکر وفا اور فخر انسانیت ہے جس پر بشریت ناز کرتی ہے جس نے حق کا بول بالا کیا جو باطل کے اگے سینہ سپر ہو گیا
659392ee5674c6a702e31325,جس نے اپنے نانا کے دین حق کی سرفرازی کے لیے سر نیزے پر چڑھوا کر پوری انسانیت کے لیے سبق چھوڑا کہ اگر حق کی خاطر اپنے کنبے سمیت سر بھی دینا پڑے تو درغ نہ کیا جائے
659393935674c6a702e31328,ان کا نام حسین ہے جن کی داستان شہادت انسانی سربلندی کی داستان ہے جب انسانیت حق کی پاسبانی میں باطل کی نرغے میں گھر جائے تو نام حسین اسے سہارا دیتا ہے
6593940f5674c6a702e3132b,جب دولت و قوت کی فرعونیت حق پرستوں پر عرصہ زندگی تنگ کر دیتی ہے جب شیطانیت حق سے ہٹا کر باطل کی طرف رہنمائی کرتی ہے اور ناکامیوں سے بھوکلا کر انسان حق پر باطل ہونے کا شبہ کرنے لگتا ہے تو اس وقت حسین کی یاد اسے صبات بخشتی ہے
659394d15674c6a702e3132e,جب سیم و زر کی جھلکیاں ایمان کو کمزور کرنے لگتی ہیں تو مثال ہے حسین اسے ثابت قدم رکھتی ہے جب ایک طرف دینی کامیابی و کامرانی ہو دولت و اقتدار ہو اور دوسری طرف حق ہو تو فاقہ مستی میں بھی تقلید حسین کا راستہ ہمارے رہنمائی کرتا ہے
6593950a5674c6a702e31331,حسین کی ظاہری ناکامی کے اگے یزید کی ساری فتح مندیاں اور باطل کی کامیابیاں ہیچ نظر اتی ہیں حسین نے سر دے کر انسانی شرافت کی لاج رکھ لی
659395275674c6a702e31334,حسین کا نام اج بھی زندہ ہے اور رہتی دنیا تک زندہ رہے گا یزید کا نام اج بھی نفرت سے لیا جاتا ہے اور رہتی دنیا تک نفرت کی علامت بنا رہے گا اس کا نام فسق و فجور کے نام سے ہمیشہ کے لیے وابستہ ہو گیا ہے
659395aa5674c6a702e31337,حسین حق کے علمبردار تھے وہ اسی کے لیے پیدا ہوئے تھے اور اسی کے لیے انہوں نے جام شہادت نوش فرمایا وہ اپنی عظیم قربانی سے ایسی شمع روشن کر گئے جس سے انسانیت ہمیشہ رہنمائی حاصل کرتی رہے گی حسین نے محض امت مسلمہ کو ہی حق حمایت میں کٹ مرنے کا سبق نہیں سکھایا بلکہ یہ سبق پوری دنیا کے لیے ہے اور انہوں نے حق کو بچا کر اور باطل کو رسوا کر کے پوری دنیا پر احسان عظیم کیا ہے
659395f55674c6a702e3133a,یزید ملعون چاہتا تھا کہ حسین اس کی بیعت کر لیں مگر وہ حق و باطل کے سامنے کیسے جھکا سکتے تھے کیونکہ یہ صرف یزید کی بیعت نہ تھی بلکہ اسلام کا جاہلیت کے سامنے جھک جانا تھا حریت و مساوات کی شاندار روایت کا خون کرنا تھا اور ظلم و ستم کو پروان چڑھانا تھا
659396575674c6a702e3133d,امام حسین کے پاس کوئی مادی وسائل نہیں تھے مگر ان کے پاس ایمان کی بے حساب دولت تھی ان کے پاس کوئی دنیاوی طاقت نہ تھی ان کے پاس ایمان کی طاقت تھی چنانچہ انہوں نے ایمان کی طاقت سے ہی حکمران کا مقابلہ کیا
659396fa5674c6a702e31340,ان کے دل میں صرف خدا تعالی کا خوف تھا جس نے انہیں اتنا بے خوف کر دیا تھا کہ موت ان کی محبوب بن گئی وہ سمجھتے تھے کہ ان کا خون گلستان اسلام میں شگفتگی کی بہار پیدا کر دے گا چنانچہ نویں محرم کو اپ اپنے ساتھیوں سے یوں مخاطب ہوئے
659397265674c6a702e31343,کل کا دن ہماری زندگی کا اخری دن ہوگا رات کی سیاہی پھیل چکی ہے جس کا جدھر دل چاہے چلا جائے لیکن ان کے جان نثاروں نے کہا اپ کے لیے ہماری جانیں ایک ناچیز ہدیہ ہیں ہم اپ کو اکیلا چھوڑ کر کیسے جا سکتے ہیں
659397785674c6a702e31346,دسویں محرم کو یزیدی لشکر اپنی پوری طاغوتی طاقتوں کو لے کر کربلا کے میدان میں اگیا اور انہیں اور ان کے ساتھیوں کو ہر طرف سے گھیر لیا خون کی ندیاں بہہ گئی حضرت حسین کے عزیز و اقارب یہاں تک کہ چھ ماہ کا بچہ علی اصغر بھی ان کے سامنے ہی شہید ہو گیا
659397c05674c6a702e31349,لیکن انہوں نے صبر کا دامن ہاتھ سے نہ چھوڑا اکیلے رہ جانے پر بھی انہوں نے ہمت نہ ہاری بلکہ اپنے ظالم دشمنوں اور ان سے اس طرح خطاب فرمایا
659398665674c6a702e3134c,اے قوم میں تمہارے نبی کا نواسہ ہوں تم کیوں میرے قتل کے در پہ ہو کیا میں نے کوئی نیا دین ایجاد کیا ہے کیا میں نے کسی شریعت کو تبدیل کیا کیا میں وہی حسین نہیں جس کو تمہارے رسول نے اپنا فرزند کہا جس کے لبو دہن کے بوسے رسول اکرم نے لیے اے اہل کوفہ جس نبی کا تم کلمہ پڑھتے ہو اسی کے نواسے کے قتل پر کمر بستہ ہو یاد رکھو وہ وقت قریب ہے جب عذاب الہی کے شعلے تمہیں گھیر لیں گے
659398e85674c6a702e3134f,ابھی ان کا خطبہ ختم نہ ہوا تھا کہ ان پر یلغار شروع ہو گئی اپ نے کمال جواں مردی اور بے مثال بہادری سے دشمن کا مقابلہ کیا بالاخر انہیں شہید کر دیا گیا انہوں نے جان دے کر کربلا کے ریگزار کو رنگین بنا دیا
6594401fff28d14b07c7d394,حسین اج بھی زندہ ہیں ان کی یاد میں انکھیں روتی ہیں دل روتا ہے اور روح لرز جاتی ہے ان کی یاد اج بھی اربوں انسانوں کے دلوں میں تازہ ہے قلب و نظر اج بھی مسترب ہیں لیکن یزید ملعون کا کوئی نام لینا بھی گوارا نہیں کرتا اس کے لیے لعنت ہے اور قیامت تک لعنت رہے گی
6594408fff28d14b07c7d398,جبکہ امام عالی مقام کے لیے درود و سلام کا ورد رات دن چلتا رہتا ہے حسین کا نام تاریخ کے صفحات پر ہمیشہ کے لیے محفوظ ہو چکا ہے اور مورخ انہیں ایک بہادر حق پرست اور عظیم قربانی پیش کرنے والے کے طور پر یاد کرتا ہے جبکہ یزید کا نام و نشان مٹ چکا ہے
659440dfff28d14b07c7d39b,تاریخ اسے یاد بھی کرتی ہے تو بدترین قابل نفرت کردار کے حوالے سے جب تک دنیا باقی ہے حسین کا نام زندہ رہے گا اور انسانیت ان کے احسان کے بوجھ تلے دبی رہے گی بے شک انہوں نے جان کا نظرانہ دے کر دین حق کا علم سر بلند کیا
65944178ff28d14b07c7d39e,عارف اجمیری نے اس کی اس طرح وضاحت کی ہے شاہست حسین بادشاہ ہست حسین دے ہست حسین دے پناہ ہست حسین سرداد انداز دست در دست یزید حقا کے بنائے لا الہ حس حسین
65944a49935c36b40a09eaa8,عنوان سر سید احمد خان
65944b52935c36b40a09eaac,سر سید احمد خان کا شمار ان درد دل رکھنے والی قابل احترام ہستیوں میں ہوتا ہے جو قوم کے معمار کہلاتی ہیں سر سید احمد خان بڑے دور اندیش انسان تھے اور مسلمانوں کی ترقی کے دل و جان سے خواہاں تھے
65944bc1935c36b40a09eaaf,وہ دیکھ رہے تھے کہ اگر مسلمان ج*** اور بے علم رہ گئے تو ہمیشہ کے لیے ذلت کے گھڑے میں جا گریں گے جہاں سے ان کا نکلنا بہت مشکل ہو جائے گا وہ دیکھ رہے تھے کہ مسلمانوں کو تو احساس نہیں مگر ہندو ہر میدان میں اگے نکلتے جا رہے ہیں اور ہر جگہ قبضہ جمائیں بیٹھے ہیں
65944c58935c36b40a09eab2,وہ دیکھ رہے تھے کہ اگر مسلمان ج*** اور بے علم رہ گئے تو ہمیشہ کے لیے ذلت کی گھڑی میں جا گریں گے جہاں سے ان کا نکلنا بہت مشکل ہو جائے گا وہ دیکھ رہے تھے کہ مسلمانوں کو تو احساس نہیں مگر ہندو ہر میدان میں اگے نکلتے جا رہے ہیں اور ہر جگہ قبضہ جمائیں بیٹھے ہیں
65944c7f935c36b40a09eab5,اور ان کی کوشش یہی ہے کہ مسلمان ناخندہ ہی رہیں تاکہ کسی محکمے میں کوئی جگہ حاصل نہ کر سکیں عدلیہ اور انتظامیہ میں بھی ہر جگہ ہندوؤں کی چلتی تھی چونکہ انگریز نے مسلمانوں سے حکومت چھینی تھی اس لیے اسے مسلمانوں سے ہر وقت کھٹکا لگا رہتا تھا
65944cd6935c36b40a09eab8,وہ خود بھی یہی چاہتا تھا کہ مسلمان ج*** ہی رہیں انہیں ہوش ہی نہ ائے کہ ہم سے کسی چیز کا مطالبہ کر سکیں مسلمانوں کی حالت خراب سے خراب تر رکھنے میں ہی انگریز اپنا مفاد سمجھتا تھا مگر سر سید احمد خان یہ سمجھتے تھے کہ اگر ہندوؤں کی یہ چال کامیاب ہو گئی تو مسلمان اتصادی اور علمی میدان میں پیچھے رہ جائیں گے
6594cd0ffda47457ddf2ea54,لہذا انہوں نے مسلمانوں کی تعلیم کو ضروری سمجھا وہ خوب سمجھتے تھے کہ غداروں کی غداری کے باعث مسلمان سن 57 کی جنگ ازادی ہار چکا ہے اب اسے تلوار کی نہیں قلم کی جنگ لڑنے کی تیاری کرنا چاہیے جس کے لیے علم کا ہونا نہایت ضروری ہے وہ اس نتیجے پر پہنچ چکے تھے کہ اس وقت صورتحال یہ ہے کہ ہم مقابلہ کر کے انگریز کو نکال نہیں سکتے اس لیے ساری توجہ علم حاصل کرنے کی طرف لگا لیں
6594ce25fda47457ddf2ea58,سر سید احمد خان 17 اکتوبر 1817 میں دہلی میں پیدا ہوئے اپ کا خاندان حرات کا رہنے والا تھا مگر بس سلسلہ معاش دہلی چلایا اپ کے والد بزرگوار کا حلقہ شاگردی بہت وسیع تھا اور بڑے بڑے امیرزادے اپ کے شاگرد تھے
6594ce76fda47457ddf2ea5b,اپ کی والدہ ماجدہ نیک دل خدا ترس اور سخی خاتون تھیں حاجت مندو غربا اور مساکین کی حاجت روائی کھلے دل سے فرمایا کرتی تھی
6594ced6fda47457ddf2ea5e,اپ کی والدہ ماجدہ نیک دل خدا ترس اور سخی خاتون تھی حاجت مندو غربہ اور مساکین کی حاجت روائی کھلے دل سے فرمایا کرتی تھی
6594cfe3fda47457ddf2ea61,اپ کی دادا سید ہادی فارسی کے بہت بڑے شاعر تھے ان کی والدہ کو بھی اپنے بچوں کو تعلیم دلوانے کا بہت شوق تھا لہذا سر سید احمد خان نے 18 برس کی عمر ہی میں عربی کے علاوہ علم طب اور ریاضی پر عبور حاصل کر لیا اپ کے ایک بڑے بھائی بھی تھے جن سے اپ کو بہت محبت تھی ان کی وفات پر اپ کو بہت دکھ پہنچا
6594d082fda47457ddf2ea64,ابھی اپ نے 21کیسویں سال میں قدم رکھا ہی تھا کہ والد بزرگوار بھی داغ مفارقت دے گئے اور سارے خاندان کا بوجھ اپ کے کندھوں پر ا پڑا 1839 میں انہیں کمشنر اگرہ کے دفتر میں ملازمت مل گئی
6594d0aefda47457ddf2ea67,تیسرے سال ان کا تبادلہ فتح پور سیکھ رہی ہو گیا اور بہادر شاہ والی دہلی نے اپ کو جواد الدولہ سید احمد خان عارف جنگ کے خطاب سے نوازا
6594d17ffda47457ddf2ea6a,1857 میں اپ بجنور میں جج مقرر ہوئے اپ نے چونکہ 1857 کی جنگ ازادی میں بہت سے انگریزوں کی جانیں بچائیں تھیں اس لیے سلے میں انگریزوں نے سر سید احمد خان کی دو ست روپیہ ماہوار پینشن مقرر کر دی اور ایک شمشیر اخلت سے بھی نوازا 1870 میں اپ پھر بنارس کی جج مقرر ہوئے
6594d1bffda47457ddf2ea6d,اپ کے قلم میں بہت زور تھا اپ عربی فارسی کے بہت بڑے عالم تھے دوسری طرف بہت سی کتابوں کے علاوہ اپ تین مذہبی کتابوں کے مصنف بھی ہیں
6594d224fda47457ddf2ea70,اپ نے ایک اخبار سید الاخبار بھی جاری کیا اور اس اخبار کی ترقی کے لیے کوشا بھی رہے تھے اثار قدیمہ کے حوالے سے بھی اپ نے بہت خدمت انجام دی اور دہلی کی پرانی امارات کے حالات اثار ثناوید کی صورت میں لکھے علاوہ ازی اپ نے بہت سی کتابیں لکھ کر ہندوستان کے عوام میں مقبولیت حاصل کی
6594d284fda47457ddf2ea73,متحدہ ہندوستان کے مسلمان سر سید احمد خان کی رہتی دنیا تک ممنون احسان رہیں گے کیونکہ انہوں نے رات دن محنت کر کے مسلمانوں کے لیے علی گڑھ کالج کا سنگ بنیاد رکھا جو بعد میں علی گڑھ یونیورسٹی بن گئی جہاں پر ہندوستان کے ہر حصے سے مسلمانوں کے بچے دولت علم سے فیضیاب ہو کر ملک و قوم کی خدمت میں نمایاں حصہ لیتے رہے ہیں
6594d2f7fda47457ddf2ea76,اس کار خیر میں کچھ لوگ جو دور اندیش نہیں تھے اپ کو برا بھلا کہا کرتے تھے مگر اپ نے کسی کی پرواہ کیے بغیر اپنا مشن جاری رکھا اور ادارے کی تعمیر کے لیے اپ کو قوم کے اگے ہاتھ بھی پھیلانے پڑے تو اس میں بھی اور نہ سمجھی وہ کہتے تھے کہ میری قوم کے مستقبل کا سوال ہے مجھے جو کچھ بھی کرنا پڑا کروں گا مگر قوم کو زیور علم سے اراستہ کر کے چھوڑوں گا انہوں نے صحیح معنوں میں ایسا کر کے بھی دکھایا جس کے نتیجے میں جو لوگ اپ کی شدید دشمن تھے اہستہ اہستہ نہ صرف اپ سے اتفاق کرنے لگے بلکہ اپ کے مداح بن گئے
6594d3aefda47457ddf2ea79,علی گڑھ کے فارغ التحصیل ہندو پاک میں علمی اعتبار سے ہر جگہ عزت کی نگاہ سے دیکھے جاتے تھے حقیقت یہ ہے کہ اگر سر سید احمد خان تعلیم کے میدان میں اس قدر نمایاں خدمت انجام نہ دیتی تو مسلمان قوم تعلیم میں بہت پیچھے رہ جاتی
6594d40dfda47457ddf2ea7c,اور اگر مسلمان قوم ناخندہ رہ جاتی تو ان میں محمد علی جنا پیدا نہ ہوتے نہ اقبال نہ لیاقت علی خان نہ دوسرے زومہ جو علم کی شمع ہاتھ میں لے کر قوم کی رہنمائی کر گئے قوم کا درد رکھنے والا یہ عظیم انسان 1901 میں ہم سے جدا ہو گیا
6594d8268d17a270b30b2e1a,عنوان علامہ اقبال
6594d8cd8d17a270b30b2e1e,حکیم الامت دانائی راز مرد خودبین و خود اگاہ مفکر ملت علامہ اقبال نے اپنی قومی شاعری اور ایمان افروز پیغامات سے مسلمان ان عالم کو بالعموم اور مسلمانوں نے ہند کو بالخصوص خواب غفلت سے جگہ کر تصور پاکستان پیش کیا تخلیق ارض پاک انہی کی فکری کاوشوں سے سر انجام پائی
6594d9738d17a270b30b2e21,اپ نو نومبر 1877 کو شہر سیالکوٹ میں پیدا ہوئے اپ کا ابائی وطن کشمیر تھا اپ کے والد بزرگوار شیخ نور محمد نہایت پرہیزگار اور متقی انسان تھے
6594d9958d17a270b30b2e24,ابتدائی تعلیم ایک دینی مدرسے میں پائی اور میٹرک پاس کرنے کے بعد مرے کالج سیالکوٹ میں داخلہ حاصل کیا یہیں سے انہوں نے ایف اے پاس کیا اس کے بعد بی اے اور ایم اے گورنمنٹ کالج لاہور سے امتیازی حیثیت سے پاس کیا اور پنجاب بھر میں اول ائے
6594d9b58d17a270b30b2e27,میٹرک پاس کرنے کے بعد جب اپ سیالکوٹ کے مشن میں پہنچے تو وہاں پر اپ کو مولوی میر حسن جیسے فاضل اور شفیق استاد مل گئے جنہوں نے ان کے جوہر قابل کو پہچان لیا انہوں نے ان کی ذہنی تربیت فرمائی اور ان میں اسلامی ذوق پیدا کیا
6594da208d17a270b30b2e2a,گورنمنٹ کالج لاہور میں اپ کو پروفیسر ارنلڈ جیسی شخصیت کے سامنے زانوے سے تلمستا کرنے کا موقع ملا جنہوں نے اقبال میں تجسس اور تحقیق کی صفات کو اجاگر کر دیا
6594da828d17a270b30b2e2d,یہاں سے فارغ التحصیل ہو کر اپ پہلے اورینٹل کالج اور پھر گورنمنٹ کالج لاہور میں پروفیسر رہے اس کے بعد 1905 میں اپ قانون کے اعلی تعلیم کے لیے انگلستان چلے گئے اور کیمبرج یونیورسٹی سے بار ایٹ لا کی سند حاصل کی
6594da9d8d17a270b30b2e30,فلسفہ ایران پر ایک کتاب لکھ کر اپ نے جرمنی کی میونخ یونیورسٹی سے پی ایچ ڈی کی ڈگری حاصل کی 1908 میں اب وطن واپس اگئے
6594dad68d17a270b30b2e33,علامہ اقبال کو اپنے فاضل اور شفیق استاد سر ار نلڈ سے بہت محبت تھی قیام انگلستان کے دوران اپ نے ارادہ کر لیا تھا کہ شیر نہیں کہیں گے مگر ارنلڈ کے کہنے پر اپ نے اس ارادے کو ترک کر دیا اور پھر سے شیر کہنے لگے جب اپ کو ارنلڈ کے انتقال کی خبر ملی تو بے اختیار اپ کی زبان سے نکلا اہ اج ایک بال اپنے عظیم دوست اور شفیق استاد سے محروم ہو گیا
6594db478d17a270b30b2e36,علامہ اقبال انجمن حمایت اسلام لاہور کے صدر بھی منتخب ہوئے اور انجمن کے اداروں کو نہایت خوبی سے چلاتے رہے بعد میں پنجاب لے جس لیٹو کونسل کے ممبر چنے گئے پھر اپ کو پنجاب مسلم لیگ کا صدر منتخب کر لیا گیا شاعری کی وجہ سے اپ کی شہرت ہندوستان کی سرحدوں کو عبور کر کے تمام دنیا میں پھیل گئی
6594db728d17a270b30b2e39,قوم نے اپ کو ترجمان حقیقت شاعر مشرق اور حکیم الامت کے خطابات سے نوازا حکومت برطانیہ نے اپ کو سر کا خطاب دیا ریاست بھوپال کی طرف سے اپ کے لیے 500 روپیہ ماہوار وظیفہ مقرر ہوا
6594dbc08d17a270b30b2e3c,علامہ اقبال کی ساری کی ساری شاعری میں قوم کے لیے تڑپ موجود ہے ہر شیر ملت کے لیے اصلاح کا پیغام دیتا ہے کبھی وہ اسلاف کے کارنامے یاد د** کر مسلمانوں کا لہو گرماتے ہیں کبھی افلاک پر کمانڈ ڈالنے کو کہہ کر نوجوان اسلام کو دعوت عمل دیتے ہیں
6594dc458d17a270b30b2e3f,عقاب و شاہین کی تمصیل سے نوجوانوں کو بلند خیالی اور بلند پروازی کا درس دیتے تھے اویس کرنی کا قصہ چھیڑ کر حب رسول کی ترغیب دیتے ہیں اپ سچے عاشقانہ رسول میں سے تھے حضور کے عشق میں ان کی انکھیں ہمیشہ پر نم رہتی تھیں
6594dc9f8d17a270b30b2e42,علامہ صاحب نے خود ہی پر بہت زور دیا ہے خود ہی سے ان کی مراد تکبر یا خود نمائی نہیں ہے بلکہ وہ قوم کو خود شناسی سکھانا چاہتے تھے اور اسے احساس دلانا مقصود تھا کہ تمہارے اندر قدرت نے جو جوہر پنہا رکھے ہیں ان کو کام میں لا کر اپنے اپ کو اس قابل بناؤ کہ خدا تعالی کے بندوں میں شامل ہو جاؤ اور عملی اور ذہنی طور پر اللہ کے اس قدر مقرب بن جاؤ کہ اس کی رحمتیں تم پر برسنے کے لیے مجبور ہو جائیں
6594dcc58d17a270b30b2e45,اپ فرماتے ہیں خودی کو کر بلند اتنا کہ ہر تقدیر سے پہلے خدا بندے سے خود پوچھے بتا تیری رضا کیا ہے
6594dcf98d17a270b30b2e48,علامہ کا تمام کلام اسلامی نظریات کے عین مطابق ہے اپ کا سارا کلام احکام الہی اور اسوہ حسنہ کی عکاسی کرتا ہے اگر ان کی صرف ایک ہی شعر پر انسان عمل پہرا ہو جائے تو کامیاب مسلمان بن جاتا ہے اور دین و دنیا کی دولت اس کے قدموں تلے ا جاتی ہے
6594dd438d17a270b30b2e4b,ایک شعر ملاحظہ ہو یقین محکم عمل پہ ہم محبت فاتح عالم جہاد زندگانی میں ہیں یہ مردوں کی شمشیریں
6594dd688d17a270b30b2e4e,اگر اس شیر کے متعلق یہ کہا جائے کہ اپ نے دریا کو کوزے میں بند کر دیا ہے تو بالکل بجا ہوگا کیونکہ اس میں علامہ اقبال نے کتاب و سنت کے بہت سے تقاضے پورے کر دیے ہیں
6594de128d17a270b30b2e51,اپ نے 21 اپریل 1938 کو لاہور میں رحلت فرمائی اور شاہی مسجد کے سامنے حضوری باغ میں دفن ہوئے عام دنوں میں بھی لوگ ان کے مزار پر فاتح خوانی کے لیے جاتے ہیں مگر خاص مواقع مثلا یوم اقبال پر بہت زیادہ لوگ حاضری کے لیے جاتے ہیں یوم اقبال کے موقع پر ملک کے سربراہان کی طرف سے بھی ان کے مزار پر پھول چڑھائے جاتے ہیں اور بے شمار علمی اور ادبی اداروں اور انجمنوں کی طرف سے بھی چادریں چڑھائی جاتی ہیں فاتح خوانی کی جاتی ہے
659622b8aa7d7862a6dfd066,عنوان اقبال کا پیغام
659622ceaa7d7862a6dfd06a,خود ہی کا سر نہاں لا الہ الا اللہ خودی ہے تیغ فساں لا الہ الا اللہ
65962366aa7d7862a6dfd06d,علامہ اقبال صرف شاعر ہی نہیں تھے وہ ایک فلسفی بھی تھے اور قوم کے ہمدرد رہنما بھی تھے وہ قوم کی اصلاح کر کے اسے عظیم قوم بنانا چاہتے تھے اس مقصد کے لیے انہوں نے اپنی شاعری کو ذریعے کے طور پر استعمال کیا چنانچہ ان کی شاعری محض شاعری نہیں اس میں قوم کے لیے پیغام ہے
659623bcaa7d7862a6dfd070,اقبال نے اپنے پیغام میں خود ہی پر خاص طور پر زور دیا ہے نظریے اقبال یہ ہے کہ خدا پر پورا پورا بھروسہ رکھو اپنے اعتقادات و نظریات پر مضبوطی سے کاربند رہو عملے پیہم کو اپنا شعار بناؤ بے ہمتی اور محض تقدیر پر تکیہ کرنے کے بجائے حالات کا ہمت سے مقابلہ کرو اور کوشش کرو کہ حالات کے ساتھ ساتھ خود ڈھل جانے کے بجائے حالات کو اپنی مرضی کے مطابق ڈھالا جائے اور اس کے لیے مشکل کو سہنے کا حوصلہ پیدا کیا جائے
65962403aa7d7862a6dfd073,اقبال کہتے ہیں کہ جس قدر مشکل درپیش ہو انسان کو اسی قدر باہمت ہونا چاہیے کیونکہ مشکلات ہی انسان میں مقابلے کی قوت پیدا کرتی ہے اعمال اچھے ہونے چاہیے اور ان میں تسلسل ہونا چاہیے انسان کی کوشش میں شوق اور لگن اس قدر بڑھتا جانا چاہیے کہ وہ عشق کی شکل اختیار کر لے
65962433aa7d7862a6dfd076,اقبال کہتے ہیں تو راہ نورد شوق ہے منزل نہ کر قبول لیلہ بھی ہم نشین ہو تو محمل نہ کر قبول
65962508aa7d7862a6dfd079,گویا جدوجہد کے دوران ٹھہراؤ نہ انے پائے یہ شوق یہ لگن یہ عشق انسان کی زندگی کو ہدایت بخش دیتا ہے اقبال کہتے ہیں کہ اپنے اپ کو پہچانوں اپنے فرائض کو پہچانو اور تن دہی سے ان کو سرانجام دو تو تسخیر کائنات بھی تمہارے لیے کوئی مسئلہ نہ ہوگا اور یہ ہے اقبال کا مقام ہے خود ہی اور یہی ہے مقام خود اگاہی
659625f7aa7d7862a6dfd07c,اقبال انگریز کے دور میں پیدا ہوئے اسی کا مقرر کردہ نصاب پڑھا انہوں نے مغرب میں خاصہ قیام کیا اور وہاں پر تہذیب مغرب کا بھی مطالعہ کیا اور انہوں نے اس کے افکار ور نظریات کو خوب جانچا پرکھا
6596262baa7d7862a6dfd07f,مگر وہ اس سے متاثر ہونے کی بجائے اس سے متنفر ہو گئے اور مغربی تہذیب کے بارے میں صاف صاف کہہ دیا اٹھا کر پھینک دو باہر گلی میں نئی تہذیب کے انڈے ہیں گندے
65962696aa7d7862a6dfd082,مغربی تہذیت سے اپنی نفرت کے اس برملا اظہار کے بعد انہوں نے اس کے بارے میں کھلی پیش گوئی بھی کی کہ تمہاری تہذیب اپنے خنجر سے اپ ہی خودکشی کرے گی جو شاخ نازک پہ اشیانہ بنے گا ناپائیدار ہوگا
6596271caa7d7862a6dfd085,اقبال نے دور انحطاط میں انکھ کھولی تھی وہ سمجھتے تھے کہ مسلمان باہمی انتشار و افتراق کا شکار ہیں اور قوم بے ہمت اور مایوس ہو چکی ہے انہوں نے محسوس کر لیا کہ اگر ان پر مغربیت کا ملمہ چڑھ گیا تو یہ اپنا سب کچھ کھو بیٹھیں گے اور ہمیشہ ہمیشہ کے لیے تباہ ہو کر رہ جائیں گے
659627a5aa7d7862a6dfd088,کیونکہ پہلے ہی مسلمان سیاسی اور اقتصادی طور پر بہت پیچھے تھے لہذا اقبال نے نظریات مغرب سے ہٹا کر قوم کو خودی کا پیغام دیا اور عملے پہ ہم اور جہد مسلسل کی دعوت دی اور مسلمان نے ہند کو یہ کہہ کر خبردار کیا کہ نہ سمجھو گے تو مٹ جاؤ گے اے ہندوستان والو تمہاری داستان تک بھی نہ ہوگی داستانوں میں
65962921b2aec2ff6857e10f,اقبال جانتے تھے کہ انگریز کے نظریات کیا ہیں اور ہندوؤں کے ارادے کیا ہیں اقبال نے خود اعتمادی اور اپنی مدد اپ پر زور دیا ہے انہوں نے غیر کے اگے دست احتیاج پھیلانے کو لعنت سمجھا اور اپنی کوشش سے اپنی ہی سرزمین سے پیدا کردہ اشیاء پر انحصار کرنے کو ابرو مندانہ اقدام قرار دیا
65962a6688e6edbcb399c421,وہ اپنی قوم سے مخاطب ہو کر کہتے ہیں اٹھا نہ شیشہ گران فرنگ کے احسا سفال ہند سے میں نہ و جام پیدا کر
65962a66ce05695cb5222968,وہ اپنی قوم سے مخاطب ہو کر کہتے ہیں اٹھا نہ شیشہ گران فرنگ کے احسا سفال ہند سے میں نہ و جام پیدا کر
65962ad0ce05695cb522296c,اقبال کی شاعری اتنی وسیع ہے کہ اپنے ملک کے علاوہ دوسرے ممالک میں بھی قدر کی نظروں سے دیکھی جا رہی ہے کیونکہ اس میں زندگی کے ہما جہتی مسائل فلسفہ حیات اور ترقی و ارتقا کے مسائل کی عقدہ کشائی کی گئی ہے
65962af1ce05695cb522296f,اقبال کی شاعری نظریات و افکار میں وسعت پیدا کرتی ہے زندگی کو شکفتگی اور تازگی بخشتی ہے ترقی فکر و تمدنی ارتقا کا درس دیتی ہے دعوت عمل اور جہد مسلسل کی طرف رہنمائی کرتی ہے
65962b1fce05695cb5222972,اپ نے کرگس و شاہین کا مقابلہ کر کے سمجھایا ہے کہ عزت کی زندگی اور ذلت کی زندگی میں کیا فرق ہے اقبال کے ایک ایک شعر سے تقوی یقین محکم عملے پہ ہم اور محبت کا پیغام ملتا ہے
65962d00ce05695cb5222975,اقبال کی شاعری میں عشق رسول کا جذبہ بھی معجزن نظر اتا ہے اسی پیکر ہدایت کا دیا ہوا درس اقبال نے اپنی شاعری میں دہرایا ہے اسی کے اسوہ حسنہ کا سہارا لیا ہے اسی در نایاب کی دمک سے اپنے اشعار کو چمکایا ہے
65962d2fce05695cb5222978,اسی کی پرسوز لے میں ملت اسلامیہ کو اپنے نغمات سنائے ہیں اور اسی کی تقلید میں اقبال نے مخلوق خدا سے بھی محبت کا اظہار کیا ہے خدا کے عاشق تو ہیں ہزاروں بنوں میں پھرتے ہیں مارے مارے میں اس کا بندہ بنوں گا جس کو خدا کے بندوں سے پیار ہوگا
659630fec40596d30679bfa0,عنوان قائد اعظم
65963189c40596d30679bfa4,جنگ ازادی کی ناکامی کے بعد مسلمان ہند نہایت ذلت امیز اور غلامانہ زندگی بسر کر رہے تھے اب ان کے سامنے کوئی لائحہ عمل نہ تھا ان میں علم اور ہمت کی بھی کمی تھی وہ سیاسی اور اقتصادی طور پر بری طرح دبے ہوئے تھے ان کا جذبہ ازادی مردہ ہو چکا تھا
6596318ac40596d30679bfa7,جنگ ازادی کی ناکامی کے بعد مسلمان ہند نہایت ذلت امیز اور غلامانہ زندگی بسر کر رہے تھے اب ان کے سامنے کوئی لائحہ عمل نہ تھا ان میں علم اور ہمت کی بھی کمی تھی وہ سیاسی اور اقتصادی طور پر بری طرح دبے ہوئے تھے ان کا جذبہ ازادی مردہ ہو چکا تھا
65963247c40596d30679bfaa,ان کی ایمانی قوت عمل ضعیف ہو چکی تھی قوم انتشار و افتراق کا شکار تھی عمرہ انگریز کے زیر اثر تھے اور مغربی تہذیب کے دلدادہ بن کر رہ گئے تھے
65963311c40596d30679bfad,دینی لالچ نے ان کی زبانیں بند کی ہوئی تھیں مسلمانوں کی کوئی قیادت نہ تھی ہندو ہر میدان میں اگے نکل گئے تھے اور ہر شعبے میں انہی کا سکہ چلتا تھا مسلمانوں کی زبوں حالی کے سبب ان کے لیے ترقی کی راہیں مسدود ہو چکی تھیں
65963335c40596d30679bfb0,ایسے میں ایک مرد مجاہد جو دیکھنے میں نہایت دبلا پتلا اور کمزور تھا مگر ارادہ مسمم قواع عمل فولا دی اور نگاہ بلند رکھتا تھا میدان میں نکلا
65963446c40596d30679bfb3,اس نے انگریز اور ہندو دونوں کو للکار کر کہا کہ مسلمان ایک الگ قوم ہے ان کی مذہبی اور معاشرتی اقدار ہندوؤں سے بالکل الگ ہیں ان کی تہذیب و تمدن جدا ہے
659635ab061850a275df8161,مسلمان اپنے مخصوص فلسفہ حیات کی ترقی اور نشو نما کے لیے ایک الگ ملک چاہتے ہیں جہاں پر وہ یہ ثابت کر سکیں کہ مسلمان واقعی ایک الگ قوم ہے جس کی نظریات بھی الگ ہیں
6596369ad018ff75192ee7b0,وہ مرد مجاہد ہمارے عظیم قائد اعظم محمد علی جنا تھے جن کی سیاسی بصیرت اور بے مثال جرات و استقلال کی بدولت پاکستان معرض وجود میں ایا
659636a4d018ff75192ee7b4,وہ مرد مجاہد ہمارے عظیم قائد اعظم محمد علی جنا تھے جن کی سیاسی بصیرت اور بے مثال جرات و استقلال کی بدولت پاکستان معرض وجود میں ایا
65963733d018ff75192ee7b7,قائد اعظم محمد علی جنا 25 دسمبر 1876 کو کراچی میں پیدا ہوئے اپ کا تعلق خواجہ خاندان سے تھا اپ کے والد گرامی کا نام پونجا جنا تھا اپ کے اباؤ اجداد گجرات کاٹیا وار کے رہنے والے تھے چونکہ اپ کے والد محترم بھی لمبے اور دبلے پتلے تھے اور گجراتی زبان میں لمبے اور دبلے پتلے ادمی کو جینا کہتے ہیں لہذا انہیں بھی پون لوگ پونجا جینا کے نام سے پکارتے تھے بعد میں یہی لفظ جینا جنا بن گیا پوجا جنا کراچی میں چمڑے کے سوداگر تھے
65968d4b0cc37d189bb95752,بانی پاکستان قائد اعظم محمد علی جناح نے ابتدائی تعلیم گوملداس پرائمری اسکول بمبئی میں پائی اور میٹرک کا امتحان سندھ مدرسۃ العلوم ہائی سکول کراچی سے پاس کیا 1893 میں اپ 16 سال کی عمر میں بیرسٹری کی تعلیم حاصل کرنے کے لیے انگلینڈ چلے گئے اور 1896 میں بیرسٹری پاس کر کے وطن واپس اگئے
65968d9e0cc37d189bb95756,1896 میں اپ نے کراچی میں وکالت شروع کر دی اگلے سال اب بمبئی چلے گئے اور وہاں کے بہت کامیاب وکیلوں میں شمار ہونے لگا 1900 میں اپ پریزیڈنسی مجسٹریٹ مقرر ہوئے
65968dc50cc37d189bb95759,اپ نے بڑی دیانت داری اور محنت سے کام کیا بمبئی ہائی کورٹ کی جوڈیشل سیکرٹری نے اپ کی کارکردگی اور قابلیت سے متاثر ہو کر اپ کو مستقل ملازمت کی پیشکش کی جس کی ماہانہ تنخواہ اس وقت 1500 روپے تھے لیکن اپ نے اسے ایک تاریخی جواب دیا
65968de00cc37d189bb9575c,1500 روپے تم ایک روز میں کمانا چاہتا ہوں اور اپ مجھے ایک ماہ کی تنخواہ 1500 روپے دیں گے چنانچہ اپ نے یہ ثابت کر دکھایا کہ محنت اور لگن سے کام کیا جائے تو اس کا پھل ضرور ملتا ہے
65968e600cc37d189bb9575f,قائد اعظم کا رجھان بچپن ہی سے سیاست کی طرف تھا انگلینڈ میں ہی اپ نے سیاسیات کا مطالعہ شروع کر دیا تھا اس کے علاوہ دادا بھائی نورو جی مسٹر گھوگلے اور فیروز شاہ مہتا جیسے منجھے ہوئے سیاست دانوں کی صحبت سے ان میں اور بھی پختگی پیدا ہو گئی تھی
65968ede0cc37d189bb95762,1905 میں کانگرس کے اس وقت کے صدر دادا بھائی نوروجی کے پرائیویٹ سیکرٹری کی حیثیت سے کانگرس میں شرکت کی اس سے قبل 1900 میں جب اپ نے کانگرس کی اجلاس میں وقف علی اولاد کے مطابق ایک کامیاب تقریر کی تو بڑے بڑے سیاستدان بول اٹھے کہ یہ دبلا پتلا نوجوان ایک دن بہت بڑا سیاستدان ہوگا
65968edf0cc37d189bb95765,1905 میں کانگرس کے اس وقت کے صدر دادا بھائی نوروجی کے پرائیویٹ سیکرٹری کی حیثیت سے کانگرس میں شرکت کی اس سے قبل 1900 میں جب اپ نے کانگرس کی اجلاس میں وقف علی اولاد کے مطابق ایک کامیاب تقریر کی تو بڑے بڑے سیاستدان بول اٹھے کہ یہ دبلا پتلا نوجوان ایک دن بہت بڑا سیاستدان ہوگا
6596eda85debdc169b501285,1905 میں کانگرس کے اس وقت کے صدر دادا بھائی نوروجی کے پرائیویٹ سیکرٹری کی حیثیت سے کانگرس میں شرکت کی اس سے قبل 1900 میں جب اپ نے کانگرس کے اجلاس میں وقف علی الاولاد کے متعلق یہ کامیاب تقریر کی تو بڑے بڑے سیاستدان بول اٹھے کہ یہ دبلا پتلا نوجوان ایک دن بہت بڑا سیاستدان ہوگا
6596ef2bff7e770652a7f1b4,199 میں اپ کو بمبئی کے مسلمانوں نے وائس روئے کی قانون ساز کونسل کا ممبر منتخب کیا 1947 تک اپ کونسل کے ممبر رہے 1906 میں مسلم لیگ کی بنیاد رکھی جا چکی تھی
6596ef4dff7e770652a7f1b8,جب کانگرس نے چمس فوڈ اسکیم کو نا منظور کیا اور عدم تعاون کی تحریک شروع ہوئی تو قائد اعظم چند اصولی اختلافات کی بنا پر کانگرس سے مستعفی ہو گئے
6596efadff7e770652a7f1bb,قائدا اعظم کے کانگرس سے علیحدہ ہو جانے کا بنیادی سبب یہ تھا کہ انہوں نے محسوس کرنا شروع کر دیا تھا کہ ہندوؤں کی حکمت عملی سے مسلمانوں کو نقصان پہنچ رہا ہے اور وہ ہندوستان میں ہندو راج قائم کرنا چاہتے ہیں
6596efcdff7e770652a7f1be,ہندوؤں سے بد دل ہو کر جب کانگریس سے علیحدگی اختیار کر لی تو اپ نے تمام اہل ہند کی بجائے صرف مسلمانوں کی خدمات انجام دینے اور ان کے ازادی کے لیے لڑنے کا فیصلہ کر لیا
6596f06cff7e770652a7f1c1,ہندوؤں سے منزل ہو کر جب کانگرس سے علیحدگی اختیار کر لی تو اپ نے تمام اہل ہند کی بجائے صرف مسلمانوں کی خدمات انجام دینے اور ان کی ازادی کے لیے لڑنے کا فیصلہ کر لیا
6596f0bdff7e770652a7f1c4,یہی وہ فیصلہ تھا جس کے تحت اپ 1913 میں مسلم لیگ میں شامل ہو گئے 1914 میں وزیر ہند کی کونسل کی اصلاحات کے سلسلے میں اپ ایک وفد کے ہمراہ لندن گئے اور وہاں ہندوستان کی نمائندگی بڑی خوبی سے سرانجام دی
6596f10cff7e770652a7f1c7,1917 میں تحریک ہوم رول میں شامل رہے اور وقت کے سب سے بڑے دنیاوی حاکم لارڈ ولنگڈن کو ناک چنے چبوائے
6596f18bff7e770652a7f1ca,جب وائسرائے ہند لارڈ بلنگڈن یہاں سے رخصت ہونے لگا تو لوگوں نے اسے بمبئی میں ایک ضیافت دینی چاہی صرف جنا ہی تھے جنہوں نے عین جلسے میں کھڑے ہو کر وائسرائے کے خلاف تقریر کی اور اس کے عہد کی ظلم و ستم بھی گنوائے
6596f1deff7e770652a7f1cd,قائدا اعظم کی اس بے با کی اور حریت پسندی سے خوش ہو کر اہل بمبئی نے ایک شاندار ہول تعمیر کیا جو اج بھی جنا ہال کے نام سے مشہور ہے
6596f289ff7e770652a7f1d0,ہندوؤں کی مسلم کش کوششوں سے متاثر ہو کر قائد اعظم نے 1927 میں ال انڈیا مسلم لیگ کے اجلاس کلکتاہ کی صدارت کی اور نئے عزائم کے ساتھ مسلمانوں کو ایک پلیٹ فارم پر اکٹھا کرنے کی سعی شروع کر دی
6596f2acff7e770652a7f1d3,1928 میں اپ نے ائل پارٹیز کانفرنس میں شرکت کی اور نہرو رپورٹ کی مسلم کش دفعات کی دھجیاں بکھیر کر رکھ دیں
6596f2c8ff7e770652a7f1d6,اسی سال دہلی کے اجلاس مسلم لیگ میں اپنے مشہور 14 نکات کا اعلان کیا جس میں ہندوستانی مسلمانوں کی سیاسی مطالبات تھے اب مسلم لیگ کی اواز ہندوستان کے کونے کونے میں پہنچ چکی تھی
6596f347ff7e770652a7f1d9,1940 میں لاہور ریزولوشن جسے قرارداد پاکستان بھی کہا جاتا ہے کہ ذریعے پاکستان کا مطالبہ کیا گیا انگریز اور ہندو نے اسے ایک مجذوب کی جڑ قرار دیا
6596f368ff7e770652a7f1dc,مگر جوں جوں مخالفت بڑھتی گئی مسلمان ایک پلیٹ فارم پر جمع ہوتے گئے اور زیادہ مضبوط اور متحد ہو گئے اخر انگریز اور ہندو مجبور ہو گئے اور 1947 میں حکومت برطانیہ کو اعلان پاکستان کرنا پڑا
6596f3faff7e770652a7f1df,قائد اعظم نے مسلم قوم کو ہندو کے ظلم و ستم سے محفوظ رکھنے کے لیے بڑی جدوجہد کی غیر تو غیر اپنوں نے بھی ان کی بے حد مخالفت کی مگر مشید ایس دی نے اپ کی مدد کی اور ازادی کا سہرا اپ کے سر بند گیا
6596f477ff7e770652a7f1e2,اپ کی کوشش ہو کہ نتیجے میں ملنے والی ازادی نے 10 کروڑ مسلمانوں کو ازاد قوموں کی صف میں کھڑا کر دیا اب پاکستان کے پہلے گورنر جنرل بنے
6596f4f4ff7e770652a7f1e5,اس وقت اپ کی عمر 72 سال تھی کثرت کام کی وجہ سے اپ کی صحت خراب ہو گئی اپ بحالی صحت کے لیے کوئٹہ تشریف لے گئے اور پھر وہاں سے زیارت چلے گئے لیکن اپ کی صحت بحال نہ ہو سکی اخر 1948 کو وہ اپنے خالق حقیقی سے جا ملے
659e0f5c7d5e5b22b6abcc6b,عنوان قائد اعظم کا پیغام
659e0fab7d5e5b22b6abcc6f,محسن ملک و ملت بابائے قوم قائد اعظم محمد علی جنا معمار پاکستان ہیں اپ نے قوم کی قیادت اس وقت سنبھالی جب مسلمانان ہند کا کوئی پرسان حال نہ تھا انگریز اور ہندو کے انتہائی مخالفت کی باوجود انہوں نے پاکستان حاصل کر کے ہی دم لیا
659e106e7d5e5b22b6abcc72,اب شروع ہی سے کمزور جسم رکھتے تھے اپ پر کام کا دباؤ اس قدر زیادہ پڑ گیا تھا کہ اپ کی صحت اتنی خراب ہو گئی کہ ڈاکٹروں نے انہیں مکمل ارام کرنے کا مشورہ دیا
659e109d7d5e5b22b6abcc75,مگر وہ تو اس اولعزم مجاہد کی مانند تھے جو ایک لمحہ کے لیے نہ تلوار ہاتھ سے چھوڑتا ہے نہ گھوڑے کی پشت اپ کی زندگی کیا تھی بس کام کام سفر سفر
659e11087d5e5b22b6abcc78,اپ نصف سدی تک نگاہ بلند سے قوم کی رہنمائی کرتے رہے اور درس حریت دیتے رہے اور جواب دشمنا دینے کا فریضہ پوری لگن ہمت اور خلوص سر انجام دیتے رہے
659e112e7d5e5b22b6abcc7b,اپ نے نظریہ اقبال کی کہ مسلمان ایک الگ قوم ہیں اور ان کی مذہبی سیاسی معاشرتی ترقی کے لیے علیحدہ خطہ عرض چاہیے خوب ترجمانی کی انہوں نے انگریز اور ہندو سے مطالبہ پاکستان منوا کر ہی دم لیا
659e11587d5e5b22b6abcc7e,ہمارے عظیم قائد نے قوم کو اتحاد یقین اور تنظیم کا درس دیا اپنی زندگی کی پرواہ نہ کرتے ہوئے انہوں نے خود محنت کر کے یہ ثابت کیا کہ محنت انسانی ترقی کے لیے اس طرح ضروری ہے جس طرح زندگی کو چلانے کے لیے خوراک
659e119c7d5e5b22b6abcc81,اتحاد قوت ملت کا دوسرا نام ہے یقین جذبہ ایمانی اور نصب العین کی کامیابی کے لیے اشد ضروری ہے اصول نظم و ضبط اور تنظیم اعمال و کردار کی صحیح راہیں متعین کر کے منزل مقصود تک پہنچنے میں اسانی پیدا کرتا ہے
659e12347d5e5b22b6abcc84,ہم اہنگی بلندی فکر و نظر پیدا کرتی ہے ترقی وسعت کی راہیں ہموار ہوتی ہیں قائد اعظم نے جرات استقلال اور صحیح پہ ہم کو شعار بنا کر قوم کو اس پر کاربند رہنے کا پیغام دیا
659e12627d5e5b22b6abcc87,قوم ایک مشینری کی مانند ہے اس میں ہر پرزہ اپنی اپنی جگہ اہمیت رکھتا ہے اور اس کی صحیح کارکردگی کا انحصار ان تمام پرزوں پر ہے جو اس میں کام کر رہے ہیں اسی طرح سے ملک و قوم کا ہر فرد ایک اہم پرزہ ہے جسے اپنی اپنی جگہ پر پورے خلوص ہمت اور احساس فرض شناسی سے کام کرنا چاہیے
659e12857d5e5b22b6abcc8a,اقبال نے مسلمانوں بالخصوص مسلم نوجوانوں کی زندگی گزارنے کا صحیح ڈھنگ بتانے کے لیے ان الفاظ میں اپنے پیغام کی وضاحت کی ائین جواں مرد و حق گوئی و بے باکی
659e12d37d5e5b22b6abcc8d,اقبال نے جو درس لفظوں میں دیا قائد اعظم نے اس پر عمل کر کے دکھایا اور ہمیشہ اس اصول پر کاربند رہے اپ کے دل میں سوائے پروردگار عالم کے کسی کا ڈر نہیں تھا اپ سچی بات بے خوف و خطر کہہ دیتے تھے اور اپنے حق کو دوسروں سے تسلیم کروا کر چھوڑتے تھے
659e13107d5e5b22b6abcc90,ایک دفعہ اپ کسی مقدمے کی پیروی کے لیے بمبئی کی ایک عدالت میں گئے تو کیا دیکھتے ہیں کہ عدالت میں جو کرسیاں وکلا کے لیے مخصوص ہوتی ہیں ان میں سے کوئی بھی خالی نہیں تھی سب کرسیوں پر وکلا بیٹھے تھے اور ایک کرسی پر بمبئی کارپوریشن کا میئر بیٹھا تھا جو حکمران قوم سے تعلق رکھتا تھا اب قانون دان تھے اس لیے جانتے تھے کہ یہ کرسیاں صرف وکلا کے لیے مخصوص ہیں اور ان پر وکیلوں کے سوا کسی اور کو بیٹھنے کا کوئی حق نہیں
659e133c7d5e5b22b6abcc93,قائد اعظم جیسے جلیل المرتبت وکیل کے لیے کوئی سیٹ خالی نہ تھی اپ نے جھٹ چپراسی کو حکم دیا کہ میر سے کہو کہ کرسی چھوڑ دے یہ کرسیاں وکلا کے بیٹھنے کے لیے ہیں چپڑاسی بیچارہ گھبرا گیا کہ ایک تو بمبئی کارپوریشن کا میئر اور دوسرے انگریز
659e136a7d5e5b22b6abcc96,اسے اٹھانے کی جرات نہ کر سکا گرجدار اواز سے دوبارہ چپراسی کو حکم دیا اور مجبورا اسے میئر کو اٹھانا پڑا وہ انگریز با اصول انسان تھا اس نے بھی کوئی اعتراض نہ کیا اس نے بابا قوم کی جرات کو بہت پسند کیا اور بہت تعریف کی
659e13917d5e5b22b6abcc99,اپ کے ایک موقع نے اپ کو ایک مقدمہ دیا اپ نے اس مقدمے کی ذمہ داری قبول کر کے اس کی پیروی شروع کر دی مگر عدالت نے فیصلہ مسٹر جنا کے موکل کے خلاف کیا جو بہت غیر متوقع تھا اپ کو اس کا بہت دکھ ہوا
659e13e97d5e5b22b6abcc9c,اپ نے اپنے موکل کو مشورہ دیا کہ عدالت نے فیصلہ غلط کیا ہے جو سراسر قانون کے خلاف ہے بہتر ہے اپ اپیل دائر کر دیں چونکہ اپ کو اپنے موکل سے بہت ہمدردی تھی اس لیے اپ چاہتے تھے کہ کسی طور اسے اس کا حق مل جائے
659e14427d5e5b22b6abcc9f,اپیل کا فیصلہ اس کے حق میں ہو گیا تو موکل نے خوش ہو کر قائد اعظم کی خدمت میں حاضر ہو کر بطور نظرانہ عقیدت گرا قدر فیس پیش کی
659e14747d5e5b22b6abcca2,اپ مسکرائے اور فیس لینے سے انکار کر دیا موکل نے وجہ دریافت کی تو فرمایا کہ جب اپ مقدمہ ہار گئے تھے تو میں نے اپ سے محض اس راہ ہمدردی اپیل کرنے کا مشورہ دیا تھا اس وقت میرے ذہن میں محض اور محض اپ کی ہمدردی تھی فیس لینے کا کوئی خیال تھا
659e158f7d5e5b22b6abcca5,اب چونکہ اپ نے مقدمہ جیت لیا ہے لہذا میں اپنے ضمیر کو دھوکہ دے کر اپ سے فیس نہیں لے سکتا جس ذہن سے میں نے اپ کو مشورہ دیا تھا اسی ذہن پر میں اب بھی قائم ہوں
659e1590254d9cd30d4a6abd,اب چونکہ اپ نے مقدمہ جیت لیا ہے لہذا میں اپنے ضمیر کو دھوکہ دے کر اپ سے فیس نہیں لے سکتا جس ذہن سے میں نے اپ کو مشورہ دیا تھا اسی ذہن پر میں اب بھی قائم ہوں
659e1659254d9cd30d4a6ac1,ہمارے عظیم قائد نے ہمارے لیے ایسے ایسے اعلی کردار کے نمونے چھوڑے ہیں جن کی قندیلیں روشن کر کے رہنمائی حاصل کی جا سکتی ہے
659e167d254d9cd30d4a6ac4,اپنے ایمان کو مضبوط کر کے عمل پہ ہم اور نظم و ضبط اور اتحاد کے ذریعے ہم اپنے ملک کو اس قدر ترقی یافتہ بنا سکتے ہیں کہ دنیا رشک کی نگاہ سے اسے دیکھے اور ہماری کامیابی و کامرانی دنیا بھر میں ایک مثال بن جائے
659e1695254d9cd30d4a6ac7,عنوان قائد اعظم کا یوم ولادت
659e172d254d9cd30d4a6aca,ماہ دسمبر کا 25واں دن ہماری قومی تاریخ میں ایک یادگار کی حیثیت رکھتا ہے یہ دن ہمارے محسن بانی پاکستان بابائے قوم اور عظیم قائد کا یوم پیدائش ہے اس وقت کسے معلوم تھا کہ ایک عام تاجر اونجا جنا کے گھر پیدا ہونے والا بچہ مسلمان ہند کی رہنمائی کر کے سب سے بڑے اسلامی ملک کی تعمیر کرے گا
659e17f4254d9cd30d4a6acd,اس وقت کون جانتا تھا کہ یہ بچہ بھور میں پھنسی ہوئی قوم کو ساحل امید تک لے جائے گا کسی علم تھا کہ یہ نوزائیدہ بچہ ایک قاعدہ عظم بنے گا اور یہ دنیا اس کے کارناموں پر فخر کرے گی
659e188f4759c55dd01b87a3,زندہ قومیں اپنے رہنماؤں کی یاد تازہ رکھتی ہیں وہ ان کی یاد کو طاق نسیاں پر نہیں رکھ دیتی بلکہ ان کی یاد کی تقریبات کو دیدہ و دل کی لہو سے گل رنگ کرتی ہیں تاکہ ان کی اصول و کردار زندہ رہیں اور تاریخ میں ایسے نکوش چھوڑ دیے جائیں جن پر انے والی نسلیں ناز کریں وہ قومیں جو اپنے رہنماؤں کی یاد کو ختم کر دیتی ہیں زمانہ بھی ان کو ختم کر دیتا ہے
659e18c74759c55dd01b87a7,خوشی و مسرت کے مواقع کا اندازہ اس وقت ہوتا ہے جب یہ مواقع پوری زندگی کی ترجمانی کرتے ہوں جب یہ لمحے انفرادیت کی اغوش میں بیٹھ کر اجتماعیت کے جذبے کا دم بھرتے ہیں تو بے جان ذرے بھی جھومنے لگتے ہیں جیسے انہیں دست مسیحہ نے چھو لیا ہو قوم کا ہر فرد ایسی مسرت محسوس کرتا ہے جو زندہ قوموں کی ایک امتیازی نشان ہے
659e18fd4759c55dd01b87aa,اس سال بھی پاکستان بھر میں قائد اعظم کا یوم ولادت انتہائی عقیدت و احترام سے منایا گیا لاہور میں بھی یوم قائد اعظم منایا گیا اس روز لاہور کا ذرہ ذرہ جاگ اٹھا
659e193c4759c55dd01b87ad,حریم چمن میں دلکش شگوف بہاروں کے حسین خواب کی تعبیر بن کر مسکرانے لگے اقبال کے شاہین بچوں نے قائد اعظم کی یاد میں جلوس نکالے بینڈ نے فضا میں نغمے بکھیرے
659e197d4759c55dd01b87b0,ننھے منے بچوں نے اپنے دلی جذبات کا اظہار کیا بعض بچوں کی ٹولیاں عربی لباس میں تھیں لوگ ان بچوں کے ذوق کی داد تالیاں بجا بجا کر دے رہے تھے
659e19d14759c55dd01b87b3,یہ سلسلہ تین گھنٹوں تک جاری رہا قدموں کی چاپ بازوں کی حرکت دل کا جوش اور نظر کی تمکنت سے ایسا خاموش اظہار ہو رہا تھا جو خراج عقیدت کی شکل اختیار کر گیا
659e1a004759c55dd01b87b6,ان کے بعد ملٹری کے دستیں ائے جنہوں نے انتہائی جوش و خروش سے مارچ کیا اور سلامی دی لوگوں کے دل خوشی سے جھوم رہے تھے خصوصا اس موقع پر ننھے منے بچوں نے جس خلوص اور یکجہتی کا اظہار کیا اور اس کی یاد اہل لاہور کے دل میں ہمیشہ رہے گی یہ بچے کل کے وارث ہیں قوم مستقبل کی تابناکی کے ضامن
659e1a264759c55dd01b87b9,شام کو لوگوں نے قائد اعظم کی ولادت کی خوشی میں چراغاں کیا ان کے قلب و نظر روشن تھے فضا اجالوں سے منور تھی ماحول پرنور تھا رات کے اندھیرے اجالے بن گئے تھے سرکاری عمارتوں کا سماں دیکھنے کے لائق تھا
659e1a5a4759c55dd01b87bc,ریلوے اسٹیشن وابڈا ہاؤس الفلاح بلڈنگ عجائب گھر اور دوسری امارات کو دلہن کی طرح سجایا گیا تھا لوگوں نے اپنی اپنی امارات کو رنگ برنگے کنکموں سے سجایا ہوا تھا
659e1abf4759c55dd01b87bf,قائد اعظم کا یوم ولادت یادگار دن ہے اس روز ہم بابا قوم سے اپنی عقیدت اور ارادت کا اظہار کرتے ہیں ایسی تقریبات قوموں کی زندگی کی ائینہ دار ہوتی ہیں یہی وجہ ہے کہ دنیا بھر کی قومیں اپنے عظیم رہنماؤں کی یاد مناتی ہیں اور انہیں خراج عقیدت پیش کرتی ہیں
659e1ae34759c55dd01b87c2,عنوان شہید ملت لیاقت علی خان
659e1b154759c55dd01b87c5,قائد ملت خان لیاقت علی خان کا شمار ان عظیم ہستیوں میں ہوتا ہے جو پاکستان کے لیے پیدا ہوئی پاکستان کے لیے زندہ رہیں اور اپنی عزیز پاکستان ہی کے لیے قربان کی
659e1b544759c55dd01b87c8,اپ تعمیر پاکستان کے حوالے سے ملک کی صف اول کے اکابرین میں سے تھے اپ قائد اعظم کی دست راست اور ال انڈیا مسلم لیگ کے سیکرٹری تھے اپ بابا قوم کے معتمد خاص تھے
659e1c184759c55dd01b87cb,اپ کرنل کے نواب خاندان کے چشم و چراغ تھے اپ 1895 میں پیدا ہوئے اپ کا سلسلہ نسب ایران کے مشہور فرما روا نوشیرواں سے ملتا ہے اپ کا خاندان مشرقی پنجاب اور یو پی میں بہت بڑی جاگیروں کے مالک تھا
659e1cae4759c55dd01b87ce,ابتدائی تعلیم اپ نے یو پی میں ہی حاصل کی بی اے علی گڑھ یونیورسٹی سے کیا بیرسٹری کی تعلیم حاصل کرنے کے لیے انگلینڈ جا کر اکسفورڈ یونیورسٹی میں داخل ہو گئے 1921 میں اپ نے قانون کی ڈگری حاصل کی
659e1d304759c55dd01b87d1,فارغ التحصیل ہو کر اپ نے ہندوستان واپس ا کر سیاسیات میں حصہ لینا شروع کر دیا اور 1926 میں یو پی میں لیجسلیٹو کونسل کے ممبر منتخب ہوئے عرصہ چھ سال تک ڈپٹی پریزیڈنٹ بھی رہے 1940 میں مرکزی کونسل کے ممبر منتخب ہو کر مسلم لیگ کی نمائندگی بطور پارٹی لیڈر کی
659e1e3d4759c55dd01b87d4,اپ فطرتن خاموش تبع اور محنتی انسان تھے اپ کے دل میں قوم کا گہرا درد تھا ظاہرداری تثنہ اور منافقت سے اپ کو نفرت تھی اسی لیے قاعدہ اعظم کی مردم شناس نگاہوں نے اپ کو بھانپ لیا اور اپ کے قابلیت اور فرض شناسی کی قدر کرتے ہوئے اپ کو اپنا سیکرٹری منتخب کر لیا
659e1f5a4759c55dd01b87d7,1937 سے 1947 تک اپ نے قائد اعظم کے سیکرٹری کے طور پر اپنے فرائض نہایت خوش اسلوبی اور تندہی سے سرانجام دیے
659e1ff84759c55dd01b87da,1947 کو پاکستان معرض وجود میں اگیا تو اپ پاکستان کے پہلے وزیراعظم مقرر ہوئے یوں ایک نہایت اہم تر ذمہ داری اپ کے کندھوں پر ا پڑی اپ نے اپنی مسلمان قابلیت تدبر اور سیاسی سوجھ بوجھ کا پورا پورا ثبوت دیا
659e20114759c55dd01b87dd,ایسے ایسے مسائل جو حل نہیں ہو رہے تھے اپ کے حسن تدبر سے حل ہو گئے عالمی برادری میں بھی اپ نے پاکستان کا نام بلند کیا
659e20794759c55dd01b87e0,قائد اعظم کی وفات کے بعد تو اپ پر بہت ہی ذمہ داری پڑ گئی تھی اپ ہر مشکل کا مقابلہ نہایت مدبر انا تحمل مزاجی سے کرنے کے عادی تھے اپ نے اپنی قوت فیصلہ خود اعتماد دی اور نظم و ضبط کی بدولت عوام کا اعتماد حاصل کر لیا
659e209f4759c55dd01b87e3,اپ کی عظیم خدمات کے اعتراف کے طور پر قوم نے اپ کو قائد ملت کا خطاب دیا اپ میں یقینی طور پر جرات مستقل مزاجی اور بہترین انتظامی قابلیت موجود تھی جس سے شب و روز کام لے کر اپ نے اخری دم تک ملک کو ملت کی بے غرض خدمت انجام دی
659e21594759c55dd01b87e6,اپ نے ملک کے داخلی امور کو بھی نہایت بلند حوصلہ لگی جرات تحمل رواداری اور حسن تدبیر سے حل کیا دستور پاکستان کے سلسلے میں اپ نے قرارداد مقاصد کی تشکیل کی جس کی رو سے پاکستان کا ائندہ دستور اسلام اور جمہوریت کی روشنی میں مرتب ہونے کی توقعات پیدا ہو گئی
659e21a84759c55dd01b87e9,اس میں اپ نے پاکستان دستور کی اساس مندرجہ زیل مسلمات پر رکھی پہلا انسانی قوانین اور حاکمیت کی بجائے حاکمیت خدا تعالی کی ہے دوسرا بنیادی طور پر شریعت اسلامیہ کے قوانین دستور کے اثاث ہوں گی تیسرا خلاف شریعت قوانین میں ترمیم کر لی جائے گی چوتھا حکومت پاکستان اپنے اختیارات کو اسلامی حدود کے اندر رہتے ہوئے استعمال کرے گی
659e21cf4759c55dd01b87ec,اپ کے سکے کی قیمت میں کمی کے فیصلے کو بہت سراہا گیا اور پاکستان کی اقتصادیات پر اس فیصلے کا بہت اچھا اثر پڑا اپ نے امریکہ کا دورہ کیا اور وزرائے اعظم کی کانفرنس میں شامل ہو کر پاکستان کی حقیقت کو تسلیم کروایا
659e22864759c55dd01b87ef,جب بھارت نے پاکستانی سرحدوں پر فوج جمع کی تو اپ نے بھارت کو مکہ دکھا کر اپنی قوم کو متحد ہونے کی تلقین کی اور بھارت کو کہا کہ ہم کمزور نہیں ہیں تمہارا مقابلہ پوری قوت اور جواں مردی سے کر سکتے ہیں
659e229c4759c55dd01b87f2,یہ اپ کی ہی قابلیت اور اپ کے حسن نظر کا نتیجہ تھا کہ لیاقت نہر و معاہدہ طے پا گیا جس نے دنیا سے خراج تحسین حاصل کیا
659e23154759c55dd01b87f5,جلال الدین افغانی کی طرح اپ بھی مسلمانان عالم کو ایک پلیٹ فارم پر اکٹھا کرنے کے خواہشمند تھے اسی سلسلے میں 16 اکتوبر 1951 کو اپ راولپنڈی کے لیاقت باغ میں ایک اہم تقریر کرنے والے تھے
659e23664759c55dd01b87f8,اپ نے کھڑے ہو کر ابھی صرف اتنا ہی کہا تھا میرے پیارے پاکستانی بھائیوں کہ ایک شکی القلب نے پستول سے اپ پر فائرنگ کی کئی گولیاں اپ کے سینے میں لگی جس کے نتیجے میں اپ ہمیشہ ہمیشہ کے لیے قوم کو داغ مفارقت دے گئے
659e23c64759c55dd01b87fb,ملک و ملت کو ایسے مخلص عقابل سیاستدان بہت مشکل سے ملا کرتے ہیں قوم اپ کو شہید ملت کہہ کر یاد کرتی ہے اپ کو پاکستان سے اس قدر محبت تھی کہ بوقت شہادت بھی اپ کی زبان سے جو جملہ نکلا وہ یہ تھا خدا پاکستان کی حفاظت کرے
659e8c73b71fbb66c2b04ded,عنوان پاکستان کا مطلب کیا
659edffc7828be009be9b830,عنوان پاکستان کا مطلب کیا
659ee09f7828be009be9b834,پاکستان خدا تعالی کی خاص نعمت ہے جو ہمیں عطا کی گئی اس نعمت خداداد کی وجود میں انے سے پہلے کے حالات و واقعات جب بھی ذہن میں اتے ہیں تو ایسا معلوم ہوتا ہے کہ یہ خواب خالق پاکستان کے یقین محکم عمل پہ ہم عظمت کردار بلندی نظر پختگی ارادہ جذبہ حریت و قومیت اور خلوص و ایثار کی وجہ سے شرمندہ تعبیر ہوا
659ee1557828be009be9b837,ورنہ ہندو اور انگریز جیسی دو دھاری تلوار سے بچ کر نکلنا ہی مشکل تھا جے جائے کہ سلامت بچ کر حصول مقصد میں کامیابی بھی حاصل کی جائے
659ee1927828be009be9b83a,اج سے تقریبا نصف صدی قبل برطانوی حکومت دنیا کے بیشتر حصے پر چھائی ہوئی تھی طاقت کے اعتبار سے بہت مضبوط حکومت کے رموز کے پوری طرح واقف انگریز کی نظر محتاط ذہن چالاک اور اس پر مستضاد اندرون ملک کی اکثریتی ہندو قوم کی اس ہاشیہ برادر لومڑی کی طرح ایار اور منافق مسلمان کے لیے مار استین بنی ہوئی تھی
659ee1ab7828be009be9b83d,ایسے حالات میں قدرت نے پاکستان بنانے کا شرف قائد اعظم محمد علی جنا کو بخشا جنہوں نے اخری سانس تک وطن عزیز کی خدمت کی
659ee1ec7828be009be9b840,ہندو چالاک تھا اور انگریز اس کی پشت پر تھا اس قوم میں بہت ذہین صاحب علم سیاستدان اور اپنی قوم کے لیے مخلص گاندھی صبحاش چندر بوس اور جواہر لال نہرو جیسے لیڈر پیدا ہو چکے تھے
659ee2077828be009be9b843,ان کا دعوی یہ تھا کہ ہندوستان میں بسنے والے لوگ ہندوستانی ہیں یہ سب ایک قوم ہیں مذہب کے اعتبار سے ہندو اور مسلمان دو قومیں تصور نہیں ہونی چاہیے
659ee2597828be009be9b846,اس کا مطلب یہ تھا کہ انگریز کے بعد ہندوستان میں متحدہ حکومت بنائی جائے چونکہ ہندو اکثریت میں تھے لہذا ملک کی بھاگ دوڑ یقینی طور پر اکثریتی قوم یعنی ہندو کے ہاتھ میں رہتی اور اکثریتی قوم ہمیشہ اقلیتی قوم پر ہر لحاظ سے سوار رہتی ہے
659ee2847828be009be9b849,اگر خدانخواستہ ایسا ہو جاتا تو حاکمیت حقیقی معنوں میں اکثریتی قوم کو ہی حاصل ہوتی اقلیتی قوم یعنی مسلمان اکثریتی قوم کے ماتحت ہی رہتی سیاست وتجارت قانون سازی عدلیہ اور انتظامیہ میں ہر جگہ ہندوؤں کی ہی بالادستی ہوتی
659ee2c37828be009be9b84c,ستم بالائے ستم مسلمان ایک بہت بڑی محرومی سے بھی دو چار تھے ان کے پاس تجارت تھی نہ علم نہ ہی وہ کلیدی اسامیوں پر قابض تھے بس بالکل بے یار و مددگار تھے
659ee2e37828be009be9b84f,جو لوگ صاحب فہم و دانش تھے یہ جن سے قوم کی رہنمائی کی توقعات کی جا سکتی تھی ان کو ہندوؤں نے پہلے ہی نظریے متحدہ حکومت کا حامی بنا کر کانگرس میں شامل کر لیا تھا
659ee3047828be009be9b852,ایسے مسلمان لیڈر جو کانگرس میں شامل ہو چکے تھے انہیں یہ نظر نہیں ارہا تھا کہ کانگرس کی ازاد قومی اور جمہوری حکومت درحقیقت مسلمانوں کی تہذیب و تمدن اور قومی وجود کے لیے موت کا پیغام تھی
659ee3347828be009be9b855,وہ سمجھتے تھے کہ ہندوستان کی تمام قوتیں مل کر ازادی حاصل کریں اور بعد میں بھی با ہم ایک قوم کی صورت میں ملک پر حکومت کریں تو ملک میں زیادہ استحکام ہوگا مگر قائد اعظم چونکہ ہندوؤں کو بہت قریب سے دیکھ چکے تھے اس لیے وہ ان کے ہم نوا نہ بنے
659ee3647828be009be9b858,کانگرس کی چال منافقانہ تھی ظاہری شکل میں تو وہ اتحاد و اتفاق کی تلقین کرتے تھے مگر اندرون خانہ مسلمانوں کو زیر کرنے کی فکر میں تھے اور یہ کچھ بعد میں ثابت بھی ہوا
659ee3b97828be009be9b85b,گاندھی نہرو اور صبحاش اعلان تو بار بار یہی کرتے تھے کہ متحدہ قومی حکومت میں مسلمانوں کے حقوق کی پامالی کا کوئی امکان نہیں ہوگا مسلمانوں کے لیے بنیادی حقوق کا تحفظ کیا جائے گا
659ee3d57828be009be9b85e,لیکن ان میں تعصب اس قدر تھا کہ اردو زبان میں سے عربی فارسی کے الفاظ نکال نکال کر ہندی اور سنسکرت کے الفاظ ٹھوس نے شروع کر دیے
659ee41c7828be009be9b861,گورنمنٹ اف انڈیا ایکٹ 1935 کے مطابق کانگرس کے اصل عزائم بے نقاب ہوئے بغیر نہ رہ سکے ازادی کے ان علمبرداروں نے اس ایکٹ سے ناجائز فائدہ اٹھانے کے لیے ایک قومی حکومت کا قیام قبول کر لیا
659ee45b7828be009be9b864,اس ایکٹ میں جمہوری نظام تھا جو کانگرس کے معتصبانہ عزائم کو پورا کرتا تھا اس نظام کے تحت اکثریتی قوم ایسی قانون سازی کر سکتی تھی جس سے اہستہ اہستہ اسلامی تہذیب کا خاتمہ ہو جاتا
659ee4837828be009be9b867,ودیا مندر اسکیم اور واردھا اسکیم کے تحت مسلمان بچوں پر ہندو تہذیب کا رنگ چڑھانے کی کوششیں کی گئیں جو ازادی کی متحدہ جدوجہد کے پرستاروں کے لیے عبرت کا سامان تھی
659ee4c37828be009be9b86a,اس وقت مسلمانوں کو ایسی قیادت کی اشد ضرورت تھی جو اہنی ارادے کی مالک ہو صاحب نظر ہو بکاؤ مال بھی نہ ہو بے خوف اور نڈر ہو ہندو اور انگریزوں کی چالوں سے واقف ہو اور ان کا دندان شکن جواب دینے کا قابل بھی ہو
659ee5027828be009be9b86d,مفکر پاکستان اللہ میں اقبال نے مسلمانوں کا خون اپنے نغمہ ہائے جانسوز سے گرمایا اور قائد اعظم محمد علی جناح نے اس ڈگمگاتی کشتی کو لب ساحل تک لانے کے لیے اپنی جان کی پروانہ کی
659ee54c7828be009be9b870,ڈاکٹروں نے مشورہ دیا کہ وہ مکمل ارام کریں لیکن وہ کہتے تھے کہ ہندو قوم جاگتی ہے ان کی لیڈر ارام سے گہری نیند سو سکتے ہیں میری قوم سو رہی ہے تو میں کیسے ارام کر سکتا ہوں
659ee66c7828be009be9b873,بہر کیف پشاور سے رازکماری تک سارا ملک نعرے پاکستان پاکستان کا مطلب کیا لا الہ الا اللہ کے نعروں سے گونج اٹھا
659ee6b77828be009be9b876,ہر شخص نے پاکستان کے مطالبے کی بھرپور حمایت کی ان لوگوں نے تو اس مطالبے کی حمایت کرنی ہی تھی جنہوں نے پاکستان میں رہنا تھا مگر جذبے کی شدت کا یہ حال تھا کہ ان لوگوں نے بھی پوری حمایت کی جینے کوئی فائدہ نہیں پہنچتا تھا اور ساری عمر بھارت میں ہی رہنا تھا انہوں نے محض اس لیے اس کی حمایت کی کہ انہیں اپنے دین اقدار کی بقا مطلوب تھی نتیجہ 14 اگست 1947 کو مملکت خداداد پاکستان دنیا کے نقشے پر ظہور میں ائی
659ee6f57828be009be9b879,اس تحریک کی بنیادی مطالبات و نظریات تھے کہ الف ہندوستان کے مسلمان ایک علیحدہ خطہ اور اس کا مطالبہ کرتے تھے تاکہ اپنی معاشرتی تہذیبی اور مذہبی اقدار کی بقا اور نشو نما کر سکیں
659ee7687828be009be9b87c,بے مسلمان یہ ثابت کرنے کے لیے ایک ایسا موقع تلاش کرنا چاہتے ہیں جس سے وہ یہ ثابت کر سکیں کہ مسلمان ہندوؤں سے بالکل مختلف ایک قوم ہیں جس کی بنیاد رنگ و نسل جو غرافیائی حدود یا وطنت پر نہیں بلکہ دنیا میں جہاں جہاں بھی کلمہ توحید پڑھنے والے ہیں وہ اپس میں بھائی بھائی ہیں
659ee78b7828be009be9b87f,اس سرزمین پر صرف اور صرف خدا کا قانون چل سکتا ہے جو ساری دنیا کے لیے پیغام امن ہے دنیا کے سامنے اسلامی نظام حیات کو نافذ کر کے اس کی عملی سبقت ثابت کی جا سکے
659ee7bc7828be009be9b882,پاکستان حاصل کیے ہوئے لگ بھگ نصف صدی کا عرصہ گزر چکا ہے ہمارے ملک نے ہر جہت میں ترقی کے مراحل طے کیے ہیں صنعتی تجارتی زرعی اور اقتصادی میدان میں بہت ترقی کی ہے لیکن افسوس کا مقام ہے کہ جس مقصد کے لیے پاکستان حاصل کیا گیا تھا ہم اسے یکسر بھول چکے ہیں
659ee7d67828be009be9b885,پاکستان اسلامی نظام کو عملی شکل دینے کے لیے حاصل کیا گیا تھا تاکہ یہاں کے مسلمان خدا اور رسول کے احکام کے مطابق زندگی بسر کر کے اس خطہ زمین کو گہوارہ امن بنا سکیں
659ee8007828be009be9b888,مگر افسوس کہ اج بھی ایسے لوگ موجود ہیں جو احکام الہی کو اپنے دکھوں کا مداوا نہیں سمجھ رہے اگر خدانخواستہ ہم نے خدا کے بھیجے ہوئے دین پر لبیک نہ کہا اور اس مقصد کو فراموش کر دیا جس کے لیے پاکستان معرض وجود میں ایا تھا تو ہم خسارے میں رہیں گے لہذا ہمیں یہ کبھی نہیں بھولنا چاہیے کہ پاکستان کس مقصد کے لیے حاصل کیا گیا تھا
659eeb84270ceb1be7c16ec7,عنوان حب وطن
659eeb9b270ceb1be7c16ecb,انسان کی پہچان فقط اس کا وطن ہے انسا ہے وہی جس کا کوئی اپنا وطن ہے
659eeb9c10a28f06afa3b124,انسان کی پہچان فقط اس کا وطن ہے انسا ہے وہی جس کا کوئی اپنا وطن ہے
659f61e19dfc22f91ef202c1,انسان جس خطہ عرض میں پیدا ہوتا ہے بچپن گزارتا ہے اور جہاں کھیل کود کر جوان ہوتا ہے جہاں اس کے عزیز و اقارب رشتہ دار رہتے ہیں جن سے وہ گھل مل کر پیار اور محبت سے دن گزارتا ہے جہاں کے سبزہ زاروں سے اسے انس ہو جاتا ہے اسے وہاں کی ہر چیز سے لگا ہو جاتا ہے
659f620a9dfc22f91ef202c5,یہی عزیز ترین خطہ اس کا وطن کہلاتا ہے اس کا ہر ذرا ایک محب وطن انسان کو پیارا ہوتا ہے اور بقول شاعر اسے محسوس کرتا ہے کہ جنت سے کہیں بڑھ کر حسین میرا وطن ہے ہم سر ہے فلک کی جو زمین میرا وطن ہے
659f62529dfc22f91ef202c8,ہر شخص کو اپنے وطن کے ذرے ذرے سے محبت ہوتی ہے اسے وہاں کے ماحول سے دلی محبت ہوتی ہے وہاں کی گلی کوچے اسے جان سے عزیز ہوتے ہیں اس کے جہاں جہاں قدم رکھے ہوتے ہیں کبھی بھلا نہیں سکتے
659f626a9dfc22f91ef202cb,ان جگہوں کی یادیں اس کی طبیعت کا حصہ بن گئی ہوتی ہیں قدرت نے انسان کے دل میں حب یعنی محبت کا مادہ بھی پیدا کیا ہے
659f62b39dfc22f91ef202ce,جذبہ حب کے بغیر انسانیت کی تکمیل نہیں ہوتی وطن سے محبت کو حب وطن کہتے ہیں جذبہ حب وطن مقدس باوقار اور ابرو مندانہ جذبہ ہے ناموس وطن کے لیے جان پر کھیل جانا ایک عظیم عمل ہے
659f62da9dfc22f91ef202d1,وطن کی کشش کا احساس اس وقت ہوتا ہے جب انسان اپنے وطن سے دور بیٹھا ہو وطن کی ایک ایک چیز کی یاد اسے ستاتی رہتی ہے اپنے وطن کی بہاریں جب اسے یاد اتی ہیں تو اس کا دل چاہتا ہے کہ وہ اڑ کر وطن واپس پہنچ جائے
659f631e9dfc22f91ef202d4,غیر جگہ پر نا اسے وہ ماحول ملتا ہے نہ یاران دل بند ملتے ہیں نہ وہ فضا ملتی ہے نہ والدین ہوتے ہیں نہ عزیز و اقارب ہوتے ہیں نہ وہ ندی نالے نہ وہ کوہسار و سبزہ زار وطن سے باہر ہر چیز مل سکتی ہے مگر لذت یگانگت نہیں مل سکتی
659f63b69dfc22f91ef202d7,اسی لیے تو کہا گیا ہے کہ جب وطن از ملک سلیمان خوشتر خار وطن السنبل ورہا خوشتر
659f646e9dfc22f91ef202da,جذبہ حب وطن نہایت اعلی و عرفہ جذبہ ہے ہم اپنے وطن سے محبت کرتے ہیں تو اس کی ہر چیز سے محبت کرتے ہیں وطن سے پیار کرنے کا بہترین طریقہ یہ ہے کہ اس کے ذرے ذرے کو اپنی ابرو سمجھ کر اس کی حفاظت کی جائے کہ وطن کی زمیں بھی ماں کی ان اغوش کی مانند ہوتی ہے جس سے ہمیں اس شعر کے مزداق ماں جیسی محبت ہونی چاہیے محبت ٹوٹ کر کرتی ہوں اس سے زمین بھی ماں کی صورت مہرباں ہیں
659f64c79dfc22f91ef202dd,جس مقام پر بھی کوئی ہے اسے وطن کے لیے اور وطن کی ترقی کے لیے کوشاں رہنا چاہیے وطن کی تجارت تعلیم تہذیب صنعت و حرفت اقتصادیات اور ہر شعبے میں ترقی کے لیے خلوص دل سے محنت کرنا ہر فرد کا فرض اولین ہے
659f64ef9dfc22f91ef202e0,کا مفاد ہمارا مفاد ہے یہاں کے بسنے والوں کی منفعت ہماری منفعت ہے اس کی بہاروں میں گل کھلیں گے تو ہمارے اپنے دماغ معطر ہوں گے یہاں کی پیداوار بڑھے گی تو ملکی سرمایہ بڑھے گا
659f65339dfc22f91ef202e3,یہاں کی صنعت و تجارت اگر دنیا پر چھا جائے گی تو گویا ہم چھا جائیں گے حب وطن کا جذبہ ہمیں طاقت عطا کرتا ہے اگر ہم طاقتور ہوں گے تو ہماری طرف کوئی ملک انکھ اٹھا کر نہیں دیکھ سکے گا ہمبا وقار زندگی بسر کریں گے
659f65799dfc22f91ef202e6,حب وطن کا صحیح تقاضہ تو یہ ہے کہ انسان کو اپنے اہل وطن کے دکھ درد کا پورا پورا احساس ہو اپنے ہم وطنوں کے مسرت و غم میں برابر کا شریک ہونا چاہیے اور ان کی مصیبت میں ان کا ساتھ دینا چاہیے جو لوگ صاحب علم ہیں انہیں چاہیے کہ وہ اپنے علم کو اپنے تک محدود نہ رکھیں بلکہ اس نور کو دور دراز تک پھیلائیں
659f66499dfc22f91ef202e9,انجینیئر اوپر لازم ہے کہ وطن کے لیے نئی نئی چیزیں ایجاد کر کے ملک کو ترقی کی راہ پر چلائیں ڈاکٹروں کا فرض ہے کہ دکھی انسانیت کی خدمت کو اپنا شوہر بنائیں محض حصول زر ہی ان کا مطمع نظر نہیں ہونا چاہیے بلکہ انہیں سمجھنا چاہیے کہ انہوں نے پیغمبر ہی پیشہ اپنایا ہے
659f66a59dfc22f91ef202ec,اللہ تعالی نے حضرت سلیمان علیہ السلام کو حکمت بخشی تھی انہوں نے ساڑھے تین ہزار سال کی عمر پائی مگر جب عزرائیل فرشتہ ایا تو اس نے سوال کیا یا حضرت اللہ تعالی نے اپ کو حکمت دی اپ تو سونے کے محل بنا سکتے تھے لیکن اپ تو ایک جھونپڑے میں پڑے رہے انہوں نے فرمایا بھئی تمہارے انتظار میں لگا رہا یا دکھی لوگوں کی خدمت کرتا رہا
659f66e09dfc22f91ef202ef,اتنا وقت ہی نہیں ملا کہ محل بنانے کے لیے سوچ سکوں بہرحال کاشتکار ہو یا تاجر طالب علم ہو یا استاد ہر فرد کو اپنا فرض منصبی پوری ذمہ داری کے ساتھ نبھانا چاہیے
659f67169dfc22f91ef202f2,سرمایہ دار ہو یا مزدور دونوں کو مل کر وطن عزیز کے تعمیری اور ترقیاتی منصوبوں کی تشکیل کے لیے شب و روز مستعد رہنا چاہیے جو لوگ سرکاری ملازم ہیں ان کو یہ سمجھ کر اپنی ڈیوٹی پر نہیں جانا چاہیے کہ کام کریں یا نہ کریں تنخواہ تو ہمیں مل ہی جائے گی بلکہ یہ سمجھ کر اپنے فرائض کو ادا کرنا چاہیے کہ ہم جس قدر محنت اور حسن کارکردگی کا مظاہرہ کریں گے اسی قدر ہمارا ملک ترقی کرے گا
659f67459dfc22f91ef202f5,جو لوگ خود غرض ہیں اور محض حصول زر کے لیے کوشاں رہتے ہیں ان کا نظریہ صرف پیسہ ہوتا ہے چاہے وہ رشوت سے حاصل کریں یا ملاوٹ سے ذخیرہ اندوزی سے یا اسمگلنگ سے غلط ذرائع سے پیسہ کمانے والے وطن کی دشمن اور عوام کے قاتل ہیں
659f67d79dfc22f91ef202f8,یہ ناقابل معافی لوگ ہیں ہر محب وطن کو ان پر کڑی نظر رکھنا چاہیے ہر ممکن کوشش کی جائے کہ ان لوگوں کی حوصلہ افزائی نہ ہو یہ لوگ وطن کے غدار ہیں اور ننگ وطن ہیں بعض ایسے بد گرددار بھی دیکھے گئے ہیں جو مریضوں تک سے بھی دھوکہ کرتے ہیں اور ادویات میں ملاوٹ کرتے ہیں یہ نقلی ادویات تیار کرتے ہیں وہ لوگ قانونی اور اخلاقی مجرم ہیں
659f681e9dfc22f91ef202fb,دوسری طرف دیکھیے ایسے ایسے لوگ بھی ہیں جو ناموس وطن پر کٹ مرتے ہیں یہ لوگ شہدائے وطن ہوتے ہیں اور تاریخ انہیں فراموش نہیں کرتی ان شہدائے وطن میں میجر عزیز بھٹی کیپٹن سرور میجر طفیل اور سوار محمد حسین جیسے نام بھی ہیں جو تاریخ میں سنہری حروف میں لکھے گئے ہیں قیامت تک ان کی لحد پر رحمت برستی رہے گی کہ انہوں نے وطن عزیز کے لیے اپنی جان تک کی پرواہ نہ کی
659f68489dfc22f91ef202fe,الہی وطن میرا اباد رکھ ابد کی گھڑی تک اسے شاد رکھ میرے اس وطن کو تو ازاد رکھ یہ تجھ سے دعا ہے میری ہر گھڑی کروں اس پہ قربان میں ہر خوشی کہ میرا وطن ہے میری زندگی
659f6b1ed7fce2c3c92c5fc0,عنوان ہمارا وطن عزیز
659f6b63d7fce2c3c92c5fc4,میرے دیش کے ذرے ذرے میں تنویر جمال خویا ہے اس گلشن کا ہر برگ و شجر تصویر جمال خویا ہے اس دیس کی مست ہواؤں میں تاثیر جمال خویا ہے ہر انسان کی تقدیر یہاں تقدیر جمال خویا ہے
659f6bc9d7fce2c3c92c5fc7,ہمارا وطن پاکستان وہ وطن نہیں جو وراثت میں اس کے بسنے والوں کو ملا ہو بلکہ پاکستان کی بنیادیں استوار کرنے کے لیے متحدہ ہندوستان کے مسلمانوں کی ہڈیاں اینٹوں کی جگہ گوشت گارے کی جگہ اور خون پانی کی جگہ استعمال ہوا ہے
659f6bf5d7fce2c3c92c5fca,اتنی گرا قدر تخلیق کا اندازہ وہی لگا سکتا ہے جس نے تعمیر پاکستان میں تن من دھن بیوی بچے بہن بھائی عزیز اقارب قربان کیے پاکستان یوں ہی حاصل نہیں ہو گیا تھا اس کے حصول کے لیے لاکھوں مسلمانوں نے جام شہادت نوش کیا
659f6c20d7fce2c3c92c5fcd,کتنی ماؤں کے سامنے ان کے بچے قتل کر دیے گئے کتنے بے بسوں کے سامنے ان کے خاندان کو مکانوں میں بند کر کے نظر اتش کر دیا گیا کتنی پاک دامنوں نے نہرو اور کنویں میں ڈوب کر پاکستان کی قیمت ادا کی کتنے بچے یتیم ہوئے جو ساری عمر اپنے والدین کی شفقت کے لیے ترستے رہے
659f6cf8d7fce2c3c92c5fd0,اس کی وادیاں اپنے اندر فردوس کی رعنائیاں لیے ہوئے ہیں ہرے بھرے اور وسیع و عریض کھیت سونا اگل رہے ہیں ہم یہ بھی دیکھتے ہیں کہ ہمیں ہر قسم کی ازادی اور ہر طرح کا سامان اسائش و ارائش میسر ہے مگر ہمیں کبھی نہیں بھولنا چاہیے کہ اس میں ٹیپول سلطان کا خون سر سید کی نگاہ دوروین اقبال کے افکار قائد اعظم کی جہد مسلسل اور دوسرے اکابرین کا ایثار بھی شامل ہے ان لوگوں کا مقصد کیا تھا ایک ازاد اور خود مختار اسلامی مملکت کا حصول
659f6d7bd7fce2c3c92c5fd3,14 اگست 1947 وہ مبارک دن تھا جب مملکت خداداد پاکستان مورس وجود میں ائی مسلمانوں کے اتفاق اور قائد اعظم کے خلوص کی وجہ سے یہ عظیم اسلامی سلطنت وجود میں ائی ہندوؤں نے طرح طرح کی مکاریوں سے پاکستان کی مخالفت کی انگریزوں نے بھی بہت رکاوٹیں پیدا کی مگر خدا کا شکر ہے پاکستان بن کر رہنا تھا اور بن کر ہی رہا اس وقت مسلمانوں کا یہی نعرہ تھا لے کے رہیں گے پاکستان بن کے رہے گا پاکستان اور پاکستان کا مطلب کیا لا الہ الا اللہ
659f6debd7fce2c3c92c5fd6,دشمنوں نے قائد اعظم کی اس تجویز کی تضہیق کی اور اس کی مخالفت میں ایڑی چوٹی کا زور لگایا ہمارا مطالبہ پاکستان حق و صداقت پر مبنی تھا حق اپنے اپ کو منوا لیتا ہے اور دشمنوں کے ناپاک عزائم خاک میں مل جاتے ہیں اج پاکستان اپنی عظمت کو دنیا سے تسلیم کروا چکا ہے
659f6e5a9c4311551460bd29,ہمیں پاکستان سے محبت ہے اس کے بانی سے عقیدت ہے اس کے مصور سے دلی لگاؤ اور ان کے مجاہدین کے لیے ہمارے پاس مغفرت کی دعائیں ہیں جنہوں نے اس کے لیے قربانیاں دی اور تاج برطانیہ کے خلاف اپنے گھر بار کو قربان کیا اپنی اولاد کی پرواہ نہ کی اور سلاسل وہ زندہ کی سختیوں کو خندہ پیشانی سے برداشت کیا
659f6ec59c4311551460bd2d,نتیجہ یہ ہوا کہ جب ازادی کے جذبے سے تمام ہندی مسلمان سرشار ہو گئے تو زندہ کی دیواریں لرز اٹھی فرنگی استعمار کو زوال اگیا اور غلامی کی زنجیریں منہیں اتش دیدہ بن گئی جب اس انگارے خاکی میں ہوتا ہے یقین پیدا تو کر لیتا ہے یہ بالوں پر روح الامی پیدا
659f6f2f9c4311551460bd30,قدرت نے پاکستان کو ہر نعمت سے نوازا ہے دریاؤں ندی نالوں کی افراد ہے جن سے زمین سہراب و اباد کی جا رہی ہے اس ملک کے نوجوان تنو مند حوصلہ مند اور ہنر مند ہیں وہ تجارتی صنعتی اور زرعی میدان میں بھی خوب ترقی کر رہے ہیں اور جنگی مہارت میں بھی دنیا کی بہترین ماہرین میں شامل ہیں
659f6f6e9c4311551460bd33,یہاں پر گئے ہوں کپاس تیل نکالنے کے بیج اور چاول کثرت سے ہوتے ہیں جو ایکسپورٹ بھی ہوتے ہیں معدنیات کا ذخیرہ بھی موجود ہے مثلا نمک مٹی کا تیل کوئلا اور سیمنٹ بنانے کا پتھر جپسم اور زمرد کے ذخائر بھی دریافت ہو چکے ہیں
659f6f8c9c4311551460bd36,مزید تحقیق جاری ہے وقت ائے گا جب ہم تیل میں بھی انشاءاللہ خود کفیل ہو جائیں گے
659f6fd79c4311551460bd39,بین الاقوامی معاملات میں بھی پاکستان بڑھ چڑھ کر حصہ لے رہا ہے پاکستان اپنے ہمسائیوں سے دوستی کا خواہاں ہے اور تمام دوسرے ملکوں سے بھی تجارتی اور ثقافتی تعلقات بڑھا رہا ہے
659f70529c4311551460bd3c,اسلامی ممالک سے خاص طور پر معاہدے کیے جا رہے ہیں اور ہر اس ملک سے دست تعاون بڑھایا جا رہا ہے جو امن کے لیے کوشاں ہیں ہم بر امن رہنے میں یقین رکھتے ہیں مگر اپنی بقا کے لیے اپنی قوت کو قائم رکھنا بھی اپنا فرض سمجھتے ہیں اللہ تعالی ہر پاکستانی کو اس ملک کے عزیز سے سچی محبت کی توفیق عطا فرمائے اور ہم سب کا حامی و ناصر ہو
65a044806f944674a9a226d8,عنوان مجھے اپنے وطن عزیز سے محبت کیوں ہے
65a044b06f944674a9a226dc,سبز ہلالی پرچم اپنا ہے اپنی پہچان اس کو جب لہراتا دیکھیں جان میں ائے جان
65a044f86f944674a9a226df,مجھے اپنے وطن عزیز سے کیوں محبت ہے میرے پاس اس کا یہی جواب ہے کہ میرا وطن میری ماں کی گود ہے مجھے اس سے محبت کیوں نہ ہو میں اس میں پل کر جوان ہوئی ہوں اسی نے اپنی اغوش محبت میں میری پرورش کی ہے میں اس کے جسم کا حصہ ہوں میرا وطن میری ماں ہے میرا پیار ماں سے پیار کی مانند بالکل فطری ہے اس سے پیار میری ابرو ہے اس کی خدمت میری عظمت ہے اس کی سرحدوں کی حفاظت میرا ایمان ہے اس کے لیے قربان ہونا میری شہادت ہے
65a045656f944674a9a226e2,مولائے کائنات نے جذبہ حب وطن انسان کی فطرت میں ودیعت کر رکھا ہے یہ پاکیزہ جذبہ ہر اچھے شہری میں ہوتا ہے یہ عقیدہ میرا جز و ایمان ہے میں اپنے وطن کی بے لوث خدمت کرنے کی متمنی ہوں
65a045b76f944674a9a226e5,کوئی شخص جہاں بھی جائے گا اس کی ذات نہیں پوچھی جائے گی وہ اپنی پہچان اپنے ملک سے کروائے گا میں پاکستان ہوں میں افغانی ہوں میں امریکن ہوں میں جرمن ہوں میں فرانسیسی یا ترکی ہوں اسی نام سے اس کی عزت ہوگی اور اسی قدر عزت و احترام کی نگاہ سے دیکھا جائے گا جس قدر اس کے باشن دے اپنے وطن سے مخلص ہوں گے یہ جس قدر وہ اپنے وطن سے محبت کرتے ہوں گے یا جس قدر اپنے ملک کی ترقی و خوشحالی کے لیے کوشاں ہوں گے گویا ہر شخص کی عزت کا معیار اسی قدر ہی بلند ہوگا جس قدر اس کی قدر و قیمت اس کے باشندوں نے پہچانی ہوگی
65a045e16f944674a9a226e8,جس ملک کے لوگ اپنے ملک کے وفادار ہیں اس کے لیے ہر قربانی دینے کو تیار ہیں اور جان وہ مال اور فکر و عمل سے اس کی خدمت کرتے ہیں ان کا ملک ترقی کرتا ہے اس کی قدر و قیمت اور عزت بڑھتی ہے اور اسی رشتہ اور مناسبت سے اس کے باشندوں کی عزت وقار میں اضافہ ہوتا ہے
65a046336f944674a9a226eb,اس کا مطلب یہ ہوا کہ کسی شخص کے وقار کا انحصار اس کے ملک کی عزت پر ہے اور ملک کا انحصار اس کے باشندوں کے کردار و افعال پر ہے اگر اج کسی ترقی یافتہ ملک کا وقار بلند ہے تو اس لیے ہے کہ اس ملک کے باشندوں نے اپنے ملک کے پورے خلوص سے خدمت کی ہے اور جس قدر وہ ترقی یافتہ ہیں اسی نسبت سے اس کے باشندوں کو عزت کی نگاہ سے دیکھا جائے گا
65a0464e6f944674a9a226ee,گویا ملک و قوم کی خدمت کرنا اپنی خدمت کرنے کے مترادف ہے دوسرے لفظوں میں اپنے ملک کو نقصان پہنچانا اپنے اپ کو نقصان پہنچانا ہوا وطن سے وفاداری اپنے اپ سے وفاداری ہے
65a0470a6f944674a9a226f1,مجھے اپنے ملک کے لہلہاتے سبزہ زاروں سے محبت ہے مجھے اس کے پہاڑوں کو ساروں میدانوں ندینہ لو اور دریاؤں سے محبت ہے مجھے اس کا ذرہ ذرہ افتاب کی مانند روشن لگتا ہے
65a047356f944674a9a226f4,اس کے گلو سمن میں میں مہتاب کی رنگینیاں پاتی ہوں اس کی نغمہ ہائے مرغان چمن کو اپنے لیے باعث سکون و تمانیت سمجھتی ہوں اس کے گل ہائے رنگی میری انکھوں کا نور اور میرے دل کا قرار ہے مجھے اپنے وطن کی مٹی سے پیار کی خوشبو اتی ہے
65a047906f944674a9a226f7,مجھے اس کے باشندو اور اس کے شہروں قصبوں اور دیہات سے دلی لگاؤ ہے اس کی عمارات اور اس کی سڑکیں مجھے بھلی لگتی ہیں
65a048506f944674a9a226fa,اس کے کسانوں دہقانو اور مزدوروں سے مجھے محبت ہے اس کے علماء فضلا سے مجھے عقیدت ہے میں اس کے سائنس دان ہوں دانشوروں ماہرین اور فنکاروں کی عظمت کی تعریف کرتی ہوں اور انہیں قدر کی نگاہ سے دیکھتی ہوں میں جہاں بھی چلی جاؤں اور جس حال میں بھی ہوں میرا دل وطن کی محبت کے لیے تڑپتا ہے
65a049636f944674a9a226fd,میرے وطن پاکستان کو قدرت نے ہر نعمت سے نوازا ہے یہاں کی مٹی بہت زرخیز ہے زراعت وسنت کے مواقع بہت زیادہ ہیں پیداوار بہت ہوتی ہے اناج میں ہم خود کفیل ہو چکے ہیں معدنیات کا ذخیرہ موجود ہے مثلا زمرد جپسم سیمنٹ بنانے کا پتھر کوئیلا وغیرہ مزید تحقیق جاری ہے وقت ائے گا جب ہم تیل میں بھی خود کفیل ہو جائیں گے انشاءاللہ
65a049db6f944674a9a22700,یہاں کے باشندے ذہین محنت کش اور پرعزم ہیں سائنسدان انجینیئر اور پیشاورانہ ماہرین کافی تعداد میں پیدا ہو چکے ہیں اس کے علاوہ نونہالان قوم فنی تعلیم و تربیت کی حصول کے لیے بھی روز و شب کوشا ہیں
65a04a486f944674a9a22703,یہاں کے عوام مہمان نواز خوش اخلاق وسیع و ظرف اور باہمت ہیں اور جذبہ حب وطن سے سرشار ہیں وہ وقت انے پر جان و مال کی قربانی سے بھی دریغ نہیں کرتے مجھے اس حق گوئی میں کوئی باق نہیں کہ میرا ملک ترقی یافتہ ملکو کی صف میں نہیں ہے مگر اس کا شمار ترقی پذیر ملکوں کی صف میں ہے ہم روز بروز ترقی کی منازل طے کر رہے ہیں اور انشاءاللہ وقت ائے گا کہ ہمارے شمار بھی ترقی یافتہ ملکوں میں ہونے لگے گا
65a04a7b6f944674a9a22706,بین الاقوامی معاملات میں بھی پاکستان بڑھ چڑھ کر حصہ لے رہا ہے پاکستان اپنے تمام ہمسایوں سے دوستی کا خواہاں ہے یہی وجہ ہے کہ تمام دوسرے ممالک سے تجارتی اور ثقافتی معاہدے کیے جا رہے ہیں
65a04acc6f944674a9a22709,اسلامی ممالک بھی ہمارے لیے جذبہ اخوت سے سرشار ہیں اور ہماری مشکلات میں ہمارے ساتھی ہیں ہمسایہ ملک چین سے ہمارے بہت ہی زیادہ دوستانہ تعلقات ہیں اور وہ اڑے وقت میں ہمارے کام اتا ہے
65a04b2f6f944674a9a2270c,ہماری خارجہ پالیسی بالکل ازاد اور غیر جانبدار ہے ہم ہر اس ملک سے دست تعاون بڑھانے کے لیے تیار ہیں جو امن کے لیے کوشاں ہیں کیونکہ ہم پرامن رہنے میں یقین رکھتے ہیں
65a04b5f6f944674a9a2270f,تا ہم اپنی سرحدوں کی حفاظت کے لیے قوت دفاع کو یقینی بنانا اور بامر مجبوری دشمن کی ہر چال اور اس کے ہر وار کو ناکام بنانا بھی اپنا فرض سمجھتے ہیں اللہ تعالی ہر پاکستانی کو اس ملک عزیز سے سچی محبت کی توفیق عطا فرمائے اور اس میں رہنے والوں کا حامی اور ناصر ہو
65a04b7a6f944674a9a22712,عنوان یوم پاکستان اور اس کا مقصد
65a04b976f944674a9a22715,اج کے دن ازاد ہوئے ہم اج کے دن سب دور ہوئے غم لہرایا ازاد فضا میں چاند ستارے والا پر جا
65a04bfb6f944674a9a22718,تاریخ انسانی کے اوراق ہمت و استقلال کے ان سنہری داستانوں سے بھرے پڑے ہیں جن کی خوشبوئیں جان فضا سے دنیا علم و عمل ہمیشہ معطر رہے گی
65a04cd26f944674a9a2271b,پاکستان بھی ایسے ہی جلیل القدر اور اول ول ازم مجاہدین صف شکن کی سعی وہ کوشش کا ثمر ہے ہندوستان کی ہزار سالہ حکمرانی سے محروم ہو جانے کے بعد ہندوستانی مسلمان فرنگی سامراج اور ہندوؤں کی چیرا دستیوں کا شکار ہو کر ذلت امیر غلامی کی زندگی گزار رہے تھے
65a04d176f944674a9a2271e,جب ہندوؤں کے تعصب اور انگریز سے ان کی ملی بھگت کا علم ہوا تو حکیم الامت علامہ اقبال کے نغمہ ہائے پرسوز کے ہم نوا بن کر قائد اعظم کی قیادت میں مسلمانوں کا کاروان ازادی حصول پاکستان کی منزل کی طرف رواں دواں ہوا
65a04d926f944674a9a22721,1940 میں قرارداد پاکستان پاس ہوئی اور صرف سات سال کے قلیل عرصے میں پاکستان معرض وجود میں اگیا اسے معجزہ کہہ لیجئے یا اس مرد مجاہد کی شب و روز کی مسلسل اور انتھک محبت کا نتیجہ کی 14 اگست 1947 کو سلطنت پاکستان دنیا کی سب سے بڑی مسلمان ریاست کے طور پر دنیا کے نقشے پر ابھری
65a04e1c6f944674a9a22724,تعمیر پاکستان میں سب سے بڑی قربانی حضرت قائد اعظم کی شمار ہوتی ہے اگرچہ قائد اعظم طبعی موت مرے لیکن فی الحقیقت ہم سے ان کی جلد جدائی کا سبب ان کی سخت محنت تھی ڈاکٹروں نے انہیں سختی سے زیادہ کام کرنے سے روکا مگر انہوں نے کہا کہ ہندو قوم جاگتی ہے اس لیے گاندھی اور نہرو ارام بھی کر لیں تو کوئی فرق نہیں پڑتا مگر میری قوم سوئی ہوئی ہے میں نے ایک لمحہ کے لیے بھی ارام کیا تو میری قوم بہت پیچھے رہ جائے گی اس لیے مجھے شب و روز محنت کرنا ہے اور قوم کی غلامی کی زنجیروں کو کاٹنا ہے
65a04e766f944674a9a22727,ہر وقت کام کام اور بس کام ہی کو اپ نے اصول زندگی بنا رکھا تھا اس طرح انہوں نے اپنی صحت بھی گواہ لی اسی طرح دوسرے اکابرین قوم نے بھی بہت سی قربانیاں دی جب پاکستان بنا تو اس میں لاکھوں بے گناہوں کا خون بھی شامل ہو گیا
65a04eb56f944674a9a2272a,ہزارہا بچے یتیم ہو گئے بے شمار عورتیں بیوہ ہو گئیں ہزاروں مائیں اپنے بیٹوں کے غم میں بے نور ہو گئیں اور بے شمار بہنوں نے اپنے بھائیوں کو سامنے قتل ہوتے دیکھا
65a04eef6f944674a9a2272d,بے شمار عورتوں نے اپنی عصمت بچانے کے لیے اپنے اپ کو موت کے سپرد کرنے پر ترجیح دی پاکستان بہت ہی قربانیوں اور لاکھوں دکھ جھیلنے کے بعد حاصل ہوا ہے قوم کو اس کی بہت بھاری قیمت ادا کرنا پڑی پاکستان کی قدر ان لوگوں کو ہے جن کا خون تعمیر پاکستان میں کام ایا
65a04fca6f944674a9a22730,جب یوم پاکستان بنایا جاتا ہے تو ہمارے دلوں میں ان قربانیوں کی یاد تازہ ہو جاتی ہے ہم تصور کی وادیوں میں دور دراز تک نکل جاتے ہیں 1857 سے لے کر 1947 تک کے تمام واقعات ہماری نگاہوں میں فلم کی طرح گھوم جاتے ہیں اور فکر و خیال کا دھارا پاکستان تک ا کے رک جاتا ہے اور یہاں سے ایک نئے سفر کا اغاز ہوتا ہے جس کے لیے نئے ولولے نئے حوصلے اور نئی امنگوں کی ضرورت ہے
65a0506d6f944674a9a22733,ایسی تقریبات قوموں کی زندگی میں خاص اہمیت رکھتی ہیں قوموں کی ترقی کی دوڑ میں یہ مواقع اور یہ تقاریب ایک ہلکا سا ٹھہرا ہوتی ہیں جہاں قومیں ایک لمحے کے لیے رکتی ہیں اور ماضی کی جدوجہد کا جائزہ لیتی نئے عزم کا ادھا کرتی ہیں اور ائندہ بھی کسی بھی قسم کی قربانی سے دریغ نہ کرنے کا عہد کرتی ہیں
65a051756f944674a9a22736,ایسے موقعوں پر تاریخ کو یاد کیا جاتا ہے اسلاف کی معین کردہ راہوں پر چلنے کے عزائم میں نئی روپ دی جاتی ہے ایسی تقاریب قوموں کو ایک ولولہ ایک زندگی ایک جوش ایک عزم ایک جذبہ دی جاتی ہے جن کے سامنے تاریخ کے ایوان سرنگوں ہو جاتے ہیں پہاڑ رائی بن جاتے ہیں سمندر راستہ چھوڑ دیتے ہیں اندھیاں رخ بدل لیتی ہیں اور دشمن غبار ہو کر رہ جاتے ہیں
65a051e46f944674a9a22739,ہم یہ کوشش کرنی چاہیے کہ یوم پاکستان محض ایک رسم بن کر نہ رہ جائے کیونکہ جب کوئی چیز رسم بن جاتی ہے تو اس کی روح ختم ہو جاتی ہے اس کی دھڑکنیں خاموش ہو جاتی ہیں اور ولولے ساکت ہو جاتے ہیں قوموں کی زندگی دل زندہ سے عبارت ہوتی ہے
65a052246f944674a9a2273c,ہمیں چاہیے کہ یوم پاکستان مناتے ہوئے جلوس بھی نکالیں نعرے بھی لگائیں اور جلسے بھی منعقد کریں کیونکہ قوموں کے ولو کے لیے یہ جلوس اور جلسے بھی ضروری ہیں
65a052686f944674a9a2273f,مگر ہمیں اس موقع پر سوچنا چاہیے کہ ہمیں کیا کرنا ہے اور کیسے کرنا ہے ہمیں اپنے عمل کی راہیں متعین کرنا چاہیے اور عہد کرنا چاہیے کہ ہمارے کسی فعل کسی حرکت اور کسی بات سے وطن کی عزت پر انچ نہ ائے
65a052e16f944674a9a22742,ہمیں چاہیے کہ متحد ہو جائیں اور ذاتی اغراض کو قومی اغراض پر قربان کر دیں ہمارے اتحاد سے دشمنوں کے تمام ناپاک ارادے خود بخود ختم ہو کر رہ جائیں گے خدا کرے کہ ہماری نگاہوں میں نگاہ مرد مومن کی کیفیت ا جائے
65a0533e6f944674a9a22745,ہمارے دلوں میں یقین سما جائے ہمارے قدموں میں استقامت اور حوصلوں میں جرات اجائے ہمارے دل نور ایمان سے منور ہو جائیں اور ہم ایسے کارہائے نمایاں سرانجام دیں جن پر تاریخ کو فخر ہو یوم پاکستان بھی اسی جذبہ اور اسی مقصد کے لیے منایا جاتا ہے تاکہ ہم ائندہ نسل کے لیے ایسے عمل چھوڑ جائیں جن سے وہ اپنے دلوں کو گرماتے رہیں
65a0b484209f4c24ae712e31,عنوان ہمت کرے انسان تو کیا ہو نہیں سکتا
65a0b4c0209f4c24ae712e35,مشکل نیست کے اساں نشود مرد باید کہ ہراساں نشود
65a0b4fa209f4c24ae712e38,اس کا مطلب یہ ہے کہ کوئی مشکل ایسی نہیں کہ اسان نہ ہو سکے انسان کو گھبرانا نہیں چاہیے گویا انسان گھبرانے کی بجائے صبر اور ہمت سے کام لے تو ہر مشکل اسان ہو سکتی ہے
65a0b59a209f4c24ae712e3b,چنانچہ انسان کو ہمت تحمل اور بردباری اور پختہ ارادے سے ہر کام سر انجام دینا اور اسے پایا تکمیل تک پہنچانے کے لیے سعی کرنی چاہیے اور اس میں جو دشواریاں اور مشکلات ائیں انہیں برداشت کر کے اور ثابت قدم رہ کر کامرانی مقام یابی سے ہم کنار ہونے کی کوشش کرنی چاہیے
65a0b60c209f4c24ae712e3e,ہمت مشکل سے مشکل کام کو بھی اسان بنا دیتی ہے ہمت خداداد نعمت و صلاحیت ہے اصلاحیت سے ہر انسان کو اللہ تعالی نے نوازا ہے اگر کوئی اس صلاحیت سے کام لیتا ہے اور اس سے فائدہ بھی اٹھاتا ہے تو یہ اس میں زیادہ سے زیادہ بڑھتی رہتی ہے جو اس صلاحیت کو استعمال نہیں کرتے وہ اس صلاحیت سے محروم ہو کر سست کاہل اور نکمے ہو جاتے ہیں
65a0b652209f4c24ae712e41,اللہ تعالی نے انسان کو جتنی صلاحیتیں بخشی ہیں ان کو نکھارا بھی جا سکتا ہے اور انہیں فروغ بھی دیا جا سکتا ہے ان کو فروع عطا کرنے سے یہ مفید تر ثابت ہوتی ہیں اور اگر ان کو دبا دیا جائے تو یہ صلاحیتیں ختم بھی ہو جاتی ہیں
65a0b699209f4c24ae712e44,دنیا کی تمام تر ترقی ایجادات تحقیق و تجسس سائنس کے کارنامے اور بے شمار اشیاء مثلا انجن ریل گاڑیاں ریڈیو ٹیلی ویژن ٹیلی فون ایٹمی توانائی وغیرہ انسان کا چاند تک پہنچنا انسان کی ہوا اگ اور پانی پر حکمرانی یہ سب ہمت کے ہی کرشمے ہیں ہمت کے بل بوتے پر انسان نام پیدا کر سکتا ہے علم حاصل کر سکتا ہے مٹی سے سونا پیدا کر سکتا ہے گمنامی کی تاریکیوں سے نکل کر شہرت و دولت حاصل کر سکتا ہے
65a0b6fa209f4c24ae712e47,کسی شخص نے بھی اج تک ہمت اور محنت کے بغیر کامیابی حاصل نہیں کی نامی کوئی بغیر مشقت نہیں ہوا سو بار جب عقیق کٹا تب نگی ہوا
65a0b73c209f4c24ae712e4a,بڑے بڑے رہنما ڈاکٹر سائنس دان سیاستدان موجد و مہن جو انجینیئر اور ماہرین فن یہ سب لوگ ہمت محنت استقلال اور بردباری سے ہی کامیاب ہوئے ہیں ان کے ارادے مسمم تھے انہوں نے مشکلات و مصائب کا حوصلے سے مقابلہ کیا
65a0b76a209f4c24ae712e4d,اپنے نصب العین کی طرف ثابت قدمی سے بڑھتے رہے اور جب کبھی ان کے راستے میں کوئی مشکل مقام ایا تو اس کا مقابلہ پامردی سے کیا سعی و کوشش کو اور بھی تیز کر دیا حوصلہ اور ہمت سے پہاڑو سمندروں صحراؤں اور دشت و بیاباں کو رونتے ہوئے منزل مقصود تک پہنچ گئے
65a0b7a8209f4c24ae712e50,ہمت اور محنت کے مقابلے میں کوئی کام نہ مشکل ہے اور نہ ناممکن مشکل کام وہ ہے جس میں ارادے کی پختگی اور ہمت درکار ہوتی ہے اور ناممکن کام وہ ہے جسے کرنے کی انسان میں اہلیت ہی نہ ہو جس کام کو سر انجام دینے کی اللہ تعالی نے انسان کو صلاحیت دی ہوئی ہے وہ کام انسان کے لیے ناممکن نہیں
65a0b854209f4c24ae712e53,وہ کام جو صرف خدا ہی کر سکتا ہے انسان کے لیے ناممکن ہے چاند سورج زمین و اسمان کو حصارور ایکزار ہوا پانی اگ کو تسخیر کر لینا انسان کے لیے ممکن ہے ان میں سے تو انسان کے لیے کوئی بھی چیز نہ ممکن نہیں ہے صرف ہمت محنت لگن استقلال اور عزم سمیم کی ضرورت ہے
65a0b87f209f4c24ae712e56,ہمت کے اگے نہ سمندر رکاوٹ بن سکتا ہے نہ پہاڑ پائے ہمت میں لغزش پیدا کر سکتے ہیں نہ دشت و صحرا راستہ روک سکتے ہیں تاریخ ایسے کارناموں سے بھری پڑی ہے طارق بن زیاد کا مشہور واقعہ اپ کے سامنے ہے
65a0b8cb209f4c24ae712e59,جنگ بدر میں مجاہدین اسلام نے عزم و ہمت کا عملی ثبوت دیا اندلس کی سرزمین مسلمانوں کی ہمت و عظمت کی گواہ ہے ابھی کل ہی کا واقعہ ہے کہ ہمارے عظیم رہنما قائد اعظم نے ناممکن کو ممکن کر دکھایا کوئی سوچ بھی نہیں سکتا تھا کہ پاکستان معرض وجود میں ا جائے گا ایک طرف انگریز کی طاقت تھی ہندوؤں کا تعصب مکاری چال بازی اور تھی اور ستم بالائے ستم اپنوں میں سے بھی بیگانے بنے ہوئے تھے
65a0b930209f4c24ae712e5c,قائدا اعظم نے ہمت سے کام لیا اور ثابت قدم رہے انہوں نے شجاعت و بردباری سے تمام دشمنوں کا مقابلہ کیا اور مضبوط چٹان کی طرح ان کے مقابل ڈٹے رہے بالاخر خدا نے انہیں کامیابی دی اسی طرح سے دنیا کی بڑی بڑی ہستیوں کی سوانح حیات کا مطالعہ کرنے سے ہمیں معلوم ہوگا کہ ہمت محنت و استقلال ہی ان کی کامیابی کا راز تھا
65a0b936f7728388555e21f9,قائدا اعظم نے ہمت سے کام لیا اور ثابت قدم رہے انہوں نے شجاعت و بردباری سے تمام دشمنوں کا مقابلہ کیا اور مضبوط چٹان کی طرح ان کے مقابل ڈٹے رہے بالاخر خدا نے انہیں کامیابی دی اسی طرح سے دنیا کی بڑی بڑی ہستیوں کی سوانح حیات کا مطالعہ کرنے سے ہمیں معلوم ہوگا کہ ہمت محنت و استقلال ہی ان کی کامیابی کا راز تھا
65a0b9abf7728388555e21fd,قائد اعظم کا قول ہے کہ کسی کام کو کرنے سے پہلے س بار سوچو کہ کیا یہ کام ٹھیک ہے اور کیا ایسا کرنا چاہیے جب تمہارا ذہن فیصلہ دے دے کہ ہاں ایسا کرنا درست ہے اس میں کوئی برائی نہیں تو اس کو پایا تکمیل تک پہنچانے کا مسمم ارادہ کر لو اور دم اس وقت لوگ جب اسے پورا کر لو اس بات سے نہ گھبراؤ کہ راستے میں مشکلات ائیں گی رکاوٹیں ہوں گی دشمنوں کی مخالفت ہوگی اپنی منزل کی طرف نگاہ کر کے اگے بڑھتے چلے جاؤ انشاءاللہ کامیابی تمہارے قدم چومے گی
65a0b9f5f7728388555e2200,انسانی ہمت اور اس کے نتائج کی بات کرتے ہوئے کسی شاعر نے کیا خوب کہا ہے وہ کون سا عقدہ ہے جو وا ہو نہیں سکتا ہمت کرے انسان تو کیا ہو نہیں سکتا
65a0ba17f7728388555e2203,عنوان عمل سے زندگی بنتی ہے جنت بھی جہنم بھی
65a0ba37f7728388555e2206,حکیم الامت شاعر مشرق علامہ اقبال فرماتے ہیں عمل سے زندگی بنتی ہے جنت بھی جہنم بھی یہ خاکی اپنی فطرت میں نہ نوری ہے نہ ناری ہے
65a0ba6cf7728388555e2209,علامہ نے اس شعر کے ذریعے یہ نقطہ سمجھایا ہے کہ عمل ہی ایک ایسی چیز ہے جس سے انسان اپنی زندگی کو خوشگوار بنا سکتا ہے اور عمل ہی سے اسے پراشوب بھی بنا سکتا ہے
65a0ba90f7728388555e220c,اب یہ اس کی اپنی مرضی ہے کہ جس طرح کا عمل اختیار کرنا چاہے کر سکتا ہے خدا تعالی نے اسے تفکر کی صلاحیت بخشی ہے سعی و کوشش کی خوبی سے نوازا ہے ترقی کے زینے طے کرنے کے لیے انسان کو اللہ تعالی نے ہر قسم کی قدرتوں اور قوتوں سے مالا مال کیا ہے
65a0bac3f7728388555e220f,اس نے اگر انسان کو اپنا نائب بنا کر بھیجا ہے تو اسے وہ تمام اوصاف بھی دے کر بھیجا ہے جن سے وہ ترقی کے تمام مراحل طے کر سکے اور خیر و شر میں تمیز کر سکے خدا نے اسے ہمت دی استقلال دیا بردباری دی عقل سلیم دی عرفان دیا اور اسی طرح سے بہت سے اوصاف دیے اور اختیار بھی دیا کہ وہ اپنے لیے جو راستہ مناسب سمجھے منتخب کر سکتا ہے
65a0bae8f7728388555e2212,ہم دیکھتے ہیں کہ کوئی خوشحال ہے کوئی مفلس ہے جو مفلص ہے اللہ تعالی کو اس سے کوئی دشمنی نہیں کہ وہ دولت سے محروم ہے وہ نا انصاف نہیں ہے وہ تو خود کہتا ہے کہ انسان کے لیے کچھ نہیں ہے سوائے اس کے جس کے لیے وہ کوشش کرتا ہے
65a0bb23f7728388555e2215,جس نے عمل کیا کوشش کی ترقی کی راہ اختیار کی اسے ترقی ملی جو عندہ یا بندہ
65a0bb7ff7728388555e2218,جس نے جس چیز کی تلاش کی اس کو مل گئی کامیاب لوگوں کی زندگیوں کا مطالعہ کیجئے انہوں نے بے حساب جدوجہد کی وہ شب و روز محنت کرتے رہے اور عمل پہ ہم کے ذریعے کہاں تک پہنچ گئے اور جو لوگ نان شبینہ کے بھی محتاج ہیں ان کا سبب ان کی کم ہمتی اور بے عملی ہے
65a0bc0cf7728388555e221b,تدبیر کو چھوڑ کر تقدیر پر تکیہ کر کے بیٹھے رہنے اور خود کچھ نہ کرنے کا نتیجہ یہ نکلتا ہے کہ وہ ساری عمر ہی روتے رہتے ہیں یہ درست ہے کہ کبھی کبھی کوشش کے باوجود انسان ناکام ہو جاتا ہے مگر جب ہم اپنی سوچ اور اپنے عمل کا بہت جائزہ لیتے ہیں تو پتہ چلتا ہے کہ فلاں فلاں غلطیوں کی وجہ سے ہمیں ناکامی ہوئی ہے
65a0bc9ff7728388555e221e,ایک حوصلہ مند ہے اور باہمت انسان اپنی قسمت اپ بناتا ہے کشمکش حیات میں انسان کو با تدبیر عمل اور صحیح سمت میں سعی سے کامیابی ضرور حاصل ہوتی ہے جو لوگ محنت لگن اور دیانت داری سے فرائض زندگی ادا کرتے ہیں ان کا انجام ہمیشہ بخیر ہوتا ہے
65a0bcf4f7728388555e2221,ان لوگوں کو اگر خدانخواستہ کسی وقت اپنے متوقع منزل نہیں ملتی تو بجائے اس کے کہ اپنی تقدیر کا گلا کریں وہ اپنی ہمت کو بلند تر رکھتے ہیں اور پہلے سے بھی زیادہ عزم کے ساتھ مصروف عمل ہو جاتے ہیں اور اپنی کوتاہیوں اور غلطیوں کا محاذبہ کرتے ہیں
65a0bd22f7728388555e2224,وہ تقدیر کو نہیں کوستے تدبیر کا راستہ اختیار کرتے ہیں حوصلہ استقامت پامر دی اور عملے پہ ہم سے کام لیتے ہیں بہادر اور باہمت انسان اپنی بگڑی ہوئی قسمت تدبیر و عمل سے سنوارتے ہیں
65a0bd5af7728388555e2227,جو لوگ بے ہمتی کاہلی تلون مزاجی اور بزدلی کی وجہ سے ناکام رہتے ہیں اپنی تقدیر کو مورد الزام ٹھہراتے ہیں کہ خدا نے اپنی تقدیر میں یہی لکھا ہے اصل بات یہ ہے کہ تقدیر کے مطلب کو یہ سمجھتے ہی نہیں
65a0bdc6f7728388555e222a,اللہ تعالی عالم الغیب ہے وہ جانتا ہے کہ فلا وقت میں یہ کام ہوگا فلاں ادمی فلاں وقت میں یہ کام کرے گا جو کچھ انسان کے متعلق انے والے حالات اللہ تعالی نے لوح محفوظ پر لکھے ہوئے ہیں وہ تقدیر ہے
65a0be0af7728388555e222d,تقدیر کا مطلب یہ نہیں کہ کسی کو کسی کام کے کرنے کے لیے پابند کر دیا گیا ہے یا کسی سے باحکم خداوندی اس کی دولت یا خوشی چھین لی گئی ہے لوہ پر انے والے حالات کا ذکر کر دیا گیا ہے جس طرح انے والے وقت کی ڈائری لکھ دی گئی ہو
65a0be70f7728388555e2230,مگر وہ لوگ جو یہ سمجھتے ہیں کہ چونکہ ہماری ناکامی ہماری تقدیر کے سبب ہوئی ہے بالکل غلط ہے انسان نے انے والے وقت میں جو اچھے یا برے اعمال سر انجام دینے ہیں ان کو خدا تعالی نے قلم بند کر دیا ہے پست ہمت لوگ سمجھتے ہیں کہ وہی ہوگا جو تقدیر میں ہوگا ہم کیا کر سکتے ہیں یہ نظریہ بالکل غلط ہے
65a0be97f7728388555e2233,اگر ہم بڑے ادمیوں کی زندگیوں کا مطالعہ کریں تو معلوم ہوگا کہ جو کچھ انہوں نے کیا اپنے عزم و استقلال سے کیا ہمت و جواں مردی سے کیا تدبیر و عمل سے کیا انہوں نے عزت شہرت شان و شوکت سب جہد مسلسل اور عمل پہ ہم سے حاصل کیا
65a0becff7728388555e2236,اپنی زندگی میں انہیں مشکلات کا سامنا بھی کرنا پڑا تو انہوں نے پامردی سے کیا ہمت و استقلال کا دامن ہاتھ سے نہ چھوڑا اپنے ارادے کو چٹان کی طرح مضبوط رکھا ایک لمحہ کے لیے بھی وہ اپنے مقصد سے غافل نہیں ہوتے تھے
65a0bf26f7728388555e2239,یوں ہی فضول گفتار میں وقت ضائع نہیں کرتے تھے اگر وہ گفتار کے غازی تھے تو ساتھ ساتھ کردار کی بھی غازی تھے ان کی کامیابی عظمت و شہرت کا انحصار عمل پر تھا ان کی زندگی ہمیں دعوت عمل دیتی ہیں انسان کی زندگی اس کے اپنے اعمال و کردار سے بنتی ہے
65a0bf3cf7728388555e223c,شاعر نے کیا خوب کہا ہے خدا نے اج تک اس قوم کی حالت نہیں بدلی نہ ہو جس کو خیال اپ اپنی حالت کے بدلنے کا
65a0bfaff7728388555e223f,عنوان قومی زندگی میں نظم و ضبط کی اہمیت
65a0bfe7f7728388555e2242,لفظ نظم یا ضبط اس قدر اہمیت کا حامل ہے کہ ہر کہیں اس کی موجودگی محسوس ہوتی ہے جہاں پر نظم نہیں ہے وہاں پر افرا تفری اور غلط نتائج ہی نظر ائیں گے دنیا کا ہر کام کسی نہ کسی ضابطے یا قاعدے کے تحت ہوتا ہے یہ زمین و اسمان یہ چاند ستارے اور سورج کسی نظام کے تحت کام کر رہے ہیں
65a0c02ff7728388555e2245,یہ سب کسی قاعدے یا قانون کے تابع رہ کر چل رہے ہیں سورج کی گرمی اس کی چمک چاند کی دمک لیل و نہار کا گھٹنا بڑھنا موسموں کا تغیر و تبدیل یہ سب کچھ ایک قانون کے ماتحت ہو رہا ہے سورج کا نکلنا اس کا غروب ہونا زمین کا گھومنا اور رات دن کا پیدا ہونا ان سب کے لیے ایک وقت مقرر ہے
65a0c089f7728388555e2248,ان میں سے کوئی بھی عمل اپنے وقت مقررہ سے ایک سیکنڈ بھی ادھر ادھر نہیں ہو سکتا یہ سب کسی قانون کی بدولت ہے حیوانات نباتات اور جمادات بھی ایک مخصوص قاعدے کے تابع ہیں غرض کائنات کی ہر چیز کے لیے کوئی قاعدہ مقرر ہے اور وہ اس قاعدے سے باہر نہیں نکل سکتی ندینہ لے دریا سمندر بھی ایک خاص ضابطے کے تحت بہتے ہیں
65a0c109f7728388555e224b,پھلدار اور پھولدار درخت بھی کسی قانون میں جکڑے ہوئے ہی پیدا ہوتے ہیں اور اسی طرح سے ختم ہو جاتے ہیں کوئی چیز کوئی انسان قانون اور ضابطے سے باہر نہیں ہو سکتا انسان کے جسم میں جو اعضاء بنائے گئے ہیں وہ سارے کے سارے اپنا اپنا کام ایک مخصوص ضابطے یا قانون کے تحت کرتے ہیں
65a0c145f7728388555e224e,دماغ کے لیے ایک ضابطہ مقرر ہے وہ اس کے تحت کام کر رہا ہے دل کے لیے بھی جو کام مقرر کیا گیا ہے وہ وہی کرتا ہے پھیپھڑے میدہ جگر اور اسی طرح سے جسم کے دوسرے اعضاء بھی اپنے مقررہ قاعدے کے تحت ہی کام کرتے رہتے ہیں تو اس کا مطلب یہ ہوا کہ قانون اور ضابطہ ایک ایسی چیز ہے جس سے کوئی چیز باہر نہیں
65a0c1e2f7728388555e2251,انسان کی بقا و ارتقا کے لیے مخصوص ضابطوں کی پابندی لازمی ہے اسلام اپنے اندر ایک مکمل ضابطہ حیات رکھتا ہے نبی کریم بھی اسی ضابطہ حیات کی تبلیغ و ہدایت کے لیے تشریف لائے اپ نے عملی طور پر ثابت کیا کہ انہوں نے جو نظام زندگی دنیا کو دیا اسی میں دکھی انسانیت کا مداوا ہے
65a0c1fef7728388555e2254,اسلام ایک مکمل نظام حیات پیش کرتا ہے جس پر عمل کر کے اس قانون کے تحت زندگی بسر کر سکتے ہیں جو ہمیں راہ نجات دکھا سکتی ہے اور ہمارے لیے دین و دنیا میں فلاح کا سبب بن سکتی ہے
65a0c225f7728388555e2257,معاشرے میں رہتے ہوئے ہم پر دو قسم کی ذمہ داریاں عائد ہوتی ہیں ایک انفرادی ہے اور دوسری اجتماعی ہمارا ہر فعل معاشرے پر اثر انداز ہوتا ہے اگر ہم کوئی برائی کرتے ہیں تو اس کے اثرات دوسروں پر ضرور مرتب ہوں گے اور اگر ہم کوئی اصلاحی کام کرتے ہیں تو اس کا اثر بھی دوسروں پر ہوگا
65a0c249f7728388555e225a,کوئی قول یا فعل انفرادی طور پر کیا جائے یا اجتماعی طور پر اس کے نتائج معاشرے پر ضرور ظہور پذیر ہوں گے تو ایسے میں ہم پر یہ ذمہ داری عائد ہوتی ہے کہ ہم دوسروں کے جذبات و احساسات کا احترام کریں اور ہمارا ہر قول و فعل سوسائٹی کے لیے مفید ثابت ہو
65a0c26ef7728388555e225d,اگر ہم معاشرے میں رہتے ہوئے کسی قانون اور ضابطے کا خیال نہیں کرتے تو اپنے لیے بھی اور دوسروں کے لیے بھی تکلیف کا باعث بنتے ہیں ایک ٹیم ہی کو لے لیجئے ٹیم کے کھلاڑی اگر اپنے کپتان کے حکم کے تابع نہیں ہیں اور کھیلتے ہوئے پورے نظم و ضبط سے کام نہیں لیتے تو ٹیم کی شکست یقینی ہوگی
65a0c2bdf7728388555e2260,اس میں کھلاڑیوں کا بھی نقصان ہوگا اور شکست قوم و ملک کے لیے بدنامی کا باعث ہوگی قوموں کی بقا اور ارتقا کے لیے نظم و ضبط کا ہونا نہایت لازمی ہے تاریخ شاہد ہے کہ ایسے لوگوں کا نام و نشان تک باقی نہیں رہتا جو نظم و ضبط کو اپنا شعار نہیں بناتے
65a0c2fcf7728388555e2263,بانی پاکستان حضرت قائدا اعظم نے بھی اسی لیے قوم کو اتحاد یقین اور تنظیم کا عظیم سبق دیا جس قوم میں نظم و ضبط نہیں ہوتا وہ ملت جلد صفہ ہستی سے نیست و نابود ہو جاتی ہے اسلام کا عروج بھی قومی نظم و ضبط اتحاد و تنظیم کے طفیل ہوا قومی اتحاد یقین اور تنظیم کی بدولت مسلمان تھوڑی تعداد میں ہوتے ہوئے بھی بڑی بڑی سلطنت کو فتح کرتے چلے گئے
65a0c3d4f7728388555e2266,یہ اتحاد اور نظم و ضبط کا ہی کرشمہ تھا کہ عرب قوم جو جہالت کی تاریکیوں میں ڈوبی ہوئی تھی تمام اقوام عالم سے اگے نکل گئی
65a0c403f7728388555e2269,معاشرے کے استحکام قوموں کی ازادی اور سلطنتوں کی ترقی کے لیے نصب و ضبط نہایت ضروری ہے بڑے بڑے سیاست دان اس پر متفق ہیں کہ نظم ریاست کے عناصر خمسہ میں شمار ہوتا ہے جہاں پر نظم و ضبط اور یکجہتی کا فقدان ہوگا اور بے ضابطگیوں کا راج ہوگا وہاں زلالت غلامی اور زوال قوم کا مقدر ہوگا
65a0c458f7728388555e226c,اگر ہمیں اپنے اپ سے محبت ہے اور اپنے معاشرہ اور وطن سے پیار ہے اور ہم واقعی اپنی قوم سے مخلص ہیں اور اسے دنیا کی ترقی یافتہ اقوام کی صف میں دیکھنا چاہتے ہیں تو ہمیں اپنی صفوں میں اتحاد پیدا کرنا چاہیے اور اٹھتے بیٹھتے چلتے پھرتے ہر مقام پر ہر وقت اتحاد اور نظم و ضبط کا مظاہرہ کرنا چاہیے ہمیں چاہیے کہ اپنے افکار و افعال میں نظم و ضبط کے اصول کو کبھی فراموش نہ کریں
65a183f9eae2ffb0d3c1e1f5,عنوان ہر کی خدمت کردہ و مخدوم شد
65a1841aeae2ffb0d3c1e1f9,یہی ہے عبادت یہی دین و ایماں کے کام ائے دنیا میں انسا کے انسا
65a18474eae2ffb0d3c1e1fc,خدمت خلق ہی ایک ایسا فعل ہے جس سے انسان کی عظمت کا صحیح طور پر پتہ چلتا ہے کسی انسان کی عظمت کا اندازہ کرنے کے لیے نہ صرف یہ دیکھنا ہوگا کہ اس کے اندر کس قدر جوہر پوشیدہ ہیں اور وہ کن اعلی اوصاف کا مالک ہے بلکہ اس اعتبار سے بھی اسے پرکھنا ہوگا کہ اس کے دل میں خلق خدا کے لیے کس قدر درد موجود ہے
65a184a0eae2ffb0d3c1e1ff,خالق عالم نے انسان کی ذمے دو فرائض لگائے ہیں ایک اس مالک کل کی اطاعت دوسرے اس کے بندوں سے پیار یعنی ایک حقوق اللہ اور دوسرا حقوق العباد
65a18513eae2ffb0d3c1e202,حقوق اللہ میں اگر کوئی کوتاہی ہو جائے تو اللہ تعالی غفور الرحیم ہے وہ معاف کر سکتا ہے لیکن اگر حقوق العباد کا جرم سرزد ہو جائے تو اسے وہ معاف نہیں کرے گا حالانکہ وہ قادر و متعلق ہے مگر اس مقام پر اس نے معاف کرنے کا حق صرف اور صرف اسی کو دیا ہے جس کا حق مارا گیا ہو یہ جس کا حق ادا نہ کیا گیا ہو خلق خدا کی خدمت ان سے ہمدردی اور پیار حقوق العباد میں سر فہرست ہیں
65a18551eae2ffb0d3c1e205,خدمت خلق کی عظمت کو ایک مثال سے واضح کیا جا سکتا ہے فرض کریں اپ کسی شخص سے محبت کرتے ہیں اس کی عزت و احترام کرتے ہیں اس کے ہر حکم کی تعمیل کرتے ہیں ہر مجلس میں اس کی تعریف بھی کرتے ہیں مگر اس کی اولاد سے جو اس کو بہت ہی عزیز ہے اپ کو کوئی لگاؤ نہیں کوئی پیار نہیں کوئی ہمدردی نہیں ان کے لیے اپ کوئی ایثار بھی نہیں کرتے تو سوچ کر بتائیے کہ کیا وہ شخص جس سے اپ پیار کرتے ہیں اپ کو اچھا سمجھے گا
65a1857feae2ffb0d3c1e208,جواب یقینا نفی میں ہوگا اسی طرح سے خداوند عالم کو اپنی مخلوق بہت پیاری ہے تمام مخلوق خدا کا کنبہ ہے اگر ہم محض خدا سے ہی پیار کرتے ہیں اور اس کے بندوں سے پیار ہمدردی نہیں کرتے ان کے لیے جذبہ ایثار نہیں رکھتے تو خدا کبھی خوش نہیں ہو سکتا
65a185caeae2ffb0d3c1e20b,ایک بزرگ کے پاس ایک شخص ایا انہوں نے اس کا حال احوال پوچھا تو کہنے لگا کہ بس ٹھیک ہے کما لیتے ہیں اور کھا لیتے ہیں کہنے لگے پھر تو تم کچھ بھی نہیں کماتے دوسرا شخص ایا اس سے بھی پوچھا تو کہنے لگا کہ اللہ کا کرم ہے کما لیتے ہیں خود کھا لیتے ہیں اور جو بچتا ہے دوسروں کو دے دیتے ہیں فرمایا تھوڑی کمائی کرتے ہو تیسرا شخص ایا اس کی خیریت دریافت کی اس نے جواب دیا سارا دن محنت و مشقت کر کے کماتے ہیں اس میں سے لوگوں کو کھلاتے ہیں اور جو کچھ بچتا ہے ہم کھا لیتے ہیں فرمایا شاباش خوف کمائی کرتے ہو
65a18619eae2ffb0d3c1e20e,تو اصل نیکی تو یہی ہے کہ انسان دوسروں کے لیے جیے خدا کے بندوں کے لیے جذبہ ایثار و قربانی رکھے ورنہ حیوان میں اور انسان میں فرق ہی کیا ہے اپنے لیے تو حیوان بھی سب کچھ کرتا ہے
65a18640eae2ffb0d3c1e211,اسی طرح سے ابراہیم بن ادھم کا ایک واقعہ ہے ایک رات ایک فرشتہ سونے کی کتاب ہاتھ میں لیے ان کے کمرے میں داخل ہوا ادھم نے پوچھا اس کتاب میں کیا لکھ رہے ہو فرشتے نے جواب دیا اس کتاب میں ان لوگوں کے نام لکھ رہا ہوں جو خدا سے محبت کرتے ہیں
65a186b7eae2ffb0d3c1e214,ابراہیم بن ادھم نے دریافت کیا اس کتاب میں میرا نام بھی شامل ہے فرشتے نے جواب دیا نہیں ادھم نے کہا اچھا تم میرا نام ان لوگوں میں لکھ لو جنہیں خدا کے بندوں سے پیار ہے اس کے بعد فرشتہ چلا گیا
65a186dbeae2ffb0d3c1e217,دوسرے روز فرشتہ پھر ایا پہلی کی طرح کمرہ روشن ہو گیا وہی سونے کی کتاب اس کے ہاتھ میں تھی ادھم نے پھر پوچھا کہ اس کتاب میں کیا لکھا ہے تو فرشتے نے جواب دیا کہ اس کتاب میں ان لوگوں کے نام ہیں جن کو خدا خود پیار کرتا ہے
65a18716eae2ffb0d3c1e21a,ادھم نے دریافت کیا کہ کیا اس میں میرا نام بھی شامل ہے فرشتے نے جواب دیا اپ کا نام سر فہرست ہے گویا عظمت انسان اس وقت ایاں ہوتی ہے جب اس میں خلق خدا سے محبت و ایثار پیدا ہو جائے
65a18732eae2ffb0d3c1e21d,اسی لیے تو علامہ اقبال نے فرمایا خدا کے عاشق تو ہیں ہزاروں بنوں میں پھرتے ہیں مارے مارے میں اس کا بندہ بنوں گا جس کو خدا کے بندوں سے پیار ہوگا
65a18775eae2ffb0d3c1e220,تاریخ شاہد ہے کہ کوئی شخص اس وقت تک نہ ہر دل عزیز بنا نہ عظیم بنا نہ مخدوم بنا جب تک اس نے خدمت خلق کو اپنا شعار نہ بنایا جس نے ملک و قوم کے لیے قربانی نہ دی جس نے خدا کے بندوں سے پیار نہیں کیا چاہے وہ کتنا دولت مند ہو کہ کتنا طاقتور ہو نہ قرب الہی حاصل کر سکا اور نہ دنیا میں ہی عزت حاصل کر سکا
65a187d9eae2ffb0d3c1e223,سر سعید احمد خان کی طرف دیکھیے ان کے دل میں قوم کا کس قدر درد تھا قوم کے لیے محنت کی علامہ اقبال کی مثالیجئے وہ ساری عمر قوم کے لیے تڑپتے رہے وہ قوم کے لیے بالخصوص اور ساری دنیا کے لیے بالعموم مشعل راہ بنے بابا قوم محمد علی جنا نے یہی قائد اعظم نہیں کہلوایا انہوں نے قوم کے لیے تن من دھن کی قربانی دی ایسے لوگ مر کر بھی زندہ جاوید رہتے ہیں
65a187efeae2ffb0d3c1e226,لوگ جب بھی ان کا نام لیتے ہیں بڑے ادب و احترام سے لیتے ہیں اور ان کی مغفرت کے لیے دعائیں کرتے ہیں تاریخ میں ہمیشہ ایسے لوگوں کے نام سنہری حروف میں لکھے جاتے ہیں
65a18851eae2ffb0d3c1e229,حقیقت میں انسان کو دنیا میں اس لیے بھیجا گیا ہے کہ وہ خدا کے بندوں کی خدمت کرے ان کے دکھ درد میں شریک ہو
65a189be1debd87e5a40e8f8,ان کی غم گساری کرے اگر ان کو راحت پہنچانے کے لیے ایثار بھی کرنا پڑے تو اس سے دریا نہ کریں اگر تخلیق انسان کا مقصد صرف خدا کی عبادت ہی ہوتا تو اس کے لیے تو فرشتے ہی کافی ہیں جو دن رات اس کی تسبیح کرتے ہیں درد دل کے واسطے پیدا کیا انسان کو ورنہ اطاعت کے لیے کچھ کم نہ تھے کرو بیاں
65a18bae2d3ecc5ad09d4528,عنوان علم بڑی دولت ہے
65a18bf62d3ecc5ad09d452c,عنوان پاکستان کا نظام تعلیم
65a18c312d3ecc5ad09d452f,علم افراد کی ذہنی صلاحیتوں کو اجاگر کرنے اور سیرت و کردار کی تعمیر کے لیے سب سے زیادہ اہمیت رکھتا ہے جس طریقے سے لوگوں کو زیور علم سے اراستہ کیا جاتا ہے اسے نظام تعلیم کہا جاتا ہے اصل میں نظام تعلیم ایک ایسا ذریعہ ہے جس سے عوام میں وہ شعور پیدا کیا جاتا ہے جو زندگی گزارنے کے لیے نہایت ضروری ہے
65a18c622d3ecc5ad09d4532,اپنی پیدائش کے بعد جب انسان بچہ ہی ہوتا ہے تو اس کی تمام صلاحیتیں نہ پختہ ہوتی ہیں ان صلاحیتوں میں پختگی پیدا کرنے کے لیے صحیح تعلیم و تربیت کی ضرورت ہے اگر تعلیم و تربیت اچھی ہوگی تو وہ ایک اچھا انسان بن سکے گا اور اگر تعلیم و تربیت ہی ناقص ہوگی تو اس میں وہ صلاحیتیں پیدا نہیں ہو سکیں گی جو ملک و معاشرہ اور خلق خدا کے لیے کارامد ثابت ہوں
65a18cff2d3ecc5ad09d4535,تعلیم و تربیت کی برکت ہی سے انسان ترقی کی راہ پر گامزن ہوتا ہے ترقی یافتہ قومیں اپنے نظام تعلیم پر سب سے زیادہ توجہ دیتی ہیں قوم افراد سے بنتی ہیں اگر افراد کو صحیح تربیت ملے گی تو قوم کا ذہن بھی خود بخود ہو جائے گا
65a18d6e2d3ecc5ad09d4538,کسی قوم کی ترقی و بقا کے لیے نیز اس کی ذہنی نشونما کے لیے نئی نسل کی صحیح تربیت کی اشد ضرورت ہے کسی قوم کے مستقبل کا انحصار اس کی نئی نسل پر ہی ہوتا ہے اگر نئی نسل صحیح راستے پر گامزن ہوگی تو نتیجتا وہ ایک ترقی یافتہ قوم بنے گی اور اگر ان کی تعلیم و تربیت بیکار قسم کی ہوگی تو وہ قوم پستی کے گہرے گڑھے میں گر جائے گی
65a18ddb2d3ecc5ad09d453b,یہی وجہ ہے کہ ہر قوم اپنی نئی نسل کی تربیت اس طرح کرتی ہے جس سے ان کی عزائم بلند ہوں اور ان کی سیرت اور ان کے کردار نہایت اعلی قسم کے ہوں نظام تعلیم اس قسم کا ہونا چاہیے جس سے نئی نسل ائندہ کی رجا قوم بن سکے
65a18e652d3ecc5ad09d453e,ہم مسلمان ہیں اور ایک ازاد مملکت کے شہری ہیں ہم نے پاکستان اسلام کی سربلندی ثابت کرنے کے لیے بنایا تھا پاکستان بننے کے بعد ہمارا اولین فریضہ تھا کہ ہم نوجوان انے قوم کی ذہنی صلاحیتوں کو اجاگر کرنے کے لیے قوم کو ایسا نظام تعلیم و تربیت دیتے جس سے اقوام میں ہم فخر سے سر اونچا کر سکتے
65a18ead2d3ecc5ad09d4541,پاکستان بنانے کا ہمارا مقصد ہی یہی تھا کہ چونکہ ہم مسلمان ہیں اور امن کے داعی ہیں اور ہمارا ضابطہ حیات دنیا کے تمام ضابطوں سے اعلی و عرفہ ہے اس لیے ہم قوم کے لیے ایسا نظام تعلیم مقرر کریں جس سے ہمارا نظریہ پایا تکمیل تک پہنچ سکے اور دنیا ہم پر رشک کرے
65a18f0e2d3ecc5ad09d4544,نظام تعلیم اس طرح کا ہونا چاہیے جس سے قوم صلاحیتیں اور بلند کردار کی صفات پیدا ہوں جو ایک ازاد قوم کے لیے ضروری ہے اس کے لیے ضروری ہے کہ نئی نسل کو پاکستان کے بنیادی تصورات سے اگاہ کیا جائے تاکہ وہ اپنے ابا و اجداد کی روایات کو زندہ رکھ سکیں
65a18f502d3ecc5ad09d4547,قوم کے افراد منشا پاکستان کو صحیح طور پر سمجھ سکیں اور اس قابل بن سکیں کہ وہ مقاصد پاکستان کی تکمیل پوری صلاحیت سے پورے کر سکیں
65a18f8d2d3ecc5ad09d454a,اس وقت جو نظام تعلیم چل رہا ہے وہ اس مقصد کو پورا کرنے کے لیے بالکل نہ موضوع ہیں یہ نظام تعلیم انگریز کا مقرر کردہ ہے جس کا مقصد اصل میں یہاں کے لوگوں کو ایک ازاد منش اور حریت پسند شہری بنانے کا نہیں تھا بلکہ اس نے تو تعلیم کو صرف اس لیے یہاں رواج دیا کہ انہیں اپنی مرضی کے پڑھے لکھے لوگ میسر ا سکیں جو ان کی ہاں میں ہاں ملائیں اور بوقت ضرورت انہیں اپنا اعلی کار بنا سکیں
65a18fb32d3ecc5ad09d454d,اج تک ایسا ہی ہوتا چلا ایا ہے اور اب بھی ہمارا نظام تعلیم انہی خطوط پر چل رہا ہے انگریزوں نے اپنے ملک انگلستان میں جو نظام تعلیم مقرر کیا ہوا تھا وہ اس سے بالکل مختلف تھا
65a18fd12d3ecc5ad09d4550,ہمارا نظام تعلیم اس قسم کا ہونا چاہیے جس کے تحت تربیت پا کر ہم میں فکر و نظر اور تحقیق و تجسس کا شعور پیدا ہو جو ہماری صلاحیتوں کو اس قابل بنا دے کہ ہم کسی دوسرے کے محتاج نہ ہوں
65a18fe82d3ecc5ad09d4553,ہماری ذہنی اور فکری تربیت ہمارے اسلامی نظام حیات کے عین مطابق ہو جس میں ہم اجتماعی مفادات کی ضرورتوں کو پورا کر سکیں
65a190a82d3ecc5ad09d4556,ہمارا نصب العین بلند ہو ہم میں ہمدردی ایثار اور جذبہ خدمت پیدا ہو ہم ہر میدان میں ترقی کریں اور ہم میں بڑے بڑے عالم فاضل مجتہد مفسر اور فقیہا پیدا ہوں ماہرین معاشیات و طبیعت اوقابل انجینیئر اور ڈاکٹر پیدا ہوں
65a190c22d3ecc5ad09d4559,جو ہمہ وقت اس جذبے سے کام کریں کہ ہم نے ملک و قوم کی خدمت کرنا ہے اور ہمیں اپنے ملک کو اس قابل بنانا ہے کہ ہمیں کسی دوسرے ملک کی احتیاج نہ رہے اور ہم میں زندہ قوموں کی صفات پیدا ہوں
65a190e82d3ecc5ad09d455c,ایسا ہی نظام تعلیم ہماری قومی و ملی زندگی کی بقا اور ترقی کے لیے نہایت ضروری ہے اور یہی ہماری ملی امنگو اور قومی ضرورتوں کو پورا کر سکتا ہے اس کے علاوہ اور کوئی دوسرا نظام ہمارے لیے نہ مفید ہو سکتا ہے اور نہ ہی اس مقصد کو پورا کر سکتا ہے جس کے لیے قربانیاں دے کر ہم نے پاکستان حاصل کیا
65a190ff2d3ecc5ad09d455f,عنوان علم بڑی دولت ہے
65a191232d3ecc5ad09d4562,علم ایسا بیش بہا خزانہ ہے جسے نہ تو چور چرا سکتا ہے اور نہ ہی وہ استعمال کرنے سے کم ہوتا ہے حضور رسول اکرم صلی اللہ علیہ والہ وسلم نے ارشاد فرمایا کہ مہد سے لحد تک علم کی تلاش میں لگے رہو اور یہ بھی فرمایا کہ علم حاصل کرو خواہ اس کے لیے تمہیں چین کیوں نہ جانا پڑے یہ حقیقت ہے کہ علم ایک ایسی قوت ہے جو دنیا کی تمام قوتوں سے بڑھ کر ہے اس کو زوال نہیں
65a191df2d3ecc5ad09d4565,علم ایسا بیش بہا خزانہ ہے جسے نہ دو چور چرا سکتا ہے اور نہ ہی وہ استعمال کرنے سے کم ہوتا ہے رسول اکرم صلی اللہ علیہ والہ وسلم نے ارشاد فرمایا کہ مہد سی لحد تک علم کی تلاش میں لگے رہو اور یہ بھی فرمایا کہ علم حاصل کرو خواہ اس کے لیے تمہیں چین کیوں نہ جانا پڑے یہ حقیقت ہے کہ علم ایک ایسی قوت ہے جو دنیا کی تمام قوتوں سے بڑھ کر ہے اس کو زوال نہیں
65a1924c2d3ecc5ad09d4568,علم ہی کی بدولت انسان نے قدرت کے سربستہ رازوں کو کھولا اور ان پر پڑے ہوئے تمام پردے اٹھا دیے علم کے ذریعے ہی مختلف قسم کی ایجادات کی گئی
65a192b42d3ecc5ad09d456b,علم ہی کی بدولت انسان نے قدرت کے سربستہ رازوں کو کھولا اور ان پر پڑے ہوئے تمام پردے اٹھا دیے علم کے ذریعے ہی مختلف قسم کی ایجادات کی گئی علم کی بدولت ہی انسان ہوا پر سوار ہو جاتا ہے سمندروں کو چیرتا ہے اور پل بنا کر دریاؤں کو عبور کرتا ہے
65a192e02d3ecc5ad09d456e,علم ہی سے انسان نے ہزاروں میل کے فاصلے پر قابو پا لیا ہے علم ہی کی بدولت اج دنیا کی تمام وسعتیں انسان کے سامنے سمٹ کر رہ گئی ہیں یہ اسی علم کا کرشمہ ہے کہ اج انسان خلا کے وسعتوں پر حاوی ہے اور وہی مظاہر قدرت جن کو کبھی وہ دیوتا سمجھ کر پوچھتا تھا اج اس کی خاک راہ ہیں
65a192f02d3ecc5ad09d4571,علم ہی کی بدولت اج انسان چاند تک رسائی حاصل کر چکا ہے اور گھر بیٹھے دوسرے ممالک کے حالات سنتا اور دیکھتا ہے
65a1932e2d3ecc5ad09d4574,یہ علم ہی کی شان ہے کہ انسان مرنے کے بعد بھی زندہ رہتا ہے سر سید احمد خان علامہ اقبال اور قائد اعظم جیسے عظیم رہنماؤں نے علم کے ذریعے ہی قوم کی سچی خدمت کی اور اج ان کے نام زندہ جاوید ہیں
65a193482d3ecc5ad09d4577,بزرگان دین بھی علم کی شمع جلا کر لوگوں کو ہدایت کی راہ دکھاتے رہے اور اج ان کے نام زندہ ہیں اور بے علم تو خدا کو بھی نہیں پہچان سکتا
65a193c92d3ecc5ad09d457a,انسان نہیں علم کی بدولت اپنے لیے اسائش و ارائش کے سینکڑوں سامان پیدا کیے ہیں اس نے ایسی ایسی شاندار عمارتیں تعمیر کی ہیں جو اسمان سے باتیں کرتی ہیں اس نے موٹر کار ہوائی جہاز جٹ تیارے اور راکٹ تک تیار کر لیے ہیں
65a194302d3ecc5ad09d457d,ٹیلی فون اور ریڈیو سے وائرلیس اور ٹیلی ویژن تک ٹائپ رائٹر سے لے کر چھاپے خانے اور ٹیلی پرنٹر تک خردبین اور دربین سے لے کر صدر گاہوں تک کہ وسیع نظام تک ایجادات اور انکشافات کا ایسا لامتنا ہی سلسلہ ہے جو علم کی بدولت ہی وجود میں ایا ہے
65a194892d3ecc5ad09d4580,دنیا کی ترقی کا دارومدار علم پر ہے علم ہی انسان کو انسان بناتا ہے اور نیکی بدی میں تمیز کرنا سکھاتا ہے علم ہی سے انسان دوسرے انسان پر سبقت حاصل کر سکتا ہے وہی انسان جو کبھی بجلی کی گرج سے ڈر جاتا تھا اج بجلی کو اس طرح قابو کر چکا ہے کہ وہ اس کی تابع فرمان ہو چکی ہے اور وہ جو کام چاہے اس سے لے سکتا ہے اور جس وقت جہاں چاہے لے سکتا ہے
65a194ff2d3ecc5ad09d4583,تمام کارخانے ریل گاڑیاں ریڈیو ٹیلی ویژن اور دوسری ایجادات میں بجلی استعمال کی جا رہی ہے علم کی ہی بدولت انسان اپنی تفریح کا سامان بھی پیدا کرتا ہے اور اس نے اپنے لیے قسم کی قسم کی سہولتیں پیدا کر لی ہیں علم کی بدولت ہی انسان نے سورج چاند اور ستاروں کی بناوٹ ماہیت اور بلندی معلوم کی ہے
65a1954b2d3ecc5ad09d4586,علم ایسا نور ہے جس سے جہالت اور گمراہی اور تاریکیاں دور ہو جاتی ہیں علم کی بدولت انسان کی چشم بصیرت روشن ہوتی ہے جس سے وہ نیکی بدی اور حق و باطل کو پہچانتا ہے
65a196a22d3ecc5ad09d4589,یہ ایسا بیش بہا جوہر ہے جو عقل کو سیکل کرتا ہے علم سے انسان کے اتوار شائستہ اور اخلاق پاکیزہ بن جاتے ہیں
65a196e62d3ecc5ad09d458c,وہ دل و دماغ کو جہالت کی مہے اندھیرے سے نکال کر اس عالم میں پہنچا دیتے ہیں جہاں حسد و بغض دشمنی اور عداوت و حرص اور لالچ کا گزر نہیں ہوتا
65a197792d3ecc5ad09d458f,ترقی یافتہ ملکوں نے علم سے ہی ترقی کی ہے امریکہ روس اور دوسرے ممالک نے بھی علم ہی کے بدولت حیرت انگیز ترقی کی ہے علم کی بدولت ہی انسان اج خلا کو مسخر کر رہا ہے
65a198202d3ecc5ad09d4592,انسان نے علم کے ذریعے ہی دنیا کا چپہ چپہ چھان مارا اور کتب شمالی سے لے کر کتب جنوبی تک زمین کو روندتا چلا گیا
65a198362d3ecc5ad09d4595,علم انسان کو جرات ہمت استقلال تدبر اور بردباری اور ہر قسم کی اگدہ کشائی کی صلاحیت بخشتا ہے
65a198522d3ecc5ad09d4598,علم ہی انسان کو باعزت سرفراز باوقار اور عظیم بناتا ہے علم ہی سے انسان اپنے لیے دولت کماتا ہے جس سے وہ اپنی اور دوسروں کی خدمت کر سکتا ہے اور اپنے لیے دنیاوی جاہ و جلال بھی حاصل کر سکتا ہے
65a198842d3ecc5ad09d459b,جتنے بڑے ادمی ہوئے ہیں علم کی بدولت ہی کمال عروج پر پہنچے بڑے بڑے مراتب اور منہاسب حاصل کیے سکرات بکرات بو علی سینا غذا لی فردوسی کتنے بڑے نام ہیں ان سب نے علم کی بدولت ہی نام پایا اج بھی ان کا نام بڑے ادب وہ احترام سے لیا جاتا ہے
65a215f0aa43361dbfbbff51,عنوان تعلیم نسواں
65a21669aa43361dbfbbff55,ہر مرد وزن کا علم کی دولت سے بہرہ ور ہونا بہت ضروری ہے علم کے بغیر دنیا اندھیر ہے کور نظریے سے کچھ دکھائی نہیں دیتا وہی قوم ترقی کرتی ہے جس کے افراد زیور علم سے اراستہ ہوتے ہیں ترقی یافتہ ملکوں کی مثال ہمارے سامنے ہے
65a21716aa43361dbfbbff58,اسلامی نقطہ نگاہ سے بھی حصول علم لازمی ہے مرد کے لیے بھی اور عورت کے لیے بھی علم حاصل کے لیے تاکید ہے چاہے اس کے لیے دور دراز بھی جانا پڑے زیور علم سے اراستہ ہونا اشد ضروری ہے علم اندھیرے میں اجالا کرتا ہے زندگی کی اقدار میں نکھار اور وقار علم سے ہی اس سکتا ہے
65a21762aa43361dbfbbff5b,مرد اور عورت زندگی کی گاڑی کے دو پہیے ہیں گاڑی کبھی ایک پہیے سے نہیں چل سکتی اس کے لیے دونوں پہیوں کا ہونا اور صحیح حالت میں ہونا لازمی ہے اگر کسی وجہ سے ایک پہیہ ٹوٹ جائے یا خراب ہو جائے یا سرے سے ہو ہی نہ تو گاڑی کھڑی کی کھڑی رہ جاتی ہے اس کا چلنا ممکن نہیں یہ یوں کہہ لیجیے کہ پرندے کے دو بازوں میں سے ایک ٹوٹ جائے تو پرندہ اڑنے کے قابل نہیں رہتا
65a21763aa43361dbfbbff5e,مرد اور عورت زندگی کی گاڑی کے دو پہیے ہیں گاڑی کبھی ایک پہیے سے نہیں چل سکتی اس کے لیے دونوں پہیوں کا ہونا اور صحیح حالت میں ہونا لازمی ہے اگر کسی وجہ سے ایک پہیہ ٹوٹ جائے یا خراب ہو جائے یا سرے سے ہو ہی نہ تو گاڑی کھڑی کی کھڑی رہ جاتی ہے اس کا چلنا ممکن نہیں یہ یوں کہہ لیجیے کہ پرندے کے دو بازوں میں سے ایک ٹوٹ جائے تو پرندہ اڑنے کے قابل نہیں رہتا
65a2179faa43361dbfbbff61,یہی حال ہمارے معاشرے کا ہے اس میں مرد اور عورت دونوں کی اہمیت یکساں ہے جب تک دونوں علم سے بہرہ ور نہیں ہوں گے ہم کسی صورت ترقی نہیں کر سکتے ترقی کا زینہ ہمیشہ سے علم ہی رہا ہے اسی کے ذریعے کامیابی اور کامرانی کی منزل تک پہنچا جا سکتا ہے
65a2187aaa43361dbfbbff64,قدرت نے جو فرائض عورت کو صوپے ہیں ان میں سب سے اہم فریضہ بچے کی پرورش کا ہے ماں کی گود ہی بچی کی اولین درسگاہ ہوتی ہے وہاں سے جو درس بچے کو ملے گا وہی سیکھے گا اگر ماں تعلیم یافتہ اور سلیقہ شعار ہے تو اولاد بھی صاحب علم اور مہذب ہوگی کیونکہ بچے کا زیادہ وقت ماں کے پاس ہی گزرتا ہے
65a218f6aa43361dbfbbff67,بچے پر ماں کی طبیعت کا سر زیادہ ہوتا ہے بچہ ماں کے طور طریقوں اور اعداد و ادوار سے زیادہ متاثر ہوتا ہے ج*** ونا خوان بچے کے اخلاق و عادات نہیں سنوار سکتی لیکن پڑھی لکھی اور سمجھدار ماں اپنے بچے کی تربیت میں بہت مددگار ثابت ہوتی ہیں
65a21960aa43361dbfbbff6a,اور اس کی نگہداشت صحیح طور پر کر سکتی ہے اور اس کے خیالات و کردار کو نکھار سکتی ہے وہ اس کے دل و دماغ کی اقدار کو سے قل کرتی ہے اور اس میں اخلاق ہمدردی اور ایثار پیدا کر کے جذبہ حب وطن بیدار کرتی ہے
65a21990aa43361dbfbbff6d,اس میں کوئی شک نہیں کہ باپ کا بھی بچے کی پرورش میں بہت حصہ ہوتا ہے مگر اس سے انکار نہیں کیا جا سکتا کہ ابتدائی تعلیم ماں کی گود میں ہی ملتی ہے باپ کو تو گھر کی فکر معاش ہی چین نہیں لینے دیتی
65a219bdaa43361dbfbbff70,بڑی بڑی شخصیتوں نے ماں سے ہی تربیت پائی اسی چھوٹے مدرسے سے بچے کی تعلیم کا اغاز ہوتا ہے سب سے پہلے ماں ہی بچے کے منہ میں الفاظ ڈالتی ہے اسے ابتدائی تہذیب وہیں سے ملتی ہے اور یہی تعلیم بڑے ہو کر اس کی فطرت میں راسخ ہو جاتی ہے
65a21a9caa43361dbfbbff73,فطری صلاحیتوں کے اعتبار سے عورت مرد سے کسی طرح بھی کم نہیں عورتیں مردوں سے کم ذہین نہیں ہوتی تاریخ شاہد ہے کہ ملکہ نور جہاں وکٹوریا چاند بیوی رضیہ سلطانہ اور دور حاضر کی وزیراعظم تھیچر اور اندرا گاندھی نے مردوں کے ہم پلہ کار ہائے نمایا سر انجام دیے ہیں اور دے رہی ہیں
65a21b0baa43361dbfbbff76,بلکہ دور جہانگیری میں جب افتاب خاندان مخلیہ پورے عروج پر تھا تو ملکہ نور جہاں کا ہی ذہن کام کرتا تھا انہوں نے ایسے ایسے کارنامے انجام دیے ہیں جنہیں مرد حکمران پایا تکمیل کو نہ پہنچا سکے
65a21b30aa43361dbfbbff79,جو لوگ عورتوں کو تعلیم دلوانے کے حق میں نہیں ہیں وہ ان کی تعلیم کو صرف ناظرہ قران مجید تک محدود رکھتے ہیں انہیں دیگر علوم نہیں پڑھاتے ان کا یہ خیال ہے کہ تعلیم یافتہ عورتیں فیشن پرست ہوتی ہیں فضول خرچ ہوتی ہیں اور گھر کے کام کاج نہیں کرتی گھر کے فرائض صحیح طور پر سر انجام نہیں دیتی
65a21ba2aa43361dbfbbff7c,وہ گھر کی زینت بننے کی بجائے نمائش محفل بن جاتی ہیں ہما وقت سیر و تفریح کے لیے تیار رہتی ہیں خاوند کے لیے سامان دل جوئی نہیں پیدا کرتی بلکہ تکلیف و تنازع کا سبب بن جاتی ہیں تو اس میں قصور لڑکیوں کا نہیں ہے جن کو ہم تعلیم دیتے ہیں اول تو تعلیم روشن خیال بناتی ہے اور ذمہ داری سکھاتی ہے اس کے برعکس کچھ نہیں سکھاتی
65a21be7aa43361dbfbbff7f,جو لوگ بگڑے ہوئے ہیں وہ تعلیم حاصل کیے بغیر ہی بگڑے ہوئے ہیں چاہے وہ مرد ہوں یا عورت دوسرے اس تعلیم کا بھی کچھ قصور ہو سکتا ہے جو ہم دیتے ہیں جو تعلیم ہم ان کو دیں گے وہ وہی سیکھیں گے یہ قصور اس غلط تربیت اور غیر موضوع نصاب و ماحول کا ہے
65a21bfdaa43361dbfbbff82,شروع سے ہی اگر ایسے انتظامات ہوں کہ لڑکیوں کی تربیت صحیح خطوط پر ہو اور انہیں پاکیزہ اور برائیوں سے پاک ماحول ملے تو کوئی وجہ نہیں کہ تعلیم نسواں معاشرے میں کسی بگاڑ کا باعث بنے
65a21c23aa43361dbfbbff85,اچھی تعلیم کے نتائج حوصلہ افضہ برامد ہوں گے لہذا جو فطری صلاحیتیں قدرت نے عورت کو دی ہیں ان کو بروئے کار لانے کے لیے ضروری ہے کہ ان کی صلاحیتوں کو اجاگر کیا جائے اور ان میں مطلوبہ صفات تب ہی پیدا ہو سکتی ہیں جب انہیں زیور تعلیم سے اراستہ کیا جائے
65a21c24bf582afcc5b4ddd8,اچھی تعلیم کے نتائج حوصلہ افضہ برامد ہوں گے لہذا جو فطری صلاحیتیں قدرت نے عورت کو دی ہیں ان کو بروئے کار لانے کے لیے ضروری ہے کہ ان کی صلاحیتوں کو اجاگر کیا جائے اور ان میں مطلوبہ صفات تب ہی پیدا ہو سکتی ہیں جب انہیں زیور تعلیم سے اراستہ کیا جائے
65a23b6269ab155f24d791f1,موسموں کا شہر انگریزوں کے متعلق یہ مشہور ہے کہ وہ توان کم گو واقع ہوئے ہیں میرا خیال ہے کہ وہ وہ فقط کھانے اور دانت اکھڑوانے کے لیے منہ کھولتے ہیں بلکہ یہ کہنا غلط نہ ہوگا کہ اگر انگلستان کا موسم زیادہ واحیات نہ ہوتا تو انگریز بولنا بھی نہ سیکھتے اور انگریزی زبان میں کوئی گالی نہ ہوتی کم و بیش یہی حال ہم اہلیان کراچی کا ہے میں اپنے شہر کی برائی کرنے میں کوئی بڑائی محسوس نہیں کرتا لیکن میرا خیال ہے جو شخص کبھی اپنے شہر کی برائی نہیں کرتا وہ یا تو غیر ملکی جاسوس ہے یا میں انسپلٹی کا بڑا افسر یوں بھی موسم معشوق اور حکومت کا گلا ہمیشہ سے ہمارا قومی تفریحی مشغلہ انڈور پاس ٹائم رہا ہے ہر ان بدلتے ہوئے موسم سے جس درجے شغف ہمیں ہے اس کا اندازہ یوں لگائیے کہ یہاں بہت سے نزومی ہاتھ دیکھ کر ائندہ 24 گھنٹوں کے موسم کی پیشین گوئی کرتے ہیں اور الغاروں کماتے ہیں اب سے چند مہینے پہلے تک بعض گرم و سرد چشیدہ سیاستدان خرابی موسم کو ائے دن کی وزارتی رد و بدل کا ذمہ دار ٹھہراتے تھے ان کا خیال تھا کہ کراچی کا موسم بھی انگریز ہی کی ایک چال ہے لیکن موسم گزیدہ عوام کو یقین ہو چلا تھا کہ درحقیقت وزارتی رد و بدل کے سبب یہاں کا موسم خراب ہو گیا ہے
65a23c3469ab155f24d791f5,نظریہ انصاف سے دیکھا جائے تو موسم کی برائی تہذیب اخلاق کا ایک مؤثر ذریعہ ہے اس لیے کہ اگر موسم کو برا بھلا کہہ کر دل کا غبار نکالنا شہری اداب میں داخل نہ ہوتا تو لوگ مجبورا ایک دوسرے کو گالیاں دینے لگتے اس میں شک نہیں کہ ریڈیو کی گڑگڑاہٹ ہو یا دم گنج ہو یا پاؤں کی موج ناف ٹلے یا ہمیں یہاں ہر چیز میں موسم کی کارفرمائی نظر اتی ہے بلغمی مزاج والا سیٹ ہو یا سودائی فنکار ہر شخص اسی بت ہزار شیوا کا قتیل ہے ہر شخص اسی بت ہزار شیوا کا قتیل ہے کوئی خرابی ایسی نہیں جس کا ذمہ دار اب و ہوا کو نہ ٹھہرایا جاتا ہو حالانکہ اکثریت ایسے لوگوں کی ہے جن کو خرابی صحت کی وجہ سے موسم خراب لگتا ہے ایک صاحب کو جانتا ہوں جنہیں عرصے سے بنا لے کے سٹے کا حق ہے وہ بھی کراچی کی مرطوب اب و ہوا ہی کو اپنے تین دیوالوں کا ذمہ دار قرار دیتے ہیں ایک اور بزرگ کا دعوی ہے کہ میں اپنی بتی سی اسی نامعقول اب و ہوا کی نظر کر چکا ہوں دیکھنے میں یہ بات عجیب ضرور لگتی ہے مگر اپنے مشاہدے کی بنا پر کہتا ہوں کہ اس قسم کی اب و ہوا میں چائے اور سٹے کے بغیر تندرستی قائم نہیں رہ سکتی
65a23c6b69ab155f24d791f8,اور تو اور چالان ہونے کے بعد اکثر پنساری اپنی بے ایمانی کو ایمائ قدرت پر محمول کرتے ہوئے اپنی صفائی میں کہتے ہیں کہ حضور ہم موسم کی خرابی کی وجہ سے کم تولتے ہیں سیلن سے جنس اور دالوں کا وزن دگنا ہو جاتا ہے اور زنگ کھا کھا کر بانٹ ادھے رہ جاتے ہیں نتیجے میں کہا کو چوتھائی سودا ملتا ہے ہم بالکل بے قصور ہیں اور ایک کفایت شعار خاتون جنہوں نے پچھلے ہفتے اپنی 32ویں سالگرہ پر 23 مومبتیاں روشن کی تھی اکثر کہتی ہیں کہ 10 سال پہلے میں گھنٹوں ائینے کے سامنے کھڑی رہتی تھی لیکن یہاں کی اب و ہوا اتنی واحیات ہے کہ اب بے خبری میں ائینے پر نظر پڑ جاتی ہے تو اس کی کوالٹی پر شبہ ہونے لگتا ہے
65a23d3869ab155f24d791fb,لیکن غصہ ان حضرات پر اتا ہے جو بیس سوچے سمجھے یہاں کے موسم پر نقطہ چینی کرتے ہیں اور اس کی وضاحت نہیں فرماتے کہ انہیں کون سا موسم ناپسند ہے یہ تو اپ جانتے ہیں کہ کراچی میں موسم ہر لیزہ روئی کے بھاؤ کی طرح بدلتا رہتا ہے ہم نے تو یہاں تک دیکھا ہے کہ ایک ہی عمارت کے کرائے دار ایک منزل سے دوسری منزل پر تبدیلی یہاں اپ دسمبر میں ململ کا کرتا یا جون میں گرم پتلون پہن کر نکل جائیں تو کسی کو ترس نہیں ائے گا اہل کراچی اس واللہ عالم بالثواب قسم کے موسم کے اس قدر عادی ہو چکے ہیں اس قدر عادی ہو گئے ہیں کہ اگر یہ دو تین گھنٹے تبدیل نہ ہو تو وحشت ہونے لگتی ہے اور بڑی بوڑیاں اس کو قرب قیامت کی نشانی سمجھتی ہیں ہوتا یہ ہے کہ اچھے خاصے لحاف اوڑھ کر سوئے اور صبح پنکھا جلتے ہوئے اٹھے یا محکمہ موسمیات کی پیش گوئی کو ملحوظ رکھتے ہوئے صبح برساتی لے کر گھر سے نکلے اور دوپہر تک بلو لگنے کے سبب یا لو لگنے کے سبب بالا ہی بالا ہسپتال میں داخل کروائے گئے کہاں تو رات کو ایسی شفاف چاندنی ایسی شفاف چاندنی کھلی ہوئی تھی کہ چارپائی کی چولوں کے کھٹمل گن لیجئے اور کہاں کہاں تو رات کو ایسی شفاف چاندنی کھلی ہوئی تھی کہ چارپائی کی چولوں کے کھٹمل گن لیجئے اور کہاں صبح 10 بجے کورے کا یہ عالم کہ ہر بس ہیڈ لائٹ جلائے اور اوس سے بھیگی سڑک پر خربوزے کی پھانک کی طرح پھسل رہی ہے بعض اوقات تو یہ کورا اتنا گہرا ہوتا ہے کہ نوواریدوں کو کراچی کا اصل موسم نظر ہی نہیں اتا
65a23d9b69ab155f24d791fe,موسم کے تلوون کی یہ کیفیت ہے کہ دن بھر کے تھکے ہارے پھیری والے شام کو گھر لوٹتے ہیں تو بغیر استخارہ کیے یہ فیصلہ نہیں کر پاتے کہ صبح اٹھ کر بھول کی بنی گرما گرم مونگ پھلی بیچیں یا ائس کریم کراچی کے باشندے کو غیر ملکی سیار سیر و سیاحت پر اکسانے میں اب و ہوا کو بڑا دخل ہے یہ ایک تاریخی حقیقت ہے کہ انسان یہ ایک تاریخی حقیقت ہے کہ انگلستان کا موسم اگر اتنا ظالم نہ ہوتا تو انگریز دوسرے ملکوں کو فتح کرنے ہرگز نہ نکلتے میں یہ نہیں کہتا کہ اپ میں میری صورت کہ اپ محض میری صحت دیکھ کر یہاں کی اب و ہوا سے بدظن ہو جائیں لیکن اطلان اتنا ضرور عرض کروں گا کہ مقامی چڑیا گھر میں جو بھی نیا جانور اتا ہے کچھ دن یہاں کی بہار ج جہاں فضا دیکھ کر کارپوریشن میونسپلٹی کو پیارا ہو جاتا ہے اور جو جانور بچ جاتے ہیں ان کا تعلق اس مخلوق سے ہے جس کو تباہی موت مرتے کم از کم میں نے کبھی نہیں دیکھا مثلا مگرمچھ ہاتھی مینز پلٹی کا عملہ ہم نے کراچی کے ایک قدیم باشندے سے پوچھا کہ یہاں مونسون کا موسم کب اتا ہے اس بزرگ 12 دی دہ نے اس بزرگ کے 12 دیدہ نے نیلے اسمان کو تکتے ہوئے جواب دیا کہ چار سال پہلے تو بدھ کو ایا تھا
65a23dff69ab155f24d79201,یہ کہنا تو غلط ہوگا کہ کراچی میں بارش نہیں ہوتی البتہ اس کا کوئی وقت اور پیمانہ معین نہیں ہے لیکن جب ہوتی ہے تو اس اندازے سے لیکن جب ہوتی ہے تو اس انداز سے گویا کسی مست ہاتھی کو زکام ہو گیا ہے سال کے بیشتر حصے میں بادلوں سے ریت برستی رہتی ہے لیکن جب لیکن جب چھوٹے شما لیکن جب چھٹے چماہے دو چار چھینٹے پڑ جاتے ہیں تو چٹیل میدانوں میں بیر بہوتیاں اور بہو بیٹیاں ایک دوسرے کو دیکھنے کے لیے نکل پڑتی ہیں اس قسم کا موسم بے تحاشہ رش لیتا ہے مغربی پاکستان میں برقہ رت اور کراچی میں جولائی کا مہینہ تھا سمت کیماری سے مکھیوں کے دل بادل امنڈ امنڈ کر ا رہے تھے سمت کی ماری سے مکھیوں کے بادل عمڈ عمٹ کر ا رہے تھے چنانچہ میں مچھردانی میں بیٹھا ام چوس رہا تھا کہ مرزا عبدالودود بیگ ا نکلے سوتے ہی کہنے لگے لاہول ولا قوت یہ بھی کوئی موسم ہے جیسے کسی اقبالی مجرم کو ٹھنڈے پسینے چھوٹ رہے ہوں ادھر کمبخت مکھیاں اس قدر لدڑ ہو گئی ہیں کہ اڑنے کا نام نہیں لیتی اپ مانے یا نہ مانے مگر یہ واقعہ ہے کہ صبح قصائی نے میرے سامنے اج سے ران کا گوشت تول کر قیمہ کوٹا میں برابر پنکھا جلتا رہا لیکن گھر پر بیگم نے تولہ تو پورا تین پاؤں نکلا
65a23e3e69ab155f24d79204,وہ انگریزی فلمیں جن میں بارش کے مناظر ہوتے ہیں کراچی میں خوب کامیاب ہوتی ہیں جغرافیا پڑھنے والے بچے انہیں خود دیکھتے ہیں اور اپنے والدین کو دکھاتے ہیں صاحب استطاعت والدین اپنے بچوں کو بارش کا مطلب سمجھانے کے لیے راولپنڈی لے جاتے ہیں اور انہیں وہ ہرے بھرے لان بھی دکھاتے ہیں جن پر پانی روپے کی طرح بہایا جاتا ہے جو صاحب اولاد اس لائق نہیں ہوتے وہ اپنے بچوں کی انگلی پکڑ کر کلفٹن کے ساحل پر لے جاتے ہیں اور اپنی عینک رومال سے صاف کرتے ہوئے انہیں سمجھاتے ہیں کہ دیکھو سامنے جو گاڑھا گاڑھا دھواں اٹھ رہا ہے اور ہماری عینک کو دھلا رہا ہے یہ درحقیقت پانی ہے جو باپ بن کر اڑ رہا ہے دیکھتے ہی دیکھتے یہ عہدے اودے بادلوں میں جا ملتے جا ملتے دیکھتے ہی دیکھتے یہ عہدے عہدے بادلوں میں جا ملے گا یہ بادل سمندر سے پانی بھر کر ہر سال پنجاب لے جاتے ہیں
65a23e8d69ab155f24d79207,ساحلی ابخارات کا ذکر اتے ہی ان دو دیہاتی مولویوں کا قصہ یاد اگیا جو پہلی دفعہ ہاکس بے کا جیتا جاگتا سائل دیکھنے گئے تھے وہاں انہوں نے دیکھا کہ ایک خاتون سیاہ برقہ اوڑے نہ ا رہی ہیں ان سے ذرا فاصلے پر کچھ نسائی پیکر جھاگ اور دھن میں ادھر بیٹھ ادھر ڈوبتے ہیں اور ادھر نکلتے ہیں سامنے ایک سفید فارم لڑکی دھوپ میں نہائی ہوئی ریت پر بیٹھی اپنا بدل اپنا بدن سولا رہیے سامنے ایک سفید فارم لڑکی دھوپ میں نہائی ہوئی ریت پر بیٹھی اپنا بدن سملا رہی تھی معلوم ہوتا تھا کہ اس کی بے بند کی ابی محرم فقط قوت ارادی سے ٹکی ہوئی ہے دونوں بزرگ دیر تک خدا کی قدرت کا تماشہ دیکھتے رہے ایک ارے کی پہلے مولوی صاحب جو عمر میں بڑے تھے اور عینک لگائے تھے گھبرا کر چیخے حاجی امام بخش خدا کے لیے نظریں نیچی کر لو میں تو اندھا ہو گیا ہوں
65a23ecd69ab155f24d7920a,یہاں اب و ہوا میں اپ اور اپ میں نمک کی زیادتی کے باعث موسم ہر وقت سلونا رہتا ہے ظاہر ہے ایسی اب و ہوا میں تاجر اور مہاجر کے سوا اور کوئی زندہ نہیں رہ سکتا سبزہ اور پھل پھلواری کی نایابی کا اس سے اندازہ کر لیجئے کہ یہاں سبزے سے 100 روپے کا نوٹ مراد ہوتا ہے اور تربوز اور گنے کا شمار پھلوں میں ہوتا ہے اکثر بھلے گھروں میں ریفریجریٹر کو محض سراہی کے طور پر استعمال کیا جاتا ہے میں نے بچش میں خود ایک ریفریجریٹر میں مٹی کے پھل رکھے دیکھے ہیں یوں کہنے کو یہاں چار پانچ دریا ضرور ہیں جو کراچی کے نقشے پر سال بھر بہتے رہتے ہیں یہ کراچی کے لیے بڑی نعمت ہے اس لیے کہ ان کے پیٹے سے پی ڈبلیو ڈی کے ٹھیکے دار سال بھر بجلی نکالتے رہتے ہیں
65a23f2e69ab155f24d7920d,عروس البلاد کے فن تعمیر میں ہوا کا بڑا حصہ ہے یہاں ہر مکان قبلہ روح ہوتا ہے وجہ اس کی یہ ہے کہ مغرب سے تیز ہوائیں چلتی ہیں جو ٹھنڈی ٹھنڈی ریت برساتی رہتی ہیں منہ پر ذرا ہاتھ پھیریے تو محسوس ہوتا ہے گویا ابھی ابھی تیمم کیا ہے معتبر ذرائع سے معلوم ہوا ہے کہ بجری کے ٹھیکیدار رات کو اپنے خالی ٹرک دریائے ملیر میں ہوا کے رخ پر کھڑے کر دیتے ہیں صبح تک وہ خود بخود بجری سے بھر جاتے ہیں خالی کرنے کا طریقہ بھی یہی ہے مصر اگر تحفہ نیل ہے تو کراچی تحفہ منیر بعض اوقات جب موسم سہانا ہوتا ہے تو یہ پچھوا سارا مزہ کرگرا کر دیتی ہے اکثر یہ ہوتا ہے کہ اچھے خاصے صحن میں بیٹھے تاش کھیل رہے ہیں کہ یتایا چلی سمت ضرب سے ایک ہوا کہ چمن سرور کا مٹ گیا غالبا یہ ساحلی اب و ہوا کا اثر ہے کہ بدلتے ہوئے موسموں کے اس گنجان کاروباری شہر میں مچھلی اور مہمان پہلے ہی دن بدبو دینے لگتے ہیں کبھی کبھی جب انس بڑھ جاتی ہے تو ایسا محسوس ہوتا ہے جیسے یہ بندرگاہ ایک وسیع و عریض ترکی حمام ہے جس میں سب کپڑے پہن کر بیٹھے اب خراتی غسل کر رہے ہیں کپڑے ہیں کہ سوکھنے کا نام نہیں لیتے شاید اسی لیے دھوبی دو دو ہفتے شکل نہیں دکھاتے پسینہ ہے کہ کسی طرح خشک نہیں ہوتا جی چاہتا ہے کہ پلاٹنگ پیپر کا لباس بنوا لیں
65a23f9269ab155f24d79210,سچ تو یہ ہے کہ ایسی سطر کشا اب و ہوا میں کپڑے موسم سے بچاؤ کے لیے نہیں بلکہ صرف قانون سے بچنے کے لیے پہنے جاتے ہیں عام طور سے فیشن موسم کی رعایت سے بدلتے رہتے ہیں چنانچہ اپ نے ملاحظہ فرمایا ہوگا کہ دوسرے شہروں میں اونچے گھرانوں کی فیشن پرست خواتین اہم تقریبوں میں خاص طور سے کپڑے پہن کر جاتی ہیں یہاں اتار کر جاتی ہیں لہذا رقص کے لباس کی تراش خراش میں قابل درزی اس بات کی کوشش کرتے ہیں کہ زیادہ سے زیادہ کپڑا کم سے کم رقبہ کم سے کم رقبہ بدن ڈھانک سکے شام کو عموما اتنی اوس پڑتی ہے کہ اپ بھوک سے پی سکتے ہیں نائلون بھیک کر پیاس کی طرح جھلی نائلون بھی کر پیاس کی جھلی بن جاتا ہے اور رخساروں پر پینسل سے بنی باہوں کے ریلے بہنے لگتے ہیں گزشتہ گزشتہ صنیچر ہی کی بات ہے کہ میں ٹہلتا ہوا کلفٹن جا نکلا دیکھا کہ سمندر کے کنارے ایک میز پر مرزا عبدالودود بیگ بیٹھے چائے پی رہے ہیں چائے تو خیر واجبی سی تھی لیکن پڈنگ بے حد مزیدار نکلی میں نے میں نے بیرے سے ہونٹ چاٹتے ہوئے فرمائش کی ایک سنگل پلیٹ پڈنگ اور لاؤ تو اس نے نہایت رکھوائی سے جواب دیا کہ اس طرح اس دوران پڈنگ نہیں بنتی لیکن جب میں نے اس کو اپنی پلیٹ میں پروٹین کے اثار دکھائے تو فورا لاجواب ہو گیا دوڑا دوڑا گیا اور پلیٹ میں چار بسکٹ اور ایک چمچہ لے ایا
65a2403969ab155f24d79213,اسی بھیگی بھیگی شام کا ذکر ہے کہ ایک سجیلہ جوان جو کراچی میں نووارد معلوم ہوتا تھا سینہ تھانے سامنے سے گزرا اس کی مونچھیں بقول شخص سے دو بجنے میں دس منٹ بجا رہی تھی دیر تک میری نگاہیں اس کی سنہری کلاک کے کلف دار ترے پر جمی رہی جو مور کی مغرور دم کی مانند پھیلا ہوا اور نئے کرنسی نوٹ کی طرح قرارہا تھا 10 منٹ بعد وہ ساحل کا چکر لگا کر لوٹا تو کیا دیکھتا ہوں کہ وہ ترا جی ہاں وہی سرکش درا اس کے منہ پر دوہا دوہا جو کے سہرے کی طرح لٹک رہا ہے اور اس کے نیچے مونچھیں چار بجنے میں 20 منٹ بجا رہی ہیں برسات کی بہاریں تو اپ دیکھ چکے ہیں اب ذرا سردی کا حال سنیے یہاں کی سلیقہ شعار خواتین کو اپنے گرم کپڑے استعمال کرنے کی خاطر لاہور جانا پڑتا ہے دسمبر میں یہاں ایک چادر کی سردی پڑتی ہے یہ چادر مچھروں سے بچنے کے لیے اڑی جاتی ہے البتہ جب اخباروں میں متواتر خبریں اتی ہیں کہ لاہور میں غضب کی سردی پڑ رہی ہے تو باشندگانے کراچی اخلاقا اپنے گرم کپڑے نکالتے ہیں چلغوزے کٹکتے پھرتے ہیں اور انہیں اخباروں سے پنکھا جلتے اور چھینک اتے ہی کمبل اوڑ لیتے ہیں عالم یہ ہوتا ہے کہ اگر کوئی جھوٹوں جھوٹوں بھی اڑادے کے لاہور میں اولے پڑے ہیں تو زندہ دلانے کراچی فورا سر منڈا لیتے ہیں مرزا غالب مرزا غالب کے قواہ مزمل ہوئے تو وہ اس کے تو وہ اس نتیجے پر پہنچے تھے کہ تندرست کے تندرستی نام ہے عناصر میں اعتدال کا مجھے غالب اور تندرستی دونوں بہت عزیز ہیں لیکن میں سمجھتا ہوں کہ جہاں تک موسم کا تعلق ہے عناصر کی معتدل امیزش جان لیوا ثابت ہو سکتی ہے جیکب اباد کی گرمی ملتان کی گردن جیکب اباد کی گرمی ملتان کی گرد مری کی سردی اور چٹگام کی سیلن کی اویزی سے جو معتدل مرکب ظہور میں ائے وہ اس شہر نگارہ کا موسم ہے جذبہ حب الوطنی کی اس سے محب ازمائش اور کیا ہوگی کہ انسان اس موسم کو ہنستے کھیلتے انگیز کر لے اور اس کے دل میں کبھی خواہش نہ ہو کہ بقیہ عمر طبیعی پہاڑوں میں ناکردہ گناہوں سے توبہ کرنے میں گزار دے
65a2ab5f77d420e3491e1874,عنوان مخلوط تعلیم
65a2aba277d420e3491e1878,لڑکے اور لڑکیاں اکٹھے کسی ایک درس گاہ میں تعلیم پاتے ہوں تو اس طریقے کو مخلوط تعلیم کا نام دیا جاتا ہے تعلیم کے متعلق بہت سے مسائل حل طلب پڑے ہیں یہ مسئلہ بھی ایک ملی مسئلہ ہے جس کو حل کرنا بھی نہایت ضروری ہے
65a2abe377d420e3491e187b,ابھی تک ہم تعلیم نسواں کا مسئلہ ہی حل نہیں کر سکے ان کی نصاب میں اختلاف پایا جاتا ہے ایک طبقے کا خیال ہے کہ لڑکیوں کو صرف ایسی تعلیم دینا کافی ہے جس سے وہ گھر کی ذمہ داری سنبھال سکیں اور بطور صنف نازک اپنے فرائض گھر کے اندر ہی سرانجام دے سکیں کچھ لوگ مغرب پسند ہیں کچھ مشرق پسند سب کی اپنی اپنی رائے ہے
65a2ac0977d420e3491e187e,مخلوط تعلیم بھی ایک قومی اور ملی مسئلہ ہے اس کے متعلق بھی مختلف ا رہا ہیں ازاد خیال لوگوں کا نقطہ نظر ہے کہ لڑکوں اور لڑکیوں کو اکٹھے تعلیم دینے میں کوئی حرج نہیں بلکہ اس کے بہت سے فائدے ہیں
65a2ac7f77d420e3491e1881,ہمارا ملک ایک غریب ملک ہے الگ الگ درسگاہوں کے اخراجات کا متحمل نہیں وہ کہتے ہیں کہ مل جل کر ازادانہ تعلیم حاصل کرنے سے منفی جذبات ختم ہو جاتے ہیں اور سکون کے ساتھ حصول تعلیم کا کام جاری رہتا ہے
65a2aca677d420e3491e1884,لڑکے اور لڑکیوں کو ایک دوسرے کو سمجھنے کا اچھی طرح سے موقع ملتا ہے ان کی باہمی جھجک بھی دور ہو جاتی ہے اپس میں تبادلہ خیالات سے بہت سی غلط فہمیاں دور ہو جاتی ہیں اور بہت سے اختلافات ختم ہو جاتے ہیں لڑکیوں میں مزدلی کے بجائے جرات پیدا ہوتی ہے جو عملی زندگی میں مفید ثابت ہوتی ہے
65a2acea77d420e3491e1887,ان میں مردوں کے دوش بدوش کام کرنے کی صلاحیت پیدا ہوتی ہے مخلوط تعلیم سے ایک اور بھی فائدہ ہوتا ہے کہ ایک دوسرے سے اگے نکل جانے کا جذبہ پیدا ہوتا ہے لڑکیاں کوشش کرتی ہیں کہ ہم لڑکوں سے قابل تر بن کر دکھائیں اور لڑکے یہ خیال کرنے لگ جاتے ہیں کہ اگر لڑکیاں ہم سے اگے نکل گئی تو ہماری اس میں ب****** ہے
65a2ad4677d420e3491e188a,لہذا دونوں لڑکے لڑکیاں خوب محنت کرتے ہیں اس طرح سے ان کا معیار تعلیم بلند ہو جاتا ہے اور وہ محنت کے عادی ہو جاتے ہیں مقابلے کے امتحانات میں اسانی سے کامیابی حاصل کر سکتے ہیں
65a2ad8177d420e3491e188d,جن لڑکیوں نے مخلوط تعلیم پائی ہو وہ زیادہ بے باکی اور جرات سے ادمیوں کے دوش بددوش بغیر کسی جھجھک کے کامیابی سے کام کر سکتی ہیں جو لوگ مخلوط تعلیم کے حق میں ہیں وہ یہ کہنے میں کسی حد تک اپنے اپ کو درست سمجھتے ہیں کہ فی زمانہ سے مرد ہی کام کرے تو سارے کنبے کا گزارا مشکل ہو جاتا ہے اور اگر اس میں عورت بھی شریک ہو تو بہت حد تک بوجھ ہلکا ہو جاتا ہے زندگی اسانی سے گزرتی ہے
65a2ada877d420e3491e1890,بچوں کو لائق بنانے کے لیے زر کثیر کی ضرورت ہوتی ہے اگر مرد اور عورت دونوں ہی کمائیں تو اس وقت دشواری کا سامنا کرنا نہیں پڑتا اور اس طرح زندگی زیادہ خوشگوار گزرتی ہے
65a2ade377d420e3491e1893,دوسری طرف وہ لوگ ہیں جو مخلوط تعلیم کے حق میں نہیں ہیں ان کا خیال ہے کہ مخلوط تعلیم سے پراگندگی پیدا ہو جاتی ہے کیونکہ حیوانات میں صنفی ملان قدرت نے اس حد تک رکھا ہے جو بقائے نسل کے لیے کافی ہو اور ان کی صنفی کشش ایک خاص مدت اور وقت کے تحت پیدا ہوتی ہے مگر انسانوں میں وقت کی پابندی نہیں یہ ہر موسم اور وقت میں ازاد ہیں صرف اصول پسندی اور حیا ہی ان کو پابند رکھ سکتی ہے
65a2c36c422753cf5b997249,زمانے تعلیم نوجوانی کا زمانہ ہوتا ہے اس میں احساس ذمہ داری اور نیکی اور بدی کی تمیز بہت کم ہوتی ہے اور اکٹھے مل جل کر رہنے سے جنسی ہے جان کو قابو میں رکھنا بہت ہی مشکل کام ہے جبکہ ہمارے کالجوں کی فضا میں اخلاق ہی اور مذہبی کوئی عود بھی کم ہو ہر طالب علم اپنے اپ کو ازاد سمجھتا ہے
65a2c3d3422753cf5b99724d,یہاں تک کہ اکثر خود سری کی حد تک پہنچ جاتا ہے فحش قسم کا جنسی لٹریچر معاشرے میں پھیل رہا ہے جس کے برے اثرات تو ہونے ہی ہیں لیکن اگر تعلیمی اداروں میں مخلوط تعلیم کا رواج ہوگا تو لڑکے اور لڑکیوں کے خیالات میں پراگندگی پیدا ہوگی
65a2c40f422753cf5b997250,ثقافت اور ارٹ کے نام پر جو مواد چھپتا ہے اکثر دیکھا گیا ہے کہ وہ قاہرین کی اصلاح نہیں کرتا بلکہ نوجوان طبقے کے لیے نقصان دہ ہی ثابت ہوتا ہے ویسے تو ہدایت حاصل کرنے والے کے لیے بری چیز میں بھی ہدایت مل جاتی ہے مگر ان کا انداز فکر اکثر مثبت نہیں ہوتا اس لیے بے راہ روی کی زیادہ امکانات ہوتے ہیں اور جب لڑکے لڑکیوں میں ازادانہ میل جول ہوگا تو اس کے اثرات زیادہ برے ہوں گے
65a2c444422753cf5b997253,ان لوگوں کی رائے ہے کہ عورت صرف عورت کی ہی ذمہ داریاں چار دیواری کے اندر رہ کر ہی سنبھالے تو ٹھیک ہے وہ کہتے ہیں کہ مرد اور عورت کے جسم میں مختلف صلاحیتیں ہیں مرد کا جسم سخت پختہ محنت کا عادی اور مشکلات کا مقابلہ کرنے کے قابل ہوتا ہے اور عورت کا جسمانی نظام نرم و نازک اور اس طرح کا بنایا گیا ہے کہ وہ بچے کو جنم دینے اور اس کی پرورش کرنے کے قابل ہو
65a2c474422753cf5b997256,اسی لیے تو قدرت نے اسے نازک بدن اور نرم دل دیا ہے مامتا اس میں کوٹ کوٹ کر بھر دی گئی ہے تاکہ ایک ماں شب و روز میں اسے ایک لمحے کے لیے بھی بچے سے پیار و محبت کرنے کے بغیر نہ رہ سکے اور اس طرح سے بچے کے لیے قدرت نے اس کی پرورش کا صحیح انتظام کر دیا ہے
65a2c491422753cf5b997259,علاوہ ازیں ان کا یہ خیال بھی ہے کہ اسلامی نقطہ نظر سے بھی مخلوط تعلیم کا طریقہ غلط ہے اس میں لڑکیوں کو بے پردہ رہنا پڑتا ہے اور اس طرح سے بے حیائی بڑھتی ہے اور معاشرہ خراب ہو جاتا ہے
65a2c939e8acf43d1d205555,عنوان معاشرے میں عورت کا مقام
65a2c96ee8acf43d1d205559,افتاب اسلام کے طلو ہونے سے قبل عورت کو کوئی باعزت مقام نہیں دیا جاتا تھا عورت سراپہ مظلومیت کا پے کر تھی اس وقت کا کوئی فرد بھی عورت کو اس کا صحیح حق دینے کے لیے تیار نہیں تھا بلکہ اسے نفرت کی نگاہ سے دیکھا جاتا تھا یہاں تک کہ لڑکی کے پیدا ہوتے ہی زندہ دفنا دیا جاتا تھا
65a2c98ee8acf43d1d20555c,ہادی اسلام صلی اللہ علیہ والہ وسلم نے عورت کو جو مقام اور احترام بخشا وہ اسے کسی مذہب کسی ملک کسی معاشرے کسی تہذیب اور کسی قوم نے نہیں دیا کیونکہ کسی بھی اور مذہب کے عقائد و اصول میں اتنی وسعت نہیں
65a2c9d5e8acf43d1d20555f,تہذیب مغرب نے عورت کو گھر کی چار دیواری سے نکال کر اسے دفتر اور صنعتی مراکز میں لا بٹھایا ان سے مرد کے برابر کام لینے لگے اور عورت اور مرد کی مکمل مساوات کا نظریہ اختیار کیا ہمیں اس سے بحث نہیں اس وقت ہمیں یہ دیکھنا ہے کہ عورت کا صحیح مقام کیا ہے اور ہمارے نظریات کے مطابق ہم اس صنف نازک کو کیا مقام دینا چاہیے اور کس قدر عزت و احترام کی نگاہ سے دیکھنا اور سلوک کرنا چاہیے
65a2c9f2e8acf43d1d205562,اس میں کوئی شک نہیں کہ عورت اور مرد انسان ہونے کے لحاظ سے دونوں برابر ہیں انسانیت کے رشتے سے عورت یکساں عزت و احترام کے مستحق ہے لیکن دیکھنا یہ بھی ہے کہ مرد کو کس مقصد کے لیے پیدا کیا گیا ہے اور عورت کو کس مقصد کے لیے
65a2ca1fe8acf43d1d205565,قدرت نے مرد کو کیا صلاحیتیں بخشی ہیں اور عورت کو کیا صلاحیتیں دی ہیں اس لحاظ سے ان کی ذمے کیا فرائض ہیں یہ کن کن فرائض کو وہ خوش اسلوبی سے سر انجام دے سکتے ہیں تاکہ فطرت کے تقاضوں کے مطابق نظام چل سکے اگر ہم خلاف فطرت کوئی نظام چلائیں گے تو یقینا اس میں خرابی پیدا ہوگی
65a2ca54e8acf43d1d205568,یہ ہم پہلے بھی کہہ چکے ہیں کہ بحیثیت انسان مرد اور عورت دونوں یکساں عزت و احترام کے مستحق ہیں لیکن قدرت نے جو فرق عورت اور مرد کے درمیان رکھ دیا ہے اسے ہم کیسے دور کر سکتے ہیں
65a2ca9de8acf43d1d20556b,اگر واقعی یہ درست ہے کہ عورت اور مرد صلاحیتوں اور قوتوں کے اعتبار سے ایک دوسرے سے مختلف ہیں تو ان کے فرائض اور ان کا دائرہ عمل بھی ایک دوسرے سے مختلف ہوگا
65a2cae0e8acf43d1d20556e,عورت کو قدرت نے ایسا جسم دیا ہے جو نرم و نازک ہے کیونکہ اس نے بچے کی پیدائش اور اسے پرورش کرنے کے فرائض ادا کرنے ہیں سب سے بڑی ذمہ داری عورت پر یہ بھی عائد ہوتی ہے کہ اپنی اولاد کو ایسی تربیت دے جس سے ان میں وہ خوبیاں پیدا ہو جائیں کہ وہ معاشرے کے لیے بہترین افراد ثابت ہو سکیں اور یہ فرائض ایک مرد کسی صورت میں بھی ادا نہیں کر سکتا قدرت نے عورت کو انہی فرائض کی انجام دہی کے لیے پیدا کیا ہے اور وہی یہ فرائض حسن و خوبی انجام دے سکتی ہیں
65a2cb20e8acf43d1d205571,اب مرد کو لیجیے اس کے جسم کی بناوٹ سخت اور مضبوط ہے اس نے محنت و مشقت سے اپنے کنبے کے لیے قصب معاش کا فریضہ ادا کرنا ہوتا ہے اپنے کنبے کی پاسبانی بھی اسی کے سپرد ہوتی ہے اس کے علاوہ دوسری اجتماعی ذمہ داریوں کا بوجھ بھی اسی کے کندھوں پر ہوتا ہے
65a2cb8ae8acf43d1d205574,اس لحاظ سے قدرت نے دونوں میں صلاحیتوں اور فرائض کے اعتبار سے یکسانیت نہیں رکھی یہ حقیقت بھی ہے اور نظام پیدائش کے خلاف بھی ہے کہ اگر فرائض اور صلاحیتیں ایک ہی ہوں تو دونوں میں جسمانی فرق کی ضرورت بھی نہیں جس کی معنی یہ ہوئے کہ دو صفوں کی ضرورت ہی کیا تھی ایک ہی صنف کافی تھی
65a2cbc9e8acf43d1d205577,انسانوں کے علاوہ حیوانات کو دیکھ لیجئے وہ بھی بحیثیت حیوان کے ایک ہی جیسے حقوق رکھتے ہیں مگر ان کا جسم بھی ایک دوسرے سے مختلف ہے اور ان کی صلاحیتوں اور قوتوں میں بھی اختلاف ہے ان میں بھی مذکر کو مونث پر برتری حاصل ہے حالانکہ ان میں مونث اپنی خوراک اور دوسری ضروریات میں مذکر کا محتاج نہیں ہوتا مگر پھر بھی مذکر سے صلاحیتوں اور قوتوں کے اعتبار سے کمتر ضرور ہوتا ہے اور یہ فرق خالق کل نے خود ہی رکھا ہے
65a2cbdce8acf43d1d20557a,اگر ہم اپنی عقل ناقص سے اس میں تبدیلی پیدا کرنے کی کوشش کریں تو اس کا نتیجہ یقینی طور پر غلط ہی برامد ہوگا
65a2cbfbe8acf43d1d20557d,ہمارے خیال میں برتری اور کمتری کا لفظ اصل میں عورتوں کے ذہن میں سمایا ہوا ہے وہ یہ کہتی ہیں کہ ہم مرد سے کسی طرح کم نہیں یہ درست ہے اور ان کی یہ بات قابل قبول ہے ان کے حقوق مرد کے برابر ہیں
65a2cc3ee8acf43d1d205580,مرد اور عورت دونوں ایک دوسرے کے رفیق و دم ساز ہیں نہ عورت مرد کی زرخرید غلام ہوتی ہے نہ مرد عورت کا غلام ہوتا ہے مرد نے باہر کے فرائض انجام دینے ہوتے ہیں عورت اپنے گھر کی چار دیواری کے انتظامات میں خود مختار ہوتی ہے
65a2cca8e8acf43d1d205583,مگر بعض ایسے مسائل بھی ہیں جو عورت حل نہیں کر سکتی مرد ہی کر سکتا ہے وہ ہے عورت کی کفالت پاسبانی اور اسی لیے قدرت نے مرد کو عورت سے بڑھ کر بنایا ہے کہ اس کے ذمے اس اہم ترین فریضہ کی ادائیگی ہے
65a2cccde8acf43d1d205586,یہ کہنا کہ فی زمانہ اکیلے مرد کے لیے قذب معاش مشکل ہو گیا ہے اور اس میں عورت اگر ہاتھ بٹائے تو بہت سے تفکرات اور بہت سے بوجھ کم ہو سکتے ہیں درست ہے مگر اس کے لیے ایسے طریقے اختیار کرنا چاہیے جس سے عورت ذریعے نمائش نہ بنے
65a2cd3fe8acf43d1d205589,ان کی دائرہ کار اور طریقہ کار کو اس طرح مرتبت کرنا چاہیے کہ جس سے ان کی بے حرمتی نہ ہو ان کے احترام میں کوئی فرق نہ ائے بد کماش لوگوں کی نظر و نفس کی تسکین کا مرکز نہ بن جائیں
65a2cd87e8acf43d1d20558c,عورتیں معاشرے کی اصلاح اور قوم کی ترقی کے لیے بہت کچھ کر سکتی ہیں مثلا وہ تعلیم و تدریس کا فریضہ انجام دے سکتی ہیں اصلاح نسواں کے لیے کام کر سکتی ہیں قلم و کرتاس اور شیر و ادب کے ذریعے ملک کو قوم کی خدمت کر سکتی ہیں انہیں چاہیے کہ ان میدانوں میں اپنے جوہر دکھائیں
65a2ced470a42942f3a9eed4,عنوان عورت کے حقوق
65a2ceff70a42942f3a9eed8,حق بات تو یہ ہے کہ خدا تعالی نے مرد اور عورت کو انسان ہونے کے ناطے سے یکساں حقوق دیے ہیں اور انصاف کا تقاضہ بھی یہی ہے
65a2cf1170a42942f3a9eedb,وہ عادل متعلق ہے اس کی نظر میں مرد اور عورت یکساں ہیں اور یکسا حقوق کے مالک ہیں
65a2cf4370a42942f3a9eede,ایک نوح کی دو اصناف ہونے کی حیثیت سے ان میں جو امتیازات ہیں ان کے قائم رہتے ہوئے بھی ان کے حقوق یکساں ہیں
65a2cf6570a42942f3a9eee1,اسلام سے پہلے زمانہ جاہلیت میں ایک طویل دور ایسا رہا ہے جس میں عورت مال و متاع کی طرح ایک شے تھی اسے تھوڑی بہت اہمیت بھی دی جاتی تھی تو ایک خادمہ یا کنیز سے زیادہ نہیں نہ اسے حصول علم کی اجازت تھی نہ اس کی کوئی اجتماعی زندگی تھی
65a2cfa770a42942f3a9eee4,قانونی ملکیت کے حق سے عورت محروم تھی اس سے صرف کھانا پکانا کپڑے سینے دھونے اور بچوں کی پرورش کا کام لیا جاتا تھا علوم دین وہ دنیا سے وہ نا اشنا رہتی تھی اور اسے فطرت اور قانون الہی کے خلاف بالکل حیوان سمجھا جاتا تھا اے انسانوں ہم نے تم کو مرد و عورت سے پیدا کیا اور تم کو باہمی تعارف کے لیے کنبو اور قبیلوں میں بانٹ دیا
65a2cfbb70a42942f3a9eee7,دوسری جگہ ارشاد ہے اور ان دونوں مرد و عورت کے ذریعے سے اس نے بہت سے مرد اور عورتیں کائنات میں پھیلا دیں
65a2d02670a42942f3a9eeea,لہذا انسانیت کے لحاظ سے بھی دونوں برابر ہیں اور انسانی حقوق میں بھی دونوں کے لیے یکساں ازادی ہے مرد کے مقابلے میں اس اعتبار سے عورت پر کسی قسم کی ایسی پابندی نہیں ہے جس کی وجہ سے وہ اپنے حق سے محروم یا مرد کے مقابلے میں پست ومکہور سمجھی جائے
65a2d07770a42942f3a9eeed,اور عورتوں کے لیے بھی اسی طرح حقوق مردوں پر ہیں جس طرح مردوں کے حقوق عورتوں پر ہیں سورہ بقرہ عورتیں تمہارے لباس ہیں اور تم عورتوں کے لباس ہو سورہ بقرہ رسول اللہ صلی اللہ علیہ والہ وسلم کا ارشاد گرامی ہے بلاشبہ عورتیں حقوق انسانیت میں مردوں کے برابر ہیں علم سیکھنا ہر مسلمان مرد اور عورت پر فرض ہے
65a2d08b70a42942f3a9eef0,اسلام نے ازدواجی زندگی کے لیے نکاح کے مسئلے میں بھی عورت کے اقرار و انکار کو اسی طرح ازادی بخشی ہے جس طرح مرد کو عطا کی ہے
65a2d0c570a42942f3a9eef3,ایک نوجوان عورت رسول اللہ صلی اللہ علیہ والہ وسلم کی خدمت میں حاضر ہوئی اور عرض کیا کہ میرے والد نے میرا نکاح اپنے بھتیجے سے اس لیے کر دیا ہے کہ وہ اس کے ذریعے اپنی مالی تنگی دور کریں
65a2d14770a42942f3a9eef6,نبی اکرم صلی اللہ علیہ والہ وسلم نے اس کو اختیار دیا کہ وہ اس نکاح کو باطل کر دے تب اس عورت نے کہا میں نکاح کو باقی رکھتی ہوں اس طرح کرنے سے میری غرض یہ تھی کہ عورتوں کو بتا دوں کہ شریعت نے باپ کو بالغ لڑکی پر نکاح کے معاملے میں زبردستی کا حق نہیں دیا
65a2d1b070a42942f3a9eef9,اسی طرح سخت مجبور کن حالات میں جس طرح مرد کو طلاق کا حق دیا ہے اسی طرح عورت کو بھی یہ حق خلا کی شکل میں عطا فرمایا ہے اور بغیر شرعی یا معاشرتی مجبوری کے دونوں کو ایسا کرنے سے منع کیا ہے
65a2d20670a42942f3a9eefc,اسلام نے قانونی حقوق میں عورت کو مرد کے مساوی ہی رکھا ہے وہ مرد کی طرح مال و جائیداد کی مالک ہو سکتی ہے اور ہبہ بی رہن وغیرہ کے اختیارات رکھتی ہے وہ اپنے حقوق حاصل کرنے کے لیے دیوانی عدالت میں ہر قسم کے دعوے دائر کر سکتی ہے
65a2d24d70a42942f3a9eeff,وہ حدود و قصاص اور تعزیری حقوق میں اپنے مخالف مرد پر اسی طرح حد جاری کرا سکتی ہے جس طرح مرد عورت کے خلاف کرا سکتا ہے وہ سیاسی و شہری معاملات میں صلح و جنگ میں اسی طرح حقدار ہے جس طرح مرد حقدار ہے
65a2d27270a42942f3a9ef02,غرض تمام اس قسم کے معاملات میں وہ مرد ہی کی طرح سمجھی گئی ہے اور ان امور کی شہادت کے لیے میراث وصیت مہر حدود و قصاص اور صلح ہوا جنگ سے متعلق ایات اور اسی سلسلے کی تمام احادیث و جزیات فقہ پیش کی جا سکتی ہیں
65a2d29670a42942f3a9ef05,اس میں کوئی شک نہیں کہ عورت اپنے حقوق انسانی میں مرد کے برابر ہے عورت انسانی دنیا میں ایک مکمل اور مستقل فرد ہے اور اجتماعی زندگی کا ایک اہم حصہ ہے لیکن ان تمام باتوں کے باوجود عورت صنفی اعتبار سے ایک الگ اور مستقل صنف ہے جس کو صنف نازک کہا گیا ہے
65a2d31670a42942f3a9ef08,فطرت نے اس لحاظ سے عورت کو مرد سے جدا کر دیا ہے کیونکہ مرد مرد ہے عورت نہیں اور عورت عورت ہے مرد نہیں پس اسلام نے اپنی اخلاقی تعلیم میں عورت کو انسانی حقوق کے باوجود صنفی نزاکت کے اعتبار سے مرد کے مقابلے میں وہی حیثیت دی ہے جو سخت کے مقابلے میں نازک کو ملنی چاہیے اور اسی لیے ارشاد باری تعالی ہوتا ہے اور عورتوں کے حقوق مردوں پر اسی طرح ہیں جس طرح مردوں کے عورتوں پر ہیں اور مردوں کو عورتوں پر فضیلت کا ایک درجہ حاصل ہے
65a2d34070a42942f3a9ef0b,اور پھر خود ہی اسی درجے فضیلت کی تشریح بھی فرما دی مرد عورتوں کے سربراہ اور کار فرما ہیں اس لیے کہ اللہ تعالی نے ان میں سے بعض کو بعض پر خاص خاص باتوں میں فضیلت دی ہے نیز اس کے لیے کہ مرد اپنا مال جو ان کی محنت سے جمع ہوتا ہے عورتوں پر خرچ کرے
65a2d36e70a42942f3a9ef0e,یعنی مرد کو عورت پر ایک خاص درجہ حاصل ہے اور وہ درجہ سربراہی اور کار فرمائی کا ہے اور اس فضیلت کے درجے کے لیے علت بھی خود ہی بیان فرما دی تاکہ غلط فہمی نہ ہو دونوں اصناف میں برابری کے باوجود کچھ خاص فضیلتیں ایسی ہیں جو دوسری صف میں نہیں ہے
65a2d38070a42942f3a9ef11,مسئلہ نہیں ہے فضیلت مرد کی ہے کہ وہ اپنی زندگی کی محنت کا سرمایہ عورت پر خرچ کرتا ہے اور ایسا کرنا اس پر فرض ہے
65a2d3ab70a42942f3a9ef14,مرد عورت کا محافظ ہوتا ہے وہ اس کی رہبری و رہنمائی کا فرض بھی ادا کرتا ہے اور اس کے لیے ہر سامان ارام و اسائش مہیا کرنے کا بھی ذمہ دار ہوتا ہے یہ بہت بڑی ذمہ داری ہے اور اسی وجہ سے مرد کو عورت پر فضیلت ہے اجتماعی زندگی میں کسی ایک کو تو سربرا رہنما کار فرما یا محافظ ماننا ہی پڑتا ہے
65a2d3e470a42942f3a9ef17,پس اگر فرق ہے تو یہاں ا کر پڑھتا ہے ہم اس کا موازنہ دوسری طرح کر لیتے ہیں کہ چلو ہم یہ فضیلت عورت کو دے دیتے ہیں تو سربراہی رہنمائی کار فرمائی اور محافظ عورت کے ذمہ ا جاتی ہے
65a2d40e70a42942f3a9ef1a,یہاں دیکھنا یہ ہے کہ کیا عورت ان فرائض کو بجا طور پر انجام دے سکتی ہے کیا عورت مرد کی معاونت کے بغیر اپنے اپ کو محفوظ سمجھتی ہے یہ عورت کو اگر مرد کا محافظ بنا دیا جائے تو ان کی حفاظت کر سکتی ہے یا حفاظت کی ضرورت صنف نازک کو ہے یہ صنف سخت کو
65a2d46b70a42942f3a9ef1d,مرد کے مقابلے میں ضرورت بھی عورت کو ہے اور وہ اس فریضے سے عہدہ بر ہو بھی نہیں سکتی تو کیا وجہ ہے کہ مرد کو یہ فضیلت نہ دی جائے جبکہ اس میں عورت کو منفعت ہے خسارہ نہیں
65a2d4b770a42942f3a9ef20,لہذا یہ عورت کے لیے باعث فخر ہے اور فرائض سے سبک دوشی کے مترادف بھی کہ عورت کا سربراہ کار فرما کفیل و محافظ مرد کو بنا دیا گیا ہے اور مرد کے سوا اس کی حفاظت کر بھی کون سکتا ہے
65a2d55970a42942f3a9ef23,عورت مرد کی ناموس ہے چونکہ بار کفالت و حفاظت قدرت نے مرد کے کندھوں پر رکھ دیا ہے اور اسی لیے مرد کو بجا طور پر فضیلت دی گئی ہے اس میں عورت کی کسی طرح بھی حق تلفی نہیں ہوتی جبکہ عورت ہر شعبے میں مرد کے برابر ہے اور اسے وہی حقوق حاصل ہیں جو ایک مرد کو انسانی حقوق میں عورت مرد سے ذرہ برابر بھی کم نہیں
65a2d716f6d03458f3c2d928,عنوان مطالعہ کا طریقہ
65a4ce1ab921d41dc74436ea,ہیلو ہیلو ہیلو ہیلو ہیلو ہیلو بھائی
65a583d759b9b908aaebf834,عنوان مطالعہ کا طریقہ
65a583f959b9b908aaebf838,فی زمانہ کوئی کام بغیر علم کے نہیں ہو سکتا حصول علم کے لیے متعلق بہت ہی ضروری ہے مطالعہ بھی ایک فن ہے اگر اس فن کو صحیح طور پر اپنایا جائے تو نتائج اچھے نکلیں گے
65a5846459b9b908aaebf83b,اور اگر غلط طور پر اپنایا جائے تو ظاہر ہے نتائج بھی اسی قسم کے ہوں گے ائیے دیکھیے مطالعہ کے لیے کون کون سے اداب و لازم اختیار کیے جائیں جن سے متعلق سے پورا پورا استفادہ کیا جا سکے
65a584e359b9b908aaebf83e,مطالعہ کے لیے سب سے ضروری چیز یہ ہے کہ مطالعہ کرنے والے کو داخلی اور خارجی سکون میسر ہو متعلقہ کرنے والے کا ذہن و قلب پریشانیوں اور الجھنوں سے بالکل ازاد ہو
65a585bb59b9b908aaebf841,اور وہ جہاں پر مطالعہ کر رہا ہو وہاں پر بھی مکمل سکون میسر ہو کوئی بیرونی مداخلت اس کے ذہن کو متعلق سے نہ ہٹا سکے اسے مکمل یکسوئی حاصل ہو اگر وہ ذہنی طور پر مطمئن نہیں تو اس کا دماغ پڑے ہوئے کو محفوظ نہیں رکھ سکے گا دوسرے اگر وہاں پر شور و غل مچھر رہا ہے کوئی بیرونی مداخلت اس کے متعلق کے تسلسل کو توڑ دیتی ہے یہ اسے ایسا ماحول میسر نہیں اور اس کا ذہن بے چین ہے تو اس کا مطالعہ بیکار ہوگا یہ وہاں پر ایسے انتظامات نہیں جس کے متعلق ہمیں مددگار ثابت ہو
65a5862b59b9b908aaebf844,مثلا روشنی کا صحیح انتظام نہیں ہے یہ ضرورت سے زیادہ روشنی ہے دونوں صورتوں میں اس کی بینائی پر برا اثر پڑے گا بیٹھنے کے لیے مناسب جگہ ہو ماحول پاک و صاف ہو روشنی سامنے کی طرف سے نہیں انی چاہیے بہتر ہے کہ بلب بائے جانب لگا ہوا ہوتا کہ اس کی انکھوں کو نقصان بھی نہ پہنچے اور اگر لکھنے کی ضرورت محسوس ہو تو قلم یا ہاتھ کا سایہ رکاوٹ نہ بنے کتاب بھی ایک مخصوص فاصلے پر ہونا لازمی ہے انکھوں اور کتاب کے درمیان ایک یا ڈیڑھ فٹ کے قریب فاصلہ ہونا چاہیے
65a5865259b9b908aaebf847,متعلیہ کے لیے یہ بھی لازم ہے کہ طالب علم جو چیز پڑھ رہا ہو اس میں وہ دلچسپی بھی رکھتا ہو اس طرح جوں جوں وہ پڑھتا چلا جائے گا اسی قدر اس کا ذہن اسے محفوظ کرتا چلا جائے گا اور اس کی دلچسپی بھی اسی قدر بڑھتی چلی جائے گی اور طبیعت میں اکتاہٹ بالکل محسوس نہیں ہوگی
65a586c859b9b908aaebf84a,جس مضمون میں دلچسپی نہیں ہوتی اس کے متعلقہ سے طبیعت بہت اکتا جاتی ہے اسے ایک بوجھ سمجھ کر پڑھنے سے وہ ذہن میں محفوظ نہیں رکھ سکتا بلکہ وہ اس کی طبیعت پر گرا گزرتا ہے لہذا جو چیز پڑھی جائے اس میں متعلقہ کرنے والے کی دلچسپی ضرور ہے اگر کوئی ایسا مضمون ہے جو اس کی طبیعت سے مطابقت نہیں رکھتا اور اسے پڑھنا بھی ضروری ہے تو اسے مشکل نہ سمجھے اور ذہن سے یہ بات نکال دے کہ میں اس میں کامیاب نہیں ہو سکتا
65a5876659b9b908aaebf84d,گویا نفسیاتی طور پر اسے اپنے ذہن کو پڑھنے کے لیے تیار کرنا چاہیے اور اس میں دلچسپی پیدا کرنی چاہیے اس سے زیادہ دلچسپی پیدا کرنے کا سبب اور کیا ہوگا کہ اس نے اسے ضرور پڑھنا ہے اور اس کے پڑھنے سے اور کامیابی حاصل کرنے میں ہی اس کا مفاد ہے مثال کے طور پر ایک طالب علم انگریزی میں دلچسپی نہیں رکھتا مگر اسے انگریزی ضرور پڑھنا پڑتی ہے اور اس میں کامیابی حاصل کرنا لازمی ہے
65a587c059b9b908aaebf850,ایسے طالب علموں کو چاہیے کہ وہ یہ بات اپنے ذہن سے نکال دیں کہ انگریزی ایک مشکل مضمون ہے کسی وجہ سے اس میں توجہ شروع سے نہیں دے سکے جس کی وجہ سے وہ کمزور رہ گئے اور ان کی مزید بے توجہی ان کو اس مضمون میں کمزور سے کمزور تر کرتی چلی گئی ایسے طالب علموں کو چاہیے کہ وہ سمجھے کہ یہ میرے لیے کامیابی کا زینہ ہے اور مجھے اسے پڑھنا ہے
65a587ec59b9b908aaebf853,اس پر بغیر ذہن پر بوجھ ڈالے اس میں مہارت حاصل کرنے کی کوشش کرے جب ایک سبق یا ایک گرامر کا طریقہ یاد کر لے گا تو دوسرا اس کے لیے اسان معلوم ہوگا اگے چلنے کے لیے سابقہ پڑے ہوئے پر زیادہ توجہ دینی چاہیے تاکہ راستہ کھل جائے یہی کامیابی اپ کے دلچسپی کا سبب بن جائے گی ذرا دلچسپی پیدا ہوئی تو اپ کامیاب ہیں
65a5884059b9b908aaebf856,مطالعہ کے لیے اپنی طبیعت کو ایک حد سے زیادہ مجبور نہیں کرنا چاہیے جہاں تک ذہن قبول کرے بس یہی اس کی حد ہے اس حد کو مشک کے ذریعے بڑھایا بھی جا سکتا ہے تازہ دم ہونے کے لیے تھوڑا سا تو وقف کر لینا یا تازگی کے لیے کوئی انتظام رکھنا چاہیے
65a5889c59b9b908aaebf859,مطالعہ کا وقت کس قدر ہو یہ اپنی اپنی طبیعت پر منحصر ہے کئی زیادہ دیر تک پڑھتے رہتے ہیں اور کئی چند گھنٹے پڑھتے ہیں مگر متعلق کے لیے کم از کم چار پانچ گھنٹے ضرور ہونے چاہیے اس دوران ایک دفعہ تو وقف کر لیا جائے یہ تازگی تباہ کے لیے کسی مشروب مثلا چائے پھل کا انتظام کر لیا جائے تو بہتر ہوگا
65a5894859b9b908aaebf85c,مطالعہ کے لیے ایک چیز کافی اہمیت کی حامل ہے وہ یہ کہ مطالعہ کے لیے ایک پروگرام ترتیب دینا لازمی ہے جو لوگ طالب علم نہیں ہیں اور محض معلومات عامہ کے تحت مطالعہ کرتے ہیں ان کے لیے بھی اور جو طالب علم ہے جن کے لیے خاص مضامین کی تیاری کرنا ہوتی ہے کہ لیے بھی وقت کا تعین ضروری ہے کہ فلاں وقت سے فلاں وقت تک ہم نے متعلقہ کرنا ہے اور روزانہ کرنا ہے
65a58a1859b9b908aaebf85f,اس سے مطالعہ کا تسلسل نہیں ٹوٹتا جو ایک دن پہلے پڑھا ہوا ہوتا ہے اس سے دوسرے دن کی کڑی مل جاتی ہے جن طلبہ نے مختلف مضامین کی تیاری کرنا ہوتی ہے انہیں ٹائم ٹیبل اپنی ضرورت کے مطابق بنا لینا چاہیے اور دوبارہ تیاری کے لیے مختصر نوٹ رکھنے چاہیے تاکہ دوبارہ انہیں یادداشت کے طور پر استعمال کیا جا سکے نوٹ بھی بچائیں گے کہ مختصر سا اشارہ اپ کو سارا پہرہ مضمون یاد دلانے کے لیے کافی ہوگا
65a5f866bcba492209f2c7e7,عنوان میرا نصب العین
65a5f8c2bcba492209f2c7eb,طالب علمی کا زمانہ وہ زمانہ ہوتا ہے جس میں تعمیر انسانیت ہوتی ہے اسی میں کردار کی تعمیر ہوتی ہے اور اعلی خیالات پرورش پاتے ہیں ائندہ زندگی کے راستوں کا تعین ہوتا ہے ان راستوں کو طے کرنے کے لیے زیادہ راہ اسی زمانے میں اکٹھا کرنا پڑتا ہے
65a5f91dbcba492209f2c7ee,اس زمانے میں طالب علم کی کبھی کسی کام کی طرف رغبت ہو جاتی ہے کبھی کسی کام کی طرف تزبزب کی کیفیت اکثر ہوا کرتی ہے ان مطلعاتم و متصادم خیالات میں بھی میرا رجحان زیادہ تعلیم و تدریس کے پیشی کی طرف ہے
65a5f998bcba492209f2c7f1,مجھے اور بھی بہت سے اچھے اچھے پیش نظر اتے ہیں مگر میرا ذہنی رجھان زیادہ اسی طرف ہے جہاں تک دولت کمانے اور شوکت و عزت کا تعلق ہے ڈاکٹری کا پیشہ ہے انجینیئرنگ کا پیشہ ہے تجارت ہے ان تمام پیشوں میں عزت شہرت پیسہ سب کچھ مل جاتا ہے مگر معلمین کے پیشے میں مجھے جس قدر پاکیزگی خدمت انسانیت تعمیر نو نہالان قوم سادگی خلوص اور احترام انسانیت نظر اتا ہے دوسرے کسی پیشے میں نظر نہیں ا رہا
65a5f9d6bcba492209f2c7f4,لہذا میں نے ارادہ کر لیا ہے کہ میں ایک معلم بنوں گی معلم بھی وہ جس کے دل میں قوم کے بچوں کو سنوارنے کی تڑپ ہو جس کا مطمع نظر صرف حصول دولت نہ ہو جس کا نصب العین ہر وقت خدمت ملک و قوم ہو جو قوم کے طلبہ کو سائنس کے شعبے میں تحقیق و تجسس کے میدان میں شہواری کے لیے تیار کر کے تعلیم و تدریس کا مقصد فریضہ بھی سر انجام پاتا رہے اور قوم کے نوجوانوں کی خدمت ملک کے لیے تیار کرنے کا فرض بھی پورا ہو سکے
65a5fac7bcba492209f2c7f7,میں اس وقت دسویں جماعت کی طالب علم ہوں میں نے سائنس کے مضامین لے رکھے ہیں بفضلہ میں جماعت کے سب لڑکیوں سے لائک ترین ہوں میرا رجحان بھی سائنس کی طرف ہے ویسے بھی قدرت نے مجھے یہ ملکہ بخشا ہے کہ میں بات کو اچھی طرح سمجھ سکتی ہوں اور خوب ذہن نشین کروا سکتی ہوں میٹرک کرنے کے بعد ایف ایس سی پھر بھی ایس سی اور ایم ایس سی کرنے کے بعد بیرون ملک سے پی ایچ ڈی کرنے کا ارادہ رکھتی ہوں میرے والدین بھی میرے اس پروگرام سے پوری طرح سے متفق ہیں جس کی وجہ سے میرا ارادہ اور بھی پختہ ہو گیا ہے اور میں بڑی جدوجہد مستعدی سے حصول علم کے لیے کوشاں رہتی ہوں
65a5fafebcba492209f2c7fa,پی ایچ ڈی کرنے کے بعد اپنے ملک واپس ا کر یونیورسٹی میں فریضہ تدریس سنبھالوں گی اور ساتھ ہی ساتھ سائنسی تحقیق کا کام بھی کروں گی میرا ارادہ الیکٹرانکس میں پی ایچ ڈی کرنے کا ہے تاکہ قوم کے طلباء کو الیکٹرانکس میں اس قابل بنا سکوں کہ وہ میری طرح قومی خدمت کا مقدس فریضہ سر انجام دے سکیں اور میری زندگی کے بعد بھی میرا مشن جاری رہے
65a5fcda733cb182be8b3984,استاد اور شاگرد کا رشتہ ایک مقدس اور پاکیزہ رشتہ ہے تعلیم و تدریس ایک پیغمبری پیشہ ہے جس میں لوگوں کو ہدایت دی جاتی ہے اور انہیں نیک و بد کی تمیز سکھائی جاتی ہے استاد کو حق کی تبلیغ اور قوم کی رہنمائی کا فریضہ صوبہ گیا
65a5fd13733cb182be8b3988,مگر بدقسمتی اج اس پیشے کی قدر و قیمت کم ہو گئی ہے جس کی ایک وجہ یہ ہے کہ احساس ذمہ داری نہیں رہا اور لوگوں کے دلوں سے ادب و احترام اٹھ گیا ہے ویسے اج استاد بھی استاد نہیں رہا اور شاگرد بھی شاگرد نہیں رہا
65a5fdbd733cb182be8b398b,استاد کو احساس سے فرض نہیں شاگرد کو مادی نظریات نے اندھا کر دیا ہے وہ سمجھنے لگ گیا ہے کہ جس طرح بازار سے اور چیزیں خریدی جا سکتی ہیں اسی طرح سے تعلیم بھی خریدی جاتی ہے استاد کو ہم تنخواہ دیتے ہیں وہ پڑھاتا ہے اسی طرح سے استاد سمجھتا ہے کہ مجھے تنخواہ تو ہر حال میں مل ہی جائے گی شاگرد لائق ہو جائے یا نالائق رہ جائیں
65a5fdfc733cb182be8b398e,وہ بھی مادہ پرستی کے جنون میں شاگردوں سے ٹیوشن کی صورت میں پیسے بٹوڑنے شروع کر دیتا ہے اور وہ فریضہ جس کی ادائیگی اس کے ذمے درسگاہ کی چار دیواری کی حدود کے اندر تھی ناجائز منفرد کی شکل میں اپنے گھر پر مزید وصول کرتا ہے ان دونوں وجوہات کی بنا پر استاد بیچارگی کی حالت میں مبتلا ہے میں اس کا پیٹ بھرتا ہے نہ معاشرہ اس کی عزت کرتا ہے اور نہ شاگرد یہ تمام ہمارے معاشرے کا قصور ہے احترام استاد جب تک نہیں ہوگا تب تک قوم ترقی نہیں کر سکتی
65a5fe42733cb182be8b3991,مغربی ممالک میں بڑی سے بڑی برائیاں ہیں مگر احترام ہے استاد کا جذبہ ابھی اسی طرح سے موجود ہے وہ معلم کو اج بھی معمار انسانیت کا درجہ دیتے ہیں اس کی ہر بات و فیوض کو سرمایہ حیات سمجھتے ہیں
65a5fe8f733cb182be8b3994,بہرحال مجھے اس سے بحث نہیں کہ اس وقت ہمارے ملک میں احترام استاد ہے کہ نہیں لیکن میں سمجھتی ہوں کہ احترام استاد استاد کے اپنے اختیار میں ہے اگر وہ صحیح استاد ہے اور پرخلوص ہے تو کوئی وجہ نہیں کہ استاد کی قدر و قیمت اج بھی وہی نہ ہو جو پہلے ہوا کرتی تھی
65a5ff0f733cb182be8b3997,حکیم الامت علامہ اقبال کا شمار دنیا کی عظیم ہستیوں میں ہوتا ہے اپ علامہ وقت اور مجسمہ علم و فضل تھے اپ نے اپنے استاد مکرم سید میر حسن کو اپنے اشعار زیل میں مثلی حرم کہا ہے وہ شمع بارگاہ خاندان مرتزوی رہے گا مثل حرم جس کا اہستہ مجھ کو نفس سے جس کے کھلی میری ارزو کی کلی بنایا جس کی مروت نے نقطہ دا مجھ کو
65a5ff27733cb182be8b399a,الغرض استاد ایک بڑی عظیم ہستی ہوتی ہے اور اسی طرح سے اس کے فرائض بھی اعلی و عرفہ ہوتے ہیں اور انہیں فرائض کی تکمیل کے لیے میں ایک معلم بننا چاہتی ہوں خدا مجھے اس کی توفیق دے
65a60252349a27ecd2b42373,عنوان طلبہ اور سیاست
65a60280349a27ecd2b42377,ملک کے داخلی و خارجی معاملات و مسائل کو سمجھنے ان کا حل تلاش کرنے ملک کا نظم و ضبط سنبھالنے اور اس کے لیے قوانین بنانے کو سیاست کہتے ہیں جو لوگ ان امور کے ماہر ہیں سیاستدان کہلاتے ہیں دوسرے علموں کی طرح سیاسیات بھی ایک مکمل علم ہے جس کا شعور رکھنا ہر شہری کے لیے ضروری ہے
65a602ae349a27ecd2b4237a,ہمارے یہاں یہ مسئلہ موضوع بحث بنا ہوا ہے کہ طلبہ کو سیاست میں حصہ لینا چاہیے یا نہیں کچھ لوگوں کا خیال ہے کہ طلبہ کو سیاست میں حصہ لینا چاہیے اور کچھ یہ رائے رکھتے ہیں کہ ان کو سیاست میں حصہ نہیں لینا چاہیے دونوں گروہوں کے لوگ حسب ذیل دلائل دیتے ہیں
65a602ca349a27ecd2b4237d,جو لوگ طلبہ کے سیاست میں حصہ لینے کے حق میں ہیں کہتے ہیں کہ اج کے طلبہ کل کے سیاستدان ہیں اگر اج انہیں سیاست سے الگ رکھا جائے گا تو ان میں وہ شعور ہی ان پیدا نہیں ہوگا جو ایک سیاست دان کے لیے ضروری ہے
65a60312349a27ecd2b42380,سیاست کا ابتدائی تجربہ انہیں زبان طالب علمی میں کرنا چاہیے جو طالب علم زمانہ طالب علمی میں سیاست میں حصہ لیتے ہیں ان میں سیاسی شعور پیدا ہوتا ہے اور جب وہ عملی زندگی میں پہنچتے ہیں تو ایک کامیاب سیاست دان بن سکتے ہیں
65a60382349a27ecd2b42383,زمانہ طالب علمی کی ابتدائی منازل انہیں ایک دن سیاست کے نقطہ عروج پر پہنچا دیتی ہے جتنے سیاستدان تاریخ نے پیدا کیے ہیں اگر ان کے زمانہ طالب علمی کے حالات پڑھے جائیں تو معلوم ہوگا کہ زمانہ طالب علمی ہی میں انہوں نے سیاست سے دلچسپی لینا شروع کر دی تھی
65a603b2349a27ecd2b42386,قائد اعظم جب اعلی تعلیم کے لیے گلستان گئے تو انہوں نے وہیں سیاست میں دلچسپی لینا شروع کر دی تھی اور سیاسیات کا مطالعہ شروع کر دیا تھا ایک طالب علم جو ایک ڈاکٹر بننا چاہتا ہے انجینیئر بننا چاہتا ہے سائنس دان بننا چاہتا ہے وہ اپنی شعبے کی مہارت زمانہ ہے طالب علمی ہی میں حاصل کرتا ہے قاعدہ اعظم نے بھی تو طلبہ کو مسلم لیگ میں حصہ لینے کے لیے کہا تھا
65a6041f349a27ecd2b42389,چنانچہ حصول پاکستان میں طلبہ کا بہت حصہ تھا رہی یہ بات کہ جوانی کی عمر میں ذہنی بختگی کی بجائے جوش وہی جان زیادہ ہوتا ہے یہ صحیح ہے لیکن قیادت اگر پختہ کار اور تجربہ کار ہو اور طلبہ سے محض تعیدی کام لیا جائے تو غلطی کا احتمال نہیں ہوتا اور ساتھ ہی ساتھ ہوش و حواس کی حدود سے باہر نہ ہونے دیا جائے ان کے لیے لائحہ عمل متعین کر دیا جائے تو تحریک ناکام نہیں ہوتی
65a6047f349a27ecd2b4238c,جن لوگوں کی رائے یہ ہے کہ طلبہ کو سیاست میں حصہ نہیں لینا چاہیے وہ اپنے دلائل دیتے ہیں کہ سیاست میں عملی طور پر حصہ لینا کوئی اسان کام نہیں ہے اس میں ذہن و شعور کی پختگی اور تجربہ کاری نہایت ضروری ہے طلبہ اپنی زندگی کے ایسے دور سے گزر رہے ہوتے ہیں جس میں عقل کی بجائے جو زیادہ ہوتا ہے
65a604e0349a27ecd2b4238f,سیاست میں حصہ لینے کے لیے متوازن دل و دماغ کی ضرورت ہوتی ہے مگر نوجوان طبقے میں اس چیز کا فقدان ہوتا ہے پختگی ناپید ہوتی ہے اور نہ تجربہ کاری قوم کے لیے نقصان ہے عظیم کا باعث بن سکتی ہے
65a604fa349a27ecd2b42392,نوجوانی میں جذبات کی شدت ہوتی ہے اور ہوش کی کمی کے سبب اکثر تحریکیں ناکام ہو جاتی ہیں جو عمل ہوش کے تابع نہ ہو اکثر اور بیشتر تباہی کا موجب بنتا ہے
65a60549349a27ecd2b42395,ان کی راہ میں طالب علمی کا زمانہ ذہنی صلاحیتوں کو نکھارنے کا زمانہ ہوتا ہے اور طالب علم کا کام صرف اور صرف حصول تعلیم ہوتا ہے اس سے ہٹ کر اگر اس کا ذہن دوسری طرف لگ جائے تو نہ تو وہ تعلیم صحیح طور پر حاصل کر سکتے ہیں اور نہ ہی سیاست دان بن سکتے ہیں
65a60570349a27ecd2b42398,اس طرح وہ اپنا ذاتی نقصان بھی کرتے ہیں اور قوم کے لیے بھی رسوائی کا سامان پیدا کرتے ہیں جو طلبہ اپنے زمانہ طالب علمی میں جو کہ اس کی ذہنی ناپختگی کا زمانہ ہوتا ہے سیاست میں حصہ لینا شروع کر دیتے ہیں وہ اپنے مقصد تعلیم میں ہمیشہ کے لیے ناکام ہو جاتے ہیں
65a605b3349a27ecd2b4239b,تحریک ازادی کے دور میں جب انگریزوں سے عدم تعاون کی تحریک زوروں پر تھی کانگرس نے کالجوں کا اس لیے بائیکاٹ کر دیا تھا کہ کوئی طالب علم تحریک میں حصہ نہ لے مگر پھر بھی ہزاروں طلبہ نے تعلیم کو خیرباد کہہ کر تحریک میں حصہ لینا شروع کر دیا یہ تحریک بھی کامیاب نہ ہوئی اور ان کا مستقبل بھی پوری طرح سے تباہ ہو گیا
65a6067e349a27ecd2b4239e,24 مارچ 1948 کو قائد اعظم نے ڈھاکہ یونیورسٹی کے اجلاس میں طلبہ سے خطاب کرتے ہوئے فرمایا تھا جن طالب علموں نے اپنی تعلیم ابھی مکمل نہیں کی انہیں خارزار سیاست سے دور رہنا چاہیے اور سستی شہرت کی بھوکے ہاتھوں میں کٹھپتلی نہیں بننا چاہیے اپ ملک کا سرمایہ ہے پڑھ لکھ کر اپنے ملک کی دولت میں اضافہ کریں صرف تعلیم کی تکمیل سے ہی اپ اپنے ملک کے اقتصادی معاشی اور سماجی مسائل حل کرنے میں ممدود و معاون ہو سکیں گے کھوکلی نعرے بازی کے ماحول سے دور رہ کر تعلیم حاصل کیجئے اس طبقے کا خیال یہی ہے کہ طلبہ کو سیاست میں حصہ نہیں لینا چاہیے
65a607db349a27ecd2b423a1,عنوان پاکستان کی تعمیر و ترقی میں طلبہ کا حصہ
65a60871349a27ecd2b423a4,کون ہے جسے اپنے وطن سے محبت نہیں ہوتی یہ حقیقت ہے کہ اپنے وطن سے ہر شخص کو محبت ہوتی ہے وطن کے نام پر ہر شہری مر مٹنے کو تیار ہوتا ہے اور یہی جذبہ زندہ قوموں کا تر رحمتیاز ہوتا ہے وطن ک تعمیر و ترقی کا جذبہ قوموں کے خیالات و عمل کا ایک عظیم سرمایہ ہے زندگی بحثیت ایک قوم کے وطن کے دامن میں ابھرتی اور نکھرتی ہے اصل میں وطن اور قوم لازم و ملزوم ہیں قوم کی زندگی کے لیے وطن کا استحکام لازم ہے
65a60c08fef076588f2beb64,پاکستان کو مضبوط اور مستحکم بنانے کی ذمہ داری کسی ایک فرد پر عائد نہیں ہوتی بلکہ ہر اس فرد پر عائد ہوتی ہے جو اس مادر وطن کا ثبوت کہلاتا ہے اور جو یہاں رہتا ہے جو اس مٹی میں پل کر جوان ہوتا ہے جو اس کی خوبصورت وادیوں سے لطف اندوز ہوتا ہے اس کے سبزہ زاروں سے اپنی انکھوں کو تراوٹ پہنچاتا ہے اور یہاں رہ کر ازادی کا سانس لیتا ہے پاکستان ہمارا وطن عزیز ہے
65a60c51fef076588f2beb68,یہ ہماری امیدوں کا محور اور مرکز ہے اس کے لیے کام کرنا اس کی ترقی و تعمیر میں حصہ لینا ہر ذی ہوش پاکستان کا فرض ہے اس فہرست میں طلبہ بھی شامل ہیں
65a60c74fef076588f2beb6b,طلبہ کا طبقہ ملک کا بہترین سرمایہ اور اس کے روشن مستقبل کی ضمانت ہے ملک کی ائندہ ترقی کا انحصار انہی کی سوجھ بوجھ اور انہی کی محنت پر ہوتا ہے کیونکہ اج کے نوجوان کل کے نہایت ہی ذمہ دار افراد کہلائیں گے
65a60ca8fef076588f2beb6e,طالب علمی کا زمانہ ان کے لیے ذہنی پختگی حاصل کرنے کا ہوتا ہے اس دور میں انہوں نے اپنی تعلیم مکمل کرنا ہوتی ہے اور انہیں یکسوئی اور سکون کی ضرورت ہوتی ہے اگر وہ کسی ہنگامہ ارائی کا شکار ہو جائیں اور اپنے اصل فرائض کو پس پشت ڈال دیں تو حصول تعلیم کا مقدس فریضہ سر انجام نہیں دے سکتے ان کی توجہ صرف تعلیم کی طرف ہونا چاہیے انہیں چاہیے کہ نظم و ضبط کو پوری طرح سے برقرار رکھیں
65a60d3cfef076588f2beb71,انہیں ملکی سیاست سے تا وقت یہ کہ کوئی ہنگامی حالات پیدا ہوں دور رہنا چاہیے البتہ انہیں اپنے تعلیمی مطالبات منوانے کا حق ضرور حاصل ہے مگر وہ بھی اس شکل میں کہ کسی ہنگامہ ارائی کے بغیر وہ اپنے مطالبات و تجاویز صاحبان بس کشاد کے اگے پیش کر سکتے ہیں اور چونکہ ان کو ان کی ضروریات اور اپنے وسائل کا زیادہ پتہ ہوتا ہے لہذا اس کا فیصلہ بھی انہی پر چھوڑ دینا زیادہ بہتر ہوگا
65a60d98fef076588f2beb74,طلبہ کو چاہیے کہ ملک کی فلاحی تنظیموں میں حصہ لیں اور رفاہی کاموں میں حصہ لے کر وطن کی خدمت کا فریضہ سرانجام دیں انہیں چاہیے کہ ایسی تنظیمیں بنائیں جو ناخواندہ افراد کو تعلیم دیں اپنے گرد و پیش کے ماحول کے لوگوں میں جذبہ حب وطن کا احساس دلائیں تاکہ قوم میں وطن کے لیے ایثار و قربانی کا جوہر تازہ رہے
65a60db8fef076588f2beb77,لوگوں کی توجہ صحت و صفائی کی طرف مبزول کرواتے رہیں وہ ان میں ایک صحت مندانہ ذہن پیدا کر سکتے ہیں جس سے خود غرضی اور حق تلفی کے رجحانات ختم ہو سکتے ہیں اس طرح وہ عوام میں زندہ قوموں کا سا جذبہ پیدا کر سکتے ہیں
65a60de2fef076588f2beb7a,مقام افسوس ہے کہ طلبہ کی اکثریت اعلی ملازمتوں اور حصول زر کے لیے تعلیم حاصل کرتی ہے ان کا نظریہ بہت بلند ہونا چاہیے وہ اگر قوم کی خدمت کے جذبے سے تعلیم حاصل کریں تو انہیں اپنے مقاصد بھی حاصل ہو سکتے ہیں اور وہ ملکی خدمت کا مقدس فریضہ بھی انجام دے سکتے ہیں
65a60dfbfef076588f2beb7d,طلبہ کو اپنی ذہنی صلاحیتوں اور رجحانات کے مطابق مضامین کا انتخاب کرنا چاہیے اس سے وہ زیادہ کامیاب ہو سکتے ہیں اور قومی ترقی کے مختلف دائروں میں اپنی صلاحیتوں کو پوری طرح بروئے کار لا سکتے ہیں
65a60e3cfef076588f2beb80,ہمارے ملک کے طلبہ نے جیسا کہ تاریخ کے اوراق شاہد ہیں منظم ہو کر اڑے وقت میں ملک و قوم کی خدمت کی ہے تحریک پاکستان میں طلبہ کا بہت حصہ ہے اس کی کامیابی کے لیے طلبان نے بہت کام کیا انہوں نے کریا کریا پہنچ کر مسلمانوں کو پاکستان کی اہمیت سے اگاہ کیا اور انہیں بھی مطالبے پاکستان بنوانے میں مستعد کیا اور خود بھی قربانیاں دی
65a60e67fef076588f2beb83,1947 میں مہاجرین کی اباد کاری میں طلبہ نے بڑھ چڑھ کر حصہ لیا مہاجرین کا ایک بہت بڑا سیلاب تھا جسے سنبھالنا کوئی معمولی کام نہیں تھا ان میں بھوکے بھی تھے بیمار بھی تھے بچے بھی تھے بوڑھے بھی تھے ان سب کی اباد کاری میں طلبہ نے حکومت کا ہاتھ بٹایا پھر سیلاب ایا تو اس وقت بھی طالب علموں نے سیلاب زدہ لوگوں کی چارہ گری میں ماوند کی
65a60ecbfef076588f2beb86,ستمبر 1965 اور دسمبر 1971 کی جنگ میں بھی سب سے زیادہ طلبہ نے ہی زخمی فوجیوں کو خون کے عطیات دیے اس طرح سے طلبہ ملکی متاع بے بہا ہے
65a60f07fef076588f2beb89,ضرورت اس امر کی ہے کہ ان کے جوش شباب سے کام لیا جائے ان پر توجہ دی جائے اور ان کے حب وطن کے جذبے کو ابھار کر ان کے لیے لائحہ عمل متعین کیا جائے اگر ایسا کر لیا جائے تو اعلی کردار کے مالک بن کر قوم وہ ملک کے لیے عظیم سرمایہ ثابت ہو سکتے ہیں
65a60f39fef076588f2beb8c,یہ ہماری رہنمائی پر منحصر ہے کہ ہم انہیں کس راہ پر چلاتے ہیں اگر ہم انہیں سیاسی مقاصد کے لیے استعمال کرتے ہیں تو ان کا قیمتی وقت اور مستقبل ہمیشہ کے لیے ضائع ہو جائے گا اور قوم انمول موتیوں سے محروم ہو جائے گی اور اگر ہم ان کو اسی راہ پر چلائیں گے جس سے وہ اپنا تعلیم مقدس فریضہ احسن طریقے سے انجام دے سکیں تو وہ ملک کے لیے ذریعہ استحکام اور ذریعہ خدمت عوام ثابت ہوں گے
65a611ad74a8a7744db5f786,عنوان پاکستان میں لازمی فوجی تربیت
65a6121a74a8a7744db5f78a,ہر دور کا طریقہ جنگ علیحدہ علیحدہ ہوتا ہے ایک زمانہ تھا کہ جنگ ایک مقررہ مقام تک لڑی جاتی تھی وہیں پر ہار جیت کا فیصلہ ہوتا تھا مگر اج ایسا نہیں ہے جنگ شہروں کے گلی کوچوں میں بھی لڑی جاتی ہے اور مل کے ایک ایک انچ کے فاصلے پر اور ایک ایک انچ کے لیے لڑی جاتی ہے
65a6123c74a8a7744db5f78d,اسی طرح سے ہر دور کی ضرورت الگ الگ ہوتی ہے حالات میں فرق ہوتا ہے اج کا دور افر تفریح کا دور ہے اقوام عالم کے مادی مفادات کی کشمکش اور مہلک ہتھیاروں کی نئی نئی ایجادات نے پوری دنیا کو جنگی خطرات کی لپیٹ میں لے لیا ہے
65a612c474a8a7744db5f790,روز ازل سے ہی طاقت کمزوری پر حاوی ہو جاتی ہے اب بڑا چھوٹے کو کھا جاتا ہے بڑے ممالک کے چھوٹے ملکوں کے وسائل دولت کی وجہ سے انہیں حریصانہ نظروں سے دیکھ رہے ہیں بڑی طاقتیں ایٹمی سامان حرب پر پابندیاں لگانے کی تجاویز بھی پیش کر رہی ہیں اب مہلک تر ہتھیار بھی تیار کی جا رہے ہیں
65a6133274a8a7744db5f793,روز ازل سے ہی طاقت کمزوری پر حاوی ہو جاتی ہے اور بڑا چھوٹے کو کھا جاتا ہے بڑے ممالک چھوٹے ملکوں کے وسائل بدولت کی وجہ سے انہیں ہریسانہ نظروں سے دیکھ رہے ہیں بڑی طاقتیں ایٹمی سامان ہر پر پابندیاں لگانے کی تجاویز پیش کر رہی ہیں اور مہلک تر ہتھیار بھی تیار کیے جا رہے ہیں
65a6136574a8a7744db5f796,یہ ملک گویا کہ کچھ رہے ہیں اور کر کچھ رہے ہیں یعنی کھلی منافقت کا مظاہرہ کر رہے ہیں اس کا مطلب یہ نکلتا ہے کہ خلوص دل سے نہیں چاہتے صرف ایک دوسرے کو دھوکے میں رکھنے کے لیے ایسا کر رہے ہیں
65a613a474a8a7744db5f799,ان کے اندر ہوس ملک گیری اور توصیح پسندی ہے اس لیے ہر ملک کی حفاظت کرنے کے لیے ضروری ہو گیا ہے کہ اعلی تربیت یافتہ فوج دفاع وطن کے لیے ہر وقت تیار رکھی جائے
65a613d374a8a7744db5f79c,طاقت ہی اج کا سب سے بڑا ہتھیار ہے اور کمزوری موت ہے اس کی علامہ اقبال نے اس طرح وضاحت کی ہے تقدیر کے قاضی کا یہ فتوی ہے ازل سے ہے جرم ضعیفی کی سزا مرگ مفاجات
65a613fb74a8a7744db5f79f,پاکستان کے مخصوص جغرافیائی حالات اور تاریخی تقاضوں کے پیش نظر ہمارے لیے اور بھی ضروری ہو گیا ہے کہ یہاں پر ہر بالغ فرد کے لیے فوجی تربیت لازمی قرار دی جائے تاکہ بوقت ضرورت کام ائے روز فرانس اٹلی اور چین نے تو اپنے اپنے ملک میں لازمی فوجی تربیت کا نظام رائج کر رکھا ہے
65a6144c74a8a7744db5f7a2,ہمارے لیے بھی ضروری ہو گیا ہے کہ پاکستان میں لازمی فوجی تربیت دی جائے ہندوستان نے اج تک دل سے پاکستان کے وجود کو تسلیم نہیں کیا وہ ہر وقت اس موقع کی تلاش میں رہتا ہے کہ کسی نہ کسی بہانے پاکستان کو نقصان پہنچائے بلکہ وہ تو پاکستان کو ختم کرنے کے منصوبے تیار کرتا رہتا ہے جو اس کی کمی کی انتہا ہے
65a6147a74a8a7744db5f7a5,ستمبر 1965 میں اس نے پاکستان پر حملہ کیا لیکن اسے ناکامی کا منہ دیکھنا پڑا اس کے بعد 1971 میں اس نے روس کی ملی بھگت سے ہمارا مل دولخت کر کے ہم سے مشرقی پاکستان علیحدہ کروایا
65a614b174a8a7744db5f7a8,یہ ہماری تاریخ کا سب سے بڑا المیہ تھا اس کے بعد بھی وہ پاکستان کو ختم کرنے کے لیے اسکیمیں بناتا رہتا ہے ابھی مسئلہ کشمیر باقی ہے اس مسئلے کو اقوام متحدہ میں پیش کیا گیا لیکن وہ بھی ان کے لیے کچھ کرتی ہے جو اس سے طاقت کے بلبوتے پر کروا لیتے ہیں کمزور ممالک کے لیے وہ بھی کچھ مفید ثابت نہیں ہوئی
65a614cd74a8a7744db5f7ab,مسئلہ فلسطین اور دیگر مسائل بھی حل طلب پڑے ہیں گویا طاقت ہی ایک ایسی چیز ہے جو سارے مسائل حل کر دیتی ہے یا کروا لیتی ہے
65a6153074a8a7744db5f7ae,فوجی تربیت ہر بالغ مرد اور عورت کو حاصل کرنا چاہیے اسکولوں اور کالجوں میں فوجی تربیت کا خاص انتظام ہونا چاہیے سرکاری اور غیر سرکاری افراد کو باقاعدہ تربیت دینی چاہیے ہوائی حملے کی دفاع میں بھی ہر بالغ مرد اور عورت کو تریب یافتہ ہونا چاہیے تاکہ ہنگامی حالات میں شہروں میں افر تفری نہ پھیلے اور دشمن سے جنگ پوری مستعدی کے ساتھ جاری رکھی جا سکے
65a6156474a8a7744db5f7b1,اج کل پہلے سے حالات بھی نہیں ہیں کہ جنگ کے دنوں میں فیصلہ ہو جایا کرتا تھا اج کل تو جنگ سالوں تک چلتی ہے لازمی فوجی تربیت کا نفسیاتی فائدہ بھی ہوتا ہے کہ جس ادمی نے اپنے اپ کو لڑائی کے لیے تیار کیا ہوتا ہے وہ جنگ سے نہیں گھبراتا اس نے اپنے اپ کو ذہنی طور پر لڑنے کے لیے تیار کیا ہوا ہوتا ہے اور جس نے تربیت ہی حاصل نہیں کی اور ہتھیار پکڑ کر ہی نہیں دیکھا وہ تو لڑائی کا نام سن کر ہی حواس باختہ ہو جائے گا
65a6159974a8a7744db5f7b4,لازمی فوجی تربیت نہ صرف زمانہ جنگ کے لیے ضروری ہے بلکہ زمانہ امن میں بھی اس کے فوائد ہیں اس سے قوم متحد ہو جاتی ہے اس میں نظم و ضبط پیدا ہو جاتا ہے ایثار کا جذبہ پیدا ہو جاتا ہے شہری صحت مند ہو جاتے ہیں بیماریاں کم ہو جاتی ہیں کیونکہ لوگ مشقت کے عادی ہو جاتے ہیں اطاعت امیر کا جذبہ پیدا ہو جاتا ہے
65a615f874a8a7744db5f7b7,پاکستان میں پہلے ہی شہری دفاع کا محکمہ قائم ہے باقاعدہ ٹریننگ سینٹر کھلے ہوئے ہیں اسکولوں کالجوں میں لیکچر دیے جاتے ہیں دفاع سے متعلقہ مشقیں بھی کرائی جاتی ہیں بلیک اؤٹ کی مشکیں بھی کرائی جاتی ہیں اور شہروں میں ڈیفنس پوسٹیں قائم ہیں سول ڈیفنس اپنی جگہ پر ہے مگر لازمی فوجی تربیت کی اہمیت سے بھی زیادہ ہے بین الاقوامی حالات کا تقاضہ ہے کہ ہمارے ملک میں لازمی فوجی تربیت بھی رائج ہونی چاہیے
65a617ac71cb0c2da884f08e,عنوان اطاعت والدین
65a617c271cb0c2da884f092,ماں باپ سی نعمت کوئی دنیا میں نہیں ہے حاصل ہو یہ نعمت تو جہاں خلد بری ہیں
65a6187971cb0c2da884f095,والدین دنیا کی سب سے بڑی نعمت بلکہ بے بدل نعمت ہیں والدین کی اولاد پر اس قدر احسانات ہوتے ہیں کہ انسان شب و روز والدین کی خدمت کے لیے اپنے اپ کو وقف کر دے پھر بھی ان کے گرا قدر احسانات کا حق ادا نہیں کر سکتا والدین خود بھوکے رہ کر بھی کوشش کرتے ہیں کہ اولاد پیٹ بھر کر کھا لے وہ اپنے ارام کی پرواہ نہیں کرتے مگر انہیں تکلیف نہیں ہونے دیتے وہ اولاد کے ارام و راحت کے لیے دن کا چین رات کا ارام اور دن کا سکون قربان کر دیتے ہیں اس لیے اولاد کے لیے بھی ضروری ہے کہ وہ والدین کی ہر ممکن خدمت کریں اور ان کا ہر درجہ احترام کریں
65a6190671cb0c2da884f098,دنیا کے ہر مذہب میں والدین کی اطاعت اور فرمانبرداری اور ان کی خدمت کا حکم دیا گیا ہے ہم جس مذہب کے ماننے والے ہیں اس کی تعلیم بھی یہی ہے کہ والدین کی خدمت کرو ان کے قدموں تلے جنت ہے ہمارا مذہب اس اولاد کو بد قسمت شقی القلب اور گمراہ کو ان قرار دیتا ہے جو اپنے والدین کی قدر و منزلت نہیں کرتی
65a6196971cb0c2da884f09b,اولاد کے لیے تو یہاں تک حکم ہے کہ ان کی اواز ان کے والدین کے برابر بھی نہ ہوں بلکہ ان کی اواز سے نیچی ہو جائے کہ والدین سے سرکشی اور نافرمانی کی جائے والدین کی دعائیں اولاد کے لیے دین و دنیا میں تو شے خیر ثابت ہوتی ہیں
65a6199571cb0c2da884f09e,خوش قسمت ہیں وہ بچے جو اپنے ماں باپ کی خدمت کرتے ہیں اور ان سے دعائیں لیتے ہیں یہ دعائیں اخرت تک ان کی راحت کا موجب بنتی ہیں یہ پتہ اس وقت لگتا ہے جب اولاد خود صاحب اولاد ہوتی ہے
65a619ed71cb0c2da884f0a1,کہ بچے کس طرح پلتے ہیں اور کتنی محنت اور محبت سے انہیں پروان چڑھایا جاتا ہے ساری عمر کی کمائی ان پر لگ جاتی ہے محنت کر کے والدین کے بال سفید ہو جاتے ہیں اعضا کمزور ہو جاتے ہیں اس وقت اولاد کے سہارے کی ضرورت ہوتی ہے
65a61a2171cb0c2da884f0a4,جس طرح بچہ چل نہ سکتا تھا تو اسے سہارے کی ضرورت تھی اسی طرح بڑھاپے میں ماں باپ کو اولاد کے سہارے کی ضرورت ہوتی ہے والدین کی دعائیں اللہ کے حضور مستجاب ہوتی ہیں اور ان کی ناراضگی غزب الہی بن جاتی ہیں
65a61ab571cb0c2da884f0a7,اج کا زمانہ جسے ہم ترقی یافتہ کہتے ہیں اتنا اگے بڑھ گیا ہے کہ وہ پرانی اخلاقی قدروں کو تاکہ نسیاں پر رکھتا جا رہا ہے لوگ اس لیے ان قدروں پر عمل نہیں کرتے کہ وہ ان کے بقول دقیانوسی ہیں حالانکہ انہی قدروں میں ان کی دینی اور دین بھی بہتری کے سامان پوشیدہ ہیں اور اج کل کی اولاد کی یہ سوچ بالکل غلط اور عذاب الہی کو دعوت دیتی ہے کہ والدین کی اطاعت ایک پرانی بات ہے
65a61ae971cb0c2da884f0aa,وہ ہمارے کام کے نہیں رہے ان کے اعضاء اور قوہ کمزور ہو چکے ہیں ہم کماتے ہیں اور یہ ہمیں بات بات پر ٹوکتے ہیں بہتر ہیں انہیں گھر سے نکال کر باہر کیا جائے اس زمانے میں ایسے بیٹی بھی دیکھنے میں ائے ہیں کہ اپنے سادہ لوح والد کو والد ماننے سے بھی انکار کر دیتے ہیں اور لوگوں کو کہتے ہیں یہ تو ہمارا ہمسایہ یا نوکر تھا خدا غارت کرے ایسے نان حجار بیٹوں کو
65a61b5b71cb0c2da884f0ad,ایسے لوگوں کو یاد رکھنا چاہیے کہ ایک دن ائے گا جب ان کے ساتھ بھی ایسا ہی سلوک ہوگا یہ وہی باپ ہے جس نے اسے پالا پوسا پڑھایا لکھایا جوان گیا ملازمت دلوائی اور اج دفتر میں اپنی جھوٹی پوزیشن بنانے کو کہتا ہے کہ یہ میرا باپ نہیں ہے ہمسایہ یا نوکر ہے تو ایسے لوگ اس ماں کو نوکرانی ہی کہیں گے جس نے محبت سے اپنی گود میں انہیں پالا راتوں کو ان کے لیے جاگتی رہی اگر خدانخواستہ بچہ بیمار ہو جاتا تو ان کی جان پر بن جاتی تھی
65a61b8871cb0c2da884f0b0,وہ اسے حکیموں ڈاکٹروں کے پاس لے لیے پھرتی تھی وہ گیلی جگہ پر اپ سوتی تھی اور خوش جگہ پر اسے لٹاتی تھی ہر وقت پیار سے اسے کھلاتی پلاتی نہلاتی دھلاتی سلاتی جگہ تھی گویا کہ وہ اسی کے لیے وقف تھی نہ اسے اپنے ارام کے پرواہ تھی نہ اسائش کی یہ یہی ماں وہ ماں ہے جس کے پیروں تلے جنت ہے
65a61be171cb0c2da884f0b3,دنیا کا کوئی معاشرہ کوئی دانشور کوئی فلسفی کوئی سیاستدان والدین کے ادب و احترام سے منکر نہیں خداوند عالم نے بھی قران کریم میں ارشاد فرمایا ہے کہ اپنے والدین کے ساتھ حسن سلوک سے پیش اؤ اور ان کے ساتھ اچھا برتاؤ کرو اور جب وہ بوڑھے ہو جائیں تو ان کے سامنے اف بھی نہ کرو اور انہیں نہ جھڑکو
65a61bfe71cb0c2da884f0b6,سورہ لقمان میں جہاں انسانوں کو خدا تعالی کا شکریہ ادا کرنے کی تاکید ہے وہاں والدین کا شکر گزار رہنے کی تلقین بھی اور ان کے حق میں دعا کرتے رہنے کی ہدایت ہے
65a61d2571cb0c2da884f0b9,رسول خدا کی یہ حدیث جنت ماں کے قدموں میں ہے نیز یہ کہ رب کی رضا باپ کی رضا میں ہے اور رب کی ناخوشی باپ کی نا خوشی میں ہے جو شخص اپنے والدین کو خوش کرتا ہے خدا بھی اسے خوش ہوتا ہے اور جو انہیں ناراض کرتا ہے اللہ تعالی بھی اسے ناراض ہو جاتا ہے
65a61d7571cb0c2da884f0bc,روایت ہے کہ ایک صحابی نے رسول خدا سے پوچھا کہ رسول اللہ میں سب سے زیادہ کس کی خدمت کروں اپ نے فرمایا اپنی ماں کی صحابی نے دوبارہ دریافت کیا پھر کس کی اپ نے فرمایا اپنی ماں کی تیسری بار بھی اپ نے یہی جواب دیا ماں کی صحابی نے پھر سوال کیا تو اپ نے فرمایا اپنے باپ اور دوسرے رشتہ داروں کی
65a61e1071cb0c2da884f0bf,والدین اگے ہوں تو رہنمائی کرتے ہیں پیچھے ہوں تو پشت پناہ ہی کرتے ہیں وہ حیات ہوں کہ اس دنیا سے اٹھ گئے ہوں اولاد کے لیے سراپہ دعا ہوتے ہیں حکیم الامت علامہ اقبال نے اپنے بیٹے جاوید اقبال سے خطاب کرتے ہوئے کہا تھا کہ اے بیٹے تجھے دینی بصیرت نصیب ہو جائے اور تو سعادت انسانیات سے بہرہ ور ہو جائے تو میں تیرے لیے قبر میں بھی دعا کروں گا
65a61e4371cb0c2da884f0c2,اے میرا تسکین جان شکیب تو اگر از حفظ جہانگیری نصیب سردی نے مصطفی گوئم تیرا ہم باخبر اندر دعا گویم تیرا
65a61e5471cb0c2da884f0c5,بس ہمارے انسانی اخلاقی اور دینی فرض ہے کہ اپنے والدین کی دل و جان سے خدمت کریں اسی میں ہماری فلاح ہے
65a7462b26046c743def12df,عنوان شہادت
65a7464026046c743def12e3,شہادت ہے مقصود و مطلوب مومن نہ مال غنیمت نہ کشور کشائی
65a746b526046c743def12e6,اسلام دین کامل ہے اور انسان کے لیے رہتی دنیا تک کے لیے مکمل ضابطہ حیات ہے عالم حالات میں تو پرامن رہنے کی تلقین کرتا ہے مگر حق کی خاطر خدا کے دین کی خاطر مادر وطن کی حرمت کی خاطر یہ کسی مسلمان کی خاطر جو دشمن کے نرغے میں گھیر گیا ہو یا کسی مظلوم کی مدد کی خاطر جہاد کا حکم بھی دیتا ہے ایسے خاص حالات میں جہاد فرض ہو جاتا ہے
65a746f626046c743def12e9,جہاد کا فلسفہ ایسا فلسفہ ہے جو قوم کو زندگی بخشتا ہے باعزت رہنے کے انداز سکھاتا ہے حق کی ابرو کو بچانا سکھاتا ہے جب حالات انتہائی ناسازگار ہو جائیں تو جہاد ہی کے ذریعے باطل کا مقابلہ کیا جا سکتا ہے اس کا نتیجہ چاہے کچھ بھی ہو ہر حالت میں جہاں میں حصہ لینے والا کامیابی ہی سے ہمکنار ہوتا ہے
65a7471f26046c743def12ec,اگر وہ حق بھی خاطر زندگی قربان کر دے شہید کہلاتا ہے اور اگر زندہ رہ جائے تو غازی بن جاتا ہے جب کبھی دشمنوں سے مقابلہ ہو اور دشمن کثیر تعداد میں ہوں اور طاقت میں بھی اپنے سے زیادہ ہوں تو جذبہ جہاد ہی مسلمان کو دشمن سے ٹکرانے کی ہمت اور جرات بخشتا ہے
65a7478e26046c743def12ef,صرف جذبہ شہادت سے سرشار مجاہد ہی دشمن کے سامان حرب کی کثرت سے کبھی نہیں گھبراتا اور نہ ہی اس کی تعداد سے خوفزدہ ہوتا ہے اس لیے کہ اسے اپنے خدا پر بھروسہ ہوتا ہے وہ صرف اور صرف یہی سمجھتا ہے کہ مجھے اپنا فرض پورا کرنا ہے وہ سمجھتا ہے کہ نتیجہ اللہ کے ہاتھ میں ہے اور فتح و نصرت اللہ ہی کی جانب سے ہے جو مدد کو ضرور پہنچے گا اور دشمنوں کے مقابلے میں مجھے تنہا نہیں چھوڑے گا
65a747bd26046c743def12f2,تاریخ شاہد ہے کہ مجاہد کا مطلوب و مقصود صرف شہادت ہوتا ہے وہ اپنے شہید ہونے والے ساتھیوں پر رشک کرتا ہے کیونکہ وہ سمجھتا ہے کہ یہ دنیا فانی ہے اور مجھے بھی ایک نہ ایک دن اس دنیا کو خیرباد کہنا ہی ہے کیوں نہ اخرت کی دنیا کے لیے زاد سفر ساتھ لے چلوں اور مرنے سے قبل زندگی میں کوئی ایسا کام کر جاؤں جس سے قرب خداوندی بھی حاصل ہو جائے اور لوگوں کے لیے مثال بھی قائم ہو جائے
65a7480e26046c743def12f5,با عزت موت سے انسان کو ہمیشہ کی زندگی ملتی ہے جس سے پانی ہوتا ہے اور مٹی میں مل کر فنا ہو جاتا ہے مگر کردار کبھی نہیں مرتا وہ زندہ رہتا ہے اسی لیے جو لوگ راہ خدا میں اپنی جانیں قربان کر دیتے ہیں زندہ جاوید ہو جاتے ہیں ان کے نام تاریخ میں ہمیشہ محفوظ رہتے ہیں
65a7487c26046c743def12f8,منصب شہادت ایسا ہے کہ اس پر کوئی قسمت والا ہی فائض ہوتا ہے جس قدر مجاہد کا مقصد بلند ہوتا ہے اسی قدر اس کا رتبہ شہادت بلند ہوتا ہے جب ظلم و ستم حد سے بڑھ جائے جب دشمن ساری اخلاقی قدروں کو پامال کر دے جب عصمت وفت خانے نگاہوں اور بے لگام ہاتھوں بے ابرو ہونے لگے تو مسلمان اللہ کا نام لے کر اللہ کی خوشنودی کے لیے مظالم کے خلاف کفن بردوش میدان میں نکل اتا ہے
65a7489c26046c743def12fb,پھر زمانے کی کوئی طاقت اور وقت کی کوئی زیادتی اسے سرفروشی سے باز نہیں رکھ سکتی جب تک ظلم کے بادل نہ چھٹ جائیں دین مبین محفوظ نہ ہو جائے اور عزت و عفت کو امان نہ مل جائے وہ اپنی تلوار میان میں نہیں رکھتا
65a748d926046c743def12fe,مسلمان باطل کے اگے جھکنا نہیں جانتا وہ حق کے لیے سر کٹا لینا پسند کرتا ہے مگر باطل کے سامنے سر نہیں جھکاتا راہ حق راہ خدا ہوتی ہے اس راہ میں جہاد کرتے ہوئے جو زندہ رہا وہ غازی بنا اور جو کام ایا وہ شہید کہلایا رتبہ شہادت تمام مرتبہ سے اعلی و عرفہ ہے یہ وہ جذبہ ہے جس میں مسلمانوں کو حیات کا راز پنہاں ہے
65a748d926046c743def1301,مسلمان باطل کے اگے جھکنا نہیں جانتا وہ حق کے لیے سر کٹا لینا پسند کرتا ہے مگر باطل کے سامنے سر نہیں جھکاتا راہ حق راہ خدا ہوتی ہے اس راہ میں جہاد کرتے ہوئے جو زندہ رہا وہ غازی بنا اور جو کام ایا وہ شہید کہلایا رتبہ شہادت تمام مرتبہ سے اعلی و عرفہ ہے یہ وہ جذبہ ہے جس میں مسلمانوں کو حیات کا راز پنہاں ہے
65a7492626046c743def1304,اسلام میں دوسرے مذاہب کی نسبت ایک خاص صفت یہ ہے کہ اس نے جذبہ جہاد کو ہر کٹھن وقت کے لیے اگدا کشا قرار دیا ہے طلوع اسلام سے اج تک مسلمانوں میں جہاد کا جذبہ موجود رہا ہے اور قیامت تک موجود رہے گا مسلمانوں کی اسی جذبے سے بڑے بڑے شہنشاہوں کو شکست ہوئی اب بڑے بڑے جابروں کو زوال نصیب ہوا
65a7495426046c743def1307,غیر مذاہب کے اکابرین بھی مسلمانوں کے اس جذبے کا اعتراف کرتے ہیں انہوں نے اپنے مذاہب میں اس جذبے کو پیدا کرنے کی کوشش بھی کی مگر کامیاب نہ ہو سکے یہ صرف مسلمانوں ہی کا مقدر ہے لافانی اور لاثانی اسی جذبے کا نتیجہ ہے کہ مسلمان موت سے نہیں گھبراتا اور اس راستے میں موت کو بھی حیات دائمی سمجھتا ہے کسی نے بالکل صحیح کہا ہے شہید کی جو موت ہے وہ قوم کی حیات ہے
65a749c726046c743def130a,مسلمان کا منشا و مقصود مال غنیمت اور کشور کشائی نہیں ہوتا وہ اس لیے اپنا خون بہاتا ہے کہ انسانیت کو سکون ملے اخلاق کی قدروں کو فروغ ملے تہذیب تمدن کے حوالے سے دنیا میں بہتری کے سامان پیدا ہوں عصمت محفوظ رہے حق و انصاف کا بول بالا ہو ظلمت کا دو میں ضیائے نور سے روشنی ہو جائے
65a749ed26046c743def130d,تاریخ شاہد ہے کہ دنیا میں بڑے بڑے فاتح ائے انہوں نے زور شمشیر سے اپنی کشور کشائی کی پیاس بجھائی اس کے برعکس مسلمان جب بھی اٹھا حق کے لیے اٹھا اور وہ جدھر بھی گیا ظلم و ستم کے لیے نشتر بن کر صلح و اخوت کا پیغام لے کر گیا
65a74a5a26046c743def1310,وہ عورتوں کی عزت کا پاسبان بنا اس نے بچو اور مازوروں کو شفقت بخشی مسلمانوں نے تو غیر مذاہب کے لوگوں کو بھی پوری ازادی دی بلکہ ان کے مال و متا اور ان کی املاک کی حفاظت کی ذمہ داری بھی اپنے کندھوں پر اٹھائی بیٹی چاہے اس کی اپنی ہو یا غیر مذہب کی ہو مسلمان دونوں کا یکساں احترام کرتا ہے وہ کرسی عدالت پر بیٹھ کر مسلم غیر مسلم میں سب کے لیے یکساں عدل و انصاف کرتا ہے الغرض جذبہ شہادت مسلمان کی متاع حیات ہے
65a74c9fade75c15db7f5fe8,عنوان حسن اخلاق
65a74d17ade75c15db7f5fec,کہتے ہیں جادو وہ جو سر چڑھ کر بولے موسیقی جادو ہے سر ہوتی ہے مگر اس کا اثر محدود وقت کے لیے ہوتا ہے حسن کا جادو بھی خوب چلتا ہے مگر خود حسن ہی پائیدار نہیں ہوتا اس لیے اس کا اثر بھی پائیدار نہیں ہوتا صرف اخلاق کا جادو ایسا ہے جو دیر پا بلکہ مستقل ہے جس کا اثر تاحیات رہتا ہے اخلاق کا جادو اس قدر گہرا اثر رکھتا ہے کہ انسان اس سے متاثر ہوئے بغیر نہیں رہ سکتا
65a74d6dade75c15db7f5fef,ہر پیغمبر نے دنیا کو اخلاق سکھایا مگر پیغمبر اخر الزماں حضرت محمد صلی اللہ علیہ والہ وسلم نے جو اخلاق انسان کو سکھایا اور جس کا عملی نمونہ خود دیا اس کی مثال روئے زمین پر نہیں مل سکتی حضور مقبول کا اخلاق سب نبیوں سے اعلی اور عرفہ تھا ان کا اخلاق اتنا بلند تھا کہ جس پر بھی نظر کرم ڈالتے تھے وہ اپ کا گرویدہ ہو جاتا تھا اور ساری عمر کے لیے اپ کا غلام ہو کر رہ جاتا تھا چاہے اس راہ میں اسے کتنی ہی سخت سے سخت مصیبتوں کا سامنا کرنا پڑے
65a74db3ade75c15db7f5ff2,ایک بوڑھی عورت کا قصہ مشہور ہے وہ ہر روز اپ صلی اللہ علیہ والہ وسلم پر کوڑا کرکٹ پھیکا کرتی تھی ایک دن حضور صلی اللہ علیہ والہ وسلم اس کے مکان کے نیچے سے حسب معمول گزرے تو اپ پر کسی نے کوڑا کرکٹ نہ پھینکا تو اپ نے محلے والوں سے دریافت کیا کہ فلاں مائی خیریت سے تو ہے لوگوں نے بتایا کہ وہ تو بیمار ہیں اپ یہ سنتے ہی اس کی تیمارداری کے لیے اس کے گھر چلے گئے مائی نے دیکھا کہ یہ وہی شخص ہے جس پر میں روزانہ کوڑا پھینکا کرتی تھی مگر برا ماننے یا کچھ کہنے کی بجائے خاموشی اور شرافت سے برداشت کر کے چلا جاتا تھا اور اج وہی میری تیمارداری کے لیے اگیا ہے
65a74de9ade75c15db7f5ff5,یہ دیکھ کر وہ بہت متاثر ہوئی اور یہ سوچنے پر مجبور ہو گئی ہی عام انسان نہیں واقعی خدا کا پیغمبر ہے اسے اپنی غلطی کا احساس ہو گیا اس نے حضور سے معافی مانگی اور اپ پر ایمان لے ائی گویا یہی اپ کے اخلاق کا اثر تھا اسی طرح کے بے شمار واقعات ایسے ہیں جن سے پتہ چلتا ہے کہ اخلاق انسان کی وہ صلاحیت ہے جس سے انسان کی تکمیل ہوتی ہے اور اگر انسانیت میں سے اخلاق کی صفت نکال لی جائے تو باقی صرف حیوانیت رہ جاتی ہے
65a74e74ade75c15db7f5ff8,لفظ اخلاق خلق کی جمع ہے خلق اس فضیلت انسانی کا نام ہے جس کا دائرہ اس قدر وسیع ہے کہ اس کا احاطہ کرنا ناممکن ہے البتہ حسن خلق اس نفسیاتی کیفیت کو کہتے ہیں جو امور باطنا سے تعلق رکھتی ہے اس فضیلت کا وجود کسی انسان میں اس کے اثار بس امرات ہی سے ظاہر ہو سکتا ہے باطن کی اس روشنی کا عکس انسان کی ظاہری برتاؤ اور سلوک ہی سے معلوم ہو سکتا ہے حسن اخلاق میں بہت سی صفات شامل ہیں مثلا صدق صبر حیا تواضع ایفائے عہد اے پوشی غیرت شجاعت عفت حکومت عدل و اخوت رحم شفقت وغیرہ وغیرہ
65a74ef1ade75c15db7f5ffb,اخلاقی فضیلتوں کا ذکر کرنے کے لیے نہ صرف ایک کتاب بھی نہ کافی ہے بلکہ اس کا ذکر کرنے کے لیے حوالوں کی خاطر بھی ایک نہیں بے شمار کتابیں درکار ہوں گی چند اقوال ملاحظہ ہوں مخلوق خدا کو خوشی اور مصیبت دونوں حالتوں میں راضی اور پسندیدہ خاطر رکھنا اس نے خلق ہے
65a74f0cade75c15db7f5ffe,ہر حالت میں اللہ کی رضا جوئی حسن خلق ہے
65a74f4aade75c15db7f6001,حسن خلق کا ادنی درجہ یہ ہے کہ انسان میں قوت برداشت ہو اور وہ انتقام کے کبھی در پہ نہ ہو دشمن پر بھی رحمت و شفقت کی نظر ہو اور اس کے ظلم پر خدا سے اس کی مغفرت کا طالب ہو چار چیزیں حسن خلق ہیں سخاوت الفت خیر خواہی اور شفقت خلق عظیم جو دو کرم درگزر افو اور احسان کے مجموعوں کا نام ہے
65a74facade75c15db7f6004,فرائض کی انجام دہی کا دوسرا نام اخلاق ہے حسن اخلاق کے متعلق جگہ جگہ پر قران عزیز میں اللہ تعالی کے احکام موجود ہیں اسی طرح سے مجسمہ اخلاق سرور کائنات رسول اللہ صلی اللہ علیہ والہ وسلم نے بھی بار بار حسن اخلاق کی تلقین فرمائی ہے اور خود اپنی مثال سے رہتی دنیا کے لیے حسن اخلاق کا بے مثال نمونہ چھوڑا ہمیں چاہیے کہ اپ کی سیرت کا مطالعہ کریں اور اپنے اخلاق و سنوارنے کی کوشش کریں
65a74fdcade75c15db7f6007,صدق کے متعلق اپ فرماتے ہیں بلا شبہ سچائی بھلائی کی جانب رہنمائی کرتی ہے بھلائی جنت کی راہ دکھاتی ہے حضرت علی رضی اللہ تعالی عنہ کا قول ہے صبر ایسی سواری ہے جس سے گرنے کا کبھی اندیشہ نہیں ہوتا حدیث شریف میں اتا ہے کہ حیا ایمان کی شاخ ہے حیا خیر کے علاوہ دوسری کوئی چیز نہیں دیتی
65a7507aade75c15db7f600a,ایک جگہ حضور صلی اللہ علیہ والہ وسلم کا ارشاد مبارکہ ہے جب تو اپنے دشمن پر انتقام کی قدرت رکھتا ہو تو اس قدرت کے شکریہ میں تو انتقام سے درگزر کر اور اس کو معاف کر دے یہ کیفیت انسان میں وہ صحت ظرف پیدا کر دیتی ہے ا بن قیس کہا کرتے تھے کہ جو شخص میرے ساتھ عداوت رکھتا ہے میں اس کے بارے میں تین باتوں میں سے ایک بات اختیار کر لیتا ہوں
65a750bcade75c15db7f600d,اگر وہ مجھ سے بلند رتبہ ہے تو میں اس کی برتری کا اعتراف کرتا ہوں اور اس کی قدر کا اظہار کرتا ہوں اس لیے کہ یہی حق ہے اور حق سے گزید بد اخلاقی ہے اور اگر وہ مجھ سے کمتر ہے تو میں اس کے مقابلے میں حلم اختیار کرتا ہوں اور اگر وہ میرے برابر ہے تو میں اس کے اس طرح سے عمل کے مقابلے میں خود کو بالاتر بنا لیتا ہوں اور برائی کو جواب برائی سے نہیں دیتا گویا برائی کا جواب برائی سے دینا بھی بد اخلاقی ہے یاد رہے کہ علم الاخلاق میں حسد تعصب کبر عیب جوئی سود وغیرہ امراض اخلاق ہے ان سے اجتناب کرنا ضروری ہے
65a7527269c1f41c59142c1c,عنوان قناعت
65a752ac69c1f41c59142c20,انسان اچھی بری مختلف قسم کی صفات رکھتے ہیں عام طور پر اچھائیاں اور برائیاں ہر ادمی میں موجود ہوتی ہیں کوئی شخص اچھے اخلاق کا مالک ہوتا ہے اور کوئی برے اخلاق کا ادمی میں جو صفات دوسری صفات پر غالب ا جائیں وہ اسی قسم کا ادمی کہلاتا ہے مثلا ایک ادمی میں برائیوں کی نسبت اچھائیاں بہت زیادہ ہیں تو اس کی برائیاں اچھائیوں سے مغلوب ہو جاتی ہیں اسے ہم اچھا انسان کہیں گے اور اگر اس کی برائیاں اچھائیوں پر غالب ا جائیں تو ہم اسے برا انسان کہیں گے
65a752f269c1f41c59142c23,اچھی صفات کے مالک انسان کو خوش اخلاق کے نام سے پکاریں گے اور جس میں برائیاں زیادہ ہوں گی ہم اسے بد اخلاق کہیں گے علم الاخلاق میں قناعت صبر کے تحت اتی ہے گویا قناعت صبر کی ایک قسم ہے
65a7531e69c1f41c59142c26,اگر کوئی شخص نفسانی خواہشات کے مقابلے میں صبر کرتا ہے تو اسے عفت کہتے ہیں اگر مصائب کے مقابلے میں صبر کرتا ہے تو اسے قوت برداشت کہتے ہیں طاقت اور عمارت کے باوجود تحمل بردباری کا نام ضبط نفس ہے
65a753c169c1f41c59142c29,میدان جنگ میں تحمل بردباری اور برداشت کو سخاوت کہتے ہیں غصے پر قابو پانے کا نام حلم ہے مصائب کا مقابلہ کرنے کو حوصلہ کہتے ہیں فضول عیش پسندی سے اجتناب کرنے کو زہد کہتے ہیں اور کم از کم لزائز پر راضی رہنا اور شکوہ نہ کرنا قناعت کہلاتا ہے اس کی ضد تمام ہے
65a7540769c1f41c59142c2c,کئی لوگ قناعت کو ترقی کی نشونما کے لیے ایک رکاوٹ سمجھنے لگ جاتے ہیں وہ سمجھتے ہیں کہ انسان قناعت کر کے بیٹھ جائے تو وہ ترقی نہیں کر سکے گا یہ ان کی غلط فہمی ہے انہوں نے قناعت کو سمجھنے کی کوشش ہی نہیں کی اصل میں فلسفہ قناعت یہ ہے کہ انسان کو اللہ تعالی نے جب اس دنیا میں بھیجا تو اس کے اطمینان و سکون کے لیے کچھ ایسے اصول وضع کر دیے کہ اس دنیا میں رہتے ہوئے اگر وہ مصائب اور مشکلات میں مبتلا ہو جائے تو ان اصولوں پر عمل کر کے ان سے چھٹکارا پا سکے اور سکون سی زندگی گزار سکے
65a7545f69c1f41c59142c2f,قناعت کی تعریف یہ ہے کہ کم از کم نعمتوں پر بھی اللہ کی رضا پر راضی رہنا اور نعمتوں کی کمی کے باوجود شکوہ نہ کرنا قناعت ہے کون کہتا ہے کہ انسان اپنی ترقی کے لیے کوشاں نہ ہو اپنی ترقی کے لیے تجارت کو نہ بڑھائے اپنی ترقی کے لیے تجسس نہ کریں قناعت یہ ہے کہ جیسے بھی حالات ہوں انسانی ان حالات سے سمجھوتا کرے اور اپنے دل و دماغ پر بوجھ نہ ڈالے اور نہ ہی دوسروں کو دیکھ دیکھ کر کرتا رہے مثلا یہ نہ سوچے کہ فلاں ادمی کے پاس کوٹھیاں ہیں کاریں ہیں میرے پاس نہیں ہے وہ یہ سوچتے سوچتے پاگل نہ ہو جائے اور اپنا سکون نہ کھو بیٹھے اور ایسے قلم غلط کام نہ کر بیٹھے جن میں سے تکلیف ہو بلکہ وہ اپنی موجودہ حالت کو اللہ تعالی کی رضا جان کر بخوشی قبول کر لے اور سمجھ لے کہ مجھے انہی حالات میں رہ کر فی الحال گزارا کرنا ہے
65a754a769c1f41c59142c32,وہ جان لے مجھے کہ کوشش کو جو میرا فرض ہے جاری رکھنا ہے کیونکہ جس خدا نے مجھے یہ کچھ دیا ہے اگر میں کوشش کروں گا تو وہ انشاءاللہ زیادہ بھی دے دیا کرے گا قناعت کا ہرگز یہ مطلب نہیں کہ انسان اپنی صلاحیتوں کو بروئے کار نہ لائے یہ ترقی کے لیے مزید کوشش نہ کرے ترقی کرنے کے لیے کوشش کا اسے حکم بھی ہے اور یہ اس کا حق بھی ہے
65a754f069c1f41c59142c35,بات تو صرف اتنی سی ہے کہ اگر ایک شخص اپنے موجودہ حالات پر مطمئن نہیں تو ایک تو اس کا دل و دماغ کو سکون میسر نہیں ہوگا دوسرے وہ مایوسی اور پریشانی کے سبب ایسے ذرائع اختیار کرے گا جو غلط ہوں گے ان کے اختیار کرنے میں اسے خود بھی تکلیف ہوگی اور ممکن ہے کہ اس میں دوسروں کی حق تلفی بھی ہو جائے
65a7552369c1f41c59142c38,لہذا تاکید قناعت کا مطلب یہ ہے کہ انسان اپنے موجودہ حالات پر مطمئن رہے اور خدا سے شکوہ نہ کریں اور مزید ترقی کے لیے کوشش کرتا رہے جب وہ اپنے موجودہ حالات پر مطمئن اور اللہ تعالی کا شکر گزار ہوگا تو یہ عین رضائے خداوندی کے مطابق ہوگا جب وہ قانون خداوندی کے تحت اگے بڑھنے کی کوشش کر رہا ہوگا تو اپنی ترقی کے لیے ایسے ذرائع کبھی اختیار نہیں کرے گا جن کے اختیار کرنے میں دوسروں کے حق تلفی ہو یا اسے ذہنی پریشانی کا سامنا کرنا پڑے
65a7552469c1f41c59142c3b,لہذا تاکید قناعت کا مطلب یہ ہے کہ انسان اپنے موجودہ حالات پر مطمئن رہے اور خدا سے شکوہ نہ کریں اور مزید ترقی کے لیے کوشش کرتا رہے جب وہ اپنے موجودہ حالات پر مطمئن اور اللہ تعالی کا شکر گزار ہوگا تو یہ عین رضائے خداوندی کے مطابق ہوگا جب وہ قانون خداوندی کے تحت اگے بڑھنے کی کوشش کر رہا ہوگا تو اپنی ترقی کے لیے ایسے ذرائع کبھی اختیار نہیں کرے گا جن کے اختیار کرنے میں دوسروں کے حق تلفی ہو یا اسے ذہنی پریشانی کا سامنا کرنا پڑے
65a755a369c1f41c59142c3e,کان ہے کبھی پریشان مایوس اور نا امید نہیں ہوتا وہ ہمیشہ مطمئن رہتا ہے قناعت خوشی تسلی اطمینان اور راحت کا سرچشمہ ہے پانے خود بھی خوش رہتا ہے اور دوسروں کو بھی خوش رکھتا ہے اس کے لیے مسرت و خوشی کے دروازے کھلے رہتے ہیں کانے کا دل حسد کینہ تکبر سے پاک ہوتا ہے وہ مطمئن اور خوش رہتا ہے اس کا حوصلہ بلند اور ارادہ مسمم ہوتا ہے
65a755c269c1f41c59142c41,وہ زندگی میں اچھے برے حالات کا مقابلہ ہنسی خوشی کرتا ہے اور اچھے دنوں کی امید پر بغیر کسی شکوے کے اور بغیر کسی کو نقصان پہنچائے برا وقت گزار لیتا ہے اس کے ایسے طرز عمل پر اللہ تعالی خوش ہوتا ہے اور انعام کے طور پر اس پر اپنا خاص فضل کرتا ہے اور اس کے برے دنوں کو اچھے دنوں میں بدل دیتا ہے
65a7562269c1f41c59142c44,کان ہے ہر دل عزیز بھی ہوتا ہے کیونکہ وہ دوستوں کا ہمدرد اور غم خوار ہوتا ہے عدو انکساری وہ غم گھساری اس کا شیوہ ہوتا ہے شکر گزاری اس کی عادت بن جاتی ہے وہ دوسروں کی مال و دولت کو دیکھ کر حسد نہیں کرتا جو کچھ اللہ تعالی نے اسے دیا ہوا ہوتا ہے وہ اس پر مطمئن ہوتا ہے اس کے لب پر کبھی شکوہ نہیں اتا وہ سمجھتا ہے کہ اگر خدا مجھے یہ بھی نہ دیتا تو میں کیا کر سکتا تھا بجائے اس کے کہ میں خدا کا شکوہ کروں یہ دوسروں سے حسد کروں مجھے کوشش کرنا چاہیے کہ ہمت اور کوشش سے خود ترقی کروں اللہ تعالی صبر کرنے والوں کے ساتھ ہوتا ہے اور انہیں صبر کا انعام ضرور عطا فرماتا ہے
65a757fde61374eff30303f4,عنوان اتحاد و اتفاق
65a75816e61374eff30303f8,فرد قائم ربط ملت سے ہے تنہا کچھ نہیں موج ہے دریا میں اور بیرون دریا کچھ نہیں
65a75863e61374eff30303fb,اتحاد کے معنی اپس میں متحد اور اکٹھے ہو کر زندگی بسر کرنے کے ہیں یوں اتحاد ایک چھوٹا سا لفظ ہے مگر یہ لفظ اتنا جامع ہے کہ اس کے اندر معنی کا ایک جہان پوشیدہ ہے انفرادی قوت فکری قوت معاشرتی قوت اقتصادی قوت ایوانی قوت اور سائنسی قوت اسی طرح کی تمام قوتوں میں یکجہتی ہو تو پھر اتحاد مکمل ہوتا ہے اگر تمام انسانی قوتوں اور صلاحیتوں میں مطابقت اور افکار و کردار اور قول و فعل میں کسی قسم کا تضاد نہ رہے تو اتحاد کی بدولت بہتر فضا پیدا ہو سکتی ہے البتہ اگر اختلاف رائے اصلاح کی غرضوں سے ہو تو اسے نفاق نہیں کہا جائے گا کیونکہ اس میں بد نیتی نہیں بلکہ غلط کو درست کرنے کی نیت ہوتی ہے
65a758c7e61374eff30303fe,قومی اتحاد کا مطلب یہ ہے کہ پوری قوم کے افراد ایک ہو جائیں اور زندگی کے کسی شعبے میں ان میں تفریق نہ پائی جائے یہاں تک کہ ایک قوم کے تمام افراد کی بنیادی عقائد و نظریات میں بھی یکجہتی ہو اور وہ دوسرے چھوٹے چھوٹے اختلافات کو جنہیں فروعی اختلافات کہا جا سکتا ہے نظر انداز کرنے کا جذبہ رکھتے ہوں
65a75910e61374eff3030401,اگر کسی ایک شعبے میں اتحاد اور دوسرے میں اختلاف ہے تو اس اتحاد کا کوئی فائدہ نہیں ہوتا اسے نفاق ہی کہا جائے گا قوم باہمی ربط سے بنتی ہے اگر اس کے افراد میں اتحاد نہیں تو دوسرے لفظوں میں ان میں ابھی ربط ہی نہیں
65a7592de61374eff3030404,قوم ایک سمندر ہوتا ہے اور افراد اس کے قطرے ہوتے ہیں اگر ان میں نفاق ہو تو وہ قطرے کہلائیں گے اور اکٹھے ہو جائیں گے تو سمندر کہلائیں گے اتفاق اور نفاق کی طاقت کا موازنہ قطرے اور سمندر کی طاقت سے بخوبی کیا جا سکتا ہے
65a759d6e61374eff3030407,تاریخ کے اوراق شاہد ہیں کہ اج تک جس قوم یا ملک نے ترقی کی ہے اس کی بنیاد اتحاد اور اتفاق ہی رہی ہے اگر کسی ملک میں بڑے بڑے ذہین اور کامیاب سائنسدان ہوں اس کے پاس سامان حر بھی با افراد ہو اس کی جرنل بھی تجربہ کار اور جنگجو ہوں اس میں بڑے بڑے علماء و فضلہ بھی موجود ہوں اور اس کے پاس بری بحری اور ہوائے قوتیں بھی ہوں مگر قوم میں اتفاق یا اتحاد نہ ہو تو یہ تمام قوتیں اور صلاحیتیں بیکار بلکہ نہ ہونے کے برابر ہیں
65a75a03e61374eff303040a,قوم کا نفاق اپنی تمام صلاحیتوں کے باوجود اپنے ملک کو ترقی دینے کی بجائے اسے تباہ و برباد کر کے رکھ دے گا کیونکہ اتحاد تعمیری نشونما کا باعث بنتا ہے اور نفاق تخریب کا سبب بنتا ہے
65a75a65e61374eff303040d,نہ اتفاقی اور باہمی اداوت جو اتحاد کی ضد ہیں قوم کو اور اس کے افراد کو ضیا اور بدبختی کی طرف لے جاتی ہیں مشکل سے مشکل کام کو انسان اکٹھے ہو کر کریں تو وہ نفسیاتی طور پر ان کے لیے مشکل نہیں رہتا اور نہ انہیں اس میں ناکامی ہوتی ہے اتحاد کی حرارت سخت سے سخت چیز کو بھی موم کی طرح پگھلا دیتی ہے
65a75ab7e61374eff3030410,اتحاد سے انسان کے اندر ایک خاص قسم کا تعمیری جذبہ پیدا ہو جاتا ہے جو دلوں میں حوصلہ اور ہمت کو بڑھاتا ہے ادمی جب دیکھتا ہے کہ میرے دائیں بائیں اگے اور پیچھے سب لوگ ایک زبان ہیں متحد ہو کر پہاڑ کے سینے پر تیشہ چلا رہے ہیں تو جو ولولہ اس منظر سے پیدا ہوتا ہے وہ دلوں کو مزید گرماتا ہے اور ہمت کو کئی گناہ بڑھاتا چلا جاتا ہے جس سے کمزور ادمی کے اندر بھی طاقت ا جاتی ہے
65a75ae0e61374eff3030413,اتحاد طاقتور اور کمزور سب کی طاقت مل کر ایک طاقت بن جاتی ہے اور پہاڑ بھی ریزہ ریزہ ہو کر انہیں با ہمت اور متحدہ لوگوں کے پیروں تلے ہوتا ہے
65a75b08e61374eff3030416,ملک میں کاشتکار بھی ہوتے ہیں تاجر بھی ہوتے ہیں صنعت کار بھی ہوتے ہیں مزدور بھی ہوتے ہیں دانشور بھی ہوتے ہیں قانون دان بھی ہوتے ہیں اور سائنسدان بھی ہوتے ہیں گویا مختلف شعبوں سے تعلق رکھنے والے لوگ ہوتے ہیں اگر ان میں قومی حوالے سے اتحاد ا جائے تو وہ انفرادی اور اجتماعی ہر اعتبار سے ملکی مفاد میں کام کر سکتے ہیں اور ملکی خدمت کر سکتے ہیں
65a75b35e61374eff3030419,یوں سمجھیں کہ تمام اپنے اپنے محاذ پر ملک کے لیے لڑ رہے ہیں وہ جہاں جہاں پر بھی ہیں دوری کے باوجود متحد ہیں اور اتحاد کے صحیح معنوں میں داعی ہیں اگر ان کا نظریہ ذاتی منفعت پر مبنی ہے تو وہ سب کے سب مرض نفاق میں مبتلا ہیں اور وہ ملک و قوم کے لیے ہرگز مفید ثابت نہیں ہو سکتے قوم افراد سے بنتی ہیں اور افراد کا کردار ہی مجموعی طور پر قوم کا کردار کہلاتا ہے
65a75b93e61374eff303041c,اگر کوئی شخص کوئی غلط کام کرتا ہے تو اس میں اس کی ذاتی منفعت ہوتی ہے کوئی رشوت لیتا ہے یا دیتا ہے تو اس میں بھی اس کی اپنی خود غرضی ہی ہوتی ہے دوسرے کو اس منفعت میں شامل کرنا تو درکنار وہ ان کو نقصان پہنچاتا ہے یہ بھی نفاق ہی کی ایک شکل ہے
65a75bbae61374eff303041f,اتحاد میں جذبہ ہمدردی بھی پایا جاتا ہے لیکن خود غرضی مقصود ہو تو اتفاق و اتحاد ممکن نہیں اصل میں ہمدردی محبت پیار اتفاق اور اتحاد یہ سب ایک ہی پھول کی پتیاں ہیں ان سب کا ملا پھول کے خوشنمائی بخشتا ہے جبکہ نفاق ان پتیوں کو منتشر کر کے پھول کو برباد کر دیتا ہے
65a75c4de61374eff3030422,اسلام اخوت کا درس دیتا ہے اخوت کیا ہے اخوت سے اتحاد و مساوات کا سبق ملتا ہے خدا تعالی نے پیغمبر اخر الزماں کو انسانیت کی شیرازہ بندی کے لیے بھیجا تاکہ مسلمان ہندی ہوں یا پاکستانی عربی ہوں یا اجوائی ایرانی ہوں یا عراقی رومی ہوں یا افغانی سب ایک ہی لڑی میں منسلک ہو جائیں
65a75ccce61374eff3030425,اسلام اخوت کا درس دیتا ہے اخوت کیا ہے اخوت سے اتحاد و مساوات کا سبق ملتا ہے خدا تعالی نے پیغمبر اخر الزماں کو انسانیت کی شیرازہ بندی کے لیے بھیجا تاکہ مسلمان ہندی ہو یا پاکستانی عربی ہوئی یا اجمعی ایرانی ہو یا عراقی روی ہو یا افغانی سب ایک ہی لڑی میں منسلک ہو جائیں
65a75d12e61374eff3030428,ان کی تمدنی اخلاقی اور مذہبی زندگی میں ہم اہنگی ویک جہتی ہو پانچوں وقت کی نماز مسجد میں پڑھنے کی فضیلت بھی اسی لیے ہے کہ لوگ مل کر عبادت بھی کریں اور مسائل کو اتحاد و اتفاق سے حل بھی کریں اگر قوم کے افراد میں ایک دوسرے کے ساتھ ہمدردی اور اخوت پیدا ہو جائے تو قوم خوشحال ہوگی اور ملک ترقی کرے گا کیونکہ خوشحالی ترقی اور اقبال مندی کا دارالمدار اتحاد و اتفاق پر ہی ہے
65a781244f6a7e2f8c213b1a,عنوان اتحاد و مساوات
65a781384f6a7e2f8c213b1e,ایک ہی صف میں کھڑے ہو گئے محمود و ایاز نہ کوئی بندہ رہا اور نہ کوئی بندہ نواز
65a781674f6a7e2f8c213b21,ترقی یافتہ قوموں میں اتحاد تو ہوتا ہی ہے کیونکہ بغیر اتحاد کے وہ ترقی کے زینے پر کبھی چڑھ ہی نہیں سکتی لیکن یہ کبھی دیکھنے میں نہیں ایا کہ سوائے مسلمانوں کے کسی قوم میں اتحاد اور مساوات یکجیاں ہوں جب تک بندہ و اقا میں تمیز باقی ہے مساوات کے تقاضے پورے نہیں ہوتے بندہ و اقا میں تمیز ختم کرنے اور سب انسانوں کے برابر ہونے کا درس صرف اسلام ہی دیتا ہے
65a781974f6a7e2f8c213b24,اسلام کے بہترین ضابطہ حیات ہونے کی ایک دلیل یہ بھی ہے کہ اس میں مساوات ہے جس کی تعلیم ہمیں ہمارے رسول مقبول نے دی کل مومن اخوہ یعنی تمام مسلمان بھائی ہیں ایک مسلمان امریکہ میں رہ رہا ہو یا پاکستان کا باشندہ ہو بلا امتیاز رنگ و نسل وہ دونوں ایک دوسرے کے بھائی ہیں گورے کو کالے یا عربی کو اجمعی پر کوئی فوقیت حاصل نہیں
65a781bd4f6a7e2f8c213b27,صرف تقوی ہی ایک ایسا معیار ہے جس سے کسی ایک دوسرے پر فضیلت حاصل ہو سکتی ہے ورنہ ایک انسان کی حیثیت سے محمود و ایاز ایک دوسرے کے برابر نماز پڑھ سکتے ہیں اگر غلام پہلے ا کر اگلی صف میں کھڑا ہو گیا ہے اور بادشاہ بعد میں اتا ہے تو وہ غلام کو پیچھے نہیں بھیج سکتا
65a781f04f6a7e2f8c213b2a,دونوں کی عبادت کا طریقہ ایک ہی ہے جو پہلے دن سے حضور نے مسلمانوں کے لیے مقرر کیا ہے کوئی بھی شخص اپنے زہد و تقوی سے قرب الہی حاصل کر سکتا ہے یہ اس کی اپنی محنت اور ریاضت پر منحصر ہے امیر کے لیے بھی دن میں پانچ وقت کی نماز فرض ہے اور غریب پر بھی پانچ وقت کی امیر کو کوئی رویت نہیں اور غریب سے کوئی نا انصافی نہیں
65a783584f6a7e2f8c213b2d,امیر کے لیے بھی سال بھر میں ایک ماہ کے روزے فرض ہیں اور غریب کے لیے بھی وہی ایک ماہ کے روزے ہیں دونوں کے لیے روزہ رکھنے کا وقت بھی ایک ہے اور کھولنے کا وقت بھی ایک ہے
65a783784f6a7e2f8c213b30,زکوۃ بھی ہر صاحب حیثیت کے لیے فرض کی گئی ہے سب کو ڈھائی فیصد ادا کرنا پڑتی ہے یہ نہیں کہ امریکہ میں رہنے والا کسی اور شرح سے زکوۃ دے اور پاکستان میں رہنے والی کے لیے شرح کوئی اور ہو اور یہی اصول فریض حج کے لیے ملحوظ رکھا گیا ہے
65a783914f6a7e2f8c213b33,ادائیگی حج کا سب کے لیے ایک ہی طریقہ ہے مناسک حج میں پوری طرح سے یکسانیت ہے احرام باندھنے کا طریقہ بھی ایک ہے یہ نہیں کہ امیر کا لباس کچھ اور ہو اور غریب کا لباس کچھ اور ہو
65a783c94f6a7e2f8c213b36,اسلام کے بہت قلیل عرصے میں دور درازک پھیل جانے کی وجہ اسلامی جذبہ اخوت ہی تھا جس نے سب مسلمانوں کو بلا امتیاز رنگ و نسل ایک لڑی میں پرو دیا ایک بدھو ایک سردار کے مقابلے میں بحیثیت مسلمان کے ایک ہی جیسے سلوک کا حقدار ٹھہرایا گیا اقا غلام میں کوئی فرق نہ رکھا گیا یہی وجہ تھی کہ مسلمانوں کی ہیبت سے قیصر و کسری کے محلات کانپتے تھے
65a7840d4f6a7e2f8c213b39,حالانکہ دشمنوں کے مقابلے میں ان کے پاس سامان حرب بھی کم ہوتا تھا ان کے پاس اتحاد و مساوات اور ایمان کی دولت تھی جس سے وہ بڑے بڑے مار کے سر کر لیا کرتے تھے
65a784584f6a7e2f8c213b3c,مساوات کی مثالوں سے ہماری تاریخ بھری ہوئی ہے خلیفہ دوم حضرت عمر رضی اللہ تعالی عنہ ایک دفعہ اعظم سفر ہوئے کیا عالم تھا کہ امیر المومنین ہیں مگر کرتے پر پیوند لگے ہوئے ہیں اونٹ پر سوار ہو کر جاتے ہیں ایک منزل پر اونٹ کی رسی غلام کے ہاتھ میں ہوتی ہے اور دوسری منزل پر غلام و سوار کر کے رسی خود پکڑ کر اونٹ کے اگے اگے چل دیتے ہیں اسی طرح باری باری سفر طے ہوتا ہے
65a784a14f6a7e2f8c213b3f,اتفاق سے جب وہ بیت المقدس کے نزدیک پہنچے تو سوار ہونے کی باری غلام کی تھی چنانچہ جب اپ شہر میں داخل ہوئے تو غلام اونٹ پر سوار تھا اور نکیل کے رسی عمر فاروق رضی اللہ تعالی عنہ نے پکڑی ہوئی تھی
65a784bd4f6a7e2f8c213b42,غلام نے التجا بھی کی کہ اپ خلیفہ وقت ہیں شہر میں داخل ہونے کے وقت اپ سوار ہو جائیں اپ نے فرمایا نہیں تمہاری باری ہے یہ اس خلیفہ کا ذکر ہے جس کے دبدبے سے سارا عرب کاپا کرتا تھا
65a785164f6a7e2f8c213b45,اسی طرح سے حضرت علی رضی اللہ تعالی عنہ کا واقعہ ہے کہ اپ کو ایک شخص نے دیکھا کہ اپ سوکھی روٹی پانی میں بھگو بھگو کر کھا رہے ہیں دیکھنے والا حیران تھا کہ یہ مسلمانوں کی جلیل القدر خلیفہ ہیں سوکھی روٹی کھا رہے ہیں اور وہ بھی پانی میں بھگو کر تو عرض کیا یا حضرت اپ اور سوکھی روٹی تو فرمانے لگے کہ جب تک ایک شخص بھی ایسا ہے جو اس قسم کا کھانا کھاتا اور لباس پہنتا ہے تو نہ علی اس سے بہتر کھا سکتا ہے اور نہ اس سے بہتر لباس پہن سکتا ہے
65a7855c4f6a7e2f8c213b48,اسلام نے اخوت پر جس قدر زور دیا ہے دنیا کے کسی مذہب میں اس کی مثال نہیں ملتی مسلمانوں کے علاوہ اخوت کی اتنی عملی مثالیں کہیں نہیں ملتی نسلی امتیازات کو اسلام میں کوئی جگہ نہیں دی گئی اس میں فلسفہ یہ ہے کہ جب تک امتیاز باقی رہے گا اتحاد قائم نہیں ہو سکتا
65a785c44f6a7e2f8c213b4b,جب یہ امتیاز ختم ہو جاتا ہے تو اتحاد کی قوت پیدا ہوتی ہے مسلمانوں میں جب اتحاد اور مساوات کی صفات پیدا ہو گئیں تو مسلمان بے تیخ بھی کامیاب و کامران ہوئے ان کا جذبہ اخوت اور قوت ایمانی ان کی کامیابی کا سبب بن جاتا تھا
65a786014f6a7e2f8c213b4e,ہم بھی مسلمان ہیں مگر ہم میں اصول اخوت پر عمل کا فقدان ہے لوگ محض حصول دولت کے لیے دوڑ لگا رہے ہیں اور ایک دوسرے پر بازی لے جانے کے لیے خود غرضی کا مظاہرہ کر رہے ہیں نفاق اس وقت پیدا ہوتا ہے جب حق تلفی ہونا شروع ہو جائے اگر ہم ایک دوسرے کے حقوق کی پاسبانی کریں گے اور کسی کی حق تلفی نہیں کریں گے تو اتحاد و مساوات کی قدریں خود بخود پروان چڑھتی چلی جائیں گی
65a78829616fcf5ab05236ca,عنوان ہمدردی
65a78846616fcf5ab05236ce,درد دل کے واسطے پیدا کیا انسان کو ورنہ اطاعت کے لیے کچھ کم نہ تھے کرو بیاں
65a78899616fcf5ab05236d1,جب اللہ تعالی نے فرمایا کہ میں انسان کو اپنا خلیفہ بنا کر زمین پر بھیج رہا ہوں تو اعتراض ہوا کہ باری تعالی یہ فساد کرے گا تو خالق کائنات نے یہ نہیں کہا کہ یہ بہت عبادت گزار ہوگا یہ بہت بڑا غازی ہوگا یہ بہت نیک ہوگا یہ بہت بڑا عابد ہوگا یہ بڑا سخی ہوگا ارشاد باری تعالی ہوا کہ جو میرا بندہ ہوگا فساد نہیں کرے گا تو یہ تعریف کون کر رہا ہے وہ ثنا اعظم جو عالمین کو بنانے والا اور ان کا مالک ہے جو عقل قل ہے جو اتنا بڑا انجینیئر ہے کہ اس کے مقابلے میں کسی انجینیئر کا تصور بھی نہیں کیا جا سکتا اور جو یہ بھی جانتا ہے کہ میں انسان کو زمین پر کس مقصد کے لیے بھیج رہا ہوں وہ فرما رہا ہے کہ جو میرا بندہ ہوگا وہ فساد نہیں کرے گا
65a78a0b4671924052e720a5,گویا جو خدا کا بندہ ہے اس کی تعریف ہی یہ ہے کہ وہ پرامن ہوگا اور امن و سلامتی کا ضامن ہوگا اس کا تو مقصد تخلیق ہی فساد کی ضد ہے امن اور سکون کا منبع ہمدردی ہے جس کے بغیر امن ممکن نہیں
65a78a0b0884a599303c930c,گویا جو خدا کا بندہ ہے اس کی تعریف ہی یہ ہے کہ وہ پرامن ہوگا اور امن و سلامتی کا ضامن ہوگا اس کا تو مقصد تخلیق ہی فساد کی ضد ہے امن اور سکون کا منبع ہمدردی ہے جس کے بغیر امن ممکن نہیں
65a78a690884a599303c9310,گویا جو خدا کا بندہ ہے اس کی تعریف ہی یہ ہے کہ وہ پرامن ہوگا اور امن و سلامتی کا ضامن ہوگا اس کا تو مقصد تخلیق ہی فساد کی ضد ہے امن اور سکون کا من با ہمدردی ہے جس کے بغیر امن ممکن نہیں
65a78a9e0884a599303c9313,اسی ملک کسی خطہ یا کسی دور کا جب ذکر اس طرح ائے کہ وہاں پر امن و سکون ہے تو لازما اس دور یا خطہ یا ملک سے تعلق رکھنے والوں سے ہمدردی ہوگی اگر ہمدردی کی بجائے ان میں فساد دشمنی ظلم اور ناانصافی ہوں تو وہاں پر امن ہو سکون کبھی نہیں رہ سکتا اس سے ثابت ہوا کہ فساد کو ہمدردی سے ختم کیا جا سکتا ہے
65a78ac60884a599303c9316,فساد کیا ہے چوری لڑائی جھگڑا دشمنی غیبت زنا اغوا قتل و غارت اور جب دلوں میں ایک دوسرے کے لیے ہمدردی پیدا ہو جائے تو نہ کوئی چوری کر سکتا ہے نہ کوئی قتل ہو سکتا ہے اور نہ کسی سے دشمنی رہ سکتی ہے کیونکہ ہمدردی ایک ایسی چیز ہے جو دلوں میں پیار اور محبت پیدا کر دیتی ہے انسانوں میں جذبہ اخوت کو جگہ دیتی ہے اور انہیں نیک و کاری کا احساس دلاتی ہے
65a78b3b0884a599303c9319,اج تک کوئی مثال ایسی نہیں ملتی کہ جس شخص کو کسی سے ہمدردی ہو اسے اس نے نقصان بھی پہنچایا ہو یہ ناممکن ہے ہمدردی اور پیار ہمیشہ خیر کے متوقازی ہوتے ہیں شر کے نہیں جب دل میں خیر کا جذبہ ہوگا تو نقصان کا سوال ہی پیدا نہیں ہو سکتا اس سے ثابت ہوتا ہے کہ خلاق عالم کا منشا تخلیق یہی تھا کہ دنیا میں ہمدردی کے عمل کو بروئے کار لایا جائے
65a78b6f0884a599303c931c,ذرا اور اگے چلیے تخلیق ادم ہو چکی اس کو خدا تعالی نے اپنا خلیفہ بھی بنا کر بھیج دیا اور اشرف المخلوقات کے اعلی منصب پر بھی فائز کر دیا اور وہیں سے سلسلہ نسل شروع ہوا تو کیا یہ سب انسان اسی ادم کی اولاد نہیں کیا ہم اپس میں بھائی بھائی نہیں ہمیں یہ تسلیم کرنا پڑے گا کہ ہم واقعی ایک ہی بات ادم کے اولاد ہیں اور اپس میں بھائی بھائی ہیں
65a78bf70884a599303c931f,جب اللہ تعالی نے انسان کو اپنا خلیفہ یا نائب بنا کے بھیجا ہے تو اسے کچھ اختیارات اور کچھ صلاحیتیں بھی اپنے میں سے دی ہیں جو صلاحیت معبودیت سے تعلق رکھتی ہیں اور صرف اسی کو زیب دیتی ہیں مثلا واحد ہونا معبود ہونا واقعی متکبر حی القیام ہونا وغیرہ اس نے اپنے پاس رکھ لی اور اس کے علاوہ دوسری صفات جن پر عمل کر کے بطور نائب فرائض انجام دینے تھے وہ انسان کو بھی دے دیں
65a78c160884a599303c9322,مثلا فکر عقل عمل حب انس عرفان وغیرہ جس شخص میں تفکر ہو اور حب بھی ہو اور عرفان بھی ہو تو وہ اپنے بھائی کے لیے کیا فیصلہ کرے گا اسے اپنے بھائی کے لیے امادہ ہے فساد ہونا چاہیے یہ اس سے ہمدردی کرنی چاہیے
65a78c550884a599303c9325,انسان تو انسان ایک جانور یعنی بیل کے اگے گھاس ڈال دیں تو وہ پہچان لیتا ہے کہ یہ گھاس ہے وہ سمجھ لیتا ہے کہ ضائع کرنے کی چیز نہیں یہ کھانے کی چیز ہے وہ اس کے ساتھ وہ سلوک کرتا ہے جس کے قابل ہوتی ہے تو کیا انسان جس کو خداوند تعالی نے تفکر دیا عقل دی حب دی وہ اپنے بھائی سے ہمدردی کرنے کا پابند نہیں ہے اگر وہ ایسا نہیں کرتا تو وہ اپنے تفکر کو اپنی عقل اور اپنی حب کے تقاضوں کو دھوکہ دیتا ہے ان تمام صلاحیتوں سے اس کی ضمیر میں جو اواز پیدا ہوتی ہے اس کی خلاف ورزی کرتا ہے قدرت و فطرت کے عمل خلاف کرتا ہے
65a78c8e0884a599303c9328,یہ جذبہ ہمدردی جو اللہ تعالی نے انسان کو بخشا ہے اس سے اس ذات باری تعالی کو خود کوئی فائدہ نہیں پہنچتا اور نہ ہی وہ کسی فائدے کا محتاج ہے
65a78c9f0884a599303c932b,اس نے تو یہ جذبہ صرف اور صرف اس لیے انسان کے دل میں پیدا کیا کہ اسے دنیا میں اپنا خلیفہ بنا کر بھیج رہا تھا اور وہ ہے بھی یہ اشرف المخلوقات
65a78cb90884a599303c932e,اس لیے یہ اپنی زندگی کے دن امن و ارام سے گزارے کسی مصیبت میں مبتلا نہ رہے اپس میں پیار محبت سے رہ کر دنیا کو جنت نظیر بنا سکے اور اپنے اپ کو عمل سے بھی دوسرے حیوانات سے بہتر ثابت کر کے دکھائے
65a78cf20884a599303c9331,ذرا سوچیے اگر اس دنیا میں نہ ظلم ہو نہ چوری ہو نہ قتل ہو نا گالی گلوچ ہو نہ کوئی کسی سے لڑائی کرے نہ کوئی کسی کا حق کھائے نہ جھوٹ بولے نہ کوئی برائی ہو بلکہ لوگ ایک دوسرے کے ہمدرد ہوں تکلیف میں ایک دوسرے کے کام ائیں ایک دوسرے کو دیکھتے ہی خوش ہوں تو کیا یہ دنیا جنت کا نمونہ نہیں بن جائے گی دنیا میں مصیبتوں چوری قتل و غارت اور دوسرے مظالم کی ابتدا ہمیشہ خود غرضی سے ہوتی ہے جب تک دلوں پر ہمدردی کی حکومت ہو یہ برائیاں کبھی پیدا نہیں ہو سکتی
65a78d340884a599303c9334,جو خوشی کسی کے ساتھ ہمدردی اور پیار کرنے سے محسوس ہوتی ہے وہ اس سے برائی کرنے سے بھی کبھی حاصل نہیں ہوتی مخیر حضرات بیواؤں یتیم بچوں اور محتاجوں میں اپنی دولت تقسیم کر کے جس قدر خوشی محسوس کرتے ہیں اور انہیں جس قدر سکون قلب محسوس ہوتا ہے وہ کسی برائی سے نہیں ہو سکتا مجاہد کو جو درجہ قربانیاں اور شہادت میں ملتا ہے اسے س سال کی زندگی میں بھی میسر نہیں ہو سکتا
65a78d480884a599303c9337,علامہ اقبال نے بھی یہی کہا ہے کہ خدا کے عاشق تو ہیں ہزاروں بنوں میں پھرتے ہیں مارے مارے میں اس کا بندہ بنوں گا جس کو خدا کے بندوں سے پیار ہوگا
65a78d7a0884a599303c933a,گویا جب تک انسان خدا کی مخلوق سے محبت نہیں کرے گا خدا کا محبوب نہیں بن سکتا ایک اور حقیقت بھی نظر میں رہے کہ ہمدردی کی جو فوائد ہیں ان سے بھی انکار نہیں اللہ تعالی جو انعام دنیا و اخرت میں عطا فرمائے گا اس سے بھی انکار نہیں مگر جو عزت و تکریم ہمدردی کا مظاہرہ کرنے والی قوم کو عطا کرتی ہے اس کا بھی جواب نہیں عبدالستار ایدھی کی مثال ہمارے سامنے ہے اگر کہا جائے کہ اس وقت پاکستان میں لوگ عہدی صاحب کی عزت ہر حکمران اور ہر صاحب ثروت شخص سے زیادہ کر رہے ہیں تو اس میں مبالغہ نہیں ہوگا
65a7d8cca3cd762d4174ffb8,عنوان مذہب نہیں سکھاتا اپس میں بیر رکھنا
65a7d932a3cd762d4174ffbc,دنیا کا ہر مذہب اتحاد و اتفاق پیار محبت کی تعلیم دیتا ہے ہر مذہب نے مقصد حیات خدمت خلق اور ایک دوسرے سے ہمدردی قرار دیا ہے خدا کی جتنی عبادات ہیں ان سب میں سے اس کے بندوں سے پیار کرنا سب سے بڑی عبادت قرار دیا ہے خدا کی عبادت بھی اس وقت تک قابل قبول نہیں ہوتی جب تک اس کی مخلوق کے ساتھ پیار ہمدردی کا سلوک نہیں کیا جاتا
65a7d932a3cd762d4174ffbf,دنیا کا ہر مذہب اتحاد و اتفاق پیار محبت کی تعلیم دیتا ہے ہر مذہب نے مقصد حیات خدمت خلق اور ایک دوسرے سے ہمدردی قرار دیا ہے خدا کی جتنی عبادات ہیں ان سب میں سے اس کے بندوں سے پیار کرنا سب سے بڑی عبادت قرار دیا ہے خدا کی عبادت بھی اس وقت تک قابل قبول نہیں ہوتی جب تک اس کی مخلوق کے ساتھ پیار ہمدردی کا سلوک نہیں کیا جاتا
65a7d949a3cd762d4174ffc2,اسی لیے علامہ اقبال نے ایک جگہ فرمایا ہے خدا کے عاشق تو ہیں ہزاروں بنوں میں پھرتے ہیں مارے مارے میں اس کا بندہ بنوں گا جس کو خدا کے بندوں سے پیار ہوگا
65a7d9d5a3cd762d4174ffc5,یعنی علامہ کے نزدیک خدا کے عاشقوں کی بھی کوئی وقت نہیں جب تک وہ خدا کے بندوں سے پیار نہیں کرتے ہماری کوئی عبادت قابل قبول نہیں جب تک ہم اس کے بندوں کے حقوق کا خیال نہیں رکھتے خدا تعالی کو اپنی مخلوق بہت ہی پیاری ہے ظاہر ہے کہ جو چیز کسی کو محبوب ہو اسے اگر کوئی پیار کی نگاہ سے نہیں دیکھتا تو اس کی عزت اس کے دل میں کیا ہوگی
65a7d9f7a3cd762d4174ffc8,ایک انسان کی اپ بہت زیادہ عزت کرتے ہیں اس کے ہر حکم کی تعمیل کرتے ہیں اور اس سے اپ کو بہت پیار ہے مگر جو چیز اسے بہت عزیز ہے یعنی اس کی اولاد اس سے اپ پیار نہیں کرتے بلکہ اس سے بیر رکھتے ہیں تو سوچیے کہ کیا وہ شخص اپ کو اچھا سمجھے گا ہرگز نہیں
65a7da38a3cd762d4174ffcb,انسان کا مقصد حیات ہی یہی ہے کہ سب سے پہلے خدا کے بندوں سے ہمدردی رکھے ان کے غم گساری کرے ان سے صلح ہوا اشتی سے پیش ائے ان کے دلوں کو تکلیف نہ پہنچائے کسی کی دل ازاری کرنا بہت بڑا گناہ ہے اور کسی کے دل کو خوش کرنا بہت بڑی عبادت ہے
65a7da87a3cd762d4174ffce,اسی لیے کہا گیا ہے دل بدست اور کہ حج اکبر است ازاری کعبہ یک دل بہتر است کعبہ بنیاد خلیل ازر است دل گزرگاہ جلیل اکبر است
65a7da99a3cd762d4174ffd1,کسی کے دل کو خوش کرنا ایسے ہے جیسے کسی نے حج اکبر کر لیا ہو کیونکہ دل میں خدا رہتا ہے اگر اسے کوئی نقصان پہنچے گا تو خدا ناراض ہوگا
65a7dae6a3cd762d4174ffd4,کسی کے ساتھ دشمنی رکھنا کسی پر حسد کرنا کسی سے کینہ بہت رکھنا کسی مذہب میں بھی جائز نہیں بعض مذاہب میں تو ہمدردی اور پیار ہی کو بنیاد قرار دیا جاتا ہے اور اس کی تاکید اس قدر ہے کہ اگر کوئی اس میں ذرا بھی کوتاہی کرے تو خارج از مذہب سمجھا جاتا ہے اور اس کی تمام عبادتیں اکارت ہو جاتی ہیں
65a7db18a3cd762d4174ffd7,محبت اور اخوت کا رشتہ سب رشتوں سے اعلی اور عرفہ ہے اگر یہ رشتہ ٹوٹ جائے تو انسان کا انسان کے ساتھ اور کون سا رشتہ رہ جاتا ہے یہ رشتہ سب سے مضبوط اور پیارا رشتہ ہے اور اگر یہ رشتہ قائم ہے تو کسی اور رشتے کی ضرورت ہی نہیں رہ جاتی
65a7db49a3cd762d4174ffda,قدرتی اور پیدائشی طور پر ہم قوت اور پیار کے رشتے میں منسلک ہیں ہم اس سے انکار نہیں کر سکتے کہ ہم ایک ادم کی اولاد ہیں اگر ہمیں یہ تسلیم ہے کہ ہم ایک ادم کی اولاد ہیں تو یقینا ہم رشتے میں ایک دوسرے کے بھائی ہیں اور بھائی سے بیر رکھنا کہاں تک جائز ہے
65a7db87a3cd762d4174ffdd,اور اس سے مل جل کر ایک جان بن کر ایک دوسرے کا سہارا نہ بن کر رہنے میں کیا مصلحت ہے یہ صرف اور صرف سوچ کا فرق ہوتا ہے رزق حلال و حرام میں بھی صرف سوچ کا فرق ہے جو لوگ رزق حلال کماتے ہیں محنت تو انہیں کرنا پڑتی ہے لیکن کیا رزق حرام حاصل کرنے میں محنت کم کرنا پڑتی ہے کتنے خطرات مول لینے پڑتے ہیں کہ کئی مصیبتوں سے گزرنا پڑتا ہے ایک شخص سارا دن محنت کر کے روزی کماتا ہے ایک شخص رات کو چوری کرتا ہے چوری کرنے کے لیے اسے صحیح روزی کمانے سے کم تکالیف نہیں جھیلنا پڑتی
65a7dbcca3cd762d4174ffe0,یہی حال اس شخص کا ہے جو کسی کے ساتھ پیار کا سلوک نہیں کرتا اور سمجھتا ہے کہ کسی کے ساتھ ہمدردانہ سلوک کرنے میں نقصان میں رہوں گا بات اصل میں یہ ہے کہ جو کسی سے اچھا سلوک کرتا ہے یقینا اس کے ساتھ بھی ایسا ہی سلوک رواں رکھا جائے گا اور اگر وہ خواہ مخواہ لوگوں سے بہر رکھے گا تو اس کی زندگی بھی سکون سے نہیں گزرے گی
65a7dbe2a3cd762d4174ffe3,کوئی شخص بھی اسے اچھی نگاہ سے نہیں دیکھے گا وہ لوگوں کی ہمدردیوں سے محروم ہو جائے گا اور اس طرح سارے کا سارا معاشرہ بگڑ جائے گا اور یہ دنیا دوزخ کا نمونہ بن کر رہ جائے گی
65a7dbfea3cd762d4174ffe6,تمام مذاہب نے لوگوں کو اسی لیے پیار محبت سے زندگی بسر کرنے کی تلقین کی ہے تاکہ معاشرہ درست رہے اور لوگ ایک دوسرے کے ساتھ پیار محبت کا رشتہ قائم رکھیں اور ان کی دینی زندگی ارام ہو سکون سے گزر جائے
65a7dc35a3cd762d4174ffe9,اسلام پوری انسانیت کو ایک برادری قرار دیتا ہے اور پوری سختی سے اس بات کی تلقین کرتا ہے کہ ہم ایک دوسرے کو اپنا بھائی سمجھیں اور ایک دوسرے کا دکھ اپنا دکھ سمجھیں لیکن افسوس کہ ہم اس اصول کو فراموش کر کے اپنی عارضی اور ناجائز منفرد کے لیے فرقوں میں تقسیم ہو گئے ہیں
65a7dc74a3cd762d4174ffec,مذہب کے نام پر ہم نے الگ الگ دکانیں کھول رکھی ہیں ایک دوسرے کے در پہ ازار ہو گئے ہیں فرقہ بندی سے اپس کی طاقت کمزور پڑ جاتی ہے دشمن ہم پر حاوی ہو جاتا ہے ذلت پر رسوائی انتقام دشمنی حسد و بہت کا شیوہ نہایت گھٹیا طرز عمل ہے کسی کی زیادتی کو معاف کر دینا اس سے بدلہ لینے سے بہت بہتر ہے اس سے پیار بڑھتا ہے اور بیر ختم ہو جاتا ہے بیر اور دشمنی رکھنا کسی مذہب میں بھی جائز نہیں
65a89be87bebd0c93525ae43,عنوان امید
65a89c147bebd0c93525ae47,مثل مشہور ہے کہ دنیا امید پر قائم ہے دنیا میں جو کچھ بھی ہم کر رہے ہیں یا جو کچھ بھی ہو رہا ہے امید کے سہارے ہو رہا ہے دنیا کے سفینے کا امید کا نہ خدا ہی چلا رہا ہے امید کا سہارا بڑے بڑے نازک وقتوں میں کام اتا ہے یہ امید ہی ہے جو ہمیں مصروف عمل رکھے ہوئے ہے ورنہ نہ امیدی چھا جائے تو انسان بالکل بے عمل ہو کر رہ جاتا ہے
65a89c757bebd0c93525ae4a,امید کی روشنی ہی ہمیں مصیبتوں اور تکلیفوں میں چلنے کا راستہ دکھاتی ہے امید کی کرن ہی بجھے ہوئے دلوں کو دوبارہ سہارا دے کر کھڑا کر دیتی ہے امید بڑی بڑی مایوسیوں کو دور کر کے عزم سمیم بخش دی ہے امید ہی کہ سہارے ماؤنٹ ایورسٹ کی چھوٹی سر ہوئی کہ ٹکے پہاڑوں کو امید کے قدموں نے ہی روندا امید ہی تھی جس کے سہارے انسان چاند پر جا پہنچا اور اب اور اگے بڑھ رہا ہے
65a89cd77bebd0c93525ae4d,وہاں پر بھی اسے امید ہی لے جائے گی امید فاتح کی تلوار ہوتی ہے اور مہم جوگی مہت ہوتی ہے جن کو حستانی سلسلوں میں ہمارا خیال بھی ادھر ادھر بھٹکنے لگتا ہے وہاں امید ہماری رہبری کرتی ہے جب ہم کوہستانوں صحراؤں اور ہواؤں کے بگولوں میں الجھ کر رہ جاتے ہیں تو امید ہی کا دامن پکڑ کر کامیابی سے گزرتے ہیں
65a89d257bebd0c93525ae50,رکزار اور دشت و بیاباں اور سراب کی جھوٹی جھلکیوں میں جب ہم راہ نہیں پاتے تو اس وقت امید ہی ہمیں پائے استقامت بخشتی ہے جو وہاں سے صحیح سلامت نکال لے اتی ہے مصائب و الی میں ہمیں حوصلہ دیتی ہے تنگدستی و افلاس میں امید کی کرن ہی اچھے وقتوں کے لیے ہمیں زندہ رکھتی ہے
65a89d447bebd0c93525ae53,اج جو لوگ فارغ البال اور مختلف میدانوں میں کامیاب و کامران نظر اتے ہیں وہ بھی امید کے سہارے چلتے رہتے ہیں اور اج اس مقام پر پہنچ گئے ہیں امید ہی اڑے وقتوں میں ہمارے کام اتی ہے اور ہر مصیبت میں ہماری مدد کرتی ہے
65a89d4605d980514baee580,اج جو لوگ فارغ البال اور مختلف میدانوں میں کامیاب و کامران نظر اتے ہیں وہ بھی امید کے سہارے چلتے رہتے ہیں اور اج اس مقام پر پہنچ گئے ہیں امید ہی اڑے وقتوں میں ہمارے کام اتی ہے اور ہر مصیبت میں ہماری مدد کرتی ہے
65a89dc105d980514baee584,ہمایوں نے شکست کھائی امید نے اسے پھر سہارا دیا پھر کوشش کی ناکام رہا مگر پھر بھی مایوس نہ ہوا پھر میدان میں نکلا پھر شکست کھائی مگر امید کی ڈھال نے اسے سہارا دیا اور پھر مقابلے کے لیے لا کھڑا کیا اس طرح سے جب وہ چھ دفعہ شکست کھا چکا تو پھر بھی امید ہی تھی جس نے اسے ساتھ میں دفعہ لڑنے کے لیے تلوار ہاتھ میں پکڑائی
65a89dde05d980514baee587,وہ دل میں فتح کی امید لے کر میدان میں نکلا اور پر امید ہو کر لڑا اور فتح پائی اگر ہمایوں کو امید سہارا نہ دیتی تو وہ شہنشاہ ہندوستان نہ کہلوا تھا اور سلطنت مغلیہ اسی وقت ختم ہو گئی ہوتی
65a89e1b05d980514baee58a,کولمبس نے امید کا سہارا لیا اور سمندر میں قسمت ازمائی کے لیے چل دیا اس کے چاروں طرف پانی ہی پانی تھا پانی کے تھپیڑوں سے جب جہاز ڈھولنے لگا تو امید ہی اس کے دل کو قائم رکھتی تھی اس کے ساتھی مایوس ہو جاتے تھے اور پست ہمت ہو کر اسے لوٹنے کا مشورہ دیتے تھے مگر وہ امید سے ان کی ڈھارس بندھا تھا
65a89e3805d980514baee58d,جب وہ طوفان میں گر جاتا تو امید اسے ہمت مقابلہ بخشتی تھی کئی بار اسے موت بالکل سامنے نظر انے لگی اس وقت بھی امید نہیں اسے حوصلہ دیا وہ ہر مایوسی کا مقابلہ امید سے کرتا رہا اخر کار کامیاب ہو گیا
65a89e7805d980514baee590,انسان جیتا ہی امید کے سہارے ہے نا امیدی اور پست ہمتی سے انسان مردہ دل ہو کر بیکار بیٹھ جاتا ہے امید کا سہارا بڑے بڑے نازک وقتوں میں کام اتا ہے امید سے ہی زندگی کی شمع جل رہی ہے یہ کارخانہ دنیا بھی امید کی حرارت سے چل رہا ہے
65a89ea305d980514baee593,امید ہی مردہ دلوں میں جان ڈالتی ہے بڑے بڑے سائنس دان امید کے سہارے تجربات کرتے رہتے ہیں ناکامی کی شکل میں بھی امید انہیں مزید تحقیق کی دعوت دیتی ہے نتیجتا وہ کامیاب ہو جاتے ہیں اگر وہ مایوس ہو کر بیٹھ جاتے تو کبھی کامیاب نہ ہوتے امید ہی انہیں مصروف عمل رکھتی ہے اور عجیب و غریب ایجادات کی بنیاد بنتی ہے
65a89f1f05d980514baee596,کسان بھی کھیت میں بیج اسی امید پر ڈالتا ہے کہ کل کو سبز لہلہاتی فصل دیکھے گا اور پھر اسے کاٹے گا مزدور سارا دن اس امید پر محنت کرتا ہے کہ شام کو اسے اس کا محنت انا ملے گا طالب علم امتحان میں کامیابی کی امید پر ہی متعلقہ کرتا ہے صبح کو لوگ اٹھتے ہیں اور اپنے اپنے کاموں پر حصول معاش کی امید لے کر چلتے ہیں
65a89f5705d980514baee599,بڑے بڑے صنعت کار منفعت کی امید پر ہی ملے لگاتے ہیں بازار میں دکاندار جو اپنی اپنی دکانیں کرینے سے سجائے بیٹھے ہیں اسی امید پر بیٹھے ہیں کہ شام کو اپنے روزی لے کر گھر جائیں گے ہر مسافر امید کے سہارے اپنے سفر کا اغاز کرتا ہے وہ پرامید ہوتا ہے کہ فلاں وقت پر اپنی منزل پر پہنچوں گا اور فلاں فلاں کام کروں گا فلاں فلاں مال خریدوں گا اور اس سے مجھے اس قدر منافہ ہوگا یہ امید ہی ہے جو اسے حرکت پر امادہ رکھتی ہے
65a89f9405d980514baee59c,اسی لیے حکم ہے کہ اللہ تعالی کی رحمت سے نا امید نہیں ہونا چاہیے نہ امیدی گناہ ہے اس سے پس ہمتی پیدا ہوتی ہے اور پست ہمت انسان کبھی ترقی کی منزل طے نہیں کر سکتا کوئی شخص کچھ بھی کر رہا ہو کہیں بھی کر رہا ہو امیر ہو یا غریب کاشتکار ہو یا سند کار تاجر ہو یا مزدور اسے ہر وقت پر امید ہو کر اور خدا کی ذات کا سہارا لے کر مصروف عمل رہنا چاہیے اور نا امیدی کو پاس بھی بھٹکنے نہیں دینا چاہیے امید کے پھول ہمیشہ خوش رنگ و خوش نما ہوا کرتے ہیں اور اس کا نتیجہ ہمیشہ کامیابی کی صورت میں نکلتا ہے
65a8a2d1c47fece82b3d5081,عنوان اسلامی اخوت
65a8a2fcc47fece82b3d5085,ایک ہوں مسلم حرم کی پاسبانی کے لیے نیل کے ساحل سے لے کر تاب خاک کا شغر
65a8a33ec47fece82b3d5088,ایک مسلمان دوسرے مسلمان کو اپنا بھائی سمجھے اور اس سے حقیقی بھائی جیسا سلوک کرے چاہے ان میں سے ایک پاکستان میں رہتا ہو اور دوسرا جرمنی میں ایک کالا ہو اور دوسرا گورا ایک دوسرے کے لیے ہر طرح کی جانی و مال قربانی کرے اور مصیبت کے وقت اس کی مدد کریں ایک کا درد دوسرے کی 30 بن جائے یہ ہے اسلامی اخوت
65a8a36ec47fece82b3d508b,خاندان قبیلے اور قوم کی تخصیص نے اولاد ادم کو مختلف گروہوں میں تقسیم کر دیا اور اختلافات کی بنیاد اسی روز رکھی گئی اور انہیں اختلافات کی وجہ سے ایک خاندان دوسرے خاندان کا اور ایک قبیلہ دوسرے قبیلے کا ایک قوم دوسری قوم کی دشمن بن گئی
65a8a3a5c47fece82b3d508e,کالا گورے کو نفرت کی نگاہ سے دیکھنے لگا اور گورا کالے کو حصول اقتدار کی دوڑ شروع ہو گئی ایک خاندان نے دوسرے خاندان یہ قبیلے نے دوسرے قبیلے اور ایک قوم نے دوسری قوم کو زیر کرنا شروع کر دیا اپس میں جنگیں شروع ہو گئیں اور لوگ ایک دوسرے کے دشمن بن گئے اور یہ بھول گئے کہ ہمیں ایک ادم کی اولاد ہیں اپنی اپنی برتری جگانے کے لیے انسان کے ہاتھوں انسان کا خون بہنے لگا
65a8a3f3c47fece82b3d5091,جب جہالت عروج پر پہنچ گئی تو سرور کونین اس دنیا میں تشریف لائے اپ صلی اللہ علیہ والہ وسلم نے انسانوں پر واضح کیا کہ خدا ایک ہے وہی انسانوں کا معبود ہے دنیا پر اسی کی حاکمیت ہے اپ نے دنیا کو انسان کے لیے سکون اور انصاف کی جگہ بنانا اور اخرت پر یقین رکھنا سکھایا یہ نظریہ تھا جس میں کالے گورے عربی اجمعی سید غیر سید ہندی افریقی میں کوئی فرق نہیں
65a8a440c47fece82b3d5094,سب کے سب برابر ہیں یہ نظریہ مساوات تھا سب کے لیے امن و سکون کا پیغام تھا جن لوگوں نے اس نظریے کو قبول کیا وہ حلقہ اسلامی میں داخل ہو چکے تھے اس نظریہ اسلامی اخوت نے سب کے اختلافات دور کر دیے اور سب ایک ہی تسبیح کے دانے بن گئے
65a8a462c47fece82b3d5097,مسلمانوں نے اس جذبے کا سب سے پہلا اور سب سے بڑا ثبوت مسلمانوں کی مکہ سے مدینے کی طرف ہجرت کے موقع پر دیا جب مسلمان ان مکہ مدینے ہجرت کر کے گئے تو وہ بالکل بے سروسامانی کی حالت میں تھے نہ ان کے گھر بار تھے اور نہ دوسری ضروریات زندگی کا کوئی انتظام تھا
65a8a4c9c47fece82b3d509a,انصار مدینہ نے انہیں اس طرح خوش امدید کہا کہ ان کو اپنی ہر چیز میں حصہ دار بنا لیا جس کے پاس دو مکان تھے اس نے ایک مکان دوسرے مہاجر کو دے دیا جس کے پاس دس بکریاں تھیں اس نے پانچ بکریاں اپنے اسلامی مہاجر بھائی کو دے دی اسی طرح دوسری املاک کو تقسیم کر دیا اور اسی طرح اسلامی قوت کا مظاہرہ کیا کہ دنیا کی تاریخ میں اس کی مثال نہیں ملتی اور اسی جذبہ اخوت نے انہیں کامیاب و کامران کیا اور قیصر و کسری کی بنیادیں ہلا کر رکھ دیں
65a8a54ec47fece82b3d509d,یہ جذبہ احوت کا ہی کمال تھا کہ جنگ میں زخمیوں میں سے ایک اواز ائی کہ پیاس جب اس کو پانی دیا گیا اور وہ پینے لگا تو دوسرے زخمی کی اواز ائی پیاس پہلے زخمی نے پانی بغیر پیے چھوڑ دیا اور کہا کہ پہلے اسے دو جب دوسرے کو دیا گیا اور وہ ہونٹوں سے لگانے لگا تو تیسری کی اواز ائی پیار گویا پانی کا پیالہ اسی طرح سے 40 ادمیوں کے درمیان گھوما اور جب پہلے کے پاس ایا تو شدت پیاس سے دم توڑ چکا تھا
65a8a565c47fece82b3d50a0,دوسرے کے پاس پیالہ لایا گیا تو وہ بھی شہید ہو چکا تھا سب کے سب نے اسی طرح سے شہادت پائی موت ان کے سامنے تھی مگر ہر ایک نے اپنے دوسرے بھائی کے لیے پانی دیا خود نہیں پیا
65a8a591c47fece82b3d50a3,جب انسانوں میں یہ جذبہ پیدا ہو جاتا ہے تو وہ ایک دوسرے کے لیے اتنا ہمدرد بن جاتے ہیں کہ ایک دوسرے کی تکلیف بٹ جاتی ہے یہ دنیا جنت کا نمونہ بن جاتی ہے ایک اواز پر دنیا کے مسلمان ایک دوسرے کے ہمدردی کے لیے ا جاتے ہیں محمد بن قاسم کا واقعہ ہمارے سامنے ہے کہ وہ ہزاروں میں سے ایک مسلمان عورت کی اواز سن کر اس کی مدد کو پہنچا اور اس نے ایک بہن کو ظلم سے نجات دلانے کے لیے راجہ داہر سے جنگ لڑی
65a8a5b5c47fece82b3d50a6,متحدہ ہندوستان میں تحریک اخوت چلی اس طرح ہندوستان مسلمان ترکوں کے دکھ درد میں برابر کا شریک بن گیا تھا پاک بھارت جنگوں میں دنیا کے مسلمانوں نے بھارت کی مذمت کی اور اخوت کا ثبوت دیا عرب اسرائیل جنگ میں اور تحریک فلسطین کی جنگوں میں دنیا کا ہر مسلمان درد کی 30 کو محسوس کر رہا ہے
65a8a5dfc47fece82b3d50a9,جب مسلمانوں میں جذبہ اخوت پورے جوش پر تھا تو مسلمان کو کوئی طاقت زیر نہیں کر سکتی تھی اب جب کہ یہ جذبہ کمزور پڑ گیا ہے ہمارے دشمنوں کو ہمیں نقصان پہنچانے کا موقع مل گیا ہے جہاں جہاں بھی مسلمان کو نقصان پہنچا ہے اس جذبہ اخوت کے فقدان کی وجہ سے پہنچا ہے ورنہ مسلمان ایک بہت بڑی قوت ہے
65a8a623c47fece82b3d50ac,مسلمانوں کی خود غرضی ہی نے برطانیہ کو مسلمانوں سے حکومت چھیننے میں کامیاب بنایا تھا اگر اج بھی ہم میں یہ جذبہ پیدا ہو جائے اب بھی وہی کامیابیاں ہمارے قدم چومنے کے لیے مضطرب ہوں گی جو ماضی میں مسلمانوں کا مقدر ہوتی تھی
65a8a7d756bfe86ed5d15f11,عنوان سفر وسیلہ ظفر
65a8a7e856bfe86ed5d15f15,عزت اسے ملی جو وطن سے نکل گیا وہ پھول سر چڑھا جو چمن سے نکل گیا
65a8a80e56bfe86ed5d15f18,دنیا ایک کتاب ہے تحصیل علم کے لیے اس کا مطالعہ بھی ضروری ہے زمانے کی کتاب کا مطالعہ سفر و سیاحت سے ممکن ہے
65a8a81b56bfe86ed5d15f1b,بے شک سفر بہت ہی تکلیف دہ عمل ہوتا ہے مگر اس کے فوائد بھی بہت ہیں
65a8a85c56bfe86ed5d15f1e,ایک زمانہ تھا جب انسان نے اپنے لیے سفر کی سہولتیں پیدا نہیں کی تھیں راستے میں قضاکوں کا ڈر تھا سمندر میں جہاز کے ڈوب جانے کا خطرہ تھا موسموں کے تغیر و تبدل سے حالات ناسازگار ہونے کا اندیشہ تھا ریگستانوں پہاڑوں اور لکو دکھ جنگلوں میں سے پیدل گزرنا پڑتا تھا
65a8a8a656bfe86ed5d15f21,راستے میں موزی جانوروں سے واسطہ پڑتا تھا گویا پہلے زمانے کا سفر بہت مشکل کام تھا کسی کام میں جس قدر خطرات مول لینے پڑتے ہیں اسی میں اس قدر منفعت بھی ہوتی ہے منفعت کا اندازہ اس سے لگایا جا سکتا ہے کہ وعض کو ڈیگامہ نے مہینوں سفر کیا اس دوران وہ مہینوں پانی میں رہا کئی بار طوفانوں میں گھرا اسے کئی بار موت بالکل سامنے نظر ائی کئی بار خوراک بالکل ختم ہو گئی اس کے ساتھیوں کے حوصلے پست ہو گئے مگر وہ اس کو ڈیگامہ نے حوصلہ اور ہمت کا دامن تھامے رکھا اور خطرات کا سامنا کرتا اور موت سے کھیلتا ہوا اگے بڑھتا رہا
65a8a8c156bfe86ed5d15f24,اخر کچھ زندگی کے اثار نظر انے لگے امید نہیں اسے سہارا دیا اور وقت بھی اگیا تھا کہ باسکو ڈی گاواں ہندوستان کا نیا بہری راستہ دریافت کرنے میں کامیاب ہو گیا
65a8a8e656bfe86ed5d15f27,یہ اس کی محنت کا ثمر تھا اس نے جو خطرات مول لیے تھے ان کے قیمت اسے مل گئی کہ اس کی قوم کو ہندوستان کا پتہ چل گیا اسی دن سے اس قوم کی توجہ ہندوستان کی طرف ہو گئی اخر ایک دن بھی ایسا ایا کہ پورے ہندوستان پر تاج برطانیہ کی حکمرانی ہو گئی
65a8a92d56bfe86ed5d15f2a,سونے کی چڑیا ان کے ہاتھ اگئی انگریزوں نے ہندوستان سے تجارت کے ذریعے اور حکومتی ذرائع سے جس قدر سیم و زر کمایا اس قدر اور کہیں سے نہیں کمایا ہندوستان میں قبضے کے بعد ان کی رفتار بہت ہی تیز ہو گئی اور دیکھتے ہی دیکھتے وہ دنیا کے ایک چوتھائی حصے پر حکومت کرنے لگ گئے اور کہا جانے لگا کہ برطانیہ کی سلطنت میں سورج غروب ہی نہیں ہوتا یعنی ان کی سلطنت اس قدر وسیع ہو گئی کہ اس میں ہر وقت کسی نہ کسی جگہ سورج چمک رہا ہوتا تھا
65a8a97d56bfe86ed5d15f2d,اسی طرح کولمبس نے مشکلات کا سامنا کیا اور امریکہ دریافت کر لیا امریکہ اج جو کچھ ہے سب کے سامنے ہے اب یہ دنیا کی سب سے بڑی طاقت ہے اور سب سے بڑی حکومت ہے اور تمام دنیا پر چھایا ہوا ہے اس کے پاس عزت دولت شان و شوکت سب کچھ ہے یہ صرف سفر کی بدولت ہوا اگر کولمبس سفر کر کے امریکہ دریافت نہ کرتا تو امریکہ کون پہنچتا اور لوگ کیسے ترقی پذیر ہوتے
65a8a9a056bfe86ed5d15f30,اج سفر سفر نہیں رہا ہے بلکہ اتنا اسان ہو گیا ہے کہ سیر و تفریح معلوم ہونے لگا ہے ذرائع امد و رفت اس قدر سہل ہو گئے ہیں کہ انسان گھنٹوں میں ایک ملک سے دوسرے ملک میں پہنچ جاتا ہے بس صبح کا کھانا کھا کر جہاز میں سوار ہوں اور دوپہر کا کھانا یورپ کے کسی شہر میں کھائیں اور پھر کوئی تکلیف بھی نہیں ہوتی
65a8a9c456bfe86ed5d15f33,سفر سے ہماری معلومات و تجربات میں بھی اضافہ ہوتا ہے ہمیں دوسرے ملکوں کے اعداد و اطوار اور تہذیب و تمدن کا پتہ چلتا ہے اور وہاں کے علوم سے واقفیت ہوتی ہے قدرت کی عجائبات کا مشاہدہ کرتے ہیں ہمارا عزم بڑھتا ہے ہماری طبیعت میں مستعدی و ہمت پیدا ہوتی ہے
65a8a9fa56bfe86ed5d15f36,ہمیں دوسرے ممالک کے لوگوں سے ثقافتی تعلقات بڑھانے کا موقع ملتا ہے اور وہاں کی طرز معاشرت کا پتہ چلتا ہے غیر ممالک کے مذاہب کے لوگوں سے تبادلہ خیالات کر کے ہمیں تبلیغ و اشاعت کے مواقع بھی میسر اتے ہیں وہاں کی درسگاہوں میں ریسرچ کر کے ہم جدید علوم سے واقف ہوتے ہیں
65a8aa1f56bfe86ed5d15f39,سفر سے فی زمانہ سب سے بڑا فائدہ تجارت کو پہنچتا ہے سب سے زیادہ منفعت اج بین الاقوامی تجارت میں ہے برامداد و درامداد کے لیے سفر اختیار کرنا ضروری ہے اس سے ذاتی طور پر جو تجربات و معلومات حاصل ہوتی ہیں گھر بیٹھے خطوں کے کتابت یا اخبارات ورسائل سے نہیں ہو سکتی
65a8aa4b56bfe86ed5d15f3c,بعض چیزیں یا مشینری ایسی ہوتی ہے جس کو دیکھ کر اس کی کارکردگی کا اندازہ لگایا جا سکتا ہے یا مال کی نوعیت کا پتہ صحیح اس وقت لگتا ہے جب انسان اسے اپنی انکھوں سے دیکھتا ہے اس طرح نقصان کا احتمال کم ہو جاتا ہے اور یہ سب سفر کیے بغیر ممکن نہیں
65a8aa7656bfe86ed5d15f3f,سیاحت و سفر سے ایک دوسرے ملک کے اپس میں تعلقات بڑھتے ہیں اور باہمی امداد و تعاون کے راستے کھلتے ہیں صنعت و حرفت کی ترقی کے لیے معلومات و تجربات حاصل کیے جاتے ہیں ترقی یافتہ ملکوں کی معاشرتی بہبود کی سکیموں کا پتہ چلتا ہے تو ہم بھی انہی خطوط پر اپنے ملک کو ترقی کی راہ پر چلا سکتے ہیں
65a8aab256bfe86ed5d15f42,جس فرد یا قوم نے سفر کی مصیبتیں جھیلی اس نے عزت و دولت دونوں حاصل کیے انہی قوموں نے دوسری قوموں پر فوقیت حاصل کی اور حکومت کی جنہوں نے اپنا گھر بار چھوڑ کر سفر اختیار کیا پہلے زمانے کے مرخ کے لیے ضروری تھا کہ وہ سیاح بھی ہوں گھر بیٹھے مرخ نہیں بن سکتا تھا وہ خود وہاں جا کر معلومات حاصل کرتا تھا اس طرح وہ اپنی قوم کے لیے ترقی کے راستے بھی کھولتا تھا یہ لوگ سفر کی صعوبتیں جھیلتے تھے اور کامیاب ہوتے تھے اسی لیے کہتے ہیں کہ سفر وسیلہ ظفر ہوتا ہے
65a8adfb5a0a4397277a51e2,عنوان پابندی وقت
65a8ae2a792c563258b0aef3,وقت کسی کا انتظار نہیں کرتا گھڑی کی سوئیاں کبھی نہیں رکتی جو وقت سے فائدہ اٹھا لیتا ہے وقت اس کے کام ا جاتا ہے اور جو وقت کی قدر نہیں کرتا وقت اسے کوسوں پیچھے چھوڑ کر اگے نکل جاتا ہے وقت ایک عظیم دولت ہے وہی شخص دنیا میں عزت و سروت حاصل کر سکتا ہے جو وقت سے فائدہ اٹھاتا ہے اس کی قدر کرتا ہے اور اسے ضائع نہیں کرتا
65a8ae5a792c563258b0aef7,ہمیں چاہیے کہ وقت ضائع نہ کریں ہر کام مقررہ وقت پر کرنے کی عادت اختیار کریں اور کبھی اج کا کام کل پر نہ ڈالیں ہر کام اپنے مقررہ وقت پر کرنا چاہیے اج کا کام کل پر نہ ڈالنا چاہیے یہی پابندی وقت ہے
65a8ae9c792c563258b0aefa,جو لوگ وقت کی قدر نہیں کرتے وہ درحقیقت ایک قیمتی خزانہ ضائع کر دیتے ہیں گزرا ہوا وقت کبھی کسی قیمت پر بھی واپس نہیں اتا پابندی وقت کے ساتھ اگر ہم محنت کریں تو ہم اپنی اقتصادی حالت درست کر سکتے ہیں عزت کی زندگی بسر کر سکتے ہیں یوں ہم کسی کے محتاج نہیں ہوں گے
65a8aeca792c563258b0aefd,نظام کائنات بھی ہمیں پابندی وقت کا درس دیتا ہے ہر موسم اپنے مقررہ وقت پر بدلتا ہے دن رات مقررہ وقت کی پابند ہوتے ہیں چاند سورج ایک مقررہ وقت اور مقررہ نظام کے تحت طلوع اور غروب ہوتے ہیں یہ اپنے پروگرام میں کبھی بے قائدگی نہیں انے دیتے انسان اشرف المخلوقات ہے وہ اگر پابندی وقت کا عادی نہیں ہوتا تو یہ اس کی ناسمجھی یہ نااہلی کے سوا کچھ نہیں ہے
65a8aef2792c563258b0af00,طالب علم اگر وقت پر اسکول نہ جائے تو تعلیم حاصل نہیں کر سکتا کسان اگر فصل وقت پر نہ بوئے وقت پر پانی نہ دے اور وقت پر نہ کاٹے تو کچھ بھی حاصل نہیں کر سکتا اسی طرح کارخانہ دار وقت پر کام نہ کروائے اور مزدور اگر وقت پر کام نہ کرے تو اسے کچھ بھی حاصل نہ ہوگا دنیا میں کامیاب زندگی گزارنے کے لیے نہایت ضروری ہے کہ وقت کی پابندی کی جائے اور ایک لمحہ بھی ضائع نہ کیا جائے
65a8af18792c563258b0af03,کہتے ہیں کہ ایک منٹ کا بھولا ہوا لاکھوں کوس دور رہ جاتا ہے یہ صحیح ہے جو لوگ وقت کی قدر نہیں کرتے دولت ان سے روٹھ جاتی ہے عزت ان سے منہ موڑ لیتی ہے اور وہ ساری عمر ناکام زندگی گزارتے ہیں
65a8af64792c563258b0af06,ایک سیکنڈ بھی ضائع کرنا خیانت مجرمانہ ہے اس لیے وقت کو رائیگاں نہ گوانا چاہیے جو کام وقت پر کر لیا جائے وہی بہتر ہے اگر اسے دوسرے وقت کے لیے التوا میں ڈال دیا جائے تو اکثر اوقات نامکمل ہی رہتا ہے چنانچہ وقت کی قدر کرنے کا بہترین طریقہ یہ ہے کہ ہر کام وقت پر کر لینا چاہیے
65a8af97792c563258b0af09,بعض اوقات کسی کام کو بروقت سرانجام نہ دینے سے بڑے بڑے نقصانات سے دوچار ہونا پڑتا ہے تاریخی شواہد بھی یہ ثابت کرتے ہیں کہ وقت کی پابندی نہ کرنے سے ایسے ایسے نقصانات ہو جاتے ہیں جن کی تلافی زندگی بھر نہیں ہو سکتی
65a8b009792c563258b0af0c,ایک بے گناہ شخص صرف اس لیے پھانسی دے دیا گیا کہ قاصد جو اس کی رہائی کا حکم نامہ لے کر جا رہا تھا صرف پانچ منٹ دیر سے پہنچا اس طرح نپولین کا ایک جرنل میدان جنگ میں دیر سے پہنچا اور شکست کھا گیا جو لوگ پابندی وقت کا خیال نہیں رکھتے بہت خسارے میں رہتے ہیں پابندی وقت سے انسان خوشگوار زندگی گزار سکتا ہے اور اس کی بہت سی تکالیف خود بخود ختم ہو جاتی ہیں
65a8b033792c563258b0af0f,وقت کی پابندی ہر شعبے میں ضروری ہے دنیا کا کوئی شخص خواہ وہ کسی پیشے سے تعلق رکھتا ہو جب تک وقت کا پابند نہیں ہوگا کامیابی سے ہمکنار نہیں ہو سکے گا ہمارے خیال میں وقت کی پابندی جتنی ایک طالب علم کے لیے ضروری ہے شاید کسی اور کے لیے اتنی ضروری نہیں کیونکہ اس زمانہ انسان کی زندگی کی تعمیر کا بہترین دور ہوتا ہے
65a8b06d792c563258b0af12,زمانہ طالب علمی میں اگر وہ پابندی وقت کو ملحوظ رکھتا ہے تو دولت علم سے مالامال ہو سکتا ہے اس کی یہ عادت بھی بعد میں عملی زندگی میں اس کے لیے مفید ثابت ہوگی وہ جہاں بھی جاتا ہے کامیاب و کامران ہوتا ہے لوگ وقت کے پابند ہوتے ہیں ان میں سستی اور کاہلین نام کو نہیں ہوتی وہ ہر کام وقت پر کرنے کے لیے مستعد رہتے ہیں ان سے ان کا کام بھی وقت پرسنٹ انجام پایا جاتا ہے اور ان کی صحت بھی ٹھیک رہتی ہے ان کی طبیعت میں مستعدی اور چستی رہتی ہے ان کی زندگی کامیاب وہ خوشگوار گزرتی ہے
65a8b0ec792c563258b0af15,زمانہ طالب علمی میں اگر وہ پابندی وقت کو ملحوظ رکھتا ہے تو دولت علم سے مالا مال ہو سکتا ہے اس کی یہ عادت بھی بعد میں عملی زندگی میں اس کے لیے مفید ثابت ہوتی ہے وہ جہاں بھی جاتا ہے کامیاب و کامران ہوتا ہے لوگ وقت کے پابند ہوتے ہیں ان میں سستی اور کاہلی نام کو نہیں ہوتی
65a8b108792c563258b0af18,وہ ہر کام وقت پر کرنے کے لیے مستعد رہتے ہیں ان سے ان کا کام بھی وقت پر سر انجام پا جاتا ہے اور ان کی صحت بھی ٹھیک رہتی ہے ان کی طبیعت میں مستعدی اور چستی رہتی ہے ان کی زندگی کامیاب و خوشگوار گزرتی ہے
65a8b14f792c563258b0af1b,اللہ تعالی نے بھی ہمیں وقت کی پابندی کا حکم دیا ہے نماز ہمیں پابندی وقت کا درس دیتی ہے روزہ بھی وقت کا پابند بناتا ہے وقت پر سحری کھانا پڑتی ہے وقت پر افطاری کرنا پڑتی ہے اگر ہم سیری دیر سے کھائیں اور افطاری وقت سے پہلے بعد میں کی جائے تو روزے کا ثواب جاتا رہتا ہے اور سارے دن کی محنت رائے گا جاتی ہے
65a8b190792c563258b0af1e,اصل میں روپیہ پیسہ دولت نہیں بلکہ وقت ہی دولت ہے کیونکہ دولت وقت کی محتاج ہے وقت سے ذرا سی غفلت بڑھتے ہیں تو دولت بھی انسان سے دور ہو جاتی ہے اور انسان کا لاش ہو جاتا ہے چنانچہ ضروری ہے کہ وقت کی قدر کی جائے اور لاپرواہ ہو کر وقت ضائع نہ کیا جائے ایسا کرنے سے نہ عزت رہتی ہے نہ دولت نہ صحت
65a8b31e25f17fb49d960519,عنوان محنت کی عظمت
65a8b32d25f17fb49d96051d,نامی کوئی بغیر مشقت نہیں ہوا سو بار جب عقیق کٹا تب نگیں ہوا
65a8b34625f17fb49d960520,ہر کامیابی و کامرانی کی ضمانت محنت و مشقت ہے یہ ایسی صلاحیت ہے جس کا ثمر ہمیشہ شیری ہوتا ہے روز ازل سے لے کر اج تک انسان نے جو ترقی کی منزل طے کی ہیں ان میں محنت کو سب سے زیادہ دخل حاصل ہے
65a8b39025f17fb49d960523,اسی کے بدولت انسان نے اپنے مسائل حل کیے محنت سے ہی انسان نے اپنی معاشرتی گھتیاں سلجھائیں اور اپنی ضروریات زندگی کے سامان پیدا کیے انسان کی عرق ریزی اور جدوجہد ہی سے ارائش و اسائش کے سامان پیدا ہوئے
65a8b3df25f17fb49d960526,محنت ہی سے انسانوں نے پہاڑوں کی چوٹیوں کو سر کیا اور محنت سے ہی سمندروں کی تہہ میں پہنچا محنت سے ہی نئے نئے ملک دریافت کیے گئے رات دن کی کوششوں سے ہی انسان نے ایجاد کی اج جو عجیب و غریب چیزیں نظر ارہی ہیں مثلا ریڈیو ٹیلی ویژن فوٹوگرافی بجلی ہوائی جہاز وغیرہ یہ سب محنت و تجسس ہی کا پھل ہیں
65a8b40725f17fb49d960529,اس کے برعکس جو قومیں محنت اور مشقت نہیں کرتی وہ پسماندہ رہ جاتی ہیں اور اپنی عزت اور وقار سب کچھ کھو کر مفلصی اور بیچارگی کی زندگی بسر کرتی ہیں انہیں دوسری ترقی ہفتہ قوموں کا دست نگر ہونا پڑتا ہے
65a8b46c25f17fb49d96052c,محنت ہی سے ترقی ممکن ہوتی ہے جس چیز کے لیے محنت سے کوشش کی جائے وہ ضرور مل جاتی ہے کسان محنت سے کھیت میں بیج ڈالتا ہے اس کی گوڈی کرتا ہے اور اسے پانی دیتا ہے پھر جا کر اسے اناج میسر اتا ہے اگر وہ کچھ نہ کرے یا محنت کرنے کے بجائے لا پرواہ یا تن اسان ہو جائے تو کچھ بھی حاصل نہیں کر سکے گا اسی طرح سے ایک طالب علم جو محنت نہیں کرتا امتحان میں کامیاب نہیں ہوگا محنت ہی ایک ایسا جوہر ہے جو انسان کو ہر میدان میں کامیابی و کامرانی سے ہمکنار کرتا ہے
65a8b48d25f17fb49d96052f,ہمارے نبی کریم صلی اللہ علیہ والہ وسلم جن کو اللہ تعالی نے انسانیت کی فلاح و بہبود کے لیے اس دنیا میں پیغمبر اخر الزماں بنا کر بھیجا تھا اور جن کی ہدایت حرف اخر بھی تھی اپ نے خود محنت و مشقت کی اور انسانیت کے لیے یہ سبق چھوڑا کہ محنت میں عظمت ہے اور اس کے بغیر انسان کا کوئی عقدہ حل نہیں ہو سکتا
65a8b4ac25f17fb49d960532,یہاں تک کہ اپ اپنے ذاتی کام خود اپنے دست مبارک سے کیا کرتے تھے جو لوگ اپنے کام کی ذمہ داری خود نہیں سنبھالتے یا اسے محنت اور مشقت سے نہیں کرتے ناکام زندگی گزارتے ہیں
65a8b51325f17fb49d960535,فلسفہ اقبال بھی یہی ہے کہ انسان کو محنت اور مشقت سے اپنے مسائل کی عقدہ کشائی کرنا چاہیے عملے پہ ہم اور جہد مسلسل ہی انسان کو کامرانی سے ہمکنار کرتا ہے جو لوگ ہوش و خرد کی شمع ہاتھ میں سنبھال کر پوری خود اعتمادی اور اول و العزیز سے تدبیر کا پیشہ ہاتھ میں لے کر محنت مشقت کرتے ہیں وہ یقینا پہاڑ میں سے بھی دودھ کی نہر نکال لیتے ہیں
65a8b54625f17fb49d960538,علامہ اقبال فرماتے ہیں بے محنت پہ ہم کوئی عقدہ نہیں کھلتا میں خانہ حافظ ہو کے بت خانہ فرہاد
65a8b57025f17fb49d96053b,زندگی کا کوئی شعبہ ہو اور کوئی بھی مسئلہ حل طلب ہو ترقی اسی وقت ممکن ہے جب اس کے لیے پوری ہمت و محنت سے کام کیا جائے
65a8b59425f17fb49d96053e,جو لوگ اپنے معمولی کام خود کرنا اور سمجھتے ہیں ان لوگوں سے بڑے کاموں کی تکمیل کی کیا توقع کی جا سکتی ہے اس قسم کے لوگ چھوٹے چھوٹے کام کرنا ب****** سمجھتے ہیں بڑے کام کرنے کے لیے محنت نہیں کر سکتے چنانچہ ناکامی ان کا مقدر بن جاتی ہے
65a8b5e725f17fb49d960541,اپنے کام خود سنوارنا اور جو کام بھی کرنا ہو اس کے لیے دماغی اور جسمانی محنت کرنا اعلی ظرفی کی نشانی ہے یہ انسانی فطرت کے عین مطابق ہے زندگی جہد مسلسل کا ہی دوسرا نام ہے تاریخ نے اج تک کوئی ایسی مثال پیش نہیں کی کہ کسی نے بغیر محنت و مشقت کے نام پیدا کیا ہو یا عزت پائی ہو یا احترام وقار کی نشست پر متمکن ہوا ہو
65a8b60225f17fb49d960544,ایسے لوگ جو اپنے کام دوسروں سے کرواتے ہیں وہ اپنی صلاحیت کار سے محروم ہو جاتے ہیں اور کسی مشکل وقت کا مقابلہ کرنے کے قابل نہیں رہتے دولت کے نشے میں ا کر اپنے اپ کو بڑا سمجھنا اور دوسروں سے اپنے کام کروانا توہین انسانیت ہے
65a8b6a125f17fb49d960547,اصل میں ایک بات اور بھی ہمارے اڑے اگئی ہے کہ ہم نے ذات پات کالے گورے افسری ماتحتی کو مختلف مدارج و مراتب دے دیے ہیں یہ بگاڑ اسی سے پیدا ہوتا ہے افسر کو عزت کی نگاہ سے دیکھا جاتا ہے ماتحت کو اتنی عزت نہیں دی جاتی حالانکہ دونوں کا احترام یکساں ہونا چاہیے اور دونوں اسی حکومت کے ملازم ہیں اور اپنے اپنے فرائض انجام دیتے ہیں
65a8b6f225f17fb49d96054a,یہ احساس برتری و کمتری انگریز کی پیداوار ہے جس نے افسر شاہی اور عوام کے درمیان ایک حد فاصل کھڑی کر دی اور طبقات میں تقسیم کر دیا تاکہ ڈیوائڈ اینڈ رول کا عمل جاری رہے اور ایسا وہ صرف ہندوستان میں ا کر کرتے تھے وہ کبھی کسی عوامی ادمی سے بات بھی کرنا گوارا نہ کرتا تھا جبکہ اپنے ملک میں وہ حل بھی چلاتا تھا اور محنت بھی کرتا تھا
65a8b74425f17fb49d96054d,دنیا کی جو قومیں مسند ترقی پر متمکن ہوئی ہیں وہ بغیر مشقت کے نہیں ہوئی انہوں نے مسلسل عرق ریزی کی وہ سالہا سال تجسس کی وادی میں سرگرداں رہے اور پھر کہیں جا کر انہوں نے زندگی کے اعلی مقاصد حاصل کیے انسان عظمت محنت کا قائل ہو جائے اور اسی کو اپنی ترقی کی نشونما کا راست تصور کر لے تو اسے محنت و مشقت میں کوئی ار محسوس نہیں ہوتی اور وہ دن دگنی اور رات چوگنی ترقی کرنے لگ جائے گا عظمت انسانیت اسی میں ہے
65a8b95d84536c8374fac44b,عنوان اپنی مدد اپ
65a8b97084536c8374fac44f,خدا نے اج تک اس قوم کی حالت نہیں بدلی نہ ہو جس کو خیال اپ اپنی حالت کے بدلنے کا
65a8b98f0352ffdf5f7f22e6,یہ شعر اس بات کی طرف اشارہ کرتا ہے کہ انسان کو خود ہمت کرنی چاہیے اور اپنا کام خود کرنا چاہیے دوسرے سے وہ کام کروانا جو ادمی خود کر سکتا ہو اپنے اپ کو ناکارہ اور بےکار کر لینے کے برابر ہے
65a8b9d00352ffdf5f7f22ea,جو لوگ اپنا کام خود نہیں کر سکتے ایک تو دوسرے کے دست نگر ہو جاتے ہیں دوسرے وہ اپنی قوت کار ختم کر بیٹھتے ہیں ان میں ناکام کرنے کی صلاحیت رہتی ہے اور نہ ہی ان میں خود اعتماد ہی رہتی ہے جس طرح دوسروں کے دست نگر رہنے والے افراد ترقی نہیں کر سکتے اسی طرح جو قومیں دوسروں کی دست نگر رہتی ہیں وہ بھی ترقی نہیں کر سکتی
65a8ba040352ffdf5f7f22ed,جو لوگ اپنے کام خود کرتے ہیں یا اپنی مدد اپ کرتے ہیں ان کو اپنی صلاحیتوں پر اعتماد ہوتا ہے اپنا کام اپنے ہاتھوں کرنے سے کام اپنی مرضی کے مطابق ہوتا ہے تسلی بخش ہوتا ہے خرچ کم ہوتا ہے جلدی ہوتا ہے وہی کام اپ کسی اور سے کرائیں تو اس میں اس کی مرضی ضرور شامل ہوگی اور کام تسلی بخش نہیں ہوگا اور اس میں دیر بھی زیادہ لگے گی خود کام کریں گے تو جسم چست رہے گا اور اعضاء بھی مضبوط رہیں گے بیماری دور رہے گی
65a8ba1b0352ffdf5f7f22f0,زندگی حرکت کا دوسرا نام ہے اگر جسم حرکت ہی میں نہیں تو زندہ اور مردہ میں فرق ہی کیا رہ جاتا ہے جو لوگ دوسروں کے محتاج ہوتے ہیں ان کے اپنے جسم بیکار ہو کر رہ جاتے ہیں اور ان کی کام کرنے کی صلاحیت ختم ہو جاتی ہے
65a8ba3e0352ffdf5f7f22f3,اپنی مدد اپ کے اصول سے بہت سے مشکل کام اسان ہو جاتے ہیں دیکھا گیا ہے کہ دیہات میں پہنچنے کے لیے سڑکیں پختہ نہیں ہوتی بعض اوقات گاؤں کے لوگ اس طرح کے ہوتے ہیں کہ وہ کہتے ہیں کہ ڈسٹرکٹ کونسل خود ہی سڑک بنائے ہمیں کیا ضرورت ہے لیکن اس کے برعکس ایسے گاؤں بھی ہیں جو اپنی مدد اپ کے اصول پر کاربند ہوتے ہیں
65a8ba610352ffdf5f7f22f6,وہ ڈسٹرکٹ کونسل سے رجوع کرتے ہیں ان کی توجہ کچی سڑک کی طرف مبزول کراتے ہیں اور اپنی تکلیف کا احساس دلاتے ہیں یوں افسران سے افہام و تفہیم کے ذریعے معاملہ کچھ اس طرح طے پاتا ہے کہ جو مٹیریل لگے گا ڈسٹرکٹ کونسل مہیا کرے گی لیکن افرادی قوت دیہات والوں کے ذمے ہوگی
65a8ba7c0352ffdf5f7f22f9,ایسا کرنے سے سڑک احسن طریقے سے بن جاتی ہے اور دیہات کے لوگوں کے علاوہ دیگر علاقوں کے لوگوں کے لیے بھی سہولت ہو جاتی ہے ذرائع امد و رفت میں اضافہ ہو جاتا ہے تو ویگنیں اور بسیں بھی چلنا شروع ہو جاتی ہیں اور گاؤں کی شہر سے دوری ختم ہو جاتی ہے
65a8bac70352ffdf5f7f22fc,ضروریات زندگی شہر سے اسانی سے لائی جا سکتی ہے ذرا امد و رفت کے ہونے سے گاؤں کے لوگوں کو بھی یہ اشیاء بسہولت مل جاتی ہیں لوگوں کی اجناس منڈی میں لے جانے کے لیے بھی اسانی ہو جاتی ہے کاروبار میں اضافہ ہو جاتا ہے گاؤں کے لیے اسکول اور ہسپتال کا قیام بھی ممکن ہو جاتا ہے
65a8baef0352ffdf5f7f22ff,اگر یہی گاؤں والے ہاتھ پر ہاتھ دھرے بیٹھے رہتے اور مدد کے لیے دوسروں کی طرف تکتے رہتے تو یہ سہولتیں جو ان کو سڑک بننے سے میسر ائی کبھی نہ ا سکتی تھی اور جو ترقی کی راہیں ان کے لیے کھل گئی کبھی نہ کھل سکتی سو اپنی مدد اپ کا اصول انفرادی طور پر بھی اور اجتماعی طور پر بھی مفید ہی ثابت ہوتا ہے
65a8bb200352ffdf5f7f2302,اکثر دیکھا جاتا ہے کہ امیر لوگ گھروں کے کام کاج کے لیے ملازم رکھ لیتے ہیں حالانکہ وہی کام وہ خود بھی کر سکتے ہیں اس کا نتیجہ یہ نکلتا ہے کہ صفائی کا کام بھی نوکر کرتے ہیں باورچی خانے کا کام بھی نوکروں کے سپرد ہوتا ہے اور میگمات بےکار بیٹھی رہتی ہیں یا ضرورت سے زیادہ سوئی رہتی ہیں اور سست ہو جاتی ہیں انہیں غذا بھی کھانے کو اچھی ملتی ہے اس لیے موٹی ہو جاتی ہیں اور دل کی بیماریوں بلڈ پریشر اور شوگر جیسی مہلک امراض میں مبتلا ہو جاتی ہیں
65a8bb440352ffdf5f7f2305,وہ کہتی ہیں کہ ہمیں خوراک بھی صحیح ملتی ہے گھر میں ہر طرح کا ارام بھی میسر ہے بے فکری بھی ہے کوئی تکلیف بھی نہیں تو یہ بیماری کیوں لگ گئی لیکن جو اصل وجہ ہے اس کو تو سمجھا نہیں جا رہا کہ کام نہ کرنے کی وجہ سے قوت مدافعت ختم ہو گئی اور بیماری کو حملہ کرنے کا اسانی سے موقع مل گیا
65a8bbaa0352ffdf5f7f2308,ان لوگوں کے مقابلے میں اپ نے دیکھا ہوگا کہ دیہات کی عورتیں سارا دن محنت سے کام کرتی ہیں مویشیوں کے لیے چاہ رہا تھا خود بناتی ہیں گھر کا کام کاج اپنے ہاتھوں سے کرتی ہیں مردوں کو صبح کا ناشتہ کھیتوں میں پہنچاتی ہیں سارا دن کھیتوں میں بھی کام کاج کرتی ہیں اور شام کو گھر ا کر گھر کی ذمہ داری بھی سنبھالتی ہیں تو وہ تندرست ہوتی ہیں
65a8bbcc0352ffdf5f7f230b,ان کو بیماری بھی نہیں لگتی ان کا جسم بھی چاک ہو چوبند ہوتا ہے موٹاپہ ان کے پاس تک نہیں بھٹک سکتا وہ خوراک بھی خوب کھاتی ہیں اور ہضم بھی اسانی سے کر لیتی ہیں ان کی صحت قابل رشک ہوتی ہے اور اسی طرح سے دیہاتی مرد بھی تن اسان شہریوں سے زیادہ صحت مند اور تندرست ہوتے ہیں
65a8bbf80352ffdf5f7f230e,وہ قومیں جو اپنی مدد اپ کے اصولوں پر عمل نہیں کرتی ترقی یافتہ قوموں کی دست نگر ہو کر رہ جاتی ہیں اور ترقی وہ قومیں کرتی ہیں جو اپنی مدد اپ کرتی ہیں قران کریم میں ارشاد باری تعالی ہے کہ انسان کو وہی ملتا ہے جس کے لیے وہ کوشش کرتا ہے اس کی دوسروں پر تکیہ کرنا اپنی تباہی کو دعوت دینا ہے اپنے کام خود کرنے چاہیے اور اپنی ذمہ داریاں خود سنبھالنا چاہیے
65a912d7795e7dcfe0863bdb,عنوان گفتگو کے اداب
65a91321795e7dcfe0863bdf,گفتگو ہی ایسا ذریعہ ہے جس سے کسی کے ذہنی معیار قابلیت اور شخصیت کا اندازہ ہو سکتا ہے جب انسان کسی سے ملتا ہے تو گفتگو سے ہی اپنے اپ کو متعارف کراتا ہے
65a9133e795e7dcfe0863be2,گفتگو کا اسلوب شائستہ مہذبانہ متوازن اور شیری ہوگا تو انسان کی شخصیت کو عظیم سمجھا جائے گا اور اگر زبان میں مٹھاس نہیں اور گفتگو شستہ نہیں بلکہ بے ربط بھی ہے تو کوئی شخص بھی اس کے متعلق اچھی رائے قائم نہیں کرے گا
65a9137a795e7dcfe0863be5,دوران گفتگو دوسروں کی تنقید کو حوصلے سے سننا اور اس کا مدلل جواب دینا اعلی ظرفی کا ثبوت ہے تنقید کا جواب بردباری اشیری زبانی سے دینا چاہیے کیونکہ گفتگو کا اصل مقصد سمجھنا اور سمجھانا ہوتا ہے
65a913ff795e7dcfe0863be8,تبادلہ خیالات سے بہت سے مسائل حل ہو سکتے ہیں گفتگو کے دوران حفظ مراتب کا خیال ضرور رکھنا چاہیے اگر گفتگو کرنے والا کوئی بزرگ ہے تو اس کے ساتھ بڑے ادب و احترام سے گفتگو کرنا چاہیے
65a9141f795e7dcfe0863beb,اگر ہم عمر ہے تو اس سے برادرانہ گفتگو کرنا چاہیے اور اگر اپ سے چھوٹا ہے تو اسے مشفقانہ انداز سے سمجھانا چاہیے اس طرح وہ یہ نہیں سمجھے گا کہ اپ اس پر اپنی بات ٹھوس رہے ہیں اور وہ بھی دوران گفتگو کوئی نازیبہ بات کہنے کی جرات نہیں کرے گا
65a91454795e7dcfe0863bee,گفتگو کے دوران دوسرے بات کرنے والے کو بھی بات کرنے اور دلائل دینے کا پورا پورا موقع دینا چاہیے اور مخاطب کی رائے کو یک دم غلط قرار نہیں دینا چاہیے اسے سمجھائیں کہ جو کچھ اپ کہہ رہے ہیں درست تو ہے مگر اس میں یہ تبدیلی ہو جائے یعنی جو اپ کہنا چاہتے ہیں تو اپ کی بات کی تائید ہو جاتی ہے اسے یہ احساس نہ ہونے دیں کہ اپ اس کی مخالفت کر رہے ہیں بلکہ اسے یہ پتہ چلے کہ دوستانہ ماحول میں سمجھنے اور سمجھانے کی غرض سے گفتگو ہو رہی ہے
65a9147e795e7dcfe0863bf1,مجلس میں بیٹھ کر کسی کی عیب جوئی نہیں کرنی چاہیے نہ اس طرح کے سننے والے اپ کو گھٹیا قسم کا انسان سمجھیں کہ کیسا شخص ہے جو منہ بات کرنے کی ہمت نہیں رکھتا مگر غیر موجودگی میں چغلی کھا رہا ہے ممکن ہے بعض لوگ یہ سمجھیں کہ اپ بھی اسی قسم کے انسان ہیں قران حکیم میں بھی ارشاد باری تعالی ہے کہ جو شخص اے کرتا ہے وہ اپنے مردہ بھائی کا گوشت کھا رہا ہے
65a914b7795e7dcfe0863bf4,اداب گفتگو میں یہ اصول بھی پیش نظر رکھنا چاہیے کہ محفل میں بیٹھ کر ڈینگی مارنے کی عادت سے کم ظرفی کا ثبوت ملتا ہے عقلمند لوگ جھٹ سمجھ جاتے ہیں کہ جو ظرف کے خالی ہے صدا دیتا ہے کہ مزداق اس میں ہلکا پن پایا جاتا ہے
65a914ed795e7dcfe0863bf7,اسی طرح اپنی ذہانت اور قابلیت کی دھاگ بٹھانے کی کوشش بھی نہیں کرنی چاہیے کسی کا مذاق اڑا کر اپنی برتری جتانا بھی کوئی اچھی عادت نہیں اس سے دوسروں کی دل شکنی ہوتی ہے کسی کے دل شکنی کرنا بظاہر تو معمولی فعل معلوم ہوتا ہے مگر حقوق العباد کے گناہ کبیرہ تک جا پہنچتا ہے
65a9153d795e7dcfe0863bfa,اگر مذاق کرنا ہی مقصود ہو تو ایسا شستہ مذاق کرنا چاہیے جو ہسی خوشی تک ہی محدود ہو اس میں کسی کی توہین یا تحقیر کا پہلو نہ نکلتا ہو اپنی برتری جتانے اور کسی کا مذاق اڑانے سے خواہ مخواہ دشمنی پیدا ہوتی ہے گفتگو تو ایسی ہونی چاہیے کہ اپ زیادہ سے زیادہ لوگوں کو اپنا ہم نوا بنا سکیں اور ان کی ہمدردیاں حاصل کر سکیں
65a91586795e7dcfe0863bfd,بعض مجلسوں میں دیکھا گیا ہے کہ بات بات پر گالی گلوچ سے مخاطب کیا جاتا ہے ایسا کرنے سے فساد ہونے کا احتمال ہوتا ہے ویسے بھی یہ شائستگی کے منافی ہے اگر یہ عادت بن جائے تو لوگ اپ کے متعلق اچھی رائے نہیں رکھیں گے چنانچہ بیہودہ گفتگو سے بھی پرہیز کرنا چاہیے کہ اس کے ہمیشہ برے نتائج نکلتے ہیں اور خواہ مخواہ وقت بھی ضائع ہوتا ہے
65a91612795e7dcfe0863c00,دوران گفتگو اس بات کا بھی لحاظ رکھنا چاہیے کہ کسی کی ذاتیات پر بحث نہ کی جائے اس سے کسی کی عیب جوئی کا پہلو بھی نکلتا ہے اور اپنی برتری جتانے کا بھی کسی کی ذاتی معاملات میں تجسس سے بھی گریز کرنا چاہیے اس سے بھی خوامخواہ کی دشمنی پیدا ہونے کا اہتمام ہوتا ہے
65a91638795e7dcfe0863c03,دوسرا شخص بھی اپ کے متعلق اسی طرح سے کرید کرے گا یوں ایک دوسرے کے عیوب سامنے ائیں گے بلاوجہ اپنی برتری جتانے اور نجی حالات بیان کرنے سے بھی اپ دوسروں کی ہمدردیاں کھو بیٹھیں گے ویسے تو فطرتا ہر ادمی برتر ہونے کی خواہش رکھتا ہے مگر جب اپ اس کا ذکر برملا کرتے ہیں تو ٹکراؤ پیدا ہوتا ہے
65a9164f795e7dcfe0863c06,گفتگو کرتے وقت یہ بھی ضروری ہے کہ اپ دوسرے کے ذہن کو بھی پڑھیں کئی لوگ مخصوص عقائد رکھتے ہیں ان کے خلاف گفتگو کرنا بھی مخالفت مول لینے والی بات ہے
65a91661795e7dcfe0863c09,اگر اپ کسی کی پسند کو اپنی پسند میں تبدیل کرنا چاہتے ہیں تو اس کی پسند کو برا نہ کہیے بلکہ ایسے انداز میں اپنی پسند کی اچھائیاں ذہن نشین کرائیں کہ وہ برا محسوس نہ کرے
65a9167e795e7dcfe0863c0c,اس کے علاوہ جس مجلس میں اپ گفتگو کر رہے ہیں یا جس فرد سے اپ گفتگو کر رہے ہیں اس کی عملی قابلیت اور ذہنی معیار کا اندازہ ضرور رکھنا چاہیے ایسا نہ ہو کہ اپ فلسفہ بیان کرنے لگ جائیں جس کو وہ سمجھ ہی نہیں سکتا تو ایسی گفتگو لاحاصل ہوتی ہے
65a916d3795e7dcfe0863c0f,اس سلسلے میں حضور کا فرمان بھی ہے کہ لوگوں کی سمجھ کے مطابق بات کرو اس بات کا بھی خیال رکھنا چاہیے کہ جو کچھ اپ کہہ رہے ہیں سننے والے کو ناگوار تو نہیں گزر رہا اگر ایسا ہے تو اپنی گفتگو کا رخ موڑ لیں لمبی غیر متعلقہ افالتو بات سے پرہیز کریں فرمان رسول ہے کہ بہترین بات وہ ہے جو مختصر مدلل جامع مفید اور بامعین ہو
65a952824e6972ba8e1cb7de,عنوان بد کلامی اور اس کا انجام
65a9529e4e6972ba8e1cb7e2,کسی شخص کے ساتھ بد اخلاقی اور بدتمیزی سے پیش انے اور اسے ایسے الفاظ میں مخاطب کرنے کو جو نازیبہ ہوں اور جن سے اس کی عزت نفس مجروح ہوتی ہو بد کلامی یا بد زبانی کہتے ہیں
65a952c34e6972ba8e1cb7e5,یہ عادت نہایت بد اخلاقی میں شمار ہوتی ہے اور اس کی مثال گناہ بے لذت کی ہے کیونکہ بد کلامی کرنے والے کو اس سے کوئی فائدہ بھی نہیں پہنچتا کئی باتیں ایسی ہوتی ہیں جن کے کچھ فوائد بھی ہوتے ہیں اور نقصانات بھی لیکن بد زبانی ایسا عیب ہے جس سے نقصان ضرور پہنچتا ہے مگر فائدہ کبھی نہیں ہوا
65a9531d4e6972ba8e1cb7e8,جو لوگ بد زبان ہوتے ہیں کوئی بھی شریف ادمی ان سے بات کرنا گوارا نہیں کرتا یہ عادت جب راسخ ہو جائے تو بدنامی کا باعث بنتی ہے جس سے انسان کی شہرت داغدار ہو جاتی ہے اور وہ کسی اچھی سوسائٹی کے قابل نہیں رہتا اللہ تعالی نے انسان کو عقل اس لیے بخشی ہے کہ وہ اپنی شیری بیانی سے دوسرے انسانوں کو مسحور کر سکے
65a9538c4e6972ba8e1cb7eb,دشمنوں کو خوشکن گفتگو سے مسخر کرے ایک ادمی خواہ کتنا ہی پڑھا لکھا ہو کتنا خوبصورت ہو کتنا ہی ہوشیار بچالاک کیوں نہ ہو اور کتنا ہی عقلمند کیوں نہ ہو اگر وہ بد زبان ہے تو اس کی ساری صفات خاک میں مل جاتی ہیں
65a953c64e6972ba8e1cb7ee,کوئی شخص نہ کسی کی عقل دیکھتا ہے نہ خوبصورتی اور نہ کوئی دوسری صفت انسان کا سب سے پہلا تعارف اس کی زبان کراتی ہے اگر زبان شیری ہے تو سننے والا اس کا گرویدہ ہو جاتا ہے لیکن اگر زبان گندی ہے تو اس سے نفرت پیدا ہو جاتی ہے دنیا میں محبت اور نفرت دو مرتضات چیزیں ہیں اپ خود ہی سمجھ لیں کہ محبت جس قدر اچھی صفت ہے نفرت اسی قدر بری ہے
65a9547d4e6972ba8e1cb7f1,والدین کو اپنی اولاد سب سے زیادہ عزیز ہوتی ہے یہاں تک کہ دنیا میں اولاد سے بڑھ کر کوئی چیز نہیں ہوتی اور والدین کی محبت بھی لازوال ہوتی ہے مگر جب اولاد والدین کے سامنے بدتمیزی یا بدکلامی کرتی ہے تو والدین کی محبت نفرت میں تبدیل ہو جاتی ہے اگر والدین کی محبت جو بچوں کے لیے کم نہیں ہوتی اس میں فرق ا سکتا ہے تو دوسرے لوگ جن کے ساتھ کوئی خونی رشتہ نہیں وہ کیسے برداشت کر سکتے ہیں کہ کوئی ان سے بدتمیزی یا بدکلامی سے پیش ائے
65a955654e6972ba8e1cb7f4,دنیا کا برے سے برا انسان بھی اپنی ب****** اور بے حرمتی برداشت کرنے کے لیے تیار نہیں ہوتا
65a955c34e6972ba8e1cb7f7,بد کلامی سے براہ راست کسی کی عزت و توقیر پر حملہ ہوتا ہے کئی لوگ بے تکلف دوستوں میں بیٹھ کر مغلظات کا بکثرت استعمال کرتے ہیں اور یہ ان کی عادت بلکہ فطرت کا حصہ بن جاتی ہے وہ جہاں کہیں بھی بیٹھتے ہیں اس طرح کی غلیظ گفتگو کرتے ہیں اور جس سوسائٹی میں وہ گفتگو کر رہے ہوتے ہیں اس کا ہر فرد ان کو نفرت بھری نگاہ سے دیکھنے لگ جاتا ہے
65a956544e6972ba8e1cb7fa,اس طرح ایسے لوگ کسی اچھی اور مہذب سوسائٹی میں بیٹھنے کے قابل نہیں رہتے افسران کو ماتحت عملے یا پرائیویٹ ملازمین کے ساتھ بھی شستہ کلامی سے پیش انا چاہیے ان سے اگر بد کلامی کی جائے تو ایک وقت ایسا بھی ا جاتا ہے کہ وہ جوابا ب****** پر اتر اتے ہیں اور ایسا کرنے میں وہ حق بجانے بھی ہوتے ہیں کیونکہ وہ بھی تو اخر انسان ہی ہوتے ہیں وہ بھی چاہتے ہیں کہ کوئی ان کے ساتھ برا سلوک نہ کرے بد کلامی سے بسا اوقات فساد بھی ہو جاتے ہیں اور یہ بڑے بڑے نقصان کا باعث بنتی ہے
65a9571a4e6972ba8e1cb7fd,حلیم الطبعی شستگی اور خشکلامی بھی انسانیت کے زیور ہیں اگر کوئی شخص ترش کلامی سے گفتگو کرتا ہے اس کا جواب بردباری اور نرمی سے دیا جائے تو یقینا اس پر اچھا اثر پڑتا ہے اور وہ سوچنے پر مجبور ہو جاتا ہے کہ یہ شخص مجھے عزت سے ہم کلام کر رہا ہے تو میں بھی اس کا جواب اسی طرح دوں ہمارے ہادی برحق نے ہمیں ایسا ہی کرنے کا حکم فرمایا اور انہوں نے خود اس پر عمل کر کے دکھایا
65a957fc4e6972ba8e1cb800,اپ نے برائی کا جواب ہمیشہ اچھائی سے دیا اور ایک دفعہ نہیں بے شمار بار اسی طرح دیا جس کا اثر یہ ہوا کہ بروں نے برائی ترک کی اور راہ مستقیم پر اگئے سو بد کلامی کی جواب میں بھی بد کلامی نہیں کرنی چاہیے
65a957fcd3e34151cfbb27dd,اپ نے برائی کا جواب ہمیشہ اچھائی سے دیا اور ایک دفعہ نہیں بے شمار بار اسی طرح دیا جس کا اثر یہ ہوا کہ بروں نے برائی ترک کی اور راہ مستقیم پر اگئے سو بد کلامی کی جواب میں بھی بد کلامی نہیں کرنی چاہیے
65a95911d3e34151cfbb27e1,دنیا کے ہر معاملے میں بد کلامی نقصان دہ ہوتی ہے ملازمت ہو یا تجارت دونوں حالتوں میں بد کلامی بدنامی کا باعث ہی بنتی ہے اس سے کبھی فائدہ نہیں ہوتا تجارت میں تو خاص طور پر بدکلامی کو ایک مکروہ فعل سمجھا جاتا ہے مال لیتے ہوئے یا دیتے ہوئے اگر اپ کسی سے ذرا سی بھی بد زبانی سے کام لیں گے تو وہ اپ کو مال دے گا نہ اپ کا مال خریدے گا
65a95973d3e34151cfbb27e4,جس سے مال اپ نے خریدنا ہے وہ سوچے گا کہ مال بیچنا ہے عزت نہیں بیچنی اسی طرح سے خریدنے والا بھی کہے گا کہ مال خریدنا ہے ب****** تو نہیں خریدنی ہر ادمی نفرت کرنے لگ جائے گا اور دنوں میں کاروبار ٹھپ ہو کر رہ جائے گا اس کے برعکس جو دکاندار خوش اخلاق ہیں اور حفظ مراتب کا خیال رکھ کر دوسروں سے پیش اتے ہیں ان کا کاروبار دنوں میں چمکنے لگتا ہے گاہک ان سے مال خرید کر خوش ہوتے ہیں اسی طرح سے سفر میں بھی وہ لوگ خوشی خوشی اپنی منزل کو پہنچتے ہیں جو خوش اخلاق ہوتے ہیں بلکہ اکثر دیکھا گیا ہے کہ بعض لوگ دوران سفر ایسے ایسے دوست پیدا کر لیتے ہیں جو ان کی ائندہ زندگی میں ان کی بہت ہی رفیق اور معاون ثابت ہوتے ہیں
65a959a1d3e34151cfbb27e7,بسا اوقات بد کلامی کی وجہ سے ایسے ایسے تنازعات پیدا ہوتے ہیں جو مستقل دشمنی کی شکل اختیار کر لیتے ہیں اس کا نتیجہ بربادی اور تباہی کے سوا کچھ نہیں ہوتا لہذا ہر انسان کو چاہیے کہ اپنے ذاتی اور ملی مفاد کے لیے اور قوم و ملک کی ترقی کے لیے خوش اخلاقی کو اپنا شعار بنائیں اور بد کلامی سے اجتناب کریں
65a9f13936aaef1da81ee507,عنوان لائبریریوں کی ضرورت اور اہمیت
65a9f17a36aaef1da81ee50b,علم حاصل کرنا ہر مرد اور عورت کے لیے فرض قرار دے دیا گیا ہے اسی طرح علم سکھانا اور اس کو فروغ دینا بھی بہترین اعمال میں سے ہے لائبریر یا علم کے فروغ میں اہم کردار ادا کرتی ہیں لائبریریوں کے قیام اور ان کے ذریعے علم کے فروخت کے بغیر کوئی قوم عروج حاصل نہیں کر سکتی بقول مولانا الطاف حسین حالی مسلمانوں کا اقبال جب عروج پر تھا تو اس وقت کتب خانوں کو بہت اہمیت حاصل تھی
65a9f1aa36aaef1da81ee50e,مولانا فرماتے تھے حریم خلافت میں اونٹوں پہ لد کر چلے اتے تھے مصر و یونہ کے دفتر
65a9f23236aaef1da81ee511,مسلمانوں نے ہندوستان پر ہزار سال تک حکومت کی انہوں نے بہت سی لائبریریاں اور کتب خانے قائم کیے شاہان دہلی وعود کے گراں بہا کتب خانے نے سٹیپو سلطان اور دیگر عمرہ کے کتب خانے اس وقت کے نوادرات کے ذخیروں میں شمار ہوتے تھے
65a9f27636aaef1da81ee514,مسلمانوں کے زوال کے ساتھ ہی انگریز حکمراں انہیں ایک ایک کر کے اٹھا کر لے گئے انڈیا افس لائبریری میں ایک بہت بڑا کتابوں کا ذخیرہ موجود ہے جو انگریز ہندوستان ہی سے لے کر گئے تھے
65a9f28e36aaef1da81ee517,لندن کا برٹش میوزیم بقول سر سید احمد خان کتابوں کا ایک بہت بڑا جنگل ہے یہ میوزیم انگریزی کی علم دوستی اور علمی شغف کا ایک بین ثبوت ہے
65a9f2b336aaef1da81ee51a,ترقی یافتہ ملکوں میں کتب خانوں کو بہت اہمیت دی جاتی ہے امریکہ جرمنی فرانس اور دیگر ترقی یافتہ ممالک کے کتب خانے اپنی مثال اپ ہیں متحدہ ہندوستان میں عہد مغلیہ تک کتب خانوں کی یہی کیفیت تھی بر صغیر پاک و ہند علم و فضل کا بحر بیکراں تھا
65a9f2cf36aaef1da81ee51d,دور دراز سے سیاہ ا کر انہی کتب خانوں سے مستفیض ہوتے تھے یہاں پر اس قدر کتب خانے تھے کہ اگر ان کے نام لکھے جائیں تو ایک اچھی بھلی کتاب بن جائے
65a9f30136aaef1da81ee520,یہ عظیم سرمایہ کچھ تو 1857 کی نظر ہو گیا اور کچھ انگریز اپنے ملک میں لے گئے
65a9f39536aaef1da81ee523,لائبریری کتابوں کا ایسا مشترکہ سرمایہ ہوتا ہے جہاں سے لوگ علم کی پیاس بجھاتے ہیں ہر ادمی بڑی بڑی کتابیں خریدنے کا متحمل نہیں ہو سکتا اور اگر ہو بھی سکتا ہو تو کتاب کو ایک دفعہ پڑھ کر اسے زینت طاق بنا دیتا ہے اگر یہ کتاب لائبریری میں ہوگی تو اس کو ایک ادمی نہیں پڑتا بلکہ بے شمار ادمی اس سے فائدہ اٹھاتے ہیں اس طرح ایک کتاب مدتوں تک چشمہ فیض بنی رہتی ہے
65a9f41936aaef1da81ee526,لائبریریاں جس قدر بلند پایا کی ہوں گی اور تعداد میں زیادہ ہوں گی اسی قدر لوگوں کی علم کی پیاس بجھا سکیں گی اور جہالت کی تاریکی دور ہوگی لائبریریوں سے شوق متعلق بھی بڑھتا ہے اور اچھی اچھی کتابوں کی تصنیف و تالیف کا کام بھی بڑھتا ہے اس کا نتیجہ یہ ہوتا ہے کہ صاحبان علم اور اہل قلم کی قدر و قیمت بڑھتی ہے اور ان کی حوصلہ افزائی ہوتی ہے تلاش علم کا کام بڑھتا ہے نئے نئے علم و فنون کا پتہ چلتا ہے تحقیق و تجسس کا کام ترقی پذیر ہوتا ہے
65a9f43636aaef1da81ee529,لائبریری ایک صدقہ جاریہ ہے جب تک قائم رہے گی لوگ اس چشمے سے فیض یاب ہوتے رہیں گے اور ان کے قائم کرنے والے کو اس کا اجر ملتا رہے گا اگر ہمارے ہاں لائبریریوں کی کثرت ہو تو حصول علم کے لیے ہمیں اغیار کا محتاج نہیں ہونا پڑے گا
65a9f46b36aaef1da81ee52c,لائبریریو کو فنون کے اعتبار سے بھی مخصوص کیا جا سکتا ہے مثلا ایک شہر میں مختلف لائبریریوں میں ایک لاکھ کتب ہیں تو ان کو الگ الگ عمارتوں یا حصوں یا سیکشن میں تقسیم کر دیا جائے ایک حصے میں انگریزی زبان کی قدیم و جدید تصنیفات ہوں دوسرا کسی اور زبان کے لیے مخصوص ہو تیسرا اردو زبان کی تصنیفات کے لیے پانچواں سائنسی علوم کے لیے ہو اور اگر ان میں بھی کتابیں بہت زیادہ ہو جائیں تو ان میں بھی تخصیص کر دی جائے
65a9f4a136aaef1da81ee52f,مثلا سائنس اور انجینرنگ کی کتابیں الگ الگ کر دی جائیں طبی کتب الگ ہوں الیکٹرک سے متعلق الگ ہوں اس طرح متعلقہ کرنے والے کے لیے اسانی ہو جاتی ہے اور تحقیق و تجسس کا کام بہت اسان ہو جاتا ہے
65a9f4d436aaef1da81ee532,لائبریریوں میں ہر مزاج اور ہر معیار کی کتب کا ہونا لازمی ہے بچوں کے متعلق کے لیے الگ کتابچے اور اصالح ہونا چاہیے یہ ضروری نہیں کہ لائبریری میں سے بڑے بڑے عالم فاضل ہی جا کر مطالعہ کر سکتے ہیں بچے بھی جا سکتے ہیں بلکہ بچوں سے ہی تو ترقی کا سلسلہ شروع ہوتا ہے
65a9f56a36aaef1da81ee535,ان کے اذہان کو علم سے اراستہ کرنا قوم کی ترقی کے لیے نہایت ضروری ہے ان میں متعلقہ کا شوق ترقی کی بنیاد رکھنے کے مترادف ہے بچوں کے لیے ہلکی پھلکی اور دلچسپ کتابیں مہیا کرنا اور انہیں ان کتابوں سے استفادہ کرنے کا سلیقہ سکھانا ہمارا فرض ہے
65a9f57e36aaef1da81ee538,ملک و قوم کی ترقی کے لیے علم کو فروغ دینا بہت ضروری ہے مدرسوں میں نصاب بہت محدود ہوتا ہے اس لیے علم کو وسعت دینے کے لیے لائبریریوں کا قیام بہت ضروری ہے
65a9f763083ba049fe192043,عنوان زر مبادلہ کی اہمیت
65a9f7c5083ba049fe192047,یہ ایک مسلمہ حقیقت ہے کہ کسی ملک کی معیشت کے استحکام کا انحصار اس کی بیرونی تجارت پر ہے اور بین الاقوامی تجارت کے لیے زر مبادلہ کی ضرورت ہے ہر ملک کی کرنسی علیحدہ علیحدہ ہوتی ہے اس لیے بین الاقوامی تجارت کو فروغ دینے کے لیے ضروری ہے کافی زر مبادلہ موجود رہے
65a9f7db083ba049fe19204a,یہی وجہ ہے کہ زر مبادلہ کی اہمیت بہت بڑھ گئی ہے دوسرے ممالک سے معاشی رشتوں کو استوار کرنے اور لین دین کا عمل جاری رکھنے کے لیے ہر ملک زر مبادلہ کا محتاج ہے
65a9f820083ba049fe19204d,مثال کے طور پر ایک پاکستان تاجر امریکہ سے ایک لاکھ روپے کی مشینریدر امد کرتا ہے امریکہ میں ہم جس فرم سے ہی مشینری خریدتے ہیں وہ ہماری پاکستانی کرنسی قبول نہیں کرتی کیونکہ پاکستانی کرنسی امریکی تاجر کے لیے کوئی اہمیت نہیں رکھتی وہ تو ڈالر لینا پسند کرے گا لہذا پاکستان تاجر کے لیے ضروری ہو گیا کہ اس مشینری کی قیمت وہ ڈالروں میں ادا کرے
65a9f84a083ba049fe192050,اسی طرح سے اگر کوئی امریکی تاجر پاکستان سے کپاس درامد کرتا ہے تو اسے کپاس کی قیمت پاکستانی روپے میں ادا کرنا ہوگی انفرادی بیرونی تجارت کا یہی اصول بین الاقوامی سطح پر بھی لاگو ہوتا ہے کہ جو مال ہم باہر سے منگوائیں اس کی قیمت ہماری اشیائے برامد سے نہ بڑھنے پائے ہر حال میں ہمارا زر مبادلہ برابر ہونا چاہیے
65a9f896083ba049fe192053,ہمیں اپنے ملک کی صنعت کو ترقی دینے کے لیے مشینری اور دیگر صنعتی اشیاء اور پرزہ جات درامد کرنا پڑتے ہیں چونکہ ہمارا ملک بنیادی طور پر ایک زرعی ملک ہے اس لیے ہمیں بیرون ملک سے اشیاء برامد کرنے کے لیے زر مبادلہ کی ضرورت ہے
65a9f8bc083ba049fe192056,ہمارا یہ مقصد زر مبادلہ کے بغیر پورا نہیں ہو سکتا لہذا ہم اپنی فالتو پیداوار کو بیرونی ممالک میں فروخت کرتے ہیں اس طرح سے جو زر مبادلہ ہم ملکی پیداوار سے حاصل کرتے ہیں اس سے ہم اس مال کی قیمت ادا کرتے ہیں جو ہم بیرون ملک سے درامد کرتے ہیں
65a9f8dd083ba049fe192059,یہ درامد خواہ صنعتی مشینری کی صورت میں ہو یا فالتو پرزے ہوں یا اسلحہ ہو کسی ملک کی صنعتی ترقی اور معاشی استحکام کا انحصار اس بات پر ہے کہ ہم اپنے ملک کی پیداوار بیرون ملک فروخت کر کے زیادہ سے زیادہ زر مبادلہ کمائیں
65a9f91a083ba049fe19205c,ہم اپنی برامدات کو جتنا بڑھائیں گے اور درامدات کو جتنا گھٹائیں گے اتنا ہی ہمیں معاشی استحکام حاصل ہوگا
65a9f95c083ba049fe19205f,ہمیں دوسری ادائیگیوں میں اسانی رہے گی اور ہمارا ملک جلد ترقی کی راہ پر گامزن ہوگا چنانچہ ہمیں اپنے ملک کی پیداوار پر زیادہ سے زیادہ توجہ دینی چاہیے اور رات دن محنت کر کے ملکی پیداوار کو بڑھانا چاہیے
65a9f972083ba049fe192062,زر مبادلہ ایک ایسی دولت یا سرمایہ ہے جس سے ہم بیرون ملک سے اشیائے درامداد کی قیمت ادا کر سکتے ہیں اور یہ ہر دور اور ہر قسم کے حالات میں کام انے والی چیز ہے
65a9fa1c083ba049fe192065,صنعتی اور تجارتی فوائد کے علاوہ بھی زر مبادلہ ایسے حالات میں فائدہ مند ہوتا ہے جب کبھی کسی ملک میں اشیائے ضرورت کی قلت پیدا ہو جائے یہ کسی وقت ایسے حالات پیدا ہو جائیں جب در امداد نہ گزیر ہو جائیں مثلا ادویات بھی باہر سے ہی منگوانا پڑتی ہیں
65a9fa50083ba049fe192068,یہ چیزیں ہمیں بالعموم امریکہ جرمنی انگلینڈ اٹلی وغیرہ سے منگوانا پڑتی ہیں ایسے میں اگر ہمارے پاس زر مبادلہ ہوگا تو ہم اسانی سے منگوا سکیں گے ناسازگار حالات اور اسمانی افات اور قید وغیرہ پڑ جانے کی صورت میں بھی زر مبادلہ ہمارے بہت کام اتا ہے اگر زر مبادلہ ہوگا تو باہر سے خوراک اور دیگر سامان منگوایا جا سکتا ہے ورنہ ملک بہت بڑی مشکلات میں پھنس جاتا ہے ایسے حالات کا مقابلہ کرنے کے لیے بھی زر مبادلہ بہت ضروری ہے
65a9fac9083ba049fe19206b,زر مبادلہ برامدی اور درامدی تجارت کا ذریعہ ہے اس کے ساتھ ساتھ زر مبادلہ سے یہ بھی فائدہ پہنچتا ہے کسی ملک عاجر اور پیدائش کنندگان دوسرے ملکوں کے مقابلے کے خطرے کی وجہ سے اپنی پیداوار اور مصنوعات کی معیار کو برقرار رکھتے ہیں اور اس میں روز بروز ترقی کی نئی نئی راہیں نکالتے رہتے ہیں تاکہ ان کے مال کی مانگ بڑھے
65a9fb02083ba049fe19206e,اس کے علاوہ جب درامدی اور برامدی کاروبار کو فروغ ملتا ہے تو ایک ملک کے تجارتی وفود دوسرے ممالک میں جاتے ہیں اور ان کے درمیان تجارتی معاہدے ہوتے ہیں
65a9fb18083ba049fe192071,اس طرح وہ ایک دوسرے کو سمجھتے ہیں ان کی غلط فہمیاں دور ہوتی ہیں اور باہمی تعلقات بڑھتے ہیں ان وفود کی وجہ سے ممالک کے درمیان خیر سگالی کا جذبہ بڑھتا ہے
65a9fb6f083ba049fe192074,زر مبادلہ بہت ہی اہم چیز ہے اس لیے دنیا کے ہر ملک نے چاہے وہ ترقی یافتہ ہو یا ابھی ترقی کر رہا ہو زر مبادلہ پر اپنا کنٹرول رکھا ہوا ہے تاکہ اشیاء درامداد کی قیمت اشیاء برامدات سے بڑھنا جائے اور قیمت ادا کرنے میں تکلیف نہ ہو
65a9fb8e083ba049fe192077,حکومت پاکستان نے یہ ذمہ داری اسٹیٹ بینک اف پاکستان کے سپرد کر رکھی ہے برامدات کے بدلے میں جو زر مبادلہ کمایا جاتا ہے وہ اسٹیٹ بینک کی تحویل میں رہتا ہے اور اس کے ذریعے اشیاء درامدات کی قیمت ادا کی جاتی ہے
65a9fbf2083ba049fe19207a,جو لوگ تجارت کے غرض سے یہ تفریحی مقاصد کے لیے باہر جاتے ہیں ان پر بھی بینک کڑی نظر رکھتا ہے حجاج کرام کے لیے علیحدہ کرنسی نوٹ جاری کیے جاتے ہیں بہرحال زر مبادلہ ہر ملک کے لیے بہت ہی اہمیت رکھتا ہے اس لیے ہم پاکستانیوں کو چاہیے کہ اپنی برامداد میں زیادہ سے زیادہ اضافہ کریں تاکہ ہمارے ملک کو معاشی استحکام حاصل ہو
65aab47a2322ef009138a9a6,عنوان معاشرتی خرابیاں اور ان کی اصلاح
65aab47c2322ef009138a9aa,عنوان معاشرتی خرابیاں اور ان کی اصلاح
65aab47b073310e15c673203,عنوان معاشرتی خرابیاں اور ان کی اصلاح
65aab4ac073310e15c673207,لکڑی کو گھن اور معاشرے کو برائیاں کھا جاتی ہیں معاشرتی برائیوں کو اس قدر فروغ حاصل ہو چکا ہے کہ نہ صرف ذاتی زندگی بلکہ ہماری قومی اور اجتماعی زندگی بھی اجیرن ہو کر رہ گئی ہے
65aab528073310e15c67320a,اگر کہا جائے کہ برائیوں نے ہمیں نہیں گھیرا بلکہ ہم نے خود ہی برائیوں کو اپنے اوپر حاوی کر لیا ہے تو غلط نہ ہوگا کیونکہ برائیاں خود نہیں ا جاتی ہماری اپنی کوتاہی سستی اور دین سے بیزاری کی وجہ سے پیدا ہوتی ہیں
65aab55d073310e15c67320d,ہم مغربیت کے جنون میں اپنے اپ بھلا بیٹھے ہیں ہم نے اپنی صلاحیتوں اور اقدار کو خیر اباد کہہ دیا ہے اور ہماری زندگی کا سب سے زیادہ افسوس ناک اور خطرناک پہلو یہی ہے جس نے پورے معاشرے کو اپنی لپیٹ میں لے رکھا ہے
65aab5db073310e15c673210,مادی اقدار کی الغار نے ہمارے معاشرے میں ہمدردی جذبہ ایثار اخوت رحم دلی انصاف جیسے روایتی جذبات و احساسات کو کمزور کر ڈالا ہے سیم و زر کی ہوس اور عیش کوشی نے ہمیں بالکل بے راہ رو کر دیا ہے
65aab62e073310e15c673213,ہماری مقدس مجلسی اور تہذیبی روایات براہ راست ان برائیوں سے متاثر ہو چکی ہیں ہر میدان اور ہر شعبہ کاروبار میں خود غرضی اور ذاتی منفعت پرستی نے اصول پرستی قومی مفاد کی جگہ لے لی ہے
65aab74c073310e15c673216,اتفاق و اتحاد کی بجائے تفریق و منافقت فروخ پا رہی ہے علاقائی اور لثانی تعصب نے ہماری ملی وحدیت کو 12 پارہ کر دیا ہے ہماری خود غرضیوں نے ہمیں رشوت نا انصافی اور بدعنوانیوں کی لامتناہی چکر میں پھنسا دیا ہے ہر شخص پریشان و مسترب نظر اتا ہے
65aab78f073310e15c673219,جب قوموں کے دلوں سے خوف خدا جاتا رہتا ہے تو ایسا ہی ہوا کرتا ہے احکام الہی سے سرکشی اور الحاد کے نظریات کو اپنانا یہ سب ایسی چیزیں ہیں جن سے یہ خرابیاں پیدا ہونا لازمی ہیں
65aab801073310e15c67321c,اس ہمیں گیر خرابی کی اصل وجہ یہ ہے کہ ہم نے اپنے ہادی رسول اکرم صلی اللہ علیہ والہ وسلم کے فرمان کو بالکل بھلا کر شیطانیت کو اپنا لیا ہے جب ہمارے دل میں یہ تصور ہی واقعی نہیں رہا کہ ہم نے ایک دن خدا کے سامنے پیش ہو کر جوابدہ ہونا ہے تو خوف کس چیز کا ہے بس ہمارے مد نظر تو دنیا کی شان و شوکت اور عیش و ارام ہے
65ab2f87dca9f3081ce71e3b,ماشرتی تقاضوں کا شعور ہی ہم میں رہا ہی نہیں یہ قوم کی سب سے بڑی بدقسمتی ہے کہ غالب اکثریت معاشرتی مسائل کے حل کے لیے نہ کبھی سوچتی ہے اور نہ کار خیر میں حصہ لینے کے لیے کسی کی حوصلہ افزائی کرتی ہے
65ab2fd9dca9f3081ce71e3f,یوں لگتا ہے کہ انہیں اپنی خود غرضیوں سے ہی فرصت نہیں وہ قومی اور ملی مسائل پر کیوں دماغ خراب کریں وہ تو صرف یہ جانتے ہیں کہ ہم نے اپنا فلاح کام کس طرح نکالنا ہے چاہے یہ مسئلہ رشوت سے حل ہوتا ہو یا کسی کا حق مارنے سے ان کا مطلب نکلتا ہو اگر کسی کو قتل کرنے سے انہیں فائدہ پہنچتا ہو تو وہ اس سے بھی درغ نہیں کریں گے
65ab303ddca9f3081ce71e42,جب اس قدر بے حسی اور لا تعلقی پیدا ہو جائے تو اجتماعی مفادات کی کون پاسبانی کرتا ہے اجتماعی مفادات کے لیے بعض اوقات ذاتی مفادات کو بھی قربان کرنا پڑتا ہے مگر جذبہ ایثار و قربانی اور ہمدردی ہی مفقود ہو جائے تو کیا ہو سکتا ہے اور ساری قوم اپنی برائیوں سے نالا بھی ہے اور پھر ان پر عمل پیرا بھی ہیں
65ab304adca9f3081ce71e45,انہیں پتہ بھی ہے کہ یہ برائی ہے مگر برائی سے بچ کر بھی نہیں چلتے
65ab308adca9f3081ce71e48,احساس ذمہ داری ایک ایسا جذبہ ہے جو غلط سے غلط انسان کو بھی درست راہ پر لے اتا ہے وہ غلطی غلطی نہیں ہوتی جس میں غلطی کرنے کی نیت کار فرما نہ ہو لیکن یہاں تو معاملہ ہی الٹ ہے ہمارے اندر احساس ذمہ داری بالکل رہا ہی نہیں جب ہمیں احساس ہی نہیں کہ ہم پر کیا فرائض عائد ہوتے ہیں اور ہمیں کس طرح ان سے عہدہ بر ہونا ہے تو ایسے میں اصلاح کا تصور بے معنی ہو کر رہ جاتا ہے البتہ اس کی بجائے اپنی غلطی کو دوسری کی غلطی گردان نہ یا اپنی ذمہ داری کو دوسروں کے کندھے پر ڈال دینا عام معمول ہو چکا ہے
65ab30afdca9f3081ce71e4b,ہماری قومی زندگی کا ایک بڑا المیہ یہ بھی ہے کہ ہم منافقت سے کام لیتے ہیں ہمارے قول و فعل میں تضاد ہے ہمارے دل میں کچھ ہوتا ہے اور زبان پر کچھ اور اس طرح قومی مسائل حل نہیں ہوا کرتے بلکہ الجھ کر رہ جاتے ہیں اور نتیجتا بجائے فائدے کے ہمیں نقصان ہوتا ہے
65ab30d1dca9f3081ce71e4e,ہم میں یہ نقص بھی ہے کہ ہم باتیں تو بہت کرتے ہیں مگر عملی طور پر بالکل صفر ہوتے ہیں ہم دوسروں کو نصیحتیں کرتے ہیں مگر کبھی اپنا احتساب نہیں کرتے اگر ہر فرد اپنی اپنی جگہ پر درست سوچے اور درست کام کرے تو اس سے ساری قوم ٹھیک ہو جاتی ہے کیونکہ افراد کے مجموعے ہی سے قومیں بنتی ہیں
65ab3109dca9f3081ce71e51,ایک اور خرابی ہماری قوم کے مزاج میں رج گئی ہے کہ ہم بلڑ بازی بدنظمی ہنگامہ ارائی اور شوریدہ سری سے اپنا مطلب حاصل کرنا پسند کرتے ہیں حالانکہ ایسا کرنے سے بہت سوں کی حق تلفی ہوتی ہے افرا تفری پھیلتی ہے
65ab316bdca9f3081ce71e54,ایسا کرنے سے ہم غلط ذرائع اختیار کرتے ہیں نیز ہمارے لیے وقت بھی کوئی وقت نہیں رکھتا جبکہ وقت سونے سے بھی زیادہ قیمتی چیز ہے ہمیں وقت کے ضیا کا احساس نہیں رہا ہمیں ان برائیوں کی بجائے اپنے اندر قومی سوچ پیدا کرنی چاہیے
65ab3262dca9f3081ce71e57,تب قوم کی فلاح و بہبود کے لیے کچھ کام ہو سکے گا جب تک ہم خوف خدا کو اپنے دلوں میں جگہ نہیں دیتے اور اسوہ حسنہ کو نہیں اپناتے تب تک یہ برائیاں ختم نہیں ہو سکتی خوف خدا اور حضور کے اسوہ حسنہ کی پیروی ہی میں تمام مسائل کا حل موجود ہے
65ab33faea11c2e7606ea019,عنوان قلم اور تلوار
65ab3409ea11c2e7606ea01d,کوئی پوچھ لے مرد مختار سے قلم تیز چلتا ہے تلوار سے
65ab347fea11c2e7606ea020,قلم دیکھنے میں ایک معمولی چیز نظر اتی ہے اس کی قیمت بھی زیادہ نہیں ہوتی اور اس کا کوئی خاص وزن بھی نہیں ہوتا بظاہر قلم جسامت بزہامت میں بھی کوئی شے نہیں لیکن اس کے اندر بڑی طاقت ہے صاحب قلم صاحب علم ہوتا ہے وہی سرفراز ہوتا ہے اسی کا حکم چلتا ہے قلم ہی سے علم حاصل کیا جاتا ہے
65ab34a3ea11c2e7606ea023,اگر جنگجو کا ہتھیار تلوار ہے تو عالم فاضل اور صاحب امر کا ہتھیار قلم ہوتا ہے جس نے قلم کو ہاتھ میں لیا اسے عزت اور دولت ملی اور جس نے اسے چھوڑ دیا وہ ناکام و نامراد رہا ترقی عزت اور دولت ہر شے سے محروم ہو گیا
65ab3502ea11c2e7606ea026,تاریخ نے جتنے بڑے بڑے فلاسفر حکما فضلا دانشور مصور سائنسدان شاعر ادیب مصنف ڈاکٹر انجینیئر پیدا کیے ہیں سب کے سب قلم کی بدولت ہی نامور ہوئے اور اگر وہ قلم نہ پکڑتے تو علم حاصل نہ کر سکتے اور اگر علم حاصل نہ کرتے تو کچھ بھی نہ بن سکتے
65ab35d7ea11c2e7606ea029,صاحب قلم لوگ مرنے کے بعد بھی زندہ رہتے ہیں فلاسفر اپنے اصول اور اپنے افکار و خیالات چھوڑ جاتے ہیں حکما اپنے قول اور اصول تشخیص و علاج چھوڑ جاتے ہیں فضل و دانشور اپنا علم چھوڑ جاتے ہیں سائنس دان اپنی ایجادات اور اپنی تحقیق چھوڑ جاتے ہیں شاعر مصنف اور ادیب اپنی تصانیف چھوڑ جاتے ہیں
65ab35f2ea11c2e7606ea02c,ڈاکٹر انجینئر بھی اپنی زندگی کے تجربات چھوڑ جاتے ہیں اگر یہ قلم کا سہارا نہ لیتے تو ان کے نام ان کی موت کے ساتھ ہی دفن ہو جاتے اگر اج ان کے نام زندہ ہیں تو محض قلم کی بدولت
65ab361aea11c2e7606ea02f,دنیا کے تمام ترقی یافتہ ممالک کے افراد نے علم حاصل کیا وہ تحقیق و تجسس میں لگے رہے انہوں نے سائنس میں ترقی کی تجارت وسنیات میں ترقی کی زراعت میں ترقی کی دولت میں ترقی کی اور اپنا عزت وقار بڑھایا انہوں نے انجن بجلی جہاز ریڈیو ٹیلی ویژن اور دوسری ایجادات کی
65ab36c8ea11c2e7606ea032,دنیا کے تمام ترقی یافتہ ممالک کے افراد نے علم حاصل کیا وہ تحقیق و تجسس میں لگے رہے انہوں نے سائنس میں ترقی کی تجارت و صنعت میں ترقی کی زراعت میں ترقی کی دولت میں ترقی کی اور اپنا عزت وقار بڑھایا انہوں نے انجن بجلی جہاز ریڈیو ٹیلی ویژن اور دوسری ایجاد کی
65ab3827ea11c2e7606ea035,سمندر پہاڑ زمین و اسمان چاند سورج کو تسخیر کیا اگ پانی ہوا پر کنٹرول کیا اج انسان چاند سے بھی اگے نکلنا چاہتا ہے سائنس نے مصنوعی دماغ ایجاد کر لیا ہے مصنوعی انسان بنا لیا ہے نامراد اور مہلک امراض کا علاج دریافت کر لیا ہے
65ab3878ea11c2e7606ea038,انسانوں کے لیے ارائش و اسائش کا سامان پیدا ہو گیا ہے دور دراز کے ملک بھی ایک دوسرے کے نزدیک ہو گئے ہیں دنیا کے ایک ہونے پر کھڑا انسان دنیا کے دوسرے کونے کے حالات و واقعات سے باخبر ہے یہ سب کس طرح ہوا اور کس کی بدولت ہوا اس کا ایک ہی جواب ہے کہ علم کی بدولت اور علم قلم کا دوسرا نام ہے
65ab38adea11c2e7606ea03b,دوسری طرف تلوار ہے تلوار بھی کم اہمیت کی حامل نہیں تلوار طاقت کا دوسرا نام ہے طاقت ہی ایک ایسی چیز ہے جس سے حکمران حاکم کہلاتا ہے بادشاہ بادشاہ ہوتا ہے طاقت سے ہی دشمن کو زیر کیا جاتا ہے طاقت سے ہی سکندر یونان سے ہندوستان تک پہنچا فتح و نصرت کے پر جم لہراتا چلا ایا تلوار کی طاقت سے کسی کو انکار نہیں ہو سکتا
65ab3908ea11c2e7606ea03e,یہ بھی درست ہے کہ جس کے پاس تلوار ہوگی یہ طاقت ہوگی وہی صاحب امر ہوگا اور صاحب عمر کے ماتحت صحائف قلم ہوگا لیکن یہاں سوال یہ پیدا ہوتا ہے کہ جس کے پاس ایٹمی ہتھیار ہیں اسے ہی طاقتور سمجھتے ہیں مگر یہ ایٹم بم تیار کس طرح ہوئے ان کو تلوار نے تیار کیا یا قلم نہیں جبکہ قلم کا دوسرا نام علم ہے تو جواب ہوگا علم کی بدولت ہی سب کچھ تیار ہوا معلوم ہوا کہ طاقت بھی علم کی محتاج ہے طاقت اور ترقی کے لیے بھی علم کا ہی سہارا لینا پڑتا ہے علم کے بغیر کچھ نہیں ہو سکتا
65ab3949ea11c2e7606ea041,قلم کے اثرات زیادہ دیر پا اور مضبوط ہوتے ہیں قلم کے نقش صدیوں تک محفوظ رہتے ہیں قلم کے کارناموں سے ہزاروں سال تک یا یوں کہیے کہ جب تک یہ دنیا قائم ہے علم کے شیدائی استفادہ کرتے رہیں گے جس تلوار کو قلم کی حمایت نہیں حاصل اس کی طاقت نہ پائےدار اور بے اثر ہوگی
65ab39d7ea11c2e7606ea044,تلوار نے ظالموں کے سر قلم بھی کیے ہیں تلوار نے ظلم کو دبایا بھی ہے اور بہت سے کار ہائے نمایاں سرانجام دیے ہیں لیکن اس کے برعکس تلوار نے ظلم بھی کیے جیسا کہ چنگیز خان کی تلوار نے کیا اس وقت اسرائیل کیا کر رہا ہے چنانچہ تلوار انصاف کے لیے بھی چلتی ہے اور ظلم کے لیے بھی لیکن قلم جس کا دوسرا نام علم ہے قوموں کو مہذب بناتا ہے اور ظلم نہ کرنے کی تلقین کرتا ہے علم ہا کو انصاف کا علمبردار ہے اور ہر مظلوم سے ہمدردی کا سبق دیتا ہے جب ہم قلم اور تلوار کا مختلف پہلوؤں سے موازنہ کرتے ہیں تو مسابقت کے میدان میں قلم ہی اگے کو اتے ہیں
65ab4b2a94d4d83df6f9dbc4,عنوان کفایت شعاری
65ab4da06ea2e9b567b593fd,روز مارا کے اخراجات جو زندگی کی گاڑی چلانے عزت اور صحت کو بحال رکھنے اور دوسرے حقداروں پر خرچ کرنے کے لیے ضروری ہیں کہ علاوہ غیر ضروری اور نامناسب اخراجات سے احتراض کرنے اور اعتدال پسندی کو اپنا شعار بنانے کو کفایت شعاری کہتے ہیں
65ab4e0e6ea2e9b567b59401,کفایت جواری ایسی عادت ہے جو ہر حالت میں مفید ثابت ہوتی ہے اور ایسا عمل ہے جو ہر حال میں ممد و معاون ثابت ہوتا ہے تندرستی ہو یا بیماری تیزی ہو یا مدہ جنگ ہو یا امن انسان گھر پر ہو یا باہر کفایت شواری تفکرات اور پریشانیوں کو کم کرتی ہے اور زندگی خوش اسلوبی اور چین سے گزرتی ہے
65ab4e356ea2e9b567b59404,ضرورت کے لیے خرچ دوپہر حل کرنا ہی پڑتا ہے کوئی ضرورت کے مطابق کرتا ہے کوئی ضرورت سے زیادہ کرتا ہے کوئی ضرورت پر بھی نہیں کرتا گویا یہ مختلف طریقے ہیں جن سے انسان زندگی گزارتا ہے لیکن ان سب سے بہتر طریقہ یہ ہے کہ کفایت شوار اور اعتدال پسندی کو اپنا شعار بنایا جائے
65ab4e6b6ea2e9b567b59407,قران حکیم میں ارشاد ہے بے شک فضول خرچ لوگ شیطان کے بھائی ہیں اور حضور رسول اکرم صلی اللہ علیہ والہ وسلم کا ارشاد گرامی ہے کہ بہترین کام وہ ہے جن میں میانہ روی اختیار کی جائے
65ab4ecb6ea2e9b567b5940a,اس میں اپنا بھی نقصان خون پسینے سے کمایا ہوا روپیہ فضول اور غیر ضروری کاموں پر خرچ کر دینا اور خود تکلیف اٹھانا بھی تو کوئی عقلمندی نہیں ہے
65ab4edb6ea2e9b567b5940d,ایک تو روپیہ کا ضیا اور دوسرے اپنے اور اپنے بال بچے کو محروم کر دینا دور اندیشی کے یکسر منافی ہے
65ab4f0f6ea2e9b567b59410,اسی طرح بخل کے لیے بھی ارشاد نبوی ہے کہ بخیل ادمی خواہ کتنا بھی متقی اور پرہیزگار کیوں نہ ہو جنت میں نہیں جائے گا کیونکہ جو شخص روپیہ پیسہ رکھتے ہوئے بھی اپنے اپ کو کھانے پینے کی لذتوں سے محروم رکھتا ہے وہ ان لوگوں پر جو اس کے پیسے میں حقدار ہیں یعنی یتیم ہیں مسکین ہے حاجت مند کمزور یا بیمار ہیں کب خرچ کرے گا اس کا پیسہ نہ اس کے لیے مفید ثابت ہوتا ہے نہ دوسروں کے لیے لہذا اسلام نے بخل سے بھی اعتراض کرنے کا حکم دیا ہے
65ab4f646ea2e9b567b59413,ہمیں سادہ زندگی گزارنا چاہیے اس سے تسکین بھی رہتی ہے اور فضول خرچی کے نقصانات سے بھی انسان بچا رہتا ہے فضول خرچ ہمیشہ پریشان ہی دیکھے گئے ہیں چاہے انہیں کتنی بھی امدن کیوں نہ ہو بیاہ شادی غمی خوشی پر بےجا اسراف ہوتا ہے کیا یہ بہتر نہیں کہ وہی روپیہ ایسے ضروری کاموں پر لگائے جائے جن سے ملک و قوم کی خدمت ہو سکے
65ab4fa96ea2e9b567b59416,امرہ تو زیادہ خرچ کر سکتے ہیں مگر غریب لوگ بھی اپنی حیثیت سے زیادہ خرچ کرتے ہیں وہ محض جھوٹا بھرم قائم رکھنے کے لیے ایسا کرتے ہیں اگر سادہ زندگی بسر کرنے اور اعتدال پسندی کی عادت پڑ جائے تو تقریبات بھی سادگی سے سر انجام دی جا سکتی ہیں
65ab4fda6ea2e9b567b59419,ملمہ سازی جھوٹا وقار اور تثنہ پسندی انسان کو ذلیل کر کے رکھ دیتی ہے اور وہ ضروری کام جن پر ترقی کا انحصار ہوتا ہے ادھورے رہ جاتے ہیں فضول خرچی سے خاندان تباہ ہو جاتے ہیں جبکہ کفایہ شاری کو اپنانے سے تنگدستی اور افلاس سے چھٹکارا پایا جا سکتا ہے
65ab50266ea2e9b567b5941c,فضول خرچی ہمارا روزانہ کا معمول بن چکی ہے ہم اپنی ضرورت اور استعداد سے بڑھ کر خرچ کرتے ہیں جہاں پر 50 روپے کے جوڑے سے باعزت گزارا ہو سکتا ہے ہم محض خود نمائی خاطر س 200 خرچ کرنے سے بھی درغ نہیں کرتے اور مہنگے سے مہنگے درزی سے سلوانا باعث فخر سمجھتے ہیں
65ab50656ea2e9b567b5941f,یہ اس لیے ہے کہ فضول خرچی کی دوڑ میں ہم بھی شریک ہو چکے ہیں امیر کی دیکھا دیکھی غریب بھی اسی مصیبت میں مبتلا ہو گیا ہے سادہ زندگی بسر کرنے میں پہل امیر طبقے کو کرنا چاہیے ورنہ معاشرہ کبھی ٹھیک نہیں ہو سکتا غریب اپنی جھوٹی عزت بنانے کے لیے مجبور ہے اس لیے کہ وہ ایسا نہیں کرتا تو اسے کوئی پسند نہیں کرتا یہ مسئلہ انفرادی نوعیت کا نہیں بلکہ اجتماعی قسم کا ہے
65ab509c6ea2e9b567b59422,ہمارے ملکی حالات کا بھی یہی تقاضہ ہے ہم اسراف سے اعتراض کریں ہماری بے شمار ضروریات ایسی ہیں جن کے لیے ہمیں سرمایہ کی اشد ضرورت ہے ہمارے بہت سے ایسے منصوبے نامکمل پڑھیں جن پر ہماری اقتصادی ترقی کا انحصار ہے
65ab50e66ea2e9b567b59425,جو روپیہ ہم فضول خرچی میں ضائع کرتے ہیں اگر اسے بچا کر ان منصوبوں پر لگایا جائے تو ملکی معاشرتی ترقی میں مدد مل سکتی ہے اور سارا ملک چند سالوں میں خوشحال وفارق البال ہو سکتا ہے
65ab51166ea2e9b567b59428,کی فائل شواری کو اپنانے کے لیے روزمرہ کا حساب لکھنا ضروری ہے اس سے پتہ چلتا ہے کہ کون سی مد ایسی ہے جس میں خرچ زیادہ ہو رہا ہے تاکہ اسے کنٹرول کیا جائے اور سادہ زندگی بسر کرنے کی عادت ڈالی جائے ہمیں چاہیے کہ خرچ کرتے وقت کئی بار سوچا جائے
65ab51e86ea2e9b567b5942b,اجائیے ہمارے لیے ضروری ہے غیر ضروری تو نہیں اگر ضروری ہے تو بھی اعتدال سے خرچ کیا جائے اور اگر غیر ضروری ہے تو بالکل خرچ نہ کیا جائے تھوڑا تھوڑا بھی پس انداز کیا جائے تو بڑی رقم بن جاتی ہے دانہ دانہ می شود بس یار تھوڑی امدن میں سے بھی کچھ نہ کچھ بچا لینا عقلمندی اور دور اندیشی کا تقاضا ہے
65ab54ca10bcce395d972c03,عنوان زراعت
65ab551410bcce395d972c07,زندگی گزارنے کے لیے انسانوں نے مختلف قسم کے پیش اختیار کر رکھے ہیں مثل مشہور ہے کہ اتم گھی تھی نقد چاکری یعنی سب سے اچھا پیشہ کھیتی باڑی یا زراعت ہے اور سب سے گھٹیا پیشہ چاکری یعنی ملازمت ہے
65ab553f10bcce395d972c0a,چنانچہ زراعت ان میں سے اعلی ترین پیشے میں شمار ہوتی ہے زراعت ہمارے ملک کی سب سے زیادہ امدن کا ذریعہ ہے 80 فیصد لوگ زراعت پیشہ ہیں اس میں عزت وقار خدمت خلوص اور محنت سب کچھ پایا جاتا ہے ہمارا ملک بنیادی طور پر ایک زرعی ملک ہے اور لوگوں کی اکثریت اسی پیشی کو اپنائے ہوئے ہیں وہ کھیتی باڑی کر کے اسی میں سے اپنی تمام ضرورتیں پوری کرتے ہیں
65ab555010bcce395d972c0d,مشینی دور سے پہلے کھیتی باڑی بہت ہی مشکل کام تھا مگر اب بہت سی سہولتیں میسر اگئی ہیں پہلے زمانے میں بیلوں کے ذریعے ہل چلایا جاتا تھا
65ab559c10bcce395d972c10,سو ہاگا بھی بیلوں سے چلاتے تھے اور گہائی بھی انہی سے کرتے تھے کھیتوں کو پانی بھی رہٹ کے ذریعے دیتے تھے مگر اب ہر کام ٹریکٹر ویٹ تھریشر کے ذریعے کیا جاتا ہے
65ab55f710bcce395d972c13,پہلے کسان ایک دن بھی بمشکل ایک ایکڑ زمین پر ہل چلا سکتا تھا مگر اب ایک دن میں ایک مربع زمین تک میں ہل چلایا جا سکتا ہے رہٹ کے ذریعے تھوڑی سی زمین سیراب ہو سکتی تھی مگر اب نہرو اور ٹیوب ویلوں کے ذریعے گھنٹوں میں کھیت سیراب کی جا سکتے ہیں
65ab560d10bcce395d972c16,اب طرح طرح کی کھاد بھی دستیاب ہے جس سے ایک فصل کی بجائے تین تین فصلیں لی جا سکتی ہیں زمین اج کل سونا اگل رہی ہے زمینوں کی امدن کئی گنا زیادہ ہو گئی ہے
65ab564f10bcce395d972c19,فری ایکڑ پیداوار میں تین چار سو فیصد اضافہ ہو گیا ہے گورنمنٹ نے محکمہ زراعت اس مقصد کے لیے قائم کر رکھا ہے کہ زمینداروں اور کاشتکاروں کو تجربات کر کے مفید مشورے دیں انہیں بیج اور کھاد کی سہولتیں باہم پہنچائیں زرعی بینک زمینداروں کو مشینری خریدنے کے لیے قرضے دیتے ہیں تاکہ پیداوار زیادہ ہو ملک جلد ترقی کی راہ پر گامزن ہو ریڈیو اور ٹیلی ویژن کے ذریعے بھی کاشتکاروں کے لیے ہدایت نشر کی جاتی ہیں
65ab56bd10bcce395d972c1c,زمیندار یا کاشتکار کی ایک چھوٹی سی بادشاہت ہوتی ہے اس میں وہ خود مختار ہوتا ہے وہ اپنی اس ریاست میں زمین بھی رکھتا ہے اس کا گھر بھی اسی میں ہوتا ہے وہ بالکل ازاد ہوتا ہے وہ جس قدر دیکھ بھال کرے گا اسی قدر اپنی امدن بڑھا لے گا کہتے ہیں جتنا حل اتنا پھل زمین پر جتنی محنت کی جائے پیداوار میں اتنا ہی اضافہ ہوتا ہے
65ab56d510bcce395d972c1f,یہ پیشہ اس قسم کا ہے جس میں نقصان نہیں ہوتا اگر خدانخواستہ کبھی کسی قدرتی افت کی وجہ سے نقصان بھی ہو جائے تو قدرت اگلی فصل پر اس کمی کو پورا کر دیتی ہے اج تک یہ دیکھنے میں کبھی نہیں ایا کہ فلاں شخص نے زمین پر محنت کی اور اسے نقصان رہا
65ab56f210bcce395d972c22,جدید الات کے استعمال طرح طرح کی کھاد کی سہولتوں اور زرعی مشوروں نے زراعت کو اور بھی اسان اور نقصان کے احتمال سے مبرا کر دیا ہے صرف توجہ اور محنت کی ضرورت ہے
65ab572110bcce395d972c25,پہلے ایسا بھی ہوتا تھا کہ کیڑے مکوڑے فصل کو تباہ کر دیتے تھے مگر اج کل یہ خدشہ بھی واقعی نہیں رہا ایسی ادویات ایجاد ہو چکی ہیں جن کو اسپرے کرنے سے کیڑے مر جاتے ہیں اور فصل کی بیماریاں دور ہو جاتی ہیں زمین کا سیم تھور ختم کرنے کے لیے جپسم نکل ایا ہے جو سیم کو ختم کر دیتا ہے اور مردہ زمین بھی زندہ ہو جاتی ہے گویا اب ذرات پہلے سے بھی زیادہ منفعت بخش پروقار اور باعزت پیشہ بن چکا ہے
65ab576110bcce395d972c28,جب کسان ہل چلاتا ہے تو بہت پر امید ہوتا ہے جب وہ بیج ڈالتا ہے تو بھی امید کے سہارے ڈالتا ہے جب فصل زمین کا سینہ چیر کر سر باہر نکالتی ہے تو کسان اپنی محنت کو کامیاب ہوتے دیکھ کر خوش ہوتا ہے جب بڑی ہوتی ہے تو اس وقت بھی اور جب اسے پھل لگتا ہے اس وقت بھی اس کی خوشی کی کوئی انتہا نہیں ہوتی اپ نے میلہ بیساکھی میں دیکھا ہوگا کہ دیہاتی لوگ بھنگڑا ڈالتے ہیں ناچتے ہیں اصل میں یہ اس خوشی کا اظہار ہوتا ہے کہ اب ہماری فصلیں تیار ہو گئی ہیں ہم کاٹیں گے اور اناج سے اپنے گھر بھر لیں گے یہ ان کی چھ ماہ کی کمائی ہوتی ہے اور سب سے بڑی فصل ہوتی ہے
65ab579c10bcce395d972c2b,جن لوگوں نے زراعت کا پیشہ اپنایا ہوا ہے ان کی زندگی سادہ ہوتی ہے ان کے دلوں میں خلوص ہوتا ہے وہ محنت کے عادی ہوتے ہیں ان کی کمائی ہوئی روزی حلال سمجھی جاتی ہے ہمیں ان لوگوں سے سبق حاصل کرنا چاہیے کیونکہ انہوں نے حل چلانے سے لے کر فصل کاٹنے اور اناج نکالنے تک کوئی ایسا کردار ادا نہیں کیا ہوتا جس میں محنت تندہی اور لگن نہ ہو ان کا کردار ایک مثالی کردار ہے ہمیں ان لوگوں سے پیار محبت اور عزت سے پیش انا چاہیے کیونکہ وہ ملک کا سب سے بڑا سرمایہ ہے
65ac18f84db28d9254e91543,عنوان تجارت
65ac191d4db28d9254e91547,تجارت وہ پیشہ ہے جس کے متعلق سرکار دو عالم صلی اللہ علیہ والہ وسلم نے ارشاد فرمایا کہ اللہ تعالی نے دولت کو 10 حصوں میں تقسیم کیا نو حصے تجارت کو دیے ہیں اور باقی ایک حصہ دوسرے پہ شو کو دیا ہے گویا اللہ تعالی نے تجارت میں سب سے زیادہ برکت رکھی ہے
65ac19734db28d9254e9154a,انسان کو گزر اوقات کے لیے کوئی نہ کوئی پیشہ تو اپنانا ہی پڑتا ہے کوئی کھیتی باڑی کرتا ہے کوئی ملازمت اختیار کرتا ہے کوئی تجارت کرتا ہے اور کوئی مزدوری یہ سب پیٹ پالنے کے دھندے ہیں لیکن ان سب میں سے افضل پیشہ تجارت ہے
65ac199a4db28d9254e9154d,ہمارے رسول بھی تجارت کیا کرتے تھے جو مسلمان تاجر دوسرے ملکوں میں بغرض تجارت جاتے تھے وہ تبلیغ اسلام کا فریضہ بھی سرانجام دیتے تھے اور اس طرح تجارت تبلیغی اسلام کا موثر اور مفید ذریعہ بنی جو لوگ تجارت کو نہیں اپناتے انہیں ملازمت کے لیے دھکے کھانا پڑتے ہیں
65ac19c24db28d9254e91550,تجارت ایک ایسا پیشہ ہے جس میں کسی کی ماتحتی نہیں ہوتی بلکہ پوری ازادی ہوتی ہے شوق اور لگن سے کام کرنا پڑتا ہے تجارت میں مستقل مزاجی اور کفایت شواری لازمی ہے تجارت میں پہلے پہل کام جمانے کے لیے سخت محنت کی ضرورت ہے اور جب کاروبار چل جاتا ہے تو جسمانی محنت کی وجہ دماغی تدابیر سے ہی کام چلتا رہتا ہے
65ac1a054db28d9254e91553,نہیں نہیں منصوبہ بندی سے کاروبار بڑھتا رہتا ہے پھر خود ہی محنت کرنے کی ضرورت نہیں رہتی بلکہ کارندے خود ہی سارے کام کرتے رہتے ہیں اور تھوڑی عرصے میں روپیے کی ریل پیل ہو جاتی ہے
65ac1a3b4db28d9254e91556,تجارت سے صرف تاجر کو ہی فائدہ نہیں پہنچتا اس سے ایک مزدور سے لے کر کارخانے دار تک کو فائدہ پہنچتا ہے مثال کے طور پر ایک کتب فروش دیکھنے میں تو ایسا معلوم ہوتا ہے کہ محض کتابیں بیچ رہا ہے لیکن اگر غور سے دیکھا جائے تو وہ نہ اکیلا اس کام کو چلا رہا ہے اور نہ اس کام سے مستفید ہو رہا ہے
65ac1a684db28d9254e91559,سب سے پہلے ایک مصنف کتاب لکھتا ہے اس میں وہ کاغذ استعمال کرتا ہے سیاہی خریدتا ہے ان چیزوں کو کتنے لوگ ہیں جو تیار کرتے ہیں اور کتنے لوگوں کی روزی اس سے منسلک ہے اس کے بعد کتاب تیار ہوتی ہے کاتب اسے لکھتا ہے جتنی اشیاء وہ استعمال کرتا ہے اتنے ہی لوگ ان کو خریدنے بیچنے اور ادھر ادھر لے جانے اور ان کی منفعت میں حصے دار ہوں گے
65ac1ab94db28d9254e9155c,اس کے بعد پرنٹ تیار ہو کر پریس میں جاتا ہے اس میں جتنے ادمی کام کر رہے ہیں جتنی مشینری کام کر رہی ہے جتنی وہاں پر خرید و فروخت ہوتی ہے اس سے جتنے لوگ متعلق ہیں وہ سب اس کے لیے کام بھی کرتے ہیں اور اس سے فائدہ بھی اٹھاتے ہیں پھر جا کر کتاب کتب فروش کی دکان پر پہنچ کر بکتی ہے بکنے کے بعد بھی جہاں جہاں وہ جاتی ہے لوگوں کے لیے مفید ثابت ہوتی ہے
65ac1af64db28d9254e9155f,تجارت اصل میں اسے ہی کہتے ہیں کہ اشیاء کے خرید و فروخت کو اس کی پیداوار سے لے کر اخری مرحلے تک کسی نہ کسی شکل میں چکر دیتے رہنا اور اس سے فائدہ اٹھاتے رہنا اگر اسی چکر کو شمار کیا جائے تو معلوم ہوگا کہ یہ چکر بہت ہی وسیع ہے اور اللہ تعالی نے اسی لیے اس میں سب سے زیادہ برکت رکھی ہے کیونکہ اشیاء نے جہاں بھی جانا ہے اور جس شکل میں بھی جانا ہے تیار کرنے والے اور خریدنے اور بیچنے والے کے لیے رزق کا وسیلہ بنتا ہے نہ جانے کون کون سے اللہ کے بندے اس چکر میں رزق کما رہے ہوتے ہیں
65ac1b3e4db28d9254e91562,اکثر نوجوان اس ذہن سے تعلیم حاصل کرتے ہیں کہ وہ پڑھ لکھ کر ملازمت کریں گے یہ ضروری نہیں کہ سب کو ملازمت مل جائے جن کو ملازمت مل جاتی ہے وہ تو کام پر لگ جاتے ہیں مگر جن کو ملازمت نہیں ملتی وہ اس دھن میں وقت ضائع کرتے ہیں کہ ملازمت ملے گی تو کام کریں گے لیکن وہ یہ نہیں سوچتے کہ ملازمت کے علاوہ اور بھی تو ذریعہ معاش اپنایا جا سکتا ہے
65ac1b704db28d9254e91565,یہ بھی درست ہے کہ ان میں سے اکثریت کے پاس سرمایہ نہیں ہوتا لیکن دنیا میں ایسے کاروبار بھی ہیں جو کم سرمائے سے بھی کیے جا سکتے ہیں مگر ان میں سرمائے کی بجائے محنت اور ہوش مندی سے زیادہ کام لینا پڑتا ہے اس چھوٹے کاروبار میں بھی زیادہ نہ صحیح تو کچھ نہ کچھ تو ملتا ہی رہتا ہے اور پھر اسی میں نہیں نہیں راستے نکلتے رہتے ہیں
65ac1ba14db28d9254e91568,کم خرچی کی تکلیفیں بھی اٹھانا پڑتی ہیں محنت اور دیانت سے مارکیٹ میں تھوڑا بہت اعتماد پیدا ہو جاتا ہے تو یہ مشکلیں بڑی حد تک اسان ہو جاتی ہیں لیکن یہ اس وقت ہو سکتا ہے جب ایک ادمی مسمم ارادہ کر لے کہ میں نے کاروبار ہی کرنا ہے چاہے چھوٹے پیمانے پر ہو اور خوب محنت کر کے اس پہ کامیاب ہونا ہے اور جتنی مشکلات بھی ائیں گھبرانا نہیں یہ تمام شرائط پوری کرنے کے بعد وہ ادمی بھی کامیاب ہو سکتا ہے جس کے پاس سرمایہ کم ہے
65ac1bd74db28d9254e9156b,قیام پاکستان کے بعد قدرت نے ہمیں خوب موقع دیا اور ہم ارادی اور غیر ارادی طور پر تاجر بن گئے ہمیں تجارت کے لیے مارکیٹیں مل گئیں دکانیں بیٹھنے کے لیے دستیاب ہو گئی ملک کی پیداوار برامد کرنے کے مواقع میسر ائے اور درامداد بھی شروع ہو گئی
65ac1c784db28d9254e9156e,پاکستان کی کامیابی کا سب سے بڑا سبب اور راز یہی ہے کہ ہمیں تجارت کرنے کا موقع مل گیا ورنہ جب ہندو پاکستان متحدہ تھا تو مسلمان کسمہ پرسی کی حالت میں تھے
65ac1c984db28d9254e91571,یہ صرف اور صرف خداوند تعالی کی خاص مہربانی عقائد اعظم جنہوں نے بیماری کی حالت میں بھی ارام نہ کیا اور شب و روز محنت کر کے ہمیں پاکستان لے کر دیا ان اکابرین ملت کی کاوشوں اور قربانیوں کا نتیجہ ہے جنہوں نے خلوص دل سے قوم و ملت کے لیے کام کیا
65ac1cd34db28d9254e91574,اب ہمارا فرض ہے کہ ہم جہاں جہاں بھی ہیں ملک و قوم کی ترقی اور خوشحالی کے جذبے سے کام کریں تاکہ ہمارا ملک دنیا میں سر بلندی حاصل کرے اس سے نہ ہماری امدن کم ہوگی نہ دولت کم ہوگی بلکہ ملک کی ترقی کرنے سے ہمیں اجتماعی طور پر مزید سہولتیں اور زیادہ ارام و اسائش میسر ہوں گے
65ac1fae57c9a2ea6e687ce0,عنوان صنعت و حرفت
65ac1fdf57c9a2ea6e687ce4,سنت و حرفت بھی تجارت اور زراعت کی طرح ایک ازاد پیشہ ہے اس کے معنی ہیں مختلف چیزیں بنانا دستکاری تجارت اور صنعت و حرفت اپس میں ملتے جلتے پیشے ہیں اگر یوں کہہ دیا جائے کہ تجارت اور سند و حرفت ایک ہی خاندان کے دو افراد ہیں جن کی ادات ایک دوسرے سے تقریبا ملتی جلتی ہیں تو بے جا نہ ہوگا
65ac205357c9a2ea6e687ce7,کیونکہ تجارت اور صنعت و حرفت کا مزاج ایک ہی ہے تجارت میں صرف خرید و فروخت کی جاتی ہے صنعت و حرفت میں بھی خرید و فروخت ہوتی ہے فرق صرف اتنا ہے کہ تاج تیار شدہ اشیاء یا مال کی تجارت کرتا ہے اور سند کار خام مال خرید کر اسے تیار کر کے فروخت کرتا ہے
65ac20a557c9a2ea6e687cea,تاجر مال کو جوں کا تو خریدتا ہے اور بیچ دیتا ہے اور سند کار اس کو دوسری شکل دے کر فروخت کرتا ہے سند و حرفت بھی تجارت کی دوسری شکل ہے انگریزی میں اس کو انڈسٹری کے نام سے پکارتے ہیں اور اج کل یہ لفظ اس قدر عام ہو گیا ہے کہ ناخواندہ ادمی بھی انڈسٹری کے معنی اور مفہوم کو خوب سمجھتا اور بولتا ہے کیونکہ لفظ انڈسٹری صنعت و حرفت کی بجائے بولنے میں اسان اور عام فہم ہے
65ac20ce57c9a2ea6e687ced,صنعت و حرفت میں کسی دوسری کی ماں تحتی نہیں کرنی پڑتی جب تک جی چاہے کام کرتے رہو جب جی چاہے بند کر دوں ہر قسم کی بے فکری اور ازادی ہے صنعت و حرفہ دو طریقوں سے ہوتی ہے ایک طریقہ تو یہ ہے کہ کام خود کیا جائے اور دوسرا طریقہ یہ ہے کہ اسے کارخانے کی شکل دے کر کاریگروں سے مال تیار کروایا جائے
65ac210c57c9a2ea6e687cf0,اج کی اصطلاح میں صنعت و حرفہ یا انڈسٹری سے مراد چھوٹے یا بڑے کارخانے ہی ہیں ایک شخص جو کھڈی پر 10 20 گز روزانہ کپڑا بن کر گزر اوقات کرتا ہے اور وہ جو اپنے کارخانے میں ہزار گز کپڑا تیار کرواتا ہے دونوں ثنا ہی ہیں لیکن دونوں کے حیثیت میں ضرور فرق ہے
65ac214a57c9a2ea6e687cf3,فی زمانہ اول ذکر کی وہ قد کچھ نہیں جبکہ موخر و ذکر کی حیثیت ایک کارخانے دار کی ہے لہذا زمانے کی رفتار اور ضرورت کے مطابق اج کل ثنا یا صنعت کار سے مراد وہ شخص ہے جو کارخانے دار ہو
65ac216d57c9a2ea6e687cf6,سند بھی اسی طرح بڑے پیمانے پر ہوتی ہے گویا جو لوگ کارے بناتے ہیں ہوائی جہاز بناتے ہیں پانی کی جہاز تیار کرتے ہیں بس یہ ٹریکٹر بلڈوزر کپڑا اور بجلی کا سامان تیار کرتے ہیں سند کار کہلواتے ہیں اب اپ کو سند کار کی دولت عمارت اور عزت وقار کا اندازہ ہو گیا ہوگا کہ سند وہ حرفت میں کس قدر فائدہ ہے اور اس میں کس حد تک ترقی کے مواقع ہیں
65ac218157c9a2ea6e687cf9,جس طرح تجارت میں عزت بھی ہے اور نفع بھی ہے اسی طرح صنعت و حرفت میں بھی منافع ہے اور عزت وقار بھی
65ac21a457c9a2ea6e687cfc,جن ملکوں نے انڈسٹری کو ترقی دی ہے وہ ترقی یافتہ ملکوں کی صف میں جا کھڑے ہوئے ہیں انگلینڈ امریکہ جاپان جرمنی فرانس روس سب نے انڈسٹری کے ذریعے ہی ترقی کی ہے
65ac21b757c9a2ea6e687cff,برطانیہ ہندوستان سے خام روئی لے جاتا تھا اور اپنے ملک میں کپڑا تیار کر کے پھر یہیں فروخت کے لیے بھیج دیتا تھا یہ وہ ایک روپیہ خرچ کر کے 10 روپے کماتا تھا
65ac21d157c9a2ea6e687d02,اس لیے کہ اس نے اپنی انڈسٹری کو ترقی دی اس طرح سے وہ طرح طرح کی مشینری تیار کر کے دنیا کے ممالک میں فروخت کرتا تھا
65ac21f757c9a2ea6e687d05,جاپان نے اتنی جلدی ترقی کیوں کر کی اس کا سبب یہ ہے کہ اس ملک کا ہر فرد ثنا ہے اہل حرفہ ہے وہاں بڑے بڑے کارخانے ہیں یہ ملک برقی الات اور کاریں بنانے میں بھی اس قدر ترقی کر گیا ہے کہ دنیا کی مارکیٹوں پر چھایا ہوا ہے
65ac222257c9a2ea6e687d08,جرمنی فرانس اور روس بھی اس طرح سے ہی ترقی کر رہے ہیں براعظم یورپ نے جس قدر ترقی کی وہ سب صنعت و حرفت کی بدولت ہی کی یورپ والوں نے قسم قسم کی ایجادات کی جنہیں دیکھ کر انسان کی عقل دنگ ہو جاتی ہے قدیم اہل ہند اور مصری وغیرہ بھی دستکاری میں ماہر سمجھے جاتے تھے مگر انہوں نے مزید تحقیق اور تجسس کا کام چھوڑ دیا
65ac223d57c9a2ea6e687d0b,اس لیے ان کی ترقی رک گئی وہ جہاں تھے وہیں رہ گئے اور ترقی یافتہ ملک ان سے اگے نکل گئے انہوں نے تحقیق و تجسس کا کام پوری مستادی سے جاری رکھا
65ac225757c9a2ea6e687d0e,صنعت و حرفت میں کامیابی حاصل کرنے کے لیے تحقیق متجسس نہایت ضروری ہے کہ سم قسم کے سائنسی تجربات کے ذریعے نئی نئی ایجاجداد کی جاتی ہیں جو ملک جس قدر سائنس میں ترقی کرتا ہے اسی قدر صنعت و حرفت میں ترقی کرے گا
65ac227957c9a2ea6e687d11,صنعت کے لیے ضروری ہے کہ یہ دیکھا جائے کہ اس وقت ضرورت کس چیز کی ہے اور اسے کس طرح تیار کرنا ہے کس طرح تیار کرنا ہے والا مسئلہ تو وہی حل کر سکتا ہے جو سائنس دان ہوگا گویا فی زمانہ سائنس کی اشد ضرورت ہے اس کے بغیر کوئی ملک ترقی نہیں کر سکتا
65ac22a957c9a2ea6e687d14,لہذا ہمیں چاہیے کہ ہمارا نصاب تعلیم اس قسم کا ہونا چاہیے اور ہمیں ایسا طریقہ اختیار کرنا چاہیے جس سے زیادہ سے زیادہ ڈاکٹر انجینیئر اور سائنس دان بن سکیں اور اس کے ساتھ ساتھ ان میں ایسا ذہنی رجحان پیدا کیا جائے جس سے وہ یہ سوچنے پر مجبور ہو جائیں کہ انہوں نے محض دولت اکٹھی کرنے کے لیے تعلیم حاصل نہیں کرنی بلکہ انہیں ملک و قوم کی خدمت بھی کرنی ہے
65ac98354d59b0e37dd98abd,عنوان ملازمت
65ac98353614fa603bdd9a7e,عنوان ملازمت
65ac9837157a32949799655d,عنوان ملازمت
65ac9866157a329497996561,انسان کو روزی کمانے کے لیے کچھ نہ کچھ کرنا پڑتا ہے یہی اس کا پیشہ بن جاتا ہے یوں تو بے شمار پیشے ہیں مگر اس وقت زیر بحث پیشہ ملازمت کا ہے
65ac99923614fa603bdd9a82,روزی کمانے کے لیے ملازمت اچھا پیشہ ہے مگر اس میں وہ ازادی نہیں جو زراعت صنعت و حرفت اور تجارت میں ہے اس میں ملازم سراپہ پابند ہوتا ہے ملازم نے اپنی خدمات مالک کے پاس ایک مخصوص معاوضہ ہے کہ عوض فروخت کی ہوئی ہوتی ہیں اس لیے وہ اس کے حکم کے بغیر کچھ بھی نہیں کر سکتا
65ac9a293614fa603bdd9a85,وہ ایک قسم کا قیدی یا غلام ہوتا ہے ذرا سی حکم عدولی پر اسے موقوف یا معطل کیا جا سکتا ہے چھوٹی سی غلطی پر بھی حاکم اس کی جواب طلبی کر سکتا ہے ڈیوٹی کے بعد وہ ازاد ہوتا ہے اور بظاہر اس کے ذہن پر کوئی بوجھ نہیں ہوتا مگر بہت سے خوف اسے گھیرے رکھتے ہیں مثلا اسی ڈیوٹی پر مقررہ وقت پر پہنچنا پڑتا ہے اور مقررہ وقت پر چھٹی کرنا پڑتی ہے
65ac9a533614fa603bdd9a88,بعض دفعہ ایسا بھی ہوتا ہے کہ وقت ختم ہونے کے بعد بھی کام کرنا پڑتا ہے ملازم کے لیے یہ بھی ضروری ہوتا ہے کہ وہ اپنے اقا کو خوش رکھے بسا اوقات افسران کی خوشامد بھی کرنا پڑتی ہے کیونکہ اکثر افسر بھی تو اسی مزاج کے ہوتے ہیں انہیں اپنے افسروں کی خوشامد کرنا پڑتی ہے اس لیے وہ اپنے ماتحتوں سے اسی قسم کی امید رکھتے ہیں اور جو ایسا نہیں کرتے اسے اچھا نہیں سمجھتے
65ac9a7a3614fa603bdd9a8b,ملازمت میں سب سے زیادہ عیب یہ ہے کہ افسر کی ہاں میں ہاں ملانا پڑتی ہے چاہے وہ غلط کہہ رہا ہو یا صحیح ملازمت میں ضمیر کی اواز کو دبانا پڑتا ہے بعض افسران نیک دل اور خوش سیرت ہوتے ہیں اور جو خود بھی ایماندار ہوتے ہیں اور اپنے ماتحتوں سے بھی ایمانداری کی توقع رکھتے ہیں
65ac9ac13614fa603bdd9a8e,وہ اچھے ادمی کی قدر کرتے ہیں اور اگر ملازم اپنا کام نیک نیتی دیانت داری اور محنت سے کرے تو وہ اسے ترقی دے دیتے ہیں اس سے اس کی حوصلہ افزائی ہوتی ہے اور وہ مزید تن دہی اور احساس ذمہ داری سے کام کرتا ہے بعض پوسٹیں ایسی ہوتی ہیں جہاں پر عوام سے براہ راست واسطہ پڑتا ہے ایسی جگہوں پر دو فرائض سر انجام دیے جا سکتے ہیں
65ac9b253614fa603bdd9a91,ایک تو اپنا فرض جس کے لیے وہ تنخواہ لیتا ہے دوسرا خدمت خلق مثال کے طور پر ایک ادمی اپ کے پاس کسی مطلب کے لیے اتا ہے لیکن وہ کام اپ کی ڈیوٹی میں شامل نہیں اس کو اپ اگر یہ کہہ دیتے ہیں کہ یہ کام میں نہیں کرتا فلاں ادمی کرتا ہے اپ اس کے پاس چلے جائیں تو اپ کی ڈیوٹی ختم ہو جاتی ہے لیکن اگر اپ خود اٹھ کر اس ادمی کے پاس لے جاتے ہیں اور یہ سمجھ کر کے سائل کمزور ہے بوڑھا ہے یا کسی وجہ سے معذور ہے تو یہ کام خدمت خلق خدا ہوگا
65ac9b5b3614fa603bdd9a94,مزید برا جس شخص کے پاس اپ اسے لے جاتے ہیں وہ بے جا تاخیر کرتا ہے مگر اپ اس معذور کا کام کروانے میں مدد کرتے ہیں تو وہ اپ کو دعائیں بھی دے گا اور اللہ بھی اپ کو اس کی جزا دے گا اس قسم کے کام نیکوکار لوگ ہی کرتے ہیں
65ac9b873614fa603bdd9a97,ملازمت میں ازادی تو نہیں ہوتی مگر ایک چیز ضرور ہوتی ہے کہ ملازم لوگ پابند محض اتنے وقت کے لیے ہی رہتے ہیں جتنے وقت کے لیے ان کی ڈیوٹی ہوتی ہے اس کے بعد وہ بالکل ازاد ہوتے ہیں جو ان کا جی چاہے کرے تفریح کریں گھر میں رہیں ڈیوٹی کا کوئی بوجھ ان پر سوار نہیں ہوتا لیکن ایک تاجر یا سند کار 24 گھنٹے اپنی ترقی کے لیے غور کرتا رہتا ہے کیونکہ یہ اس کا اپنا کام ہے
65ac9bf13614fa603bdd9a9a,دکان پر ہوں یا کارخانے میں ہوں گھر پر ہوں سفر میں ہوں باہر ہوں اندر ہوں دماغ کی گراریاں چلتی رہتی ہیں کبھی مال لانے کی فکر کبھی مال نہ نکلنے کی فکر کبھی باہر سے اگر نو سولی کرنے کی فکر اور کبھی دینے والوں کی فکر کبھی مندا اگیا کچھ بھی ہو گیا اور اگر ایسا نہیں کرتا جس کا کام نہیں چل سکتا
65ac9fb4a67bd485782f31c8,کاروبار میں بہت سی تدابیر کو بروئے کار لانا پڑتا ہے کبھی ایسا بھی ہوتا ہے کہ کاروبار میں مقابلہ بھی کرنا پڑتا ہے اور قیمت خرید سے بھی کم قیمت پر مال بیچنا پڑتا ہے یہ سب باتیں تاجر کو تحمل اور بردباری سے برداشت کرنا پڑتی ہیں
65ac9fb4921026ddc20eaa28,کاروبار میں بہت سی تدابیر کو بروئے کار لانا پڑتا ہے کبھی ایسا بھی ہوتا ہے کہ کاروبار میں مقابلہ بھی کرنا پڑتا ہے اور قیمت خرید سے بھی کم قیمت پر مال بیچنا پڑتا ہے یہ سب باتیں تاجر کو تحمل اور بردباری سے برداشت کرنا پڑتی ہیں
65ac9fb4b54451e7fc7d6c60,کاروبار میں بہت سی تدابیر کو بروئے کار لانا پڑتا ہے کبھی ایسا بھی ہوتا ہے کہ کاروبار میں مقابلہ بھی کرنا پڑتا ہے اور قیمت خرید سے بھی کم قیمت پر مال بیچنا پڑتا ہے یہ سب باتیں تاجر کو تحمل اور بردباری سے برداشت کرنا پڑتی ہیں
65ac9fb6ba9ba5a93d5f25fb,کاروبار میں بہت سی تدابیر کو بروئے کار لانا پڑتا ہے کبھی ایسا بھی ہوتا ہے کہ کاروبار میں مقابلہ بھی کرنا پڑتا ہے اور قیمت خرید سے بھی کم قیمت پر مال بیچنا پڑتا ہے یہ سب باتیں تاجر کو تحمل اور بردباری سے برداشت کرنا پڑتی ہیں
65ac9ff6ba9ba5a93d5f25ff,لیکن ایک ملازم ایسی سب الجھنوں سے ازاد ہوتا ہے گھر سے دفتر اور دفتر سے گھر وہ دفتر کی فکر دفتر میں چھوڑ اتا ہے اس طرح سے کاروباری ادمی کے پاس وقت کم نکلتا ہے ملازم کو ارن لیوز کیژول لیوز اور اسی طرح کی کئی قسم کی چھٹیاں ملتی رہتی ہیں سال بھر میں اسے تقریبا دو ماہ کی چھٹیاں مل جاتی ہیں اور یہ اتوار یتے ہو ہاری چھٹیوں کے علاوہ ہوتی ہیں جب اس کا جی چاہے سیر و تفریح کے لیے چھٹیاں لے اور چلا جائے ایسے میں دفتر کی کوئی ذمہ داری نہیں ہوتی
65aca043ba9ba5a93d5f2602,ملازمت میں تنخواہ واقعی بہت قلیل ہوتی ہے اور ملازم کو خوش پوش بھی رہنا پڑتا ہے اور اپنی حیثیت کے مطابق مہمانداری بھی کرنا پڑتی ہے شاید اسی لیے جیسا کہ ان سے سنا گیا ہے کہ رشوت نہ لیں تو کیا کریں صرف تنخواہ میں تو ہمارا چولہا بھی نہیں چلتا باقی اخراجات مکان کا کرایہ اور بچوں کے اخراجات کہاں سے کریں دوسری طرف رشوت کا لینا اور دینا دونوں گناہ ہیں
65aca07fba9ba5a93d5f2605,رشوت لینے والا اور دینے والا دونوں جہنمی ہوں گے تو مسئلہ واقعی حل طلب ہے کہ اگر رشوت لیتے ہیں تو گناہ ہے اور اگر نہیں لیتے تو گزر اوقات نہیں ہوتی یہ مسئلہ ملازمین کے تعاون اور حکومت وقت کے ہمدردانہ رویے سے ہی حل ہو سکتا ہے عالم یہ ہے کہ جہاں جاؤ رشوت کا بازار گرم ہے ایسا معلوم ہوتا ہے جیسے انہیں کوئی پوچھنے والا ہی نہیں بغیر رشوت کے کوئی کام جائز ہو یا ناجائز ہوتا ہی نہیں یہ چیز معاشرے کی بہت بڑی برائی ہے جسے ختم کرنا عوام اور حکومت کی ذمہ داری ہے
